time,duration,magnitude,ons type,V max,B max
1954-03-22 17:12,72,,SSC,,
1954-06-18 17:24,72,,SSC,,
1954-07-19 14:54,72,,SSC,,
1954-09-24 08:54,72,,SSC,,
1954-10-23 07:18,72,,SSC,,
1954-10-27 07:42,72,,SSC,,
1954-11-18 17:30,72,,SSC,,
1954-11-23 11:42,72,,SSC,,
1955-01-11 12:18,31,,SSC,,
1955-01-12 19:42,72,,SSC,,
1955-01-17 03:18,72,,SSC,,
1955-01-27 08:48,5,,SSC,,
1955-01-27 13:42,72,,SSC,,
1955-02-21 03:48,72,,SSC,,
1955-02-28 00:54,72,,SSC,,
1955-03-30 10:36,72,,SSC,,
1955-04-27 16:24,72,,SSC,,
1955-05-20 05:24,72,,SSC,,
1955-05-25 14:30,72,,SSC,,
1955-06-06 17:24,72,,SSC,,
1955-06-22 10:36,72,,SSC,,
1955-07-06 14:54,72,,SSC,,
1955-08-27 15:12,72,,SSC,,
1955-10-07 22:54,72,,SSC,,
1955-11-19 13:18,72,,SSC,,
1955-12-05 01:30,21,,SSC,,
1955-12-05 22:18,72,,SSC,,
1956-01-17 23:42,72,,SSC,,
1956-01-21 16:42,72,,SSC,,
1956-01-27 08:54,72,,SSC,,
1956-02-11 00:54,72,,SSC,,
1956-02-19 02:18,66,,SSC,,
1956-02-21 20:00,4,,SSC,,
1956-02-22 00:12,72,,SSC,,
1956-02-25 03:06,72,,SSC,,
1956-03-02 23:42,7,,SSC,,
1956-03-03 06:48,72,,SSC,,
1956-03-12 01:00,72,,,,
1956-03-19 00:54,35,,SSC,,
1956-03-20 11:42,72,,SSC,,
1956-04-02 07:18,72,,SSC,,
1956-04-15 16:24,72,,SSC,,
1956-04-21 11:00,72,,SSC,,
1956-04-25 11:30,34,,SSC,,
1956-04-26 21:12,44,,SSC,,
1956-04-28 17:24,1,,SSC,,
1956-04-28 18:54,31,,SSC,,
1956-04-30 01:36,72,,SSC,,
1956-05-11 23:36,72,,SSC,,
1956-05-16 04:12,72,,SSC,,
1956-05-20 06:36,36,,SSC,,
1956-05-21 18:18,59,,SSC,,
1956-05-24 05:48,72,,SSC,,
1956-06-05 15:12,72,,SSC,,
1956-06-23 18:00,72,,SSC,,
1956-07-08 01:00,72,,SSC,,
1956-08-09 10:36,27,,SSC,,
1956-08-10 13:12,11,,SSC,,
1956-08-11 00:42,26,,SSC,,
1956-08-12 02:24,72,,SSC,,
1956-08-21 05:06,72,,SSC,,
1956-08-31 10:18,40,,SSC,,
1956-09-02 02:30,72,,SSC,,
1956-09-08 10:06,72,,SSC,,
1956-09-20 04:36,72,,SSC,,
1956-10-26 00:24,13,,SSC,,
1956-10-26 13:12,72,,SSC,,
1956-11-09 20:30,72,,SSC,,
1956-11-14 02:00,30,,SSC,,
1956-11-15 08:06,72,,SSC,,
1956-12-24 01:48,30,,SSC,,
1956-12-25 07:54,56,,SSC,,
1956-12-27 15:00,63,,SSC,,
1956-12-30 06:30,72,,SSC,,
1957-01-02 09:06,72,,SSC,,
1957-01-19 07:18,53,,SSC,,
1957-01-21 12:54,72,,SSC,,
1957-01-24 19:12,72,,SSC,,
1957-01-29 13:12,72,,SSC,,
1957-02-12 18:48,15,,SSC,,
1957-02-13 09:36,72,,SSC,,
1957-02-17 10:30,72,,SSC,,
1957-02-23 18:06,72,,SSC,,
1957-03-01 16:12,13,,SSC,,
1957-03-02 05:06,72,,SSC,,
1957-03-10 00:18,72,,SSC,,
1957-03-15 19:36,72,,SSC,,
1957-03-25 01:30,33,,SSC,,
1957-03-26 10:48,25,,SSC,,
1957-03-27 11:36,40,,SSC,,
1957-03-29 03:36,10,,SSC,,
1957-03-29 13:12,72,,SSC,,
1957-04-14 17:48,27,,SSC,,
1957-04-15 20:48,39,,SSC,,
1957-04-17 11:36,12,,SSC,,
1957-04-17 23:30,16,,SSC,,
1957-04-18 15:36,72,,SSC,,
1957-04-24 14:30,36,,SSC,,
1957-04-26 02:06,72,,SSC,,
1957-05-21 09:06,72,,SSC,,
1957-05-30 08:24,72,,SSC,,
1957-06-06 20:30,72,,SSC,,
1957-06-15 13:54,72,,SSC,,
1957-06-21 03:00,72,,,,
1957-06-24 03:36,21,,SSC,,
1957-06-25 00:48,72,,SSC,,
1957-06-30 05:24,51,,SSC,,
1957-07-02 08:54,36,2.83,SSC,,
1957-07-05 00:42,35,3.76,SSC,,
1957-07-06 20:00,41,1.12,,,
1957-07-09 06:00,36,1.29,,,
1957-07-11 10:00,36,1.44,,,
1957-07-13 19:00,37,1.23,,,
1957-07-16 07:12,36,1.84,SSC,,
1957-07-18 13:00,23,1.8,,,
1957-07-19 15:00,43,2.64,,,
1957-07-22 04:18,70,2.18,SSC,,
1957-07-26 04:00,34,1.17,,,
1957-07-27 20:00,26,1.76,SSC,,
1957-07-29 01:00,55,2.13,,,
1957-08-01 22:00,35,0.51,,,
1957-08-03 15:54,56,7.03,SSC,,
1957-08-06 05:06,30,1.64,SSC,,
1957-08-09 13:48,22,0.62,SSC,,
1957-08-10 16:00,31,1.95,,,
1957-08-12 04:00,37,0.96,,,
1957-08-14 01:00,49,2.23,,,
1957-08-18 12:00,35,2.06,,,
1957-08-20 06:00,32,1.28,,,
1957-08-21 20:00,34,1.17,,,
1957-08-23 13:00,30,0.96,,,
1957-08-24 23:00,37,2.06,,,
1957-08-26 21:00,48,3.16,,,
1957-08-29 19:18,36,12.1,SSC,,
1957-08-31 18:12,27,3.85,SSC,,
1957-09-02 03:12,24,5.83,SSC,,
1957-09-03 06:00,27,2.21,,,
1957-09-04 13:00,43,5.31,SSC,,
1957-09-06 19:00,32,1.4,,,
1957-09-08 22:00,22,0.98,,,
1957-09-10 17:00,30,1.03,,,
1957-09-13 00:42,36,6.3,SSC,,
1957-09-14 21:00,26,1.02,,,
1957-09-16 02:00,20,0.96,,,
1957-09-17 12:00,65,1.2,,,
1957-09-21 10:00,25,4.54,SSC,,
1957-09-22 13:42,11,4.71,SSC,,
1957-09-23 02:30,36,3.32,SSC,,
1957-09-25 08:00,36,0.95,,,
1957-09-27 21:00,24,1.36,,,
1957-09-29 00:12,34,7.98,SSC,,
1957-10-01 08:00,34,1.47,,,
1957-10-03 12:00,33,0.94,,,
1957-10-05 03:00,24,1.33,,,
1957-10-08 01:00,36,1.23,,,
1957-10-10 00:00,55,2.13,,,
1957-10-12 23:00,27,1.09,,,
1957-10-14 04:36,46,1.18,SSC,,
1957-10-16 22:00,32,2.09,,,
1957-10-20 12:00,30,1.2,,,
1957-10-21 22:36,43,11.4,SSC,,
1957-10-24 20:00,36,0.92,,,
1957-10-27 16:00,36,1.21,,,
1957-10-29 22:00,75,1.38,,,
1957-11-02 20:00,30,0.93,,,
1957-11-04 07:00,32,1,,,
1957-11-05 20:00,19,0.77,,,
1957-11-06 18:18,31,2.56,SSC,,
1957-11-08 06:00,53,2.06,,,
1957-11-11 01:00,36,0.62,,,
1957-11-13 19:00,34,1.58,,,
1957-11-15 20:00,32,0.87,,,
1957-11-17 11:00,49,1.63,,,
1957-11-22 08:00,67,4.13,,,
1957-11-26 01:54,42,7.35,SSC,,
1957-11-29 02:00,45,1.7,,,
1957-12-01 03:36,22,0.88,SSC,,
1957-12-03 14:00,25,1.08,,,
1957-12-04 18:00,45,1.01,,,
1957-12-07 08:00,40,0.84,,,
1957-12-09 13:00,61,1.73,,,
1957-12-12 20:00,28,0.91,,,
1957-12-14 09:00,45,0.83,,,
1957-12-16 21:00,46,4.11,,,
1957-12-19 09:36,31,6.28,SSC,,
1957-12-20 22:00,35,2.31,,,
1957-12-22 17:00,21,1.57,,,
1957-12-24 01:00,68,4.12,,,
1957-12-27 20:00,47,2.36,,,
1957-12-30 07:00,55,2.93,,,
1958-01-01 14:00,29,0.96,,,
1958-01-03 14:00,28,1.32,,,
1958-01-04 23:00,54,1.33,,,
1958-01-09 22:00,70,1.64,,,
1958-01-14 10:00,37,0.96,,,
1958-01-16 07:00,30,1.99,,,
1958-01-17 17:00,36,2.87,,,
1958-01-20 15:00,32,2.1,,,
1958-01-22 05:00,54,1.06,,,
1958-01-25 10:48,40,0.95,SSC,,
1958-01-27 20:00,41,0.68,,,
1958-01-29 23:00,71,2.17,,,
1958-02-04 13:06,61,2.3,SSC,,
1958-02-08 00:00,46,2.16,,,
1958-02-11 01:24,29,7.83,SSC,,
1958-02-12 10:00,36,1.43,,,
1958-02-16 16:36,36,1.11,SSC,,
1958-02-19 23:00,47,0.88,,,
1958-02-23 14:00,72,1.55,,,
1958-02-27 22:00,64,2.34,,,
1958-03-03 09:30,36,1.46,SSC,,
1958-03-05 12:00,70,3.02,,,
1958-03-09 12:00,36,0.84,,,
1958-03-11 20:00,27,1.66,,,
1958-03-14 12:12,39,3.27,SSC,,
1958-03-17 07:54,50,1.45,SSC,,
1958-03-20 01:00,60,2.33,,,
1958-03-23 12:00,42,0.78,,,
1958-03-25 15:36,36,9.21,SSC,,
1958-03-29 12:00,34,0.88,,,
1958-03-31 04:18,34,1.57,SSC,,
1958-04-01 20:00,36,0.83,,,
1958-04-04 13:00,46,1.55,,,
1958-04-06 22:00,38,0.9,,,
1958-04-10 10:00,45,2.55,,,
1958-04-14 04:00,46,0.89,,,
1958-04-16 13:00,60,1.61,,,
1958-04-23 21:00,25,0.83,,,
1958-04-25 01:00,31,2.81,,,
1958-04-26 12:48,43,1.09,SSC,,
1958-04-28 19:00,55,5.99,,,
1958-05-05 18:00,60,1.46,,,
1958-05-08 23:00,36,4.56,,,
1958-05-11 10:00,53,1.41,,,
1958-05-14 06:00,80,1.32,,,
1958-05-18 16:00,40,1.19,,,
1958-05-20 23:12,46,0.77,SSC,,
1958-05-24 22:00,23,0.8,,,
1958-05-26 14:00,36,1.77,,,
1958-05-28 23:00,49,5.19,,,
1958-05-31 16:48,30,1.83,SSC,,
1958-06-02 04:06,41,1.34,SSC,,
1958-06-05 16:00,29,1.15,,,
1958-06-07 00:42,34,1.99,SSC,,
1958-06-08 17:24,39,1,SSC,,
1958-06-10 17:00,32,0.58,,,
1958-06-14 18:24,32,0.57,SSC,,
1958-06-16 14:00,47,1.11,,,
1958-06-19 16:00,31,1.85,SSC,,
1958-06-21 04:00,36,1.76,,,
1958-06-28 07:12,9,1.86,SSC,,
1958-06-28 17:42,17,3.14,SSC,,
1958-06-29 13:00,33,1.26,,,
1958-07-01 02:00,39,0.98,,,
1958-07-03 16:00,15,0.44,,,
1958-07-04 09:00,54,0.8,,,
1958-07-07 08:00,21,0.51,,,
1958-07-08 07:48,36,9.6,SSC,,
1958-07-11 18:00,23,1.75,,,
1958-07-13 22:06,36,1.2,SSC,,
1958-07-17 00:00,23,1.24,,,
1958-07-18 02:18,49,1.17,SSC,,
1958-07-20 16:00,22,0.87,,,
1958-07-21 16:36,36,3.63,SSC,,
1958-07-24 09:00,45,1.02,,,
1958-07-26 20:00,36,3.38,,,
1958-07-29 21:00,35,0.79,,,
1958-07-31 15:24,36,5.9,SSC,,
1958-08-02 15:00,39,0.81,,,
1958-08-07 14:00,40,0.76,,,
1958-08-10 17:00,23,0.96,,,
1958-08-11 18:48,33,0.74,SSC,,
1958-08-13 10:00,47,1.32,,,
1958-08-15 22:00,27,1.23,,,
1958-08-17 06:18,16,2.37,SSC,,
1958-08-18 00:00,36,2.69,,,
1958-08-22 02:24,36,3.23,SSC,,
1958-08-24 01:36,21,7.94,SSC,,
1958-08-25 02:00,29,1.23,,,
1958-08-27 03:00,36,4.24,SSC,,
1958-08-30 18:00,67,1.61,,,
1958-09-03 08:42,26,6.32,SSC,,
1958-09-04 14:00,36,2.85,,,
1958-09-07 18:00,33,1.01,,,
1958-09-09 09:00,49,0.99,,,
1958-09-15 10:00,21,2.87,,,
1958-09-16 09:30,36,2.74,SSC,,
1958-09-20 10:00,70,1.29,,,
1958-09-25 04:06,41,2.94,SSC,,
1958-09-30 10:06,65,2.71,SSC,,
1958-10-03 04:00,26,0.62,,,
1958-10-05 22:00,19,0.72,,,
1958-10-06 20:00,24,2.29,,,
1958-10-07 23:00,36,1.05,,,
1958-10-09 22:00,36,1.17,,,
1958-10-12 01:00,44,1.34,,,
1958-10-16 01:00,36,0.77,,,
1958-10-18 14:00,36,0.75,,,
1958-10-20 19:00,28,0.84,,,
1958-10-22 03:12,15,1.02,SSC,,
1958-10-22 20:00,31,5.46,,,
1958-10-24 07:30,36,2.12,SSC,,
1958-10-27 15:18,14,0.99,SSC,,
1958-10-28 06:48,32,1.05,SSC,,
1958-10-29 20:00,19,0.57,,,
1958-10-30 18:00,34,1.18,,,
1958-11-01 10:00,4,0.17,SSC,,
1958-11-01 14:54,72,1.64,SSC,,
1958-11-07 12:00,29,0.84,,,
1958-11-10 03:00,20,0.75,,,
1958-11-11 02:00,36,2.22,,,
1958-11-16 15:00,45,0.72,,,
1958-11-19 12:00,57,0.91,,,
1958-11-23 06:00,38,0.95,,,
1958-11-25 15:00,36,1.99,,,
1958-11-28 01:06,44,1.95,SSC,,
1958-12-01 06:00,25,0.74,,,
1958-12-02 10:00,33,1.23,,,
1958-12-04 00:36,34,3.07,SSC,,
1958-12-05 17:00,36,0.91,,,
1958-12-07 21:00,18,1.02,,,
1958-12-08 18:00,27,0.88,,,
1958-12-10 01:00,55,2.04,,,
1958-12-13 00:00,33,2.33,SSC,,
1958-12-14 15:00,26,1.12,,,
1958-12-15 20:18,31,0.76,SSC,,
1958-12-17 15:42,2,0,SSC,,
1958-12-17 18:18,27,4.83,SSC,,
1958-12-19 00:00,36,0.86,,,
1958-12-22 14:00,44,1.1,,,
1958-12-25 01:00,65,2.24,,,
1959-01-02 11:18,30,0.88,SSC,,
1959-01-05 01:36,36,2.35,SSC,,
1959-01-07 01:00,36,0.8,,,
1959-01-09 14:54,31,3.7,SSC,,
1959-01-11 03:00,36,1.11,,,
1959-01-14 06:06,41,0.84,SSC,,
1959-01-16 09:24,39,1.18,SSC,,
1959-01-25 08:54,59,5.24,SSC,,
1959-01-28 19:00,76,3.16,,,
1959-02-02 05:00,80,1.55,,,
1959-02-08 23:00,36,1.8,,,
1959-02-11 03:18,4,0.7,SSC,,
1959-02-11 07:54,37,6.62,SSC,,
1959-02-14 11:42,36,4.89,SSC,,
1959-02-16 18:00,74,2.43,,,
1959-02-22 00:42,53,0.72,SSC,,
1959-02-25 01:00,37,1.82,,,
1959-02-27 14:00,70,2.94,,,
1959-03-04 21:00,56,0.98,,,
1959-03-07 23:00,53,1.12,,,
1959-03-10 18:00,63,1.68,,,
1959-03-17 01:00,40,0.91,,,
1959-03-19 22:00,36,0.64,,,
1959-03-22 22:30,36,1.55,SSC,,
1959-03-25 04:00,26,2.36,,,
1959-03-26 08:42,36,6.08,SSC,,
1959-03-31 17:00,36,3.32,,,
1959-04-03 04:00,36,0.65,,,
1959-04-06 01:00,35,1.12,,,
1959-04-08 11:00,27,0.89,,,
1959-04-09 18:24,36,4.92,SSC,,
1959-04-11 20:00,36,1.18,,,
1959-04-15 00:00,36,1.04,,,
1959-04-19 23:00,40,0.88,,,
1959-04-23 10:36,33,3.8,SSC,,
1959-04-26 07:00,49,1.09,,,
1959-04-28 21:00,33,1.16,,,
1959-04-30 12:00,36,0.93,,,
1959-05-02 09:00,32,1.25,,,
1959-05-03 22:00,19,1.35,,,
1959-05-04 20:18,60,1.03,SSC,,
1959-05-08 04:00,34,1.07,,,
1959-05-09 21:00,36,0.64,,,
1959-05-11 23:24,33,13.6,SSC,,
1959-05-13 14:00,35,3.02,,,
1959-05-15 09:00,34,1.33,,,
1959-05-18 04:00,36,0.67,,,
1959-05-20 22:00,18,0.44,,,
1959-05-21 19:00,35,0.67,,,
1959-05-24 05:42,35,3.65,SSC,,
1959-05-26 01:00,29,0.91,,,
1959-05-28 03:00,36,0.62,,,
1959-05-31 03:00,36,1.68,,,
1959-06-02 07:00,31,0.82,,,
1959-06-03 23:12,36,1.19,SSC,,
1959-06-06 12:00,28,0.74,,,
1959-06-09 00:12,36,1.95,SSC,,
1959-06-11 09:06,36,3.38,SSC,,
1959-06-13 23:00,57,2.89,,,
1959-06-17 03:00,50,1.43,,,
1959-06-23 14:00,49,0.97,,,
1959-06-26 06:00,21,0.55,,,
1959-06-27 06:30,40,2.95,SSC,,
1959-06-29 07:24,22,0.97,SSC,,
1959-06-30 08:00,34,1.43,SSC,,
1959-07-02 01:00,29,0.85,,,
1959-07-03 10:00,38,2.06,,,
1959-07-05 08:00,31,1.09,,,
1959-07-06 20:00,49,1.21,,,
1959-07-11 16:24,36,8.42,SSC,,
1959-07-14 04:00,25,0.77,,,
1959-07-15 08:00,36,18.6,SSC,,
1959-07-17 16:42,32,14.7,SSC,,
1959-07-19 06:00,9,1.55,,,
1959-07-22 19:00,33,0.95,,,
1959-07-24 10:00,30,1.31,,,
1959-07-25 20:00,37,0.9,,,
1959-07-27 19:00,37,0.73,,,
1959-07-31 03:00,37,4.34,,,
1959-08-02 00:00,30,0.97,,,
1959-08-03 11:00,46,1.39,,,
1959-08-06 13:00,29,1.08,,,
1959-08-08 19:00,49,1.02,,,
1959-08-13 07:00,36,0.92,,,
1959-08-15 03:00,22,0.81,,,
1959-08-16 04:00,36,3.63,SSC,,
1959-08-18 02:00,41,2.53,,,
1959-08-20 04:12,14,5.52,SSC,,
1959-08-20 20:36,17,1.09,SSC,,
1959-08-21 16:00,36,0.81,,,
1959-08-24 09:00,36,0.88,,,
1959-08-29 07:00,41,1.93,,,
1959-08-31 16:00,16,1.87,,,
1959-09-01 10:00,40,0.94,,,
1959-09-03 14:18,7,0.17,SSC,,
1959-09-03 21:54,39,5.85,SSC,,
1959-09-06 22:00,29,0.7,,,
1959-09-08 14:00,42,1.22,,,
1959-09-10 20:00,43,1.09,,,
1959-09-13 17:00,25,0.57,,,
1959-09-14 21:00,40,0.77,,,
1959-09-17 17:00,28,0.78,,,
1959-09-19 01:00,30,8.18,,,
1959-09-20 11:54,54,1.49,SSC,,
1959-09-23 09:00,32,0.8,,,
1959-09-25 22:00,36,1.13,,,
1959-10-01 02:00,24,0.87,,,
1959-10-02 05:00,41,1.55,,,
1959-10-04 07:00,29,0.67,,,
1959-10-05 16:00,39,1,,,
1959-10-08 19:00,36,0.91,,,
1959-10-12 22:00,23,0.88,,,
1959-10-14 00:00,36,0.81,,,
1959-10-16 23:00,46,1,,,
1959-10-21 19:00,52,1.33,,,
1959-10-24 20:00,51,1.76,,,
1959-10-27 13:00,36,0.88,,,
1959-10-29 23:48,55,3.1,SSC,,
1959-11-01 22:00,41,1.27,,,
1959-11-05 21:00,30,0.83,,,
1959-11-07 19:00,28,0.89,,,
1959-11-09 03:12,57,1.22,SSC,,
1959-11-13 20:00,36,0.68,,,
1959-11-16 21:00,33,0.99,,,
1959-11-18 12:00,32,0.76,,,
1959-11-20 07:00,24,0.84,,,
1959-11-21 11:36,29,1.27,SSC,,
1959-11-22 21:00,36,0.77,,,
1959-11-25 21:00,41,1.15,,,
1959-11-27 23:48,36,2.65,SSC,,
1959-11-30 05:00,30,1.33,,,
1959-12-01 23:00,19,0.51,,,
1959-12-02 21:00,36,6.73,,,
1959-12-05 06:54,36,1.63,SSC,,
1959-12-07 04:00,36,1.5,,,
1959-12-10 02:00,36,0.91,,,
1959-12-13 18:24,24,0.95,SSC,,
1959-12-14 21:00,27,0.98,,,
1959-12-18 00:00,36,2.25,,,
1959-12-19 20:00,44,0.88,,,
1959-12-22 03:00,18,1.01,,,
1959-12-22 23:00,14,0.86,,,
1959-12-23 15:18,63,2.58,SSC,,
1959-12-26 06:00,34,0.93,,,
1959-12-27 23:00,61,1.92,,,
1960-01-03 05:00,24,1.48,,,
1960-01-04 08:12,16,1.39,SSC,,
1960-01-05 02:00,47,1.71,SSC,,
1960-01-10 06:06,47,1.31,SSC,,
1960-01-13 19:00,42,6.39,SSC,,
1960-01-16 21:12,24,1.52,SSC,,
1960-01-18 06:00,34,2.27,,,
1960-01-19 22:06,57,1.47,SSC,,
1960-01-24 05:00,36,1.4,,,
1960-01-26 02:00,51,1.21,,,
1960-01-28 19:12,43,1.54,SSC,,
1960-02-01 08:00,50,3.2,,,
1960-02-05 11:00,30,1.33,,,
1960-02-08 15:00,52,2.35,,,
1960-02-12 22:00,36,1.84,,,
1960-02-15 07:00,41,1.05,,,
1960-02-17 19:00,40,0.99,,,
1960-02-20 11:00,61,1.44,,,
1960-02-25 03:00,28,0.87,,,
1960-02-26 10:42,43,36.5,SSC,,
1960-03-01 03:00,44,0.86,,,
1960-03-04 22:00,59,1.32,,,
1960-03-08 11:00,36,0.9,,,
1960-03-10 07:00,46,1.12,,,
1960-03-14 07:00,22,1.83,,,
1960-03-15 08:18,61,1.93,SSC,,
1960-03-19 19:00,28,0.72,,,
1960-03-23 22:00,54,1.83,,,
1960-03-27 03:00,64,1.19,,,
1960-03-30 19:00,58,12.9,,,
1960-04-02 23:12,36,2.37,SSC,,
1960-04-05 12:54,25,0.7,SSC,,
1960-04-06 16:24,20,1.28,SSC,,
1960-04-07 15:12,36,2.84,SSC,,
1960-04-10 01:24,33,1.12,SSC,,
1960-04-11 22:00,30,0.79,,,
1960-04-14 06:00,49,1.77,,,
1960-04-17 00:00,36,1.14,,,
1960-04-23 21:00,52,1.49,,,
1960-04-26 20:00,21,0.81,,,
1960-04-27 20:00,36,4.25,SSC,,
1960-04-30 01:30,9,1.58,SSC,,
1960-04-30 12:12,36,8.99,SSC,,
1960-05-05 22:00,35,1.83,,,
1960-05-08 04:18,29,10.2,SSC,,
1960-05-11 04:30,36,1.39,SSC,,
1960-05-13 08:00,38,2.26,,,
1960-05-15 10:06,22,1.19,SSC,,
1960-05-16 11:24,40,2,SSC,,
1960-05-20 15:00,21,0.82,,,
1960-05-22 14:36,39,3.06,SSC,,
1960-05-24 14:00,36,1.68,,,
1960-05-26 22:00,21,1.06,,,
1960-05-28 20:18,55,4.47,SSC,,
1960-05-31 20:00,26,0.77,,,
1960-06-02 01:00,36,1.03,,,
1960-06-04 02:42,44,5.91,SSC,,
1960-06-07 17:00,47,1.04,,,
1960-06-10 20:00,31,1.09,,,
1960-06-13 11:00,63,1.77,,,
1960-06-17 20:00,59,2.71,,,
1960-06-21 06:00,36,0.99,,,
1960-06-23 04:00,36,1.33,,,
1960-06-25 15:00,30,1.14,,,
1960-06-27 01:42,18,1.89,SSC,,
1960-06-27 22:00,36,3.5,,,
1960-06-29 19:36,19,3.57,SSC,,
1960-06-30 17:18,27,1.62,SSC,,
1960-07-01 23:00,59,1.23,,,
1960-07-06 02:00,46,1.66,,,
1960-07-11 09:00,45,1.65,,,
1960-07-14 04:42,10,1,SSC,,
1960-07-14 17:00,42,7.55,SSC,,
1960-07-19 07:00,55,1.84,,,
1960-07-22 23:00,55,0.98,,,
1960-07-26 03:00,49,1.28,,,
1960-07-29 01:00,63,1.8,,,
1960-08-01 12:00,36,0.97,,,
1960-08-04 18:00,36,0.98,,,
1960-08-08 06:00,35,1.27,,,
1960-08-10 01:00,36,1.48,,,
1960-08-11 21:00,36,1.28,,,
1960-08-14 15:06,36,3.21,SSC,,
1960-08-16 14:06,36,2.68,SSC,,
1960-08-19 16:12,36,1.64,SSC,,
1960-08-22 02:00,45,1.12,,,
1960-08-24 13:00,36,1.18,,,
1960-08-27 10:00,32,0.98,,,
1960-08-29 00:18,40,5.13,SSC,,
1960-08-31 01:00,47,1.38,,,
1960-09-02 11:54,33,0.94,SSC,,
1960-09-04 02:30,8,1.45,SSC,,
1960-09-04 11:42,46,3.45,SSC,,
1960-09-06 22:00,49,1.13,,,
1960-09-10 08:00,36,1.08,,,
1960-09-13 02:00,43,1.02,,,
1960-09-16 01:00,56,1.52,,,
1960-09-19 01:00,40,1.16,,,
1960-09-21 08:12,27,0.95,SSC,,
1960-09-22 14:00,54,1.52,SSC,,
1960-09-26 00:00,37,1.36,,,
1960-09-27 21:00,31,1.2,,,
1960-09-29 08:36,74,2.42,SSC,,
1960-10-03 10:00,20,1.16,,,
1960-10-04 16:00,30,1.7,,,
1960-10-06 02:36,36,8.27,SSC,,
1960-10-08 17:00,36,0.95,,,
1960-10-10 22:00,36,1.1,,,
1960-10-13 07:00,13,0.89,,,
1960-10-13 21:48,37,1.63,SSC,,
1960-10-15 19:00,28,0.92,,,
1960-10-18 00:00,54,1.11,,,
1960-10-21 21:00,33,1.62,,,
1960-10-24 14:48,49,3.07,SSC,,
1960-10-28 01:00,61,1.22,,,
1960-11-02 06:00,34,1.32,,,
1960-11-03 22:00,36,1.09,,,
1960-11-07 09:00,55,0.86,,,
1960-11-10 07:18,39,2.94,SSC,,
1960-11-12 13:48,4,,SSC,,
1960-11-12 18:42,34,,SSC,,
1960-11-14 13:00,11,1.02,,,
1960-11-15 13:00,31,,SSC,,
1960-11-19 07:00,23,1.77,,,
1960-11-20 09:00,18,1.24,,,
1960-11-21 05:00,42,3.69,,,
1960-11-23 23:00,40,3.26,,,
1960-11-26 00:00,36,1.18,,,
1960-11-27 21:00,51,1.44,,,
1960-11-30 19:06,36,3,SSC,,
1960-12-02 22:00,46,1.09,,,
1960-12-05 19:00,35,1.73,,,
1960-12-07 18:00,37,2.63,SSC,,
1960-12-12 21:00,30,0.9,,,
1960-12-14 07:00,25,2.82,,,
1960-12-15 11:00,36,1.74,,,
1960-12-17 21:00,57,1.27,,,
1960-12-21 16:00,36,0.81,,,
1960-12-23 13:00,36,0.85,,,
1960-12-25 20:00,49,4.13,SSC,,
1960-12-28 10:00,29,1.27,,,
1960-12-30 03:00,66,1.29,,,
1961-01-04 08:00,65,1.2,,,
1961-01-07 20:48,18,0.62,SSC,,
1961-01-08 16:18,29,1.42,SSC,,
1961-01-10 01:00,55,1.1,,,
1961-01-13 02:00,41,1.11,,,
1961-01-15 05:00,27,0.79,,,
1961-01-16 12:00,32,1.15,,,
1961-01-18 01:00,24,1,,,
1961-01-19 05:00,36,1.41,,,
1961-01-21 05:00,44,1.49,,,
1961-01-26 03:00,36,0.9,,,
1961-01-28 13:00,40,1.19,,,
1961-01-31 01:00,58,1.28,,,
1961-02-03 09:06,25,1.96,SSC,,
1961-02-04 13:24,4,0.58,SSC,,
1961-02-04 18:24,27,2.7,SSC,,
1961-02-06 01:06,35,1.26,SSC,,
1961-02-07 20:00,42,1.18,,,
1961-02-10 15:00,36,0.96,,,
1961-02-13 02:48,38,1.42,SSC,,
1961-02-16 00:42,4,0.07,SSC,,
1961-02-16 05:30,28,1.7,SSC,,
1961-02-17 13:00,36,1.52,,,
1961-02-19 10:00,65,1.01,,,
1961-02-22 23:00,42,1.12,,,
1961-02-27 18:00,44,0.81,,,
1961-03-01 15:00,43,1.13,,,
1961-03-04 11:00,77,1.42,,,
1961-03-08 18:00,17,0.66,,,
1961-03-09 13:24,21,1.99,SSC,,
1961-03-10 13:00,36,0.94,,,
1961-03-13 02:00,46,1.24,,,
1961-03-16 02:00,31,0.94,,,
1961-03-17 16:00,55,1.8,,,
1961-03-20 14:00,54,1.21,,,
1961-03-27 15:00,9,1.62,SSC,,
1961-03-28 02:00,32,0.77,SSC,,
1961-03-29 19:00,36,1.21,,,
1961-03-31 15:12,32,1.28,SSC,,
1961-04-02 04:00,40,0.79,,,
1961-04-06 19:00,39,0.55,,,
1961-04-08 19:00,80,1.15,SSC,,
1961-04-13 14:48,41,5.07,SSC,,
1961-04-15 17:00,53,1.01,,,
1961-04-22 03:00,36,0.85,,,
1961-04-24 04:00,36,1.08,,,
1961-04-26 15:00,43,0.74,,,
1961-04-29 02:00,55,2.92,,,
1961-05-02 01:00,30,0.73,,,
1961-05-04 20:00,52,0.92,,,
1961-05-08 17:00,36,0.67,,,
1961-05-10 18:00,42,1.23,,,
1961-05-13 01:00,48,1.07,,,
1961-05-16 02:00,55,0.81,,,
1961-05-19 21:00,36,1.88,,,
1961-05-22 01:36,36,1.95,SSC,,
1961-05-25 02:00,42,0.88,,,
1961-05-29 19:00,49,1.36,,,
1961-06-01 10:00,42,1.37,,,
1961-06-04 04:00,36,1.09,,,
1961-06-06 02:00,51,1.35,,,
1961-06-09 13:00,57,1,,,
1961-06-14 23:30,37,1.17,SSC,,
1961-06-18 10:00,39,1.31,,,
1961-06-20 16:18,45,1.68,SSC,,
1961-06-24 10:00,44,0.77,,,
1961-06-27 19:00,48,1.63,,,
1961-07-01 05:00,55,1.45,,,
1961-07-04 12:00,38,1.56,,,
1961-07-06 16:00,45,0.86,,,
1961-07-09 08:00,51,0.81,,,
1961-07-13 11:12,18,12,SSC,,
1961-07-14 08:00,36,2.6,,,
1961-07-17 18:24,41,3.99,SSC,,
1961-07-20 02:48,49,1.69,SSC,,
1961-07-23 02:00,37,1.02,,,
1961-07-24 23:00,36,1.19,,,
1961-07-26 19:48,36,5.81,SSC,,
1961-07-28 20:00,26,1.27,,,
1961-08-01 22:00,39,0.95,,,
1961-08-03 22:00,61,1.31,,,
1961-08-07 17:00,48,1.33,,,
1961-08-10 05:00,64,1.69,,,
1961-08-14 13:00,35,1.2,,,
1961-08-17 23:00,44,1.51,,,
1961-08-20 22:00,36,0.95,,,
1961-08-26 02:00,33,1.1,,,
1961-08-29 17:06,71,2.83,SSC,,
1961-09-03 01:00,20,0.9,,,
1961-09-06 20:00,42,1.29,,,
1961-09-09 09:00,30,1.02,,,
1961-09-10 19:00,46,2.76,,,
1961-09-13 15:54,47,1.6,SSC,,
1961-09-16 16:00,36,1.23,,,
1961-09-18 19:00,37,1.41,,,
1961-09-20 16:06,37,0.88,SSC,,
1961-09-24 03:00,43,0.61,,,
1961-09-26 13:00,40,0.74,,,
1961-09-29 02:00,34,0.91,,,
1961-09-30 18:48,1,0,SSC,,
1961-09-30 21:06,53,7.16,SSC,,
1961-10-03 02:00,49,0.96,,,
1961-10-11 03:00,38,0.81,,,
1961-10-13 03:00,71,0.96,,,
1961-10-17 04:00,46,0.89,,,
1961-10-19 19:00,42,1.12,,,
1961-10-22 17:00,42,1.03,,,
1961-10-25 00:18,35,1.02,SSC,,
1961-10-26 19:36,31,1.3,SSC,,
1961-10-28 08:06,19,4.95,SSC,,
1961-10-29 06:00,67,2.38,,,
1961-11-04 19:18,42,0.67,SSC,,
1961-11-06 23:18,31,0.9,SSC,,
1961-11-09 05:00,37,0.68,,,
1961-11-12 01:00,28,1,,,
1961-11-14 02:00,36,1.34,,,
1961-11-17 14:06,14,1.18,SSC,,
1961-11-18 06:18,36,0.81,SSC,,
1961-11-21 03:00,38,0.84,,,
1961-11-28 08:00,52,0.96,,,
1961-12-01 03:12,48,4.53,SSC,,
1961-12-03 04:00,42,0.82,,,
1961-12-05 13:54,39,1.98,SSC,,
1961-12-07 15:00,36,1.11,,,
1961-12-09 23:00,56,1.21,,,
1961-12-15 00:00,30,0.82,,,
1961-12-18 21:00,49,0.77,,,
1961-12-21 22:00,24,0.78,,,
1961-12-23 22:00,41,0.74,,,
1961-12-27 00:54,51,2.29,SSC,,
1961-12-29 22:00,37,1.14,,,
1962-01-01 14:00,29,0.9,,,
1962-01-10 02:12,36,3.39,SSC,,
1962-01-14 18:00,41,0.73,,,
1962-01-19 01:12,41,0.49,SSC,,
1962-01-26 04:00,60,0.85,,,
1962-02-04 09:30,44,3.82,SSC,,
1962-02-06 19:00,48,1.2,,,
1962-02-09 23:00,30,1.52,,,
1962-02-11 10:00,52,1.14,SSC,,
1962-02-14 17:18,25,1.1,SSC,,
1962-02-15 21:00,68,1.48,,,
1962-02-22 02:18,49,2.16,SSC,,
1962-02-25 17:24,13,0.71,SSC,,
1962-02-26 08:30,3,0.58,SSC,,
1962-02-26 12:30,49,1.75,SSC,,
1962-03-05 01:00,52,1.6,,,
1962-03-10 05:00,75,0.81,,,
1962-03-14 22:00,50,0.74,,,
1962-03-17 21:00,36,1.12,,,
1962-03-19 21:00,63,1.7,,,
1962-03-27 05:00,33,1.27,,,
1962-03-31 01:00,40,3.06,,,
1962-04-02 16:00,52,1,,,
1962-04-06 01:00,46,0.93,,,
1962-04-08 16:00,21,0.44,,,
1962-04-10 05:00,46,0.79,,,
1962-04-15 14:00,61,2.25,,,
1962-04-20 23:54,37,3.05,SSC,,
1962-04-25 13:30,13,0.85,SSC,,
1962-04-26 04:12,47,0.81,SSC,,
1962-04-30 22:00,36,1.28,,,
1962-05-03 23:00,21,0.68,,,
1962-05-05 17:00,37,1.95,,,
1962-05-10 15:00,43,0.75,,,
1962-05-13 05:00,36,0.63,,,
1962-05-16 06:00,51,0.64,,,
1962-05-19 06:00,64,0.88,,,
1962-05-23 19:00,35,0.59,,,
1962-05-25 18:00,28,1.01,,,
1962-05-27 04:12,67,1.11,SSC,,
1962-05-31 01:00,71,1.61,,,
1962-06-03 02:00,36,1.15,,,
1962-06-05 21:00,42,0.72,,,
1962-06-09 03:00,55,1.19,,,
1962-06-15 05:00,33,0.82,,,
1962-06-16 20:00,27,0.78,,,
1962-06-18 02:00,49,1.41,,,
1962-06-21 03:00,66,1.5,,,
1962-06-26 08:48,22,0.51,SSC,,
1962-06-27 10:00,36,0.71,,,
1962-06-29 18:00,65,0.8,,,
1962-07-03 12:00,43,0.58,SSC,,
1962-07-06 10:00,35,0.53,,,
1962-07-10 21:00,53,0.95,,,
1962-07-16 18:00,36,0.66,,,
1962-07-18 15:00,41,0.72,,,
1962-07-21 19:00,32,0.62,,,
1962-07-24 03:00,33,1.7,,,
1962-07-25 18:00,54,1.51,,,
1962-07-31 15:00,36,1.14,,,
1962-08-02 20:00,51,0.89,,,
1962-08-06 07:00,28,0.62,,,
1962-08-07 18:00,37,0.86,,,
1962-08-14 00:00,35,0.8,,,
1962-08-15 18:00,40,1.12,,,
1962-08-17 19:00,28,1.08,,,
1962-08-21 13:00,31,0.99,,,
1962-08-22 20:00,33,0.75,,,
1962-08-24 05:00,55,0.67,,,
1962-08-28 17:00,35,0.79,,,
1962-08-30 12:00,35,1.11,,,
1962-09-01 06:00,25,0.77,,,
1962-09-02 16:00,22,0.62,,,
1962-09-03 14:00,47,1.7,,,
1962-09-05 16:00,37,0.63,,,
1962-09-07 21:00,36,0.88,,,
1962-09-11 10:00,45,1.33,,,
1962-09-14 08:00,36,0.71,,,
1962-09-18 19:00,29,1.17,,,
1962-09-20 09:00,65,0.66,,,
1962-09-23 22:00,34,0.67,,,
1962-09-25 23:00,36,0.85,,,
1962-09-28 12:54,30,1.23,SSC,,
1962-09-29 23:00,35,2.89,,,
1962-10-01 18:00,22,1.13,,,
1962-10-04 23:00,46,0.97,,,
1962-10-07 20:24,40,1.33,SSC,,
1962-10-12 09:00,65,0.64,,,
1962-10-15 22:00,36,1.06,,,
1962-10-18 00:00,53,0.56,,,
1962-10-20 21:00,33,0.73,,,
1962-10-22 12:18,40,0.64,SSC,,
1962-10-24 14:00,48,1.45,,,
1962-10-27 03:00,28,0.6,,,
1962-10-29 02:00,32,0.7,,,
1962-10-31 23:00,37,0.81,,,
1962-11-02 20:00,38,0.83,,,
1962-11-04 20:00,26,0.75,,,
1962-11-06 01:00,35,0.8,,,
1962-11-07 20:00,61,0.83,,,
1962-11-12 19:00,34,0.53,,,
1962-11-14 16:00,43,0.7,,,
1962-11-16 23:00,28,0.54,,,
1962-11-20 12:00,21,1.12,,,
1962-11-21 12:00,42,1.19,,,
1962-11-24 19:00,80,0.73,,,
1962-11-29 06:12,38,1.16,SSC,,
1962-12-02 18:00,30,1.13,,,
1962-12-04 03:30,46,1.41,SSC,,
1962-12-07 14:00,29,0.75,,,
1962-12-09 22:00,49,0.94,,,
1962-12-12 12:00,59,1.37,,,
1962-12-17 16:00,36,1.4,,,
1962-12-21 23:00,32,0.61,,,
1962-12-23 17:00,49,0.4,,,
1962-12-26 07:00,70,0.92,,,
1962-12-30 23:00,41,2.72,,,
1963-01-04 06:00,35,0.98,,,
1963-01-06 01:00,34,0.83,,,
1963-01-07 18:00,45,1.27,,,
1963-01-10 23:00,35,1.08,,,
1963-01-12 18:00,39,0.83,,,
1963-01-14 17:00,45,1.17,,,
1963-01-17 01:00,29,0.88,,,
1963-01-18 20:00,43,0.9,,,
1963-01-21 18:00,45,0.95,,,
1963-01-24 13:00,36,1.14,,,
1963-01-26 13:00,47,0.89,,,
1963-01-29 21:00,71,3.67,,,
1963-02-03 20:00,65,0.95,,,
1963-02-08 16:00,25,0.71,,,
1963-02-09 19:42,74,1.16,SSC,,
1963-02-16 17:00,36,0.82,,,
1963-02-19 23:00,36,1.45,,,
1963-02-21 23:00,40,1.06,,,
1963-02-28 08:00,54,2.29,,,
1963-03-06 22:00,18,0.81,,,
1963-03-07 19:00,36,1.39,,,
1963-03-09 18:00,41,2.3,,,
1963-03-11 23:00,32,0.82,,,
1963-03-17 21:00,36,0.75,,,
1963-03-20 19:00,45,0.96,,,
1963-03-23 03:00,70,1.41,,,
1963-03-26 23:00,52,1.38,,,
1963-03-30 04:00,34,1.12,,,
1963-03-31 21:12,28,0.66,SSC,,
1963-04-04 05:48,54,1.6,SSC,,
1963-04-07 08:00,47,0.56,,,
1963-04-12 17:00,74,0.85,,,
1963-04-16 12:00,52,0.95,,,
1963-04-18 21:00,5,0.45,,,
1963-04-19 03:12,37,1.64,SSC,,
1963-04-21 02:00,70,1.18,,,
1963-04-25 04:00,50,0.81,,,
1963-04-27 20:00,48,0.87,,,
1963-04-30 15:18,44,2.49,SSC,,
1963-05-02 22:12,23,2.97,SSC,,
1963-05-04 00:00,51,1,,,
1963-05-07 20:00,24,0.53,,,
1963-05-08 23:00,70,1.56,,,
1963-05-13 04:00,49,0.89,,,
1963-05-18 03:00,35,0.41,,,
1963-05-19 22:00,52,0.6,,,
1963-05-23 12:00,32,0.7,,,
1963-05-25 02:00,40,0.91,,,
1963-05-27 20:24,58,2.34,SSC,,
1963-05-31 00:00,36,0.6,,,
1963-06-06 11:00,37,1.85,,,
1963-06-08 22:00,77,0.97,,,
1963-06-13 11:00,36,0.55,,,
1963-06-18 02:54,32,1.06,SSC,,
1963-06-19 22:00,36,0.94,,,
1963-06-25 03:00,16,0.84,,,
1963-06-25 21:00,59,0.77,,,
1963-06-30 19:00,57,1.1,,,
1963-07-03 12:00,71,1.84,,,
1963-07-07 21:00,53,0.56,,,
1963-07-11 12:00,63,0.7,,,
1963-07-15 21:12,54,1.1,SSC,,
1963-07-18 23:00,21,0.27,,,
1963-07-20 09:00,22,1.03,,,
1963-07-21 10:00,34,0.87,,,
1963-07-23 03:00,35,0.79,,,
1963-07-24 22:00,37,0.9,,,
1963-07-28 23:00,18,0.6,,,
1963-07-29 19:00,54,1.35,,,
1963-08-01 21:00,46,0.64,,,
1963-08-04 12:00,36,0.61,,,
1963-08-06 18:00,28,0.64,,,
1963-08-09 01:00,70,0.88,SSC,,
1963-08-15 01:00,51,0.71,,,
1963-08-17 19:00,34,1.35,,,
1963-08-19 12:00,60,1.34,,,
1963-08-23 00:00,36,0.75,,,
1963-08-27 16:00,32,0.62,,,
1963-08-29 12:00,65,1.13,,,
1963-09-02 01:00,68,0.61,,,
1963-09-08 02:24,36,1.14,SSC,,
1963-09-11 14:00,33,0.55,,,
1963-09-13 20:00,59,2.39,,,
1963-09-17 00:00,37,2.77,,,
1963-09-19 05:36,37,0.99,SSC,,
1963-09-21 14:12,46,11,SSC,,
1963-09-24 00:00,53,2.06,,,
1963-09-27 19:42,36,1.22,SSC,,
1963-10-01 23:00,54,0.65,,,
1963-10-07 19:00,36,0.63,,,
1963-10-10 20:00,20,0.77,,,
1963-10-11 19:00,67,1.07,,,
1963-10-20 09:30,37,1.95,SSC,,
1963-10-23 03:00,42,2.41,,,
1963-10-27 05:00,46,0.79,,,
1963-10-29 14:00,24,5.83,SSC,,
1963-10-30 17:00,36,2.06,,,
1963-11-02 15:00,55,0.52,,,
1963-11-05 22:00,54,0.66,,,
1963-11-08 21:00,34,1,,,
1963-11-12 07:00,36,0.43,,,
1963-11-14 18:00,42,0.92,,,
1963-11-16 22:00,9,0.47,,,
1963-11-17 09:00,31,1.4,SSC,,
1963-11-18 21:00,37,0.86,,,
1963-11-24 08:00,44,0.85,,,
1963-11-28 00:00,27,0.51,,293,6.6
1963-11-30 12:00,30,0.85,,450,11.6
1963-12-01 22:24,20,0.6,SSC,450,9.7
1963-12-02 21:18,74,1.97,SSC,495,9.3
1963-12-11 16:00,43,0.66,,350,8.3
1963-12-14 15:00,31,1,,455,13.4
1963-12-19 21:00,56,1.12,,363,11.2
1963-12-22 23:00,37,0.66,,388,7.5
1963-12-25 20:00,24,0.74,,328,7.6
1963-12-26 23:00,47,1.14,,368,9.8
1963-12-29 10:00,36,0.85,,450,10.3
1964-01-01 11:48,49,2.85,SSC,612,15.2
1964-01-08 12:00,64,1.41,,588,12.5
1964-01-14 15:00,20,0.38,,240,
1964-01-15 14:00,71,1.34,,430,10
1964-01-19 14:00,36,0.68,,370,10.1
1964-01-23 06:00,14,0.51,,240,8
1964-01-23 22:24,64,0.66,SSC,378,7.8
1964-01-28 19:24,37,1.57,SSC,500,25.4
1964-01-31 01:00,36,0.58,,525,8.1
1964-02-04 03:42,32,0.51,SSC,300,15.2
1964-02-05 17:00,29,0.81,,495,10.1
1964-02-07 20:00,39,0.73,,368,5.7
1964-02-12 06:00,35,1.06,SSC,,
1964-02-14 01:00,59,1.99,,383,9.7
1964-02-20 06:18,4,0.11,SSC,,
1964-02-20 11:36,36,1.45,SSC,,
1964-02-24 21:00,34,0.7,,,
1964-02-26 14:00,40,0.81,,,
1964-02-28 16:00,40,1.06,,,
1964-03-03 22:00,56,1.23,,,
1964-03-07 01:00,45,0.98,,,
1964-03-11 21:00,36,0.96,,,
1964-03-14 19:00,40,0.75,,,
1964-03-16 20:00,36,0.83,,,
1964-03-19 23:00,36,0.92,,,
1964-03-21 19:00,37,0.56,,,
1964-03-24 12:00,52,0.71,,,
1964-03-29 14:06,47,1.03,SSC,,
1964-04-01 13:00,36,1.55,,,
1964-04-05 10:00,36,0.76,,,
1964-04-07 13:00,41,0.87,,,
1964-04-11 01:00,29,0.55,,,
1964-04-13 20:00,59,0.83,,,
1964-04-17 00:18,52,0.68,SSC,,
1964-04-20 08:00,54,0.77,,,
1964-04-25 02:00,41,0.85,,,
1964-04-27 14:00,56,0.73,,,
1964-04-30 21:00,44,0.91,,,
1964-05-03 19:00,27,0.58,,,
1964-05-05 01:00,78,0.65,,,
1964-05-10 00:36,39,2.17,SSC,,
1964-05-13 13:00,50,1.1,,,
1964-05-16 20:00,50,0.8,,,
1964-05-21 15:00,37,0.55,,,
1964-05-23 22:30,3,0.05,SSC,,
1964-05-24 03:00,51,0.81,,,
1964-05-27 08:00,41,0.7,,,
1964-05-30 21:00,33,1.03,,,
1964-06-01 11:54,61,0.83,SSC,,
1964-06-05 22:00,36,0.53,,,
1964-06-07 18:48,37,1.22,SSC,,
1964-06-09 18:00,36,1.24,,,
1964-06-12 06:00,37,0.66,,,
1964-06-14 19:00,34,0.57,,,
1964-06-18 02:00,37,1.02,,,
1964-06-20 04:00,46,0.91,,,
1964-06-22 14:00,27,0.56,,,
1964-06-25 01:00,36,0.68,,,
1964-06-28 04:00,63,0.81,,,
1964-07-02 23:24,51,0.92,SSC,,
1964-07-07 08:00,47,1.15,,,
1964-07-13 05:00,55,0.6,,,
1964-07-16 14:00,52,1.26,,,
1964-07-19 08:00,40,0.56,,,
1964-07-21 13:00,36,0.53,,586,
1964-07-24 03:00,25,0.36,,538,
1964-07-29 00:00,51,1.13,,753,
1964-08-04 01:30,30,1.11,SSC,701,
1964-08-05 11:00,61,0.73,,687,
1964-08-09 08:00,34,0.48,,,
1964-08-11 00:54,52,1.17,SSC,675,
1964-08-13 20:00,36,0.41,,540,
1964-08-15 20:00,78,0.58,,465,
1964-08-24 19:00,68,1.12,,479,
1964-08-29 05:00,21,0.44,,404,
1964-08-31 22:00,46,0.85,,655,
1964-09-06 19:54,48,1.46,SSC,721,
1964-09-09 13:00,38,0.66,,645,
1964-09-15 23:30,36,1,SSC,345,
1964-09-21 11:48,39,1.19,SSC,,
1964-09-23 12:00,51,0.48,,581,
1964-09-27 02:00,52,0.89,,529,
1964-09-29 23:00,58,0.53,,500,
1964-10-03 12:42,48,1.4,SSC,770,
1964-10-08 08:00,37,0.56,,492,
1964-10-12 07:00,24,1,,,
1964-10-15 11:00,46,0.53,,551,
1964-10-17 21:00,52,1.06,,670,
1964-10-20 15:00,67,0.65,,552,
1964-10-24 12:00,31,0.57,,353,
1964-10-26 00:12,36,0.98,SSC,524,
1964-10-28 10:00,30,0.64,,392,
1964-11-01 03:18,37,1.12,SSC,680,
1964-11-03 07:00,37,0.81,,469,
1964-11-08 00:18,3,0.21,SSC,415,
1964-11-08 03:54,50,0.89,SSC,577,
1964-11-12 21:00,20,0.48,,511,
1964-11-15 10:06,42,1.1,SSC,574,
1964-11-22 06:00,43,1.58,,425,
1964-11-25 13:00,39,0.72,,345,
1964-11-27 21:00,40,0.59,,554,
1964-11-29 22:00,65,2.17,,611,
1964-12-07 11:00,36,0.43,,455,
1964-12-09 20:00,36,0.4,,,
1964-12-13 11:00,41,0.62,,415,
1964-12-15 21:00,35,0.89,,654,
1964-12-23 22:00,55,0.41,,360,
1965-01-02 09:00,74,1.03,,492,
1965-01-07 23:06,38,1.08,SSC,496,
1965-01-10 19:00,64,1.08,,469,
1965-01-14 16:00,36,1.21,,497,
1965-01-17 10:00,36,0.72,,353,
1965-01-20 16:12,38,1.32,SSC,413,
1965-01-23 00:00,51,0.69,,424,
1965-01-26 07:48,43,0.62,SSC,460,
1965-01-29 10:00,34,0.49,,428,
1965-01-31 03:00,42,1.02,,409,
1965-02-03 06:00,47,0.93,,419,
1965-02-06 14:12,39,1.63,SSC,460,
1965-02-08 19:00,28,1.63,,479,
1965-02-10 02:54,24,0.97,SSC,632,
1965-02-11 22:00,32,0.61,,,
1965-02-14 02:00,31,0.88,,561,
1965-02-16 15:00,32,0.68,,377,
1965-02-19 20:00,56,1.33,,457,
1965-02-23 07:00,35,1.3,,557,
1965-02-25 01:00,53,0.57,,684,
1965-03-03 01:00,41,1.22,,435,
1965-03-09 17:00,36,0.7,,343,
1965-03-12 12:24,28,0.94,SSC,371,
1965-03-15 04:00,44,0.56,,553,
1965-03-20 16:00,80,0.85,,625,
1965-03-29 18:00,74,1.27,,768,
1965-04-03 19:00,36,0.89,,346,
1965-04-06 04:12,7,0.38,SSC,364,
1965-04-06 12:18,28,0.75,SSC,347,
1965-04-09 01:00,78,0.74,,358,
1965-04-13 22:00,36,0.85,,350,
1965-04-17 13:12,36,3.04,SSC,555,
1965-04-22 08:00,31,0.64,,476,
1965-04-23 20:00,29,0.71,,530,
1965-04-26 15:00,40,0.96,,473,
1965-04-29 12:00,40,0.64,,397,
1965-05-01 22:00,32,0.54,,371,
1965-05-04 23:00,59,1.21,SSC,538,
1965-05-08 08:00,29,1.19,,487,
1965-05-16 00:36,60,0.93,SSC,573,
1965-05-19 21:00,42,0.89,,,
1965-05-22 02:00,65,1.09,,350,
1965-05-26 12:00,42,1.07,,596,
1965-05-29 20:00,53,1.76,,396,
1965-06-03 13:18,35,1.1,SSC,514,
1965-06-05 07:00,46,0.85,,,12.1
1965-06-08 06:24,39,1.68,SSC,441,
1965-06-11 15:00,66,0.68,,446,9.8
1965-06-15 10:54,41,4.46,SSC,732,
1965-06-17 13:00,58,0.95,,350,6.7
1965-06-23 01:00,36,0.66,,440,5.6
1965-06-25 05:00,34,1.13,,485,13
1965-06-28 22:00,35,0.73,,562,8.8
1965-07-05 01:00,25,0.53,,,7.9
1965-07-06 04:54,68,0.77,SSC,524,12.1
1965-07-10 01:00,36,0.71,,400,10.1
1965-07-12 16:00,36,1.6,SSC,478,10.7
1965-07-16 12:00,36,0.52,,610,3.8
1965-07-18 15:30,28,2.46,SSC,,14
1965-07-20 00:00,20,0.6,,496,6.8
1965-07-22 22:00,67,0.71,,,9
1965-07-27 06:12,68,1.3,SSC,598,11.2
1965-07-31 00:00,41,1.01,,496,6.4
1965-08-02 02:00,36,0.65,,387,9
1965-08-07 05:00,70,0.53,,478,7.9
1965-08-11 07:00,36,0.74,,406,5.6
1965-08-14 02:00,32,0.59,,464,7.4
1965-08-15 15:00,26,2.12,,,10.8
1965-08-16 20:06,23,0.44,SSC,384,12
1965-08-18 14:00,70,1.02,,562,12.1
1965-08-23 15:18,62,0.75,SSC,557,8
1965-08-29 20:00,54,1.13,,438,9
1965-09-03 18:00,36,0.79,,570,11.9
1965-09-11 01:00,17,0.4,,360,10.3
1965-09-11 20:00,36,1.87,,441,13
1965-09-15 14:48,36,0.94,SSC,534,14.2
1965-09-18 05:00,61,0.82,,469,7.7
1965-09-22 15:00,73,1.51,,483,10.6
1965-09-26 22:00,30,1.56,,414,9.1
1965-09-28 09:00,40,0.71,,503,9
1965-10-01 21:00,52,0.9,,389,6.4
1965-10-05 01:12,1,0,SSC,376,
1965-10-05 02:36,31,1.19,SSC,456,14.7
1965-10-07 09:00,36,1.92,SSC,465,14.2
1965-10-13 02:00,42,0.57,,465,5.7
1965-10-18 02:00,58,0.95,,366,7.5
1965-10-22 01:24,56,1.14,SSC,517,17.8
1965-10-27 05:00,36,0.72,,563,9
1965-10-29 19:00,71,0.98,,459,7.4
1965-11-04 01:00,28,2.17,SSC,392,17.6
1965-11-05 20:00,46,0.59,,384,9.7
1965-11-09 01:00,54,0.68,,368,6
1965-11-12 11:42,28,1.1,SSC,367,10.7
1965-11-13 22:00,26,0.69,,385,
1965-11-18 14:00,70,1.14,,492,12.5
1965-11-24 00:00,36,0.43,,388,8.6
1965-11-26 03:00,44,0.81,,437,6.5
1965-11-29 03:00,27,0.53,,396,6.5
1965-11-30 09:00,36,1.19,,459,9
1965-12-04 09:48,49,0.81,SSC,434,10.3
1965-12-08 04:00,32,0.72,,434,11.5
1965-12-10 15:00,52,1.04,,530,9.2
1965-12-13 18:00,33,0.43,,427,3.6
1965-12-15 09:00,49,0.78,,332,4.6
1965-12-18 06:18,30,1.24,SSC,402,12
1965-12-21 22:00,54,0.93,,439,8.4
1965-12-24 19:00,63,1.06,,564,13.2
1965-12-29 14:00,55,0.53,,520,5.1
1966-01-02 02:12,38,1.23,SSC,431,8.3
1966-01-04 12:00,35,0.91,,430,10.1
1966-01-07 15:01,21,0.5,SSC,517,9.5
1966-01-09 06:00,75,0.72,,497,7.4
1966-01-14 08:00,44,0.39,,371,7.7
1966-01-17 15:00,36,1.01,,334,
1966-01-20 02:00,62,2.97,SSC,579,15.6
1966-01-24 02:00,27,0.53,,586,
1966-01-25 18:00,50,0.99,,626,6.5
1966-01-28 21:00,36,1.04,,384,
1966-01-31 11:00,36,0.55,,343,
1966-02-03 14:00,61,0.67,,575,
1966-02-11 07:00,45,0.96,,462,
1966-02-15 20:00,47,0.66,,402,
1966-02-19 06:00,60,2.25,,701,
1966-02-22 12:00,30,1.14,,608,
1966-03-03 06:00,59,0.67,,445,
1966-03-06 16:00,39,0.53,,356,
1966-03-09 10:54,41,0.64,SSC,412,
1966-03-12 21:00,39,2.49,,436,
1966-03-14 20:00,24,0.5,,419,
1966-03-18 21:00,54,0.85,,601,
1966-03-21 19:00,32,1.02,,531,
1966-03-23 09:00,36,4.76,,458,
1966-03-25 13:00,26,2.05,,604,
1966-03-26 18:00,23,0.78,,636,
1966-03-27 19:36,35,2.35,SSC,552,
1966-03-29 21:00,42,0.8,,501,
1966-04-01 12:36,22,1.25,SSC,456,
1966-04-04 10:00,38,0.9,,427,
1966-04-06 21:00,70,1.25,,471,
1966-04-13 02:00,27,0.93,,340,
1966-04-14 08:54,29,0.78,SSC,,
1966-04-16 02:00,61,0.58,,399,
1966-04-21 19:54,58,1.47,SSC,539,
1966-04-27 16:00,36,0.72,,361,
1966-04-29 14:00,43,1.23,,392,
1966-05-02 03:00,29,0.72,,,
1966-05-03 20:00,34,0.95,,,
1966-05-06 21:00,32,0.84,,,
1966-05-08 09:54,36,0.71,SSC,,
1966-05-10 12:00,60,1.05,,354,
1966-05-19 01:00,65,0.77,,395,
1966-05-25 23:30,21,2.06,SSC,,
1966-05-26 23:00,28,1.85,,,
1966-05-28 15:00,41,0.98,,432,
1966-05-31 03:42,30,3.72,SSC,,
1966-06-07 05:00,47,0.86,,415,
1966-06-10 13:00,22,0.57,,334,
1966-06-12 01:00,55,0.93,,413,
1966-06-15 00:00,36,0.54,,398,
1966-06-17 08:00,46,1.12,,350,
1966-06-19 17:00,67,0.85,,423,
1966-06-23 09:00,41,2.04,,,
1966-06-27 19:00,25,0.7,,,
1966-06-28 23:00,37,1.27,,,
1966-07-04 05:00,21,0.6,,,10.2
1966-07-07 00:00,36,,,405,15.3
1966-07-08 21:00,36,3.08,SSC,622,17.9
1966-07-11 15:42,66,1.49,SSC,596,8.1
1966-07-15 15:00,46,0.61,SSC,467,9.4
1966-07-20 04:00,48,0.75,,434,10.4
1966-07-22 16:00,69,0.9,,574,10.6
1966-07-27 06:00,49,1.32,SSC,527,11.2
1966-08-01 00:00,38,1,SSC,,11.3
1966-08-03 08:00,36,2.04,,474,8.3
1966-08-08 09:00,30,0.71,,402,8.7
1966-08-09 19:00,72,1.15,,504,
1966-08-13 20:00,49,0.9,,441,6.9
1966-08-18 06:00,54,0.9,,340,10.6
1966-08-22 15:00,38,1.78,,587,14.8
1966-08-29 13:12,19,1.72,SSC,409,10.2
1966-08-30 11:12,29,7.39,SSC,672,21.2
1966-09-01 07:00,32,1.14,,650,6.6
1966-09-02 18:00,47,4.87,,582,29.5
1966-09-05 09:00,36,1.14,,503,9.6
1966-09-08 16:00,57,0.89,,638,8
1966-09-13 09:00,27,0.7,,327,5
1966-09-14 15:06,63,3.99,SSC,510,15.6
1966-09-19 02:48,61,1.42,SSC,551,11.8
1966-09-23 08:54,34,5.64,SSC,489,16.6
1966-09-27 17:00,51,0.85,,620,11.2
1966-10-01 22:00,36,0.97,,419,7
1966-10-04 05:00,77,1.38,,616,24.2
1966-10-12 07:00,52,0.98,,486,9.3
1966-10-15 09:54,40,3,SSC,,16.2
1966-10-23 16:00,37,1.83,,480,16.1
1966-10-26 00:00,38,3.02,,656,9.3
1966-10-30 12:00,32,1.16,,526,11.9
1966-11-01 02:00,80,1.39,,639,9.6
1966-11-08 01:00,36,0.67,,423,8.1
1966-11-10 00:00,37,0.76,,469,9.8
1966-11-12 19:00,37,0.87,,483,8.5
1966-11-17 00:12,15,0.82,SSC,385,13.8
1966-11-17 17:18,41,2.53,SSC,403,18.5
1966-11-19 19:00,61,1.25,,446,10.9
1966-11-25 12:00,36,0.76,,450,13.4
1966-11-28 13:36,32,0.58,SSC,555,10.7
1966-11-30 03:00,61,1.36,,498,13.5
1966-12-03 21:00,71,0.83,,591,14
1966-12-10 12:00,31,0.65,,415,8
1966-12-13 01:00,49,5.52,,558,22.1
1966-12-15 16:00,32,1.18,,500,7.1
1966-12-17 21:00,78,2.29,,404,9.7
1966-12-22 04:36,34,1.09,SSC,,5.5
1966-12-23 22:00,27,1.1,,534,10
1966-12-25 05:00,41,1.05,,605,9.9
1966-12-27 08:00,42,1.33,,637,7.9
1966-12-31 07:00,25,3.96,,397,7.6
1967-01-01 12:00,37,1.15,,445,12.1
1967-01-06 07:12,22,1.66,SSC,370,13.8
1967-01-07 08:00,36,4.24,SSC,461,31.3
1967-01-09 06:00,35,1.22,,,14.3
1967-01-11 01:00,36,1.15,,489,5.1
1967-01-13 02:00,9,0.84,,365,10.4
1967-01-13 12:00,48,4.75,SSC,487,37.3
1967-01-17 02:00,93,0.93,,398,9
1967-01-23 00:24,36,1.05,SSC,395,10.8
1967-01-25 00:00,25,0.61,SSC,376,9.8
1967-01-27 07:00,50,0.93,,440,10.2
1967-01-31 17:00,45,1.4,,378,7.8
1967-02-03 10:00,41,1.86,,456,14.4
1967-02-05 12:00,38,2.64,,482,13
1967-02-07 16:36,36,3.67,SSC,648,20.6
1967-02-10 21:00,62,1.04,,522,7
1967-02-15 23:48,8,2.82,SSC,508,26.8
1967-02-16 08:30,36,2.78,SSC,684,30.8
1967-02-19 12:00,61,1.18,,437,7.7
1967-02-22 19:00,34,0.92,,470,14.4
1967-02-25 00:00,46,1.07,,536,10.4
1967-02-28 15:00,49,0.64,,391,5.7
1967-03-03 06:00,56,1.6,,401,11.6
1967-03-07 07:00,36,0.39,,397,9.5
1967-03-09 07:00,51,1.38,,443,11.2
1967-03-13 04:00,36,0.63,,350,9.2
1967-03-16 14:00,47,1.49,,322,11.2
1967-03-19 01:00,79,1.25,,529,12
1967-03-23 10:00,43,0.69,,373,7.3
1967-03-26 18:00,51,2.07,,492,11.6
1967-03-30 08:54,27,0.47,SSC,,4.8
1967-04-01 08:06,41,2.31,SSC,429,6.6
1967-04-04 03:00,60,1.64,SSC,573,7.2
1967-04-10 03:00,46,0.87,,367,8.1
1967-04-14 06:00,36,0.81,,308,9.4
1967-04-17 01:00,48,1.27,,374,8.5
1967-04-19 14:00,50,0.37,,503,
1967-04-22 06:00,55,1.48,,684,22.5
1967-04-29 15:00,41,1.9,,372,12.2
1967-05-01 19:06,44,4.93,SSC,523,20.7
1967-05-04 02:00,22,0.68,,461,
1967-05-07 01:00,72,2.32,SSC,446,8.1
1967-05-11 00:00,56,0.85,,475,9.2
1967-05-14 01:00,34,0.57,,436,8.7
1967-05-17 01:00,46,0.51,,474,7.5
1967-05-23 16:00,22,0.5,,365,
1967-05-24 17:24,17,2.1,SSC,475,
1967-05-25 12:36,36,9.5,SSC,752,10.2
1967-05-27 20:00,45,1.88,,648,9
1967-05-30 14:24,36,2.3,SSC,645,9.9
1967-06-04 10:00,29,0.46,,425,7.5
1967-06-05 19:12,39,4.54,SSC,553,
1967-06-08 09:00,59,0.71,,551,8.8
1967-06-11 15:00,21,0.58,,434,6.3
1967-06-14 09:00,36,1.22,,472,
1967-06-16 21:00,78,0.64,,503,7.6
1967-06-21 05:00,37,0.42,,350,6.7
1967-06-23 02:00,35,0.48,,343,2.6
1967-06-25 02:24,31,1.89,SSC,424,14.3
1967-06-26 14:54,54,4.19,SSC,495,12.1
1967-06-30 04:00,76,1.33,,512,11.4
1967-07-04 09:00,29,0.74,,370,8.3
1967-07-09 14:00,66,0.86,,728,9.9
1967-07-13 20:00,72,1.2,,576,6.8
1967-07-17 20:00,36,1.48,,464,11.5
1967-07-22 02:00,29,0.42,,363,6.2
1967-07-23 11:00,38,1.16,,534,11
1967-07-25 16:00,30,0.96,,456,7.6
1967-07-28 09:00,34,3.24,,536,12.8
1967-07-30 03:00,70,2.4,,453,12.4
1967-08-04 07:00,50,1.17,SSC,392,7.7
1967-08-08 05:00,41,0.52,,394,7.5
1967-08-11 05:54,36,1.4,SSC,676,14.8
1967-08-15 07:00,30,0.54,,466,7.9
1967-08-16 18:00,62,1.82,,662,12.1
1967-08-22 22:00,42,0.83,,404,7.7
1967-08-24 16:00,42,1.06,,476,14.2
1967-08-29 17:36,45,0.6,SSC,503,8.1
1967-09-01 06:00,37,1.13,,554,10.8
1967-09-06 14:00,80,1.02,,427,13.6
1967-09-11 03:00,25,0.67,,356,9.6
1967-09-13 03:42,36,1.29,SSC,573,24.7
1967-09-17 17:00,41,1.59,,571,8.8
1967-09-19 20:00,59,4.14,SSC,822,20.6
1967-09-24 14:00,36,1,,447,6.1
1967-09-27 12:00,14,0.34,,385,9.1
1967-09-28 04:12,51,0.78,SSC,673,14.6
1967-10-03 01:00,19,0.39,,394,6.5
1967-10-03 23:00,36,0.75,,530,8
1967-10-07 08:00,19,0.82,,360,6.9
1967-10-08 06:12,61,1.66,SSC,652,13.6
1967-10-11 20:00,40,0.78,,653,7.6
1967-10-14 23:00,39,1.16,,576,9
1967-10-17 11:00,43,0.77,,561,9.4
1967-10-20 10:00,36,0.47,,441,8.1
1967-10-22 10:00,79,0.66,,431,11.1
1967-10-26 20:00,37,2.32,,468,13.4
1967-10-28 16:36,18,1.27,SSC,675,16.9
1967-10-29 13:00,36,3.19,,574,15.2
1967-10-31 12:00,55,0.95,,504,9.8
1967-11-03 10:00,32,0.82,,483,13.3
1967-11-07 07:00,32,0.69,,489,12.2
1967-11-09 01:00,35,0.46,,610,14.8
1967-11-11 17:00,58,1.02,,637,10.9
1967-11-15 15:00,61,0.83,,522,7.1
1967-11-20 21:00,20,0.35,,316,8.7
1967-11-21 22:00,71,3.19,,526,10.5
1967-11-27 08:00,36,0.79,,431,10.7
1967-11-29 05:12,77,1.74,SSC,501,14.9
1967-12-05 06:00,30,0.48,,585,12.1
1967-12-06 16:00,36,0.7,,772,12.1
1967-12-12 10:00,36,0.52,,477,6.5
1967-12-15 02:12,58,3.01,SSC,436,15.7
1967-12-18 05:36,48,1.92,SSC,623,10.3
1967-12-20 19:00,30,1.53,,673,7.5
1967-12-22 06:00,74,1.62,,576,7.4
1967-12-27 11:00,36,1.18,,453,10.4
1967-12-29 22:24,58,3.18,SSC,502,16.6
1968-01-02 02:21,42,1.27,SSC,466,15.2
1968-01-05 07:00,70,0.73,,598,14.2
1968-01-11 12:51,76,3.21,SSC,463,15.3
1968-01-16 15:00,46,0.85,,480,10.5
1968-01-19 13:00,67,0.89,,610,11.1
1968-01-26 14:41,42,4.39,SSC,492,16.1
1968-01-28 20:00,55,0.75,,430,8.7
1968-02-01 03:00,54,3.95,,635,12.1
1968-02-04 01:00,36,1.68,SSC,611,9
1968-02-07 17:13,48,0.77,SSC,548,14.4
1968-02-10 16:21,30,2.92,SSC,496,16.1
1968-02-13 04:00,30,1.28,,514,13.4
1968-02-15 03:00,49,1.19,,653,15
1968-02-17 19:00,38,1.66,,693,12.5
1968-02-20 07:03,78,1.88,SSC,708,9.9
1968-02-26 17:00,41,0.89,,335,16.1
1968-02-28 19:00,28,1.02,,489,15
1968-03-04 14:00,37,1.59,,433,10.5
1968-03-09 23:40,78,3.58,SSC,411,10.1
1968-03-14 07:37,80,1.3,SSC,715,15
1968-03-18 18:00,63,0.91,,643,7.5
1968-03-23 18:00,47,1.46,,568,11.6
1968-03-30 01:00,39,0.71,,623,9.6
1968-03-31 16:00,21,0.58,,677,7.2
1968-04-03 16:00,42,1.6,,482,7
1968-04-05 13:28,47,3.15,SSC,700,23.6
1968-04-11 11:00,31,0.48,,401,16.4
1968-04-13 12:00,22,0.56,,588,8.2
1968-04-21 03:00,65,1.02,,431,8.8
1968-04-25 11:00,45,1.76,,574,13.3
1968-04-29 21:00,30,0.52,,511,9.3
1968-05-01 22:00,39,0.98,,625,10.1
1968-05-06 05:00,18,0.26,,372,5.8
1968-05-07 00:30,36,3.9,SSC,547,
1968-05-09 03:00,43,1.58,,363,16.7
1968-05-11 17:00,51,0.61,,650,14.2
1968-05-15 10:00,42,0.87,,541,7.4
1968-05-17 14:00,58,0.67,,568,9
1968-05-20 17:00,45,2.37,,623,9.3
1968-05-23 10:00,50,0.54,,551,7.2
1968-05-27 19:00,63,2.1,,394,12.7
1968-05-31 06:00,74,0.83,,557,10.2
1968-06-07 05:00,62,2.71,,513,11
1968-06-10 21:54,36,6.33,SSC,791,19.8
1968-06-13 17:00,36,0.67,,499,8.7
1968-06-16 01:00,25,0.51,,527,20.3
1968-06-17 05:00,36,2.43,,648,13.5
1968-06-20 16:00,55,1.17,,463,9
1968-06-25 16:18,20,0.88,SSC,445,13
1968-06-26 12:00,64,1,,550,14
1968-06-29 19:00,42,0.85,,526,10
1968-07-03 06:00,37,0.85,,542,7.4
1968-07-09 21:55,63,5.91,SSC,400,13.4
1968-07-13 16:12,36,2.33,SSC,,6.9
1968-07-22 03:00,36,0.53,,489,10
1968-07-25 14:00,47,0.65,,535,9.4
1968-07-29 09:00,41,0.76,,455,5.7
1968-08-03 03:00,45,1.93,,416,11.1
1968-08-05 19:00,73,2.85,,551,12.4
1968-08-13 18:00,53,3.07,,626,10.6
1968-08-16 13:00,37,1.04,,,8.4
1968-08-23 17:14,65,1.1,SSC,579,12.4
1968-08-27 23:00,35,0.52,,369,5
1968-08-31 06:00,41,0.97,,374,14.9
1968-09-02 08:26,12,0.59,SSC,487,9.5
1968-09-02 22:57,42,3.67,SSC,648,13.4
1968-09-06 14:38,45,3.09,SSC,586,16
1968-09-08 23:00,36,0.64,,454,8.1
1968-09-11 20:00,71,1.22,,447,11.1
1968-09-22 15:00,36,1.27,,594,6.8
1968-09-28 09:00,49,1.8,,375,7.3
1968-09-30 23:45,22,2.94,SSC,,14.8
1968-10-02 00:18,39,3.49,SSC,682,16.5
1968-10-06 06:28,53,1.72,SSC,527,8.2
1968-10-11 15:00,43,0.81,,390,14.4
1968-10-16 13:00,80,2.35,,,10.6
1968-10-23 08:00,46,2.67,,,12.1
1968-10-26 18:33,36,1.64,SSC,476,13.3
1968-10-28 21:32,8,1.89,SSC,,10.6
1968-10-29 06:46,1,0,SSC,,11.5
1968-10-29 09:09,36,9.44,SSC,688,25.9
1968-10-31 08:59,21,4.47,SSC,754,22.3
1968-11-01 09:16,49,5.32,SSC,951,23.1
1968-11-04 06:00,40,1.43,,842,7.6
1968-11-06 07:00,33,1.36,,,10.3
1968-11-09 07:00,45,0.5,,555,8.5
1968-11-11 15:00,30,0.8,,340,4.3
1968-11-13 02:00,60,1.19,,424,12
1968-11-16 09:15,57,5.9,SSC,555,19.6
1968-11-20 09:04,36,2.51,SSC,,20.8
1968-11-24 15:57,28,3.81,SSC,,11.4
1968-12-01 05:00,71,1.6,,,11.4
1968-12-05 06:33,35,4.89,SSC,,10
1968-12-10 11:00,25,1.22,,,6.1
1968-12-11 15:09,36,0.75,SSC,510,10.7
1968-12-14 12:00,36,0.77,,471,9.9
1968-12-18 11:00,28,0.68,,497,10.2
1968-12-21 07:00,67,0.91,,590,8
1968-12-24 23:00,33,1.74,,547,12.7
1968-12-26 14:00,32,0.69,,475,12.3
1968-12-29 19:00,30,1.14,,432,10.1
1968-12-31 06:00,43,0.73,,498,7.2
1969-01-03 10:00,48,1.23,,395,6.4
1969-01-07 03:23,34,0.92,SSC,520,13.8
1969-01-11 11:00,53,0.77,,389,8.2
1969-01-14 06:00,36,2.07,,459,9.5
1969-01-16 10:00,36,1.27,,651,11.2
1969-01-23 03:00,38,1.44,,465,13.9
1969-01-25 00:36,49,3.59,SSC,724,16.8
1969-01-30 10:00,45,1.06,,416,8.8
1969-02-02 15:02,36,2.99,SSC,668,30.3
1969-02-04 16:00,36,0.78,,526,9.1
1969-02-10 20:24,38,2.89,SSC,566,15.1
1969-02-12 18:00,80,0.52,,498,9.1
1969-02-19 04:00,52,1,,539,10
1969-02-22 11:00,55,0.68,,538,9.3
1969-02-26 01:58,23,1.36,SSC,506,11
1969-02-27 04:00,21,1.94,,733,
1969-02-28 04:23,36,2.83,SSC,616,8.4
1969-03-04 18:21,25,1.25,SSC,431,16.2
1969-03-05 19:00,48,0.74,,510,9.8
1969-03-07 19:00,28,0.57,,546,9.6
1969-03-09 22:00,69,2.29,,522,8.4
1969-03-14 23:00,41,0.9,,434,8.6
1969-03-17 00:30,25,3.28,SSC,481,14.7
1969-03-18 05:00,33,1.04,,495,7
1969-03-19 19:58,30,3.29,SSC,516,15.3
1969-03-23 10:12,7,0.31,SSC,404,
1969-03-23 18:26,33,9.21,SSC,543,25.3
1969-03-25 09:00,36,2.53,,730,17.3
1969-03-29 08:00,32,2.02,,572,9.4
1969-03-30 21:19,38,,SSC,545,4.8
1969-04-01 16:00,48,0.74,,604,10.9
1969-04-07 04:00,44,0.65,,442,7.4
1969-04-09 14:00,57,1.13,,399,11.7
1969-04-12 20:46,36,6.75,SSC,584,13.6
1969-04-16 11:00,43,1.36,,497,9.2
1969-04-22 03:00,36,2.78,,457,12.2
1969-04-24 06:00,38,0.63,,,
1969-04-27 01:00,16,1.33,,451,
1969-04-27 18:31,7,0.66,SSC,450,
1969-04-28 02:52,32,5.39,SSC,530,
1969-04-30 07:00,43,0.94,,449,
1969-05-02 13:22,32,1.7,SSC,701,
1969-05-04 03:00,78,0.88,,408,6.8
1969-05-08 13:00,54,1.63,,,10.8
1969-05-12 22:00,37,0.81,,,12.9
1969-05-14 19:29,36,8.74,SSC,639,18.5
1969-05-17 20:59,27,0.96,SI,,11.1
1969-05-23 02:00,76,0.92,,535,9.6
1969-05-28 06:00,33,2.11,,340,
1969-05-29 21:00,50,0.46,,393,
1969-06-05 09:00,53,0.77,,294,8
1969-06-08 05:09,54,5.73,SSC,421,18.2
1969-06-11 18:00,36,0.8,,391,9.8
1969-06-14 12:00,35,1.5,,487,10.4
1969-06-16 06:22,28,1.67,SSC,542,10
1969-06-18 10:00,56,1.42,,550,6.7
1969-06-23 09:00,57,0.94,,392,8.4
1969-06-30 22:58,36,0.6,SSC,473,11.9
1969-07-03 06:00,22,0.46,,337,3.7
1969-07-07 01:00,65,1.29,,378,10.4
1969-07-12 15:00,63,1.53,,364,11.3
1969-07-20 11:36,54,1.35,SSC,393,10.7
1969-07-26 11:53,36,2.91,SSC,511,18.9
1969-07-30 15:00,36,0.66,,451,11.1
1969-08-03 02:00,36,1.36,,501,12
1969-08-08 16:00,41,0.98,,529,9.3
1969-08-11 14:00,69,0.95,,582,11.5
1969-08-15 08:00,36,0.86,,424,8.5
1969-08-18 07:00,67,0.9,,486,7.6
1969-08-22 19:00,62,1.2,,503,12.6
1969-08-26 04:35,40,1.19,SSC,425,17.7
1969-08-29 04:00,36,0.46,,403,5.4
1969-09-01 06:00,63,1.06,,331,7.3
1969-09-05 13:00,36,1.96,,446,15.2
1969-09-08 08:00,30,0.36,,518,8
1969-09-14 15:18,36,1.55,SSC,372,
1969-09-16 21:00,56,1.44,,603,14.3
1969-09-24 06:00,43,0.61,,509,9.5
1969-09-27 21:25,28,4.7,SSC,566,23.9
1969-09-29 04:53,32,5.81,SSC,701,9.1
1969-10-02 09:00,32,1.51,,,8
1969-10-09 16:39,53,0.77,SSC,390,10.3
1969-10-12 19:00,47,0.55,,391,5.8
1969-10-17 05:00,34,0.99,,341,8.2
1969-10-18 20:29,36,0.87,SSC,500,11.2
1969-10-21 01:00,36,0.79,,511,8.9
1969-10-24 01:41,41,2.74,SSC,494,9.1
1969-10-26 05:00,58,0.77,,404,7
1969-11-01 15:00,66,1.68,,458,9.1
1969-11-05 05:00,34,0.75,,400,4
1969-11-06 22:00,29,0.8,,404,11.1
1969-11-08 18:37,38,6.29,SSC,647,16.9
1969-11-16 21:00,36,1.05,,359,8.4
1969-11-22 02:54,48,3.09,SSC,395,11.1
1969-11-26 15:07,36,2.38,SSC,558,14.5
1969-11-29 04:00,42,0.35,,641,7.1
1969-12-02 06:00,55,2.16,,372,12.4
1969-12-05 04:00,76,1.93,,615,11.2
1969-12-11 12:15,37,0.91,SI,430,10.9
1969-12-14 04:00,36,1.31,,391,8.7
1969-12-19 20:00,48,1.53,,336,10.4
1969-12-22 09:00,65,0.98,,481,9
1969-12-26 12:00,24,0.33,,622,6.6
1969-12-30 12:00,35,0.83,,335,4.9
1970-01-01 07:00,47,3.53,,643,16.8
1970-01-05 06:07,59,0.96,SSC,452,8.2
1970-01-08 10:00,36,0.47,,459,10.1
1970-01-11 22:00,36,0.42,,326,6.5
1970-01-14 20:28,36,1.46,SSC,387,11.2
1970-01-16 17:00,44,0.8,,402,8.9
1970-01-19 20:00,39,1.05,,475,9.3
1970-01-23 14:00,49,0.4,,450,5
1970-01-28 13:00,27,2.8,,357,11.8
1970-01-29 18:39,36,1.08,SSC,474,16.4
1970-02-01 12:23,51,1.75,SI,600,10.7
1970-02-08 09:00,76,0.92,,336,6
1970-02-12 16:00,74,1.95,,455,11.7
1970-02-17 15:00,76,0.58,,545,6.8
1970-02-23 20:13,38,1.95,SSC,543,12.3
1970-02-26 14:00,25,0.71,,369,9.1
1970-02-27 18:00,56,1.12,,532,8.5
1970-03-04 01:00,27,1.44,,563,5.3
1970-03-05 08:05,44,1.26,SSC,496,
1970-03-07 15:00,20,2.58,,535,11.7
1970-03-08 14:17,36,4.1,SSC,825,36.4
1970-03-16 23:00,73,2.12,,455,10.1
1970-03-22 11:00,30,0.59,,351,7.9
1970-03-24 03:00,42,1.28,,338,
1970-03-27 06:57,44,3.09,SSC,498,20.5
1970-03-30 01:00,25,0.76,,462,5.9
1970-03-31 05:29,78,3.87,SSC,574,16
1970-04-03 18:00,34,1.03,,474,6.9
1970-04-05 11:00,36,0.81,,641,11.9
1970-04-09 07:00,45,3.21,,743,5.9
1970-04-15 10:00,55,2.21,,528,30.6
1970-04-18 08:23,36,0.68,SSC,438,13.7
1970-04-20 11:22,42,2.93,SSC,530,22.2
1970-04-30 05:00,34,0.73,,473,9.6
1970-05-01 19:00,68,2.3,,566,10.2
1970-05-05 20:00,28,0.74,,527,6.5
1970-05-07 04:00,43,1.72,,669,3.9
1970-05-12 01:00,39,0.89,,424,10.6
1970-05-14 22:00,71,2.04,,419,9
1970-05-20 04:00,30,1.24,,430,6.2
1970-05-24 07:00,55,0.83,,450,7.9
1970-05-27 05:14,51,2.74,SSC,426,20.1
1970-06-01 03:05,20,2.06,SSC,552,14
1970-06-02 02:09,62,2.58,SSC,707,10.9
1970-06-07 10:00,61,1.03,,429,11.7
1970-06-14 22:00,43,0.66,,451,10.2
1970-06-17 07:50,80,5.03,SSC,467,13.3
1970-06-23 12:00,36,1.53,,324,8.9
1970-06-26 10:00,18,0.59,,431,8.3
1970-06-27 06:05,36,2.65,SSC,691,4.1
1970-07-01 13:02,32,3.52,SSC,506,12.4
1970-07-03 03:34,17,0.51,SSC,481,5.8
1970-07-03 22:51,24,0.69,SSC,667,15.3
1970-07-05 02:12,41,0.57,SSC,557,9.7
1970-07-08 23:17,49,2.34,SSC,502,21.2
1970-07-13 18:00,36,0.45,,489,6.4
1970-07-16 19:00,36,0.99,,368,8.1
1970-07-21 07:34,35,1.36,SSC,632,
1970-07-23 03:00,28,1.84,,568,11.9
1970-07-24 11:25,10,2.67,SSC,460,12.7
1970-07-24 23:50,36,5.28,SSC,879,21.9
1970-07-29 00:43,32,0.98,SSC,617,12.9
1970-08-03 02:00,24,0.52,,449,8.7
1970-08-06 15:00,41,0.58,,496,13.9
1970-08-08 18:00,32,0.78,,595,4.9
1970-08-12 14:00,62,0.75,,445,6.5
1970-08-15 21:40,21,1.02,SSC,396,7.2
1970-08-16 22:04,36,7,SSC,601,34.8
1970-08-18 19:00,36,0.87,,592,7.5
1970-08-20 20:00,42,0.75,,401,7.2
1970-08-24 20:00,50,0.7,,458,7.4
1970-08-31 03:34,67,1.31,SSC,551,10.8
1970-09-03 19:00,36,0.5,,662,9.8
1970-09-07 21:00,66,1.62,,499,8.6
1970-09-13 05:00,67,2.44,,561,13.1
1970-09-19 04:00,67,0.5,,540,8.6
1970-09-27 04:00,36,0.78,,483,9.6
1970-09-29 03:00,50,1.31,,477,13.5
1970-10-01 22:00,71,1.42,,728,10
1970-10-10 03:00,36,0.54,,329,8.3
1970-10-11 23:00,49,1.7,,447,13.5
1970-10-15 03:00,27,0.37,,313,4.7
1970-10-16 09:17,35,4.58,SSC,495,19.9
1970-10-18 03:00,36,0.62,,444,9.8
1970-10-21 22:00,47,1.38,,333,15.8
1970-10-27 16:00,54,1.91,,522,8.3
1970-10-31 16:00,39,0.7,,525,3.9
1970-11-06 01:00,21,0.39,,385,9
1970-11-07 00:46,36,6.81,SSC,627,5.1
1970-11-10 09:00,43,0.68,,641,7.6
1970-11-15 19:00,42,1.16,,339,7.8
1970-11-18 12:25,52,4.22,SSC,437,21
1970-11-21 06:22,36,2.46,SSC,482,16.6
1970-11-23 10:00,36,0.87,,479,13.1
1970-11-26 12:00,29,0.44,,583,5.1
1970-12-02 14:38,36,0.69,SSC,358,12.9
1970-12-04 10:54,49,1.88,SI,376,8.7
1970-12-07 01:00,38,2.92,,524,13.5
1970-12-09 12:00,31,0.35,,593,4.2
1970-12-14 01:54,36,5.78,SSC,649,4.2
1970-12-18 21:44,52,0.97,SSC,372,9.9
1970-12-22 15:00,75,0.73,,369,8.5
1970-12-29 15:30,64,2,SSC,513,13.1
1971-01-02 03:00,51,0.57,,664,8.1
1971-01-10 16:00,29,0.45,,365,8.4
1971-01-13 10:00,40,2.61,,404,18.2
1971-01-15 17:00,50,1.53,,356,6.9
1971-01-18 09:00,32,2.15,SSC,713,20
1971-01-19 22:00,36,2.15,,768,9.3
1971-01-24 19:30,32,0.84,SSC,463,
1971-01-27 04:30,28,2.79,SSC,577,19.1
1971-01-28 17:00,36,4.77,,455,8
1971-01-31 17:00,63,0.76,,657,10.5
1971-02-05 03:00,52,1.38,,359,9.4
1971-02-07 22:00,20,1.07,,458,
1971-02-08 20:36,36,1.84,SSC,499,8.8
1971-02-11 01:00,24,0.45,,405,10.7
1971-02-14 07:00,65,1.48,,657,14.4
1971-02-19 07:00,50,0.8,,443,5.8
1971-02-23 05:14,30,1.87,SSC,367,11.7
1971-02-25 06:00,32,1.66,,670,17.5
1971-02-28 03:00,29,0.63,,498,5.2
1971-03-07 16:00,74,2.38,,478,8.7
1971-03-12 21:00,53,1.45,,677,8.4
1971-03-19 11:50,36,1.78,SSC,456,7
1971-03-23 01:00,39,1.98,,501,11.6
1971-03-25 01:00,55,1.05,,559,7.3
1971-03-30 12:00,49,0.66,,536,11.4
1971-04-03 21:39,17,0.93,SSC,490,17.7
1971-04-04 17:00,36,1.05,,524,12.9
1971-04-08 02:00,23,0.19,,377,5.1
1971-04-09 04:28,36,1.66,SSC,609,20.1
1971-04-11 10:00,36,0.61,,614,7.5
1971-04-14 12:43,36,4.73,SSC,508,18.2
1971-04-18 12:00,55,1.04,,437,6.4
1971-04-21 10:00,29,1,,405,12.3
1971-04-23 02:00,59,1.06,,514,11
1971-04-26 12:00,40,0.54,,413,6.7
1971-04-28 13:06,36,0.78,SSC,454,13.8
1971-05-01 09:00,36,0.94,,423,11.3
1971-05-05 12:00,52,1.15,,678,13.4
1971-05-12 03:00,44,1.44,,383,6.4
1971-05-14 10:00,54,1.82,,393,11.5
1971-05-17 07:00,36,2.83,,517,19.8
1971-05-20 21:00,33,0.77,,405,6.8
1971-05-24 05:00,79,0.54,,491,7.3
1971-05-29 06:00,23,0.94,,362,16.5
1971-05-30 07:36,36,0.74,SSC,570,19.1
1971-06-01 08:00,78,1.96,,673,11.4
1971-06-08 03:00,36,0.47,,482,6.5
1971-06-10 06:00,36,0.45,,437,7.3
1971-06-13 13:25,38,0.83,SSC,350,6.3
1971-06-15 18:00,58,1.38,,430,10.8
1971-06-22 23:03,47,1.34,SSC,369,11.3
1971-06-25 10:00,36,0.93,,591,18.7
1971-06-28 20:00,62,2.18,,583,12.4
1971-07-05 18:13,36,0.87,SSC,498,6.9
1971-07-08 17:28,36,0.45,SSC,475,10.8
1971-07-12 16:00,36,1.18,,518,15
1971-07-18 03:00,53,2.28,,434,10
1971-07-21 05:22,30,1.03,SSC,458,12.6
1971-07-26 16:00,49,1.28,,510,14.1
1971-07-29 20:00,42,0.73,,,9.7
1971-08-01 19:00,28,0.79,,,12.1
1971-08-04 01:00,55,0.65,,,9
1971-08-07 14:36,31,0.89,SSC,,9.3
1971-08-09 03:00,75,2.51,,,9.7
1971-08-17 20:43,63,0.84,SSC,,16.4
1971-08-23 03:00,72,1.62,,,11.7
1971-08-27 02:00,67,1.71,,,10.2
1971-08-30 23:03,41,2.32,SSC,,6
1971-09-04 16:46,3,0.05,SSC,,6.8
1971-09-04 19:09,42,1,SSC,,10.7
1971-09-06 22:00,38,1.82,,,8.4
1971-09-09 12:00,28,1,,,6.6
1971-09-13 05:00,44,1.44,,,7.1
1971-09-16 08:00,57,1,,,13.4
1971-09-24 14:31,35,1.59,SSC,,14.8
1971-09-26 09:00,49,1.92,,,15.4
1971-09-30 07:00,36,0.71,,,9.8
1971-10-05 22:45,34,3.34,SSC,,12.5
1971-10-07 16:02,22,0.4,SSC,,
1971-10-08 17:03,41,0.52,SSC,,8.3
1971-10-11 12:11,21,0.29,SSC,,8.4
1971-10-12 23:00,61,0.44,,,9.3
1971-10-22 14:00,65,1.1,,,15.8
1971-10-27 03:00,24,0.89,,,5.6
1971-10-28 06:00,36,2.1,,,23.5
1971-11-03 15:00,60,0.76,,,6.2
1971-11-06 21:00,60,0.63,,,9
1971-11-10 16:00,35,0.75,,,14
1971-11-13 03:00,73,0.6,,,4.7
1971-11-17 19:00,36,1.12,,,
1971-11-19 15:00,56,3.11,,,12.4
1971-11-22 16:00,42,2.17,,,6.5
1971-11-25 03:00,36,2.89,,,8.1
1971-12-02 16:00,31,0.4,,,7.4
1971-12-08 09:00,46,0.94,,,13.2
1971-12-12 22:00,34,1.47,,,8.1
1971-12-15 17:00,23,0.47,,,
1971-12-16 19:04,17,3.9,SSC,,7.7
1971-12-17 14:18,34,7.1,SSC,,32
1971-12-19 06:42,36,0.78,SSC,,10
1971-12-25 10:00,44,0.59,,,
1971-12-28 20:00,40,1.88,,505,16.3
1972-01-02 01:00,25,0.55,,449,8.8
1972-01-03 05:00,36,0.33,,504,7.5
1972-01-07 13:00,48,0.44,,430,5.6
1972-01-10 09:00,55,0.78,,398,9.5
1972-01-13 08:00,34,0.8,,363,6.8
1972-01-15 05:00,21,1.36,,394,13.6
1972-01-16 02:00,41,2.9,,603,17.1
1972-01-17 20:00,36,2.22,,650,9.5
1972-01-20 10:00,23,0.56,,454,6.5
1972-01-21 11:51,36,1.16,SSC,483,17.9
1972-01-25 11:00,65,0.67,,525,7
1972-01-29 05:00,48,0.45,,569,5.9
1972-02-01 10:10,66,0.85,SSC,414,8.9
1972-02-06 12:00,50,0.96,,378,9.5
1972-02-09 19:37,27,1.17,SSC,409,15.5
1972-02-11 02:00,45,0.52,,502,9.7
1972-02-13 09:40,32,2.6,SSC,632,12.1
1972-02-15 02:00,36,0.66,,589,6.3
1972-02-17 03:00,37,2.32,,435,9.5
1972-02-18 23:39,36,1.54,SSC,490,19
1972-02-24 06:42,36,2.17,SSC,522,19.4
1972-02-27 17:00,48,0.85,,394,8.4
1972-03-01 07:00,72,0.55,,420,11
1972-03-06 21:08,32,3.38,SSC,638,28.6
1972-03-08 10:00,76,1.56,,516,10.3
1972-03-15 19:00,34,0.82,,415,13.6
1972-03-21 16:00,25,0.51,,363,10.8
1972-03-22 20:00,51,0.77,,435,10.4
1972-03-26 13:00,13,0.77,,367,12.3
1972-03-27 02:00,47,1.79,,464,17.4
1972-03-29 01:00,42,1.18,,491,8.2
1972-04-01 02:00,43,0.67,,523,8.4
1972-04-03 20:00,53,2.45,,647,15
1972-04-10 03:00,41,0.52,,363,7.6
1972-04-12 05:00,37,0.46,,437,7.8
1972-04-16 23:00,47,1.74,,362,18.2
1972-04-20 10:50,34,0.85,SSC,398,10.8
1972-04-22 14:00,28,1.87,,395,10.7
1972-04-27 15:00,32,1.73,,355,12.8
1972-04-29 03:45,21,0.4,SSC,401,8.4
1972-04-30 22:00,27,0.36,,424,12.3
1972-05-02 05:18,49,1.66,SSC,552,11.7
1972-05-05 18:00,60,0.57,,518,7.6
1972-05-09 06:00,80,0.84,,434,9.9
1972-05-15 18:49,28,3.9,SSC,600,34.5
1972-05-17 02:27,56,0.53,SSC,465,6.3
1972-05-20 22:00,27,0.42,,355,6.3
1972-05-22 04:00,51,1.2,,352,10
1972-05-24 21:00,49,1.68,,336,11.5
1972-05-28 00:00,49,2.58,,595,12.6
1972-05-30 14:20,36,3.07,SSC,,12.6
1972-06-04 10:00,36,0.79,,,7.7
1972-06-06 14:45,36,0.61,SSC,,8.2
1972-06-09 23:00,68,0.43,,401,5.3
1972-06-14 16:00,43,0.93,,403,11
1972-06-17 06:29,6,0.54,SSC,,9.3
1972-06-17 13:12,36,7.23,SSC,,24
1972-06-22 09:00,44,1.32,,434,8.5
1972-06-26 22:00,47,0.96,,511,7.8
1972-07-01 01:00,49,0.38,,376,7.4
1972-07-03 15:00,32,0.47,,363,7.3
1972-07-06 14:00,36,0.66,,,10.1
1972-07-08 10:00,43,0.41,,371,9.5
1972-07-11 12:00,59,0.6,,335,7.1
1972-07-15 09:00,16,0.57,,,6.7
1972-07-16 03:00,36,0.37,,,8.7
1972-07-18 01:00,80,2.42,,,8.1
1972-07-22 17:00,41,0.75,,,14.4
1972-07-24 18:56,45,1.44,SSC,571,18.1
1972-07-28 15:00,44,1.5,,,5
1972-07-31 21:00,72,0.81,,,10.3
1972-08-04 01:19,1,0,SSC,,10.3
1972-08-04 02:20,17,8.33,SSC,,44.8
1972-08-04 20:54,62,25.3,SSC,,41
1972-08-08 13:41,9,0.23,SSC,,4.9
1972-08-08 23:54,1,0,SSC,,8
1972-08-09 00:37,36,4.04,SSC,,21.8
1972-08-14 06:00,55,0.52,,,11.1
1972-08-17 10:00,37,1.21,,,7.3
1972-08-19 07:00,68,1,,,15.9
1972-08-25 22:59,27,1.14,SSC,,10.9
1972-08-27 05:02,36,1.02,SSC,,13.8
1972-09-02 02:00,63,0.89,,,8
1972-09-05 13:00,80,1.27,,,13.8
1972-09-10 06:28,39,0.69,SSC,,10
1972-09-13 12:40,36,3.11,SSC,,34.7
1972-09-15 12:00,73,0.76,,,10.5
1972-09-22 04:00,70,0.98,,,13.9
1972-09-26 22:00,49,0.94,,,7.4
1972-09-29 11:38,35,0.56,SSC,,8.6
1972-10-01 07:00,32,1.44,,,8.6
1972-10-02 20:00,48,0.94,,,10.7
1972-10-07 10:24,36,0.7,SSC,337,12.9
1972-10-09 19:00,43,1.48,,432,9.9
1972-10-12 01:00,59,0.93,,455,10.8
1972-10-17 01:00,34,0.27,,337,7.2
1972-10-18 17:46,36,4.35,SSC,470,15
1972-10-25 07:00,80,1.47,,385,10.3
1972-10-29 17:00,39,1.74,,480,9.5
1972-10-31 16:54,22,9.6,SSC,748,29.9
1972-11-01 18:00,24,0.9,,632,21
1972-11-06 12:00,34,0.42,,440,7.8
1972-11-08 04:00,50,0.65,,,5.8
1972-11-11 07:00,36,0.59,,353,8.9
1972-11-14 18:00,53,1.03,,520,13.9
1972-11-18 15:00,23,0.26,,461,6.3
1972-11-19 17:00,45,1.29,,,9.5
1972-11-22 15:00,49,1.24,,424,11.5
1972-11-25 08:00,32,1.93,,503,8.6
1972-11-26 22:00,55,0.75,,482,9.1
1972-11-29 05:00,27,0.54,,416,8
1972-12-02 02:00,68,0.53,,286,9.5
1972-12-06 01:00,28,0.3,,293,8.8
1972-12-07 09:00,68,1.98,,406,22.1
1972-12-11 14:00,28,0.86,,339,8.7
1972-12-12 21:45,38,1.2,SSC,523,15.5
1972-12-15 10:00,73,1.72,,,12.4
1972-12-21 12:00,54,3.38,,496,17.2
1972-12-25 01:00,36,0.54,,428,7.4
1972-12-27 17:00,52,0.89,,,11.7
1972-12-30 11:00,45,0.66,,536,9.2
1973-01-03 21:18,33,0.98,SSC,438,14.4
1973-01-05 12:00,50,0.62,,563,11.5
1973-01-09 09:00,66,2,,749,13.5
1973-01-19 15:00,69,4.3,,524,17.9
1973-01-23 09:00,43,0.53,,530,14.5
1973-01-27 01:00,71,0.56,,753,11
1973-01-31 23:00,36,0.48,,454,9.1
1973-02-02 19:00,36,0.85,,477,11.7
1973-02-05 01:00,25,0.63,,492,8.2
1973-02-06 05:00,39,1.21,,564,11.1
1973-02-08 14:00,44,0.78,,659,7.6
1973-02-10 21:00,33,0.42,,553,7
1973-02-13 21:19,50,0.81,SSC,425,9.9
1973-02-16 13:12,56,2.86,SSC,429,13.3
1973-02-19 14:00,39,1.19,,422,10.1
1973-02-21 13:00,21,0.58,,570,12.7
1973-02-22 13:00,36,0.62,,740,13.7
1973-02-28 19:00,17,0.24,,542,
1973-03-01 14:00,49,0.77,,664,8.5
1973-03-04 21:00,29,0.78,,383,14.2
1973-03-06 04:00,76,1.42,,500,18.8
1973-03-09 11:00,34,0.59,,559,8.2
1973-03-11 03:00,42,0.42,,546,7
1973-03-16 06:25,36,1.57,SSC,389,12
1973-03-18 08:00,74,3.05,,786,21.8
1973-03-27 11:00,48,0.69,,606,7.4
1973-03-30 03:00,31,0.67,,465,8
1973-03-31 15:00,34,3.26,,479,27.1
1973-04-02 02:00,113,1.75,,637,14.5
1973-04-07 03:00,68,0.61,,382,8.4
1973-04-10 21:10,30,1.33,SSC,373,15.2
1973-04-12 07:05,19,0.46,SI,380,13.2
1973-04-13 04:38,19,2.84,SSC,500,22
1973-04-14 02:47,33,4.11,SSC,579,30.5
1973-04-15 18:00,49,2.24,,776,12.9
1973-04-24 10:00,37,0.69,,491,11.7
1973-04-26 07:00,38,1.86,,714,9.9
1973-04-28 10:00,53,1.07,,749,11.5
1973-05-01 17:33,36,1.08,SSC,696,8.6
1973-05-04 01:00,37,0.63,,496,6.8
1973-05-06 13:39,73,4.2,SSC,612,20.5
1973-05-12 07:00,30,0.86,,429,10
1973-05-13 17:00,43,4.16,,789,21.4
1973-05-16 03:00,32,0.86,,762,7.4
1973-05-21 02:52,35,3.2,SSC,747,14.2
1973-05-22 13:00,60,0.71,,649,6.3
1973-05-25 01:00,36,0.88,,412,7.4
1973-05-27 14:00,59,2.04,,500,12
1973-06-01 14:00,18,0.23,,363,16.1
1973-06-02 10:00,36,1.12,,707,22.5
1973-06-05 03:00,36,0.71,,697,6.3
1973-06-08 10:00,36,0.63,,405,13.3
1973-06-10 10:42,63,1.83,SSC,777,19.1
1973-06-16 23:00,78,1.09,,741,12.2
1973-06-23 07:00,46,1.17,,427,14.1
1973-06-28 03:00,19,0.36,,395,9.4
1973-06-28 22:00,99,1.81,,764,14.6
1973-07-07 22:00,13,0.28,,338,9.3
1973-07-08 13:00,51,2.68,,467,14.4
1973-07-11 16:00,25,0.64,,372,7.4
1973-07-15 01:00,36,0.68,,713,11.2
1973-07-17 22:00,72,0.65,,445,8.7
1973-07-22 22:00,35,0.37,,516,12.4
1973-07-24 17:00,26,0.21,,472,5.4
1973-07-25 22:00,12,0.26,,437,11
1973-07-26 12:00,71,2.57,,705,17.7
1973-07-31 05:46,36,2.66,SSC,,8.8
1973-08-02 12:49,14,0.21,SSC,,7.7
1973-08-03 05:00,36,1.14,,561,7.7
1973-08-05 16:00,33,0.44,,565,9.9
1973-08-07 07:00,54,0.89,,554,9.7
1973-08-12 21:00,64,0.58,,,14.6
1973-08-17 06:00,52,0.39,,339,5.4
1973-08-20 08:55,33,0.38,SI,471,9.6
1973-08-22 07:00,21,0.26,,601,10.9
1973-08-23 13:00,54,0.53,,697,15.1
1973-08-27 03:00,48,0.67,,,6.1
1973-09-01 09:00,71,1.84,,396,7.9
1973-09-08 16:00,62,3.02,,484,15.3
1973-09-12 09:00,47,1.62,,450,12.8
1973-09-15 08:00,72,0.97,,578,10.5
1973-09-20 18:00,43,0.65,,,8.9
1973-09-23 04:00,46,0.96,,698,10.8
1973-09-25 18:00,36,1.86,,515,15.4
1973-09-28 12:00,30,0.52,,370,4.2
1973-10-01 09:00,56,2.62,,301,15.3
1973-10-05 08:00,50,0.56,,409,6.7
1973-10-08 09:00,30,0.6,,346,8
1973-10-09 20:00,47,1.36,,695,5.9
1973-10-16 05:20,36,0.69,SSC,,8.3
1973-10-18 10:00,30,0.98,,534,9.7
1973-10-19 20:00,30,1.03,,549,8.6
1973-10-21 06:00,40,0.56,,678,9.1
1973-10-24 06:00,58,0.55,,381,8.3
1973-10-28 07:33,48,2.31,SI,,14.3
1973-10-30 20:00,50,1.68,,527,7.8
1973-11-04 12:00,37,1.38,,584,14.5
1973-11-12 21:00,36,0.44,,486,10.4
1973-11-16 09:00,77,0.99,,597,9.9
1973-11-20 23:00,40,1.12,,405,15.6
1973-11-23 03:00,30,0.41,,424,12.7
1973-11-24 12:00,36,1.68,,721,18.2
1973-11-29 16:00,55,0.45,,368,5.8
1973-12-02 21:00,35,0.66,,307,10.5
1973-12-04 15:00,50,0.91,,465,20.4
1973-12-06 23:00,38,0.64,,552,9.4
1973-12-09 06:00,29,0.36,,576,7
1973-12-11 16:00,38,0.67,,444,8.7
1973-12-14 14:00,36,0.69,,456,9.7
1973-12-19 03:00,22,0.5,,468,15.2
1973-12-20 15:00,58,1.91,,693,11.2
1973-12-25 07:00,78,0.72,,444,11.3
1973-12-31 02:00,30,0.45,,671,7
1974-01-03 07:00,42,0.58,,580,7.6
1974-01-05 13:00,37,0.46,,602,7.6
1974-01-08 08:00,27,0.52,,376,12.4
1974-01-09 14:00,45,0.67,,514,12
1974-01-13 04:00,36,0.26,,406,7.6
1974-01-15 14:00,56,1.53,,687,14.7
1974-01-18 15:00,25,0.66,,666,9.2
1974-01-19 19:00,62,0.53,,641,7.1
1974-01-23 18:00,27,0.31,,343,4.4
1974-01-25 00:00,68,2.53,,794,25.3
1974-01-28 17:00,36,0.62,,698,7.5
1974-01-30 19:00,27,0.3,,644,6
1974-02-06 01:00,60,1.69,,458,7.7
1974-02-10 07:00,69,0.9,,734,15.4
1974-02-14 06:00,36,0.34,,617,7.9
1974-02-16 15:00,57,0.73,,441,9.6
1974-02-19 18:00,44,0.85,,409,9.8
1974-02-22 01:00,73,1.1,,800,14.3
1974-02-27 18:00,36,0.37,,709,6
1974-03-05 19:00,36,1.89,,542,10.4
1974-03-08 20:00,61,0.9,,774,11.8
1974-03-15 08:00,24,1.05,,407,7.2
1974-03-16 11:00,36,1.52,,554,16.8
1974-03-19 22:05,21,0.82,SSC,384,9
1974-03-20 22:00,72,1.48,,777,13.4
1974-03-27 20:00,57,1.12,,621,7.3
1974-04-01 07:00,29,0.38,,495,8.2
1974-04-03 04:37,27,2.16,SSC,572,12.1
1974-04-04 11:00,25,1.81,,487,
1974-04-05 15:00,36,0.55,,754,11.9
1974-04-10 07:00,71,0.95,,749,10.8
1974-04-17 22:00,76,1.59,,691,14.8
1974-04-24 18:00,43,1.02,,635,7.1
1974-04-27 02:00,36,0.41,,584,11
1974-04-29 14:00,56,0.72,,487,10.1
1974-05-02 15:00,66,3.18,,751,15.8
1974-05-07 03:00,36,3.23,,782,9.4
1974-05-13 13:00,60,2.4,,467,11.3
1974-05-16 18:00,69,1.23,,650,11.3
1974-05-22 09:00,72,0.89,,649,9.9
1974-05-28 22:00,20,1.13,,423,7.1
1974-05-29 21:00,61,1.78,,834,19.9
1974-06-08 23:00,36,1.05,,352,12.2
1974-06-10 18:50,56,2.2,SSC,670,18.2
1974-06-14 19:00,37,1.51,,698,8.9
1974-06-23 08:58,45,0.64,SSC,419,10.3
1974-06-25 23:29,44,2.18,SSC,827,21.7
1974-07-04 01:00,13,0.73,,487,10.8
1974-07-04 15:34,31,2.23,SSC,500,22.2
1974-07-06 03:22,30,4.78,SSC,629,32.5
1974-07-07 13:00,29,4.16,,807,14.3
1974-07-17 07:00,80,1.75,,434,11.5
1974-07-22 15:00,38,1.7,,776,22.4
1974-08-02 12:27,57,2.25,SSC,635,16.9
1974-08-05 14:00,73,1.88,,643,7.8
1974-08-09 14:00,42,0.53,,613,7.8
1974-08-13 09:00,65,0.44,,414,7.6
1974-08-18 07:00,78,1.8,,845,16.4
1974-08-26 00:00,53,0.86,,485,8.6
1974-08-29 10:00,53,1.32,,621,10.6
1974-09-01 09:00,73,0.79,,691,7.3
1974-09-08 22:00,55,1.18,,403,9.6
1974-09-12 14:00,40,3.75,,407,11.1
1974-09-15 13:43,36,4.62,SSC,656,16.3
1974-09-18 14:34,36,1.86,SSC,674,24.5
1974-09-21 13:00,36,0.91,,702,14.5
1974-09-23 16:00,57,1.59,,748,8.3
1974-09-26 18:00,48,0.9,,640,10.4
1974-09-29 07:00,53,0.85,,729,8.6
1974-10-04 19:00,19,0.54,,498,5.4
1974-10-05 17:00,55,0.86,,565,10.3
1974-10-08 15:00,66,1.32,,516,11.4
1974-10-12 12:44,37,2.91,SSC,518,17.7
1974-10-14 16:34,34,3.08,SSC,641,18.7
1974-10-16 09:00,36,1.08,,649,14.6
1974-10-20 02:00,36,1.79,,584,8.5
1974-10-22 13:00,27,1.24,,490,
1974-10-23 18:49,35,2.26,SI,612,20.4
1974-10-27 10:00,55,0.75,,773,8.7
1974-10-31 23:00,46,0.54,,463,5.6
1974-11-03 08:00,29,1.02,,395,9.1
1974-11-06 01:00,37,0.55,,516,13
1974-11-08 14:14,28,1.3,SSC,602,16.4
1974-11-10 20:00,59,1.25,,788,22
1974-11-14 02:00,36,2.3,,828,
1974-11-17 01:00,36,0.78,,489,
1974-11-19 01:30,43,1.99,SI,722,21.1
1974-11-21 08:00,21,0.39,,809,8.2
1974-11-29 12:00,59,0.56,,393,11.2
1974-12-02 16:00,69,0.7,,600,18.2
1974-12-06 11:00,31,0.26,,421,9
1974-12-08 11:00,71,1.62,,667,13.6
1974-12-16 18:00,80,1.32,,809,14
1974-12-22 07:00,29,0.43,,671,
1974-12-23 16:00,33,0.84,,682,
1974-12-25 07:00,37,2.01,,530,
1974-12-27 04:00,41,0.89,,582,9
1974-12-29 06:00,34,0.95,,475,8.5
1974-12-30 22:00,38,0.86,,534,11.8
1975-01-02 16:00,21,0.37,,386,4.3
1975-01-03 16:00,58,1.68,,735,10.7
1975-01-06 19:57,24,2.49,SSC,858,
1975-01-07 23:22,36,2.5,SSC,761,9.7
1975-01-10 08:00,36,0.5,,519,7.9
1975-01-12 17:00,35,2.01,,571,14.3
1975-01-14 12:00,20,0.58,,,8.3
1975-01-15 11:00,13,1.21,,671,20.1
1975-01-16 02:00,38,0.77,,762,15.7
1975-01-17 16:00,106,0.75,,751,17.1
1975-01-23 13:00,36,0.56,,462,7.3
1975-01-25 09:00,25,0.3,,351,5.1
1975-01-26 18:00,10,0.46,,366,5.4
1975-01-27 06:00,34,0.6,,515,12
1975-01-28 23:00,36,0.48,,430,
1975-01-31 08:00,68,0.95,,744,
1975-02-04 04:00,19,0.41,,548,6.4
1975-02-05 00:00,48,0.72,,638,8
1975-02-08 00:00,34,0.91,,499,11.5
1975-02-09 17:00,112,2.07,,773,14.1
1975-02-19 08:00,29,0.47,,492,7.7
1975-02-21 09:00,35,0.88,,422,7.6
1975-02-23 03:00,60,0.87,SI,671,11.3
1975-02-25 17:00,34,0.44,,515,5.2
1975-02-27 20:00,63,0.94,,701,18.7
1975-03-03 11:00,57,0.99,,679,7.4
1975-03-06 15:00,36,3.68,,426,13.3
1975-03-09 20:00,54,1.08,,799,6
1975-03-16 08:00,33,0.48,,534,8.4
1975-03-18 16:00,72,0.94,,535,7.3
1975-03-22 15:00,50,0.8,,392,8.4
1975-03-26 06:00,30,0.93,,670,11.9
1975-03-27 16:00,36,0.87,,773,13.4
1975-03-31 03:00,28,0.48,,602,6.9
1975-04-02 19:00,36,0.38,,400,4.8
1975-04-06 19:00,18,0.51,,484,9.8
1975-04-07 15:00,115,2.06,,711,13.7
1975-04-17 14:00,29,0.62,,371,7.7
1975-04-18 23:00,30,1.36,,377,11
1975-04-20 09:00,22,1.9,,511,14.4
1975-04-21 10:00,36,0.82,,708,12.6
1975-04-23 08:00,47,0.46,,755,6.8
1975-05-01 06:16,60,0.75,SSC,489,8.7
1975-05-04 23:00,40,1.64,,683,8.9
1975-05-09 01:00,39,0.6,,585,
1975-05-12 01:00,69,0.53,,383,10.3
1975-05-16 03:08,62,1.39,SSC,760,17.5
1975-05-19 19:51,29,1.05,SSC,593,22.4
1975-05-21 05:00,71,0.53,,664,8
1975-05-25 16:00,32,0.58,,455,12.1
1975-05-27 03:00,24,0.47,,479,10.4
1975-05-28 05:00,22,0.69,,456,7.2
1975-05-29 06:00,55,0.95,,507,8.3
1975-06-01 11:00,36,1.11,,660,18.8
1975-06-04 05:00,38,0.44,,657,5.3
1975-06-10 21:00,80,1.48,,756,13.9
1975-06-16 05:00,36,0.58,,699,6.3
1975-06-24 11:00,42,0.57,,362,5.5
1975-06-29 18:00,46,1,,621,4.6
1975-07-02 21:00,36,0.84,,534,7.1
1975-07-06 17:21,30,1.87,SSC,379,10.9
1975-07-08 04:00,42,0.93,,474,16.3
1975-07-13 06:00,46,1.05,,632,7.9
1975-07-15 22:00,32,0.66,,618,6.3
1975-07-17 15:00,24,0.38,,663,6.7
1975-07-25 02:21,116,1.92,SSC,659,6.4
1975-07-31 22:15,33,0.62,SSC,390,13.8
1975-08-02 07:00,56,0.55,,418,11.1
1975-08-04 21:00,53,2.42,,578,12.3
1975-08-08 03:15,30,0.3,SSC,432,10
1975-08-09 13:00,36,0.73,,495,12.2
1975-08-13 14:00,53,2.26,,547,13.1
1975-08-20 14:00,65,1.29,,670,12.1
1975-08-24 06:00,42,0.55,,563,6.5
1975-08-27 05:00,33,1.02,,387,5.7
1975-08-29 01:00,36,0.52,,490,11
1975-09-01 23:00,36,0.72,,382,8.5
1975-09-05 08:00,48,0.99,,466,13.9
1975-09-08 17:00,69,1.07,,339,10.3
1975-09-13 20:00,43,0.3,,503,6.8
1975-09-16 20:00,20,0.4,,516,11.4
1975-09-18 01:00,34,1.57,,643,11.3
1975-09-25 23:00,43,0.84,,418,10.3
1975-09-30 20:00,29,0.32,,346,7.1
1975-10-03 11:15,34,0.33,SSC,296,6.2
1975-10-05 04:00,61,1.17,,,10
1975-10-08 11:00,53,0.84,,637,9.7
1975-10-14 06:17,33,0.36,SSC,423,8.8
1975-10-15 21:00,53,1.12,,501,11.5
1975-10-18 16:00,36,0.89,,,
1975-10-21 23:00,36,0.39,,359,5
1975-10-25 04:00,27,0.32,,352,5.2
1975-10-31 10:00,29,0.39,,,
1975-11-01 19:00,50,1.86,,709,17.4
1975-11-04 11:00,36,1.73,,761,9.5
1975-11-07 02:00,39,0.43,,511,5.9
1975-11-09 03:00,30,1.77,,431,15.7
1975-11-12 14:00,39,0.99,,,
1975-11-16 15:00,34,1.68,,432,14.9
1975-11-18 07:00,28,1.16,,413,11.9
1975-11-19 15:00,45,1.21,,502,9.9
1975-11-21 23:05,31,2.38,SSC,494,11.8
1975-11-26 10:00,36,1.07,,402,4.7
1975-11-28 10:00,62,1.58,,689,15.5
1975-12-07 18:00,40,1.09,,,
1975-12-14 09:00,50,0.42,,581,10.6
1975-12-20 10:00,40,0.55,,,
1975-12-25 03:00,78,2.23,,699,13.8
1976-01-01 06:00,36,0.48,,,
1976-01-03 03:56,43,0.54,SSC,545,9.2
1976-01-06 07:00,62,0.57,,558,8.2
1976-01-10 06:20,27,1.39,SSC,393,20.5
1976-01-11 13:00,36,0.44,,571,15.4
1976-01-15 16:00,62,0.92,,480,8.5
1976-01-20 13:00,33,0.62,,589,11.9
1976-01-22 04:00,80,1.58,,733,9
1976-01-28 01:00,27,0.83,,,
1976-01-30 07:00,27,0.95,,400,11
1976-01-31 13:00,68,1.13,,642,18.4
1976-02-04 08:00,31,0.41,,474,8.1
1976-02-05 21:00,31,0.42,,551,
1976-02-07 09:28,48,0.8,SSC,,
1976-02-10 10:00,38,0.53,,641,5.5
1976-02-13 07:00,45,0.4,,649,7.7
1976-02-16 08:00,29,0.34,,434,7.1
1976-02-17 16:38,50,1.73,SSC,743,17.9
1976-02-20 09:00,44,0.88,,,
1976-02-25 18:00,30,0.72,,382,7.2
1976-02-27 10:00,32,1.08,,666,13.8
1976-02-29 00:00,21,0.7,,561,11.8
1976-02-29 22:00,70,0.68,,670,6
1976-03-06 09:00,30,0.81,,632,8.8
1976-03-07 20:00,24,0.8,,693,10.2
1976-03-08 23:00,40,0.36,,712,7.2
1976-03-15 07:00,119,2.06,,624,6.3
1976-03-23 03:00,38,0.56,,399,5.4
1976-03-25 10:00,15,0.86,,329,9.8
1976-03-26 03:00,36,3.86,,603,21.8
1976-03-29 04:00,46,3.11,,,
1976-04-01 02:54,33,4.13,SSC,482,17
1976-04-02 17:47,21,0.89,SSC,608,10.4
1976-04-03 18:00,52,0.99,,719,8.7
1976-04-07 10:00,36,0.37,,720,7
1976-04-09 08:00,75,1,,530,
1976-04-16 05:00,63,0.58,,451,9.6
1976-04-19 02:00,56,0.62,,353,6.8
1976-04-21 10:00,33,0.76,,339,
1976-04-24 18:00,36,0.34,,405,6.4
1976-04-26 16:00,56,0.84,,403,9.6
1976-04-29 17:00,52,0.7,,562,10.5
1976-05-02 18:29,36,2.93,SSC,784,16.8
1976-05-08 04:00,43,0.58,,452,8.7
1976-05-11 09:00,13,0.56,,489,10.4
1976-05-12 00:00,36,0.44,,603,10.6
1976-05-13 20:00,29,0.27,,532,4.3
1976-05-15 05:00,59,0.97,,387,5.8
1976-05-19 16:48,34,0.6,SSC,545,10.5
1976-05-21 10:00,62,2.41,,516,11.9
1976-05-24 20:00,43,0.65,,457,6.9
1976-05-28 00:00,60,1.18,,493,8.7
1976-06-03 15:00,63,1.08,,666,12.1
1976-06-10 16:00,51,0.94,,452,
1976-06-15 07:00,34,0.3,,389,7.7
1976-06-16 23:00,62,1.35,,625,16
1976-06-21 01:00,31,0.5,,386,7.8
1976-06-24 16:33,36,1.42,SSC,,
1976-06-27 04:00,49,0.47,,452,10.1
1976-06-30 02:50,58,1.32,SSC,707,18.8
1976-07-03 22:00,55,0.36,,592,7.7
1976-07-08 03:00,36,0.57,,424,3
1976-07-11 18:00,43,0.39,,404,6.1
1976-07-15 06:00,55,1.02,,613,13.5
1976-07-18 05:00,49,0.56,,423,
1976-07-20 20:00,47,0.5,,369,7.7
1976-07-23 07:00,78,0.42,,399,8.1
1976-07-27 20:00,49,0.57,,675,12.8
1976-07-31 10:00,37,0.49,,,
1976-08-04 01:00,61,0.48,,471,7.5
1976-08-07 11:00,78,0.73,,517,10.1
1976-08-12 15:00,39,0.7,,313,
1976-08-14 14:00,35,1.04,,,5.8
1976-08-16 09:00,48,1.17,,403,8.2
1976-08-18 22:00,36,0.48,,394,5.4
1976-08-23 02:00,50,1.45,,667,15
1976-08-26 20:00,39,0.4,,564,4.8
1976-08-31 07:00,32,0.4,,397,7.8
1976-09-01 20:00,48,0.55,,605,13.1
1976-09-04 21:00,42,0.47,,557,7.3
1976-09-08 11:00,37,0.9,,,
1976-09-10 15:00,53,1.16,,390,10.9
1976-09-14 10:00,63,1.07,,388,10.4
1976-09-17 22:00,27,0.9,,433,7.8
1976-09-19 05:00,49,1.87,,514,
1976-09-24 23:46,18,0.22,SSC,407,9.5
1976-09-25 20:00,53,0.42,,549,11.2
1976-09-29 05:00,80,0.89,,555,7.3
1976-10-04 08:00,36,0.81,,376,10.6
1976-10-06 16:00,56,0.62,,447,8.5
1976-10-10 17:00,63,1.19,,416,9.4
1976-10-14 22:00,54,0.82,,678,7.6
1976-10-19 11:00,66,0.8,,505,7.4
1976-10-23 08:00,59,0.66,,360,7.4
1976-10-27 12:00,36,0.59,,396,
1976-10-30 08:00,42,0.97,,533,12
1976-11-04 18:00,39,0.67,,358,6.6
1976-11-07 01:00,74,1.11,,386,5.8
1976-11-11 10:00,58,1,,666,11.8
1976-11-19 02:00,46,1.09,,520,11.1
1976-11-22 06:00,45,0.84,,401,5
1976-11-24 19:00,36,0.68,,370,8.1
1976-11-26 17:00,32,0.33,,360,11.6
1976-11-28 18:00,64,0.42,,417,11.4
1976-12-03 01:00,26,0.77,,350,
1976-12-04 06:25,44,1.03,SSC,512,
1976-12-06 13:00,32,0.36,,419,7.7
1976-12-08 03:00,36,1.34,,478,13.6
1976-12-10 11:00,63,0.59,,565,9.1
1976-12-16 11:07,29,0.79,SSC,476,
1976-12-17 20:00,36,0.9,,527,11.4
1976-12-21 12:00,35,0.7,,385,7.1
1976-12-25 02:00,64,1.21,,439,8.5
1976-12-28 20:37,36,0.94,SSC,490,
1976-12-30 23:00,43,6.57,,516,10.2
1977-01-02 05:00,47,0.73,,497,7
1977-01-05 04:00,17,0.31,,394,10.7
1977-01-05 23:00,37,0.66,,476,11.1
1977-01-07 20:00,36,0.52,,447,7.1
1977-01-11 17:00,45,0.87,,563,3.9
1977-01-14 02:00,36,0.62,,589,10.2
1977-01-17 19:00,48,0.68,,378,9.7
1977-01-21 05:00,37,0.4,,423,
1977-01-23 11:00,36,0.49,,400,
1977-01-26 01:00,36,0.46,,406,5.3
1977-01-28 18:40,33,2.7,SSC,522,17.9
1977-01-30 10:00,23,0.7,,469,9.7
1977-01-31 12:00,44,0.77,,434,9.8
1977-02-03 11:00,42,0.79,,464,
1977-02-06 14:00,37,1.19,,606,12.5
1977-02-08 12:00,36,0.49,,661,9.9
1977-02-10 12:00,33,0.54,,562,8.4
1977-02-13 20:00,36,0.84,,403,8.7
1977-02-15 21:00,32,1.21,,388,
1977-02-17 11:00,39,1.92,,464,
1977-02-20 01:00,41,0.35,,404,11.5
1977-02-24 01:00,59,0.52,,573,7.7
1977-02-27 12:00,61,0.64,,440,4.9
1977-03-02 19:00,35,1.46,,354,
1977-03-04 13:00,49,0.64,,357,5.7
1977-03-08 11:00,47,0.76,,637,15.5
1977-03-14 01:00,58,0.61,,431,
1977-03-17 15:00,49,1.35,,410,9
1977-03-20 16:00,55,0.97,,411,9.9
1977-03-23 18:00,32,0.34,,416,7.8
1977-03-25 07:00,36,0.36,,403,
1977-03-27 06:07,47,1.38,SSC,425,
1977-04-02 02:00,18,0.85,,356,9.2
1977-04-02 21:58,51,0.98,SSC,545,9.4
1977-04-06 07:00,29,1.67,,668,7.5
1977-04-07 16:00,43,1.01,,687,
1977-04-12 10:00,36,0.49,,430,6.6
1977-04-15 07:00,47,1.08,,483,15.2
1977-04-18 13:00,10,0.36,,456,7.9
1977-04-19 01:07,36,1.2,SSC,612,12.8
1977-04-24 02:00,40,1.26,,517,11.5
1977-04-26 06:00,47,0.68,,424,9.2
1977-04-28 17:00,55,1.32,,492,14.3
1977-05-01 21:00,44,1.61,,552,13.7
1977-05-04 04:17,53,0.61,SSC,510,
1977-05-07 10:00,36,0.49,,400,5.2
1977-05-09 12:00,41,0.57,,343,8.3
1977-05-11 05:00,22,0.51,,356,12.7
1977-05-12 03:00,36,0.4,,451,15.7
1977-05-14 01:00,24,0.35,,390,10.1
1977-05-15 04:00,53,1.33,,595,
1977-05-21 19:00,55,1.45,,481,10.6
1977-05-24 23:00,25,0.33,,557,7.8
1977-05-28 04:24,64,0.98,SSC,390,3.9
1977-06-01 01:00,51,0.73,,462,8.7
1977-06-05 00:00,36,0.51,,396,7.6
1977-06-07 06:00,42,0.32,,414,7.5
1977-06-09 17:00,74,1.12,,464,
1977-06-16 10:00,58,1.12,,604,15.8
1977-06-19 13:00,36,1.26,,570,12.8
1977-06-22 04:00,56,0.6,,573,6.9
1977-06-26 08:00,31,0.75,,399,8.1
1977-06-27 20:00,38,1.6,,436,8.6
1977-06-30 12:00,19,0.61,,368,10.2
1977-07-01 10:00,36,0.68,,525,13.7
1977-07-06 10:37,55,0.82,SSC,546,
1977-07-09 10:00,73,0.97,,634,8.4
1977-07-13 22:00,37,0.95,,480,12.3
1977-07-15 19:00,37,0.61,,710,8.3
1977-07-19 06:00,60,0.55,,642,
1977-07-24 07:00,32,0.3,,445,5.6
1977-07-27 06:00,35,0.34,,315,4.1
1977-07-29 00:27,25,2.78,SSC,438,28
1977-07-30 04:00,36,0.56,,478,
1977-08-01 18:00,38,0.43,,365,6.8
1977-08-03 21:00,28,0.56,,,12.8
1977-08-05 05:00,30,0.93,,,18.3
1977-08-09 13:58,32,0.56,SSC,533,10.2
1977-08-11 19:00,47,0.51,,552,
1977-08-14 06:00,41,0.83,,516,7.1
1977-08-16 19:00,36,0.48,,658,13
1977-08-23 13:00,28,0.59,,372,
1977-08-25 02:00,32,0.36,,471,
1977-08-26 15:00,39,0.47,,522,7.4
1977-08-30 14:00,37,1.4,,353,8.7
1977-09-03 04:00,29,0.54,,427,9.4
1977-09-04 13:00,23,0.41,,431,8.4
1977-09-05 15:00,35,0.3,,440,
1977-09-07 20:00,24,0.25,,382,4.9
1977-09-08 23:00,39,0.43,,422,7.6
1977-09-11 02:00,35,1.7,,447,8.5
1977-09-12 21:14,61,1.89,SSC,489,8.7
1977-09-16 04:00,62,0.71,,411,8.5
1977-09-19 11:44,38,,SSC,585,
1977-09-21 10:00,9,1.22,,713,8.8
1977-09-21 20:44,49,5.49,SSC,777,12.1
1977-09-26 07:00,49,1.52,,418,14
1977-09-29 22:00,37,0.9,,354,6.6
1977-10-01 19:00,35,0.65,,335,
1977-10-03 12:46,29,0.51,SSC,398,6
1977-10-04 22:00,29,0.39,,388,6.1
1977-10-08 12:00,30,0.51,,437,7
1977-10-09 23:00,35,0.87,,350,8.5
1977-10-11 17:00,33,1.62,,466,14.2
1977-10-14 11:51,36,0.95,SSC,483,
1977-10-16 14:00,35,0.51,,446,9.3
1977-10-18 08:00,29,0.95,,549,11.6
1977-10-24 22:00,41,0.35,,350,7.3
1977-10-26 23:30,27,2.7,SSC,384,
1977-10-28 06:00,45,0.61,,503,8.7
1977-11-01 12:00,49,0.68,,445,6.4
1977-11-04 11:00,29,0.78,,380,8.2
1977-11-10 13:09,53,1.85,SSC,432,19
1977-11-13 08:00,48,2.06,,634,12.8
1977-11-20 16:00,58,0.74,,367,4.7
1977-11-25 12:26,26,1.36,SSC,354,17.8
1977-11-26 17:14,36,2.07,SI,537,19.8
1977-11-29 23:00,25,0.28,,392,12.6
1977-12-01 22:00,18,0.8,,417,
1977-12-02 18:00,36,1.28,,475,
1977-12-04 14:00,31,0.71,,431,6.4
1977-12-06 02:00,36,0.41,,392,6.9
1977-12-10 20:00,70,2.64,,547,16.1
1977-12-16 12:00,41,1.06,,370,
1977-12-19 17:00,42,0.47,,318,6.8
1977-12-21 22:00,36,0.32,,367,8.5
1977-12-24 01:00,36,0.38,,380,8.5
1977-12-25 22:00,49,1.44,,547,12.3
1977-12-28 13:00,41,0.54,,415,
1977-12-31 14:00,46,1.08,,415,8.5
1978-01-03 20:42,36,4.8,SSC,756,17.8
1978-01-05 16:28,36,0.82,SSC,648,20.6
1978-01-07 20:00,36,0.63,,552,7
1978-01-09 16:25,55,1.4,SSC,554,
1978-01-12 21:00,36,0.44,,395,8.2
1978-01-16 08:00,48,2.14,iSW,358,13.2
1978-01-18 20:00,30,0.4,,339,9.1
1978-01-24 06:00,30,0.6,,313,
1978-01-25 15:37,36,1.06,SSC,511,23.8
1978-01-27 23:00,18,0.32,,367,4.5
1978-01-28 18:53,27,2.79,SSC,573,20.6
1978-01-30 01:00,36,2.52,,637,22.6
1978-02-01 20:00,56,0.92,,513,6
1978-02-05 07:00,32,0.72,,413,
1978-02-06 20:00,36,1.2,,440,13.8
1978-02-09 12:00,40,0.51,,352,9.9
1978-02-12 05:00,24,0.32,,301,7.8
1978-02-13 08:00,32,1.05,,417,12.3
1978-02-14 21:47,51,20.7,SSC,680,
1978-02-19 08:00,37,0.52,,392,5.6
1978-02-21 05:00,30,1.97,,361,13.1
1978-02-22 15:00,42,0.57,,521,14.3
1978-02-25 19:28,61,1.77,SSC,714,22.1
1978-03-04 14:00,37,0.67,,414,8.6
1978-03-06 12:00,41,0.97,,390,8.5
1978-03-08 14:39,31,5.8,SSC,527,16.6
1978-03-10 03:00,36,1.89,,497,9.6
1978-03-14 13:00,27,0.73,,403,
1978-03-15 20:00,30,0.44,,533,7.2
1978-03-17 07:00,52,0.5,,593,9.8
1978-03-20 10:00,35,0.51,,405,6.8
1978-03-22 05:00,49,1.5,,391,12.9
1978-03-24 20:00,22,1.38,,361,
1978-03-25 21:00,51,1.27,,703,
1978-03-28 20:00,32,0.5,,699,6.9
1978-03-30 10:00,63,0.58,,517,7.1
1978-04-02 21:00,34,2.35,,523,16.7
1978-04-04 14:00,36,1.88,,589,10.6
1978-04-07 21:00,45,1.18,,461,
1978-04-10 13:06,35,5.81,SSC,662,29.1
1978-04-12 07:00,31,0.52,,616,7.4
1978-04-13 19:25,31,1.52,SSC,585,12.4
1978-04-17 14:00,9,0.65,,390,6.8
1978-04-17 23:45,25,2.33,SSC,501,15.4
1978-04-19 04:00,44,1.66,,817,10.6
1978-04-22 14:00,23,0.29,,478,
1978-04-23 16:00,30,0.97,,652,
1978-04-25 03:00,47,1.57,,500,9
1978-04-27 14:00,36,0.75,,,7.8
1978-04-30 09:51,20,4.14,SSC,360,23.5
1978-05-01 08:28,9,7.36,SSC,812,25.2
1978-05-01 18:35,26,7.36,SSC,957,21.8
1978-05-02 23:18,44,1.53,SSC,916,
1978-05-08 17:00,33,2.29,,715,19.2
1978-05-10 20:05,36,1.22,SSC,641,10.2
1978-05-12 17:00,29,0.59,,429,7.4
1978-05-14 02:00,30,0.86,,352,10.1
1978-05-15 12:00,57,0.77,,438,
1978-05-18 16:00,31,0.7,,342,
1978-05-20 04:00,20,0.58,,408,8.5
1978-05-21 02:36,44,2.07,iSW,445,14.5
1978-05-23 10:00,76,1.3,,576,15.5
1978-05-27 20:00,36,0.7,,359,
1978-05-29 18:31,40,2.57,SSC,390,
1978-06-01 21:43,10,0.65,SSC,447,13.8
1978-06-02 09:13,36,6.51,SSC,698,31.5
1978-06-04 12:11,53,1.55,SSC,648,10.6
1978-06-07 10:00,51,0.93,,450,9.1
1978-06-10 08:28,36,2.09,SSC,621,
1978-06-12 12:00,36,0.29,,537,
1978-06-15 17:00,44,1.29,,391,7.2
1978-06-18 16:00,43,0.55,,507,9.1
1978-06-21 09:00,33,0.6,,641,9.5
1978-06-23 05:00,37,0.58,,557,
1978-06-25 08:25,17,3.98,SSC,511,6.5
1978-06-26 03:00,50,3.45,,504,12.3
1978-06-29 09:51,36,2.9,SSC,397,
1978-07-02 09:00,32,0.71,,457,6.9
1978-07-03 23:05,42,2.79,SSC,499,15.8
1978-07-06 12:00,39,0.68,,483,
1978-07-08 11:00,54,0.56,,524,10.1
1978-07-13 00:15,20,4.58,SSC,442,13.4
1978-07-13 23:28,35,2.59,SSC,509,15.5
1978-07-18 05:00,51,1.76,,421,
1978-07-21 12:00,47,0.78,,390,9.1
1978-07-27 23:00,51,0.77,,330,6
1978-07-31 12:00,28,0.48,,280,
1978-08-03 13:00,35,0.46,,480,12.2
1978-08-05 07:00,60,0.76,,578,8.6
1978-08-10 22:00,64,1,,531,
1978-08-16 01:00,33,1.01,,343,8.7
1978-08-17 16:00,18,0.67,,434,9.6
1978-08-18 12:42,36,2.63,SSC,474,13.1
1978-08-21 04:00,20,0.48,,350,7.2
1978-08-23 21:00,42,0.4,,358,9.5
1978-08-27 02:46,22,2.22,SSC,453,21.4
1978-08-28 04:00,36,2.13,,571,24.1
1978-09-05 18:59,36,2.02,SSC,474,15
1978-09-07 21:00,21,0.89,,423,15.2
1978-09-08 21:00,25,1.02,SI,486,14.4
1978-09-10 01:00,28,0.41,,469,11.1
1978-09-11 09:00,46,0.71,SSC,405,11.2
1978-09-13 18:00,31,1.05,,431,11.6
1978-09-15 12:00,28,0.73,,351,7.4
1978-09-16 23:00,60,0.34,,427,7.4
1978-09-20 14:17,63,0.72,,375,9.8
1978-09-24 12:00,17,1.24,,404,11.2
1978-09-25 07:18,66,3.15,SSC,702,16.3
1978-09-28 21:05,5,0.71,,709,10.1
1978-09-29 03:01,36,6.22,SSC,912,25.3
1978-10-02 01:00,36,0.48,,503,6.2
1978-10-04 00:47,36,1.66,SSC,463,11.8
1978-10-05 14:00,37,0.38,,376,6.2
1978-10-07 08:00,35,0.34,,363,6.7
1978-10-09 03:22,36,0.59,SSC,443,11.9
1978-10-11 11:00,74,2.41,,505,12.2
1978-10-15 12:00,34,0.63,,427,5.2
1978-10-17 04:30,20,0.47,SSC,388,8.9
1978-10-18 00:00,26,1.17,,450,16.7
1978-10-19 02:00,48,0.72,,485,10
1978-10-23 01:00,34,0.85,,371,7.1
1978-10-24 17:00,31,0.81,,359,9.7
1978-10-26 21:00,37,1.94,,452,18
1978-10-29 11:16,54,1.25,SSC,434,12.9
1978-11-01 08:00,76,0.62,,462,9
1978-11-06 01:00,27,0.41,,322,6.2
1978-11-07 10:00,32,1.47,,477,19.8
1978-11-09 17:00,39,0.84,,514,10.4
1978-11-12 01:00,33,4.59,SSC,672,30
1978-11-13 10:00,38,0.53,,571,10.7
1978-11-15 21:00,50,0.49,,492,6.7
1978-11-18 23:00,21,0.62,,373,11.8
1978-11-19 23:20,15,1.2,SSC,448,18.8
1978-11-20 16:00,34,1.26,,638,27.3
1978-11-22 09:00,36,1.22,,687,10.3
1978-11-24 14:00,19,2.88,,449,10.3
1978-11-25 12:25,36,1.39,iSW,630,16.8
1978-11-30 08:00,41,0.29,,345,9.4
1978-12-02 10:00,34,0.37,,322,9
1978-12-04 02:00,36,1.33,,498,15.3
1978-12-06 08:00,36,0.54,,446,10.4
1978-12-08 15:00,44,0.47,,394,8.1
1978-12-11 10:00,42,1.02,,308,12.1
1978-12-14 01:27,39,3.41,SSC,570,30.7
1978-12-16 01:00,31,0.68,,450,8.9
1978-12-17 13:00,74,1.89,,692,25
1978-12-21 23:00,36,2.47,,560,14.8
1978-12-24 09:00,24,0.78,,440,8.1
1978-12-25 12:00,36,0.63,,457,18.1
1978-12-28 03:00,20,0.98,,473,12.2
1978-12-29 02:00,58,4.59,,752,16.3
1979-01-02 08:00,10,0.36,,509,8.9
1979-01-02 18:00,56,3.27,,598,10.8
1979-01-05 02:00,20,0.55,,460,9.8
1979-01-06 01:00,19,0.92,,490,13.5
1979-01-06 23:31,39,2.04,SSC,576,15.3
1979-01-09 03:40,30,0.35,SSC,474,19.3
1979-01-10 23:00,14,0.77,,392,7.7
1979-01-11 15:00,30,0.75,,386,7.8
1979-01-14 02:00,30,0.66,,382,11.8
1979-01-15 13:00,28,0.57,,504,9.9
1979-01-16 21:00,38,0.95,,416,9.8
1979-01-18 21:00,54,1.84,,483,12.4
1979-01-22 17:00,42,1.22,,455,14.6
1979-01-25 01:39,36,1.61,SSC,650,19.9
1979-01-27 01:00,52,0.54,,542,7.7
1979-01-30 08:00,30,0.49,,546,9.9
1979-01-31 19:00,55,0.85,,522,8
1979-02-03 18:23,40,1.55,SSC,465,13.5
1979-02-05 20:00,37,0.69,,422,10
1979-02-11 01:48,31,2.76,SSC,447,16.3
1979-02-12 14:00,36,1.27,,427,10.2
1979-02-14 22:00,31,1.2,,385,11
1979-02-16 18:00,29,0.51,,374,11.3
1979-02-18 03:05,56,4.86,SSC,592,22.7
1979-02-21 03:02,11,0.97,SSC,571,21
1979-02-21 15:51,18,0.8,SSC,574,22.8
1979-02-22 12:00,54,3.01,,622,12.5
1979-02-25 12:00,46,0.57,,498,9
1979-02-28 10:00,12,0.27,,431,10.5
1979-03-02 00:00,47,1.09,,404,8.1
1979-03-04 04:46,36,2.78,SSC,488,15.8
1979-03-06 08:18,41,0.65,SSC,517,12.6
1979-03-09 08:08,29,0.71,SSC,481,15.8
1979-03-10 17:00,36,1.47,,497,16.1
1979-03-13 15:00,33,0.61,,343,6.6
1979-03-15 05:56,37,1.37,SSC,444,15.7
1979-03-17 02:31,36,0.83,SSC,628,15.9
1979-03-19 06:00,45,0.67,,428,6.6
1979-03-21 14:00,16,0.3,,397,8.9
1979-03-22 08:26,30,2.32,SSC,525,23.5
1979-03-23 18:00,28,0.81,,535,11.1
1979-03-25 09:00,45,0.63,,516,12.3
1979-03-28 08:27,18,4.35,SSC,674,12.6
1979-03-29 05:00,36,1.15,,549,12.2
1979-04-01 21:50,31,1.66,SSC,675,14.8
1979-04-03 10:01,34,3.5,SSC,581,19.1
1979-04-05 01:56,36,6.47,SSC,724,39.5
1979-04-06 13:00,33,0.93,,635,9.2
1979-04-08 05:00,34,0.65,,465,11
1979-04-11 22:00,27,0.83,,467,12.1
1979-04-13 08:00,79,0.74,,642,9.1
1979-04-18 09:00,36,1.27,,479,7
1979-04-21 12:00,44,2.98,,533,15.2
1979-04-24 23:58,48,5.23,SSC,641,32.5
1979-04-27 12:00,35,0.62,,640,10.8
1979-04-29 03:00,66,0.48,,627,10.4
1979-05-04 10:00,26,0.41,,341,8.3
1979-05-05 18:00,30,1.57,,432,10.8
1979-05-07 05:00,26,0.44,,367,8.6
1979-05-08 10:00,23,0.48,,437,13.4
1979-05-09 12:00,36,1.23,,538,11
1979-05-11 09:00,36,0.58,,534,10.4
1979-05-14 17:00,60,1.04,,,8.1
1979-05-18 04:00,51,2.34,,474,10.8
1979-05-21 10:00,19,1,,380,12.4
1979-05-22 08:00,36,0.89,,572,16.7
1979-05-24 14:00,70,0.55,,657,10.9
1979-05-29 18:50,2,0.31,SSC,,11.8
1979-05-29 20:58,34,1.82,SSC,,22.4
1979-05-31 09:30,35,0.77,SSC,458,8.8
1979-06-02 05:00,36,0.47,,350,6.7
1979-06-04 12:00,36,0.58,,319,13.7
1979-06-06 19:27,37,7.08,SSC,664,54.8
1979-06-14 05:00,62,0.5,,476,9.6
1979-06-17 13:00,51,0.5,,378,11.5
1979-06-20 06:00,42,1.36,,381,10.3
1979-06-22 10:00,47,1.01,,529,17.9
1979-06-26 10:00,24,0.43,,447,11.6
1979-06-29 09:00,44,0.61,,312,9.9
1979-07-02 13:00,17,0.13,,325,5.9
1979-07-03 08:00,35,0.62,,549,21.7
1979-07-05 02:00,35,1.51,,538,13.1
1979-07-06 19:30,72,7.88,SSC,643,14.8
1979-07-12 12:40,37,0.79,SSC,352,13.4
1979-07-14 14:00,36,0.35,,518,11.8
1979-07-16 10:00,32,1.47,,504,8.1
1979-07-18 00:00,78,0.85,,564,10.5
1979-07-22 08:00,55,0.8,,445,7.6
1979-07-26 18:32,36,0.83,SSC,360,15.9
1979-07-28 21:01,38,1.01,SSC,481,17.4
1979-07-30 12:00,34,0.32,,509,9.5
1979-08-01 11:46,73,2.8,SSC,550,12.4
1979-08-05 12:00,66,1.19,,498,11.1
1979-08-10 09:00,29,0.98,,398,9.7
1979-08-11 18:12,31,1.23,SSC,500,16.4
1979-08-13 06:39,36,2.14,SSC,601,25.1
1979-08-14 22:00,36,0.38,,489,5.9
1979-08-17 16:00,27,2.46,,430,8
1979-08-18 22:00,28,3.62,,551,20.6
1979-08-20 06:25,30,4.98,SSC,704,24.1
1979-08-21 12:00,42,0.69,,594,4.7
1979-08-23 09:00,25,0.28,,416,6.6
1979-08-24 15:00,34,1.08,,518,16.8
1979-08-26 08:00,30,0.39,,485,6.6
1979-08-29 04:59,36,3.66,SSC,550,17.1
1979-08-31 07:00,41,0.88,,471,11.4
1979-09-02 03:00,22,0.72,,503,6.7
1979-09-03 12:00,50,0.56,,445,8
1979-09-06 04:00,52,0.88,,408,11.5
1979-09-09 21:00,44,1.19,,328,11.5
1979-09-12 04:00,48,2.27,,356,13.8
1979-09-14 16:00,17,0.98,,347,11
1979-09-15 10:00,40,2.11,,475,12.2
1979-09-17 06:00,59,5.55,,448,18.1
1979-09-20 10:00,23,0.78,,441,12.7
1979-09-22 09:00,75,0.93,,400,9.1
1979-09-26 12:00,36,0.5,,504,10.3
1979-09-28 16:00,36,0.94,,568,10.2
1979-10-02 14:00,61,1.07,,517,11.2
1979-10-06 11:20,27,5.27,SSC,450,19.6
1979-10-07 17:00,55,1.78,,597,12.1
1979-10-10 16:00,36,0.41,,387,8.7
1979-10-12 20:00,24,0.66,,,8.2
1979-10-14 02:00,54,0.69,,381,9.4
1979-10-20 08:00,57,0.57,,355,9.3
1979-10-27 09:00,68,1.4,,415,10
1979-11-01 05:00,36,1.24,,513,13.8
1979-11-04 02:00,64,1.13,,389,7
1979-11-07 13:47,38,2.08,SSC,369,16.6
1979-11-09 12:03,32,2.01,SSC,459,12.4
1979-11-11 02:25,73,2.96,SSC,498,21.7
1979-11-14 06:00,20,0.32,,386,7.7
1979-11-16 02:00,36,1.05,,391,10.6
1979-11-18 02:10,36,0.58,SSC,507,13.2
1979-11-19 22:00,30,0.96,,421,10.3
1979-11-22 04:00,50,1.53,,355,12.9
1979-11-24 06:00,56,1.5,,397,12.7
1979-11-26 19:00,55,0.75,,443,8.2
1979-11-29 16:48,13,0.28,SSC,306,7.6
1979-11-30 07:38,37,1.91,SSC,378,21
1979-12-01 21:00,77,1.61,,467,9.5
1979-12-05 02:00,34,0.58,,331,7
1979-12-07 10:00,70,0.53,,466,13.1
1979-12-13 17:00,42,1.12,,412,11.6
1979-12-15 21:00,36,1.29,,435,9.3
1979-12-19 12:00,35,0.6,,395,6.1
1979-12-21 20:00,29,0.73,,371,16.8
1979-12-23 18:00,28,0.47,,432,10.4
1979-12-25 21:00,36,0.9,,474,12.6
1979-12-28 18:00,30,0.79,,558,9.6
1979-12-30 12:00,62,1.35,,454,11.7
1980-01-02 20:00,42,0.74,,644,12.3
1980-01-07 23:00,51,1.99,,442,10.1
1980-01-11 07:57,36,2.19,SSC,430,10.8
1980-01-13 05:10,32,2.99,SSC,489,12.3
1980-01-14 21:00,32,1.03,,416,10.9
1980-01-16 14:00,12,0.25,,498,8.6
1980-01-17 05:12,57,0.89,SSC,532,11.9
1980-01-19 23:00,42,0.49,,387,7
1980-01-21 23:00,64,0.67,,362,9.2
1980-01-25 11:09,60,1.05,SSC,358,12.8
1980-01-28 15:43,40,2.13,SSC,521,24.8
1980-01-30 14:00,30,0.44,,500,8.4
1980-01-31 22:00,56,0.65,,490,7.6
1980-02-04 04:00,22,0.46,,343,6.5
1980-02-06 03:20,29,6.76,SSC,553,20.1
1980-02-07 12:18,30,0.73,SSC,512,8.5
1980-02-08 23:00,22,0.7,,512,7.9
1980-02-10 18:00,29,0.67,,445,5.9
1980-02-13 02:00,22,0.71,,332,7.6
1980-02-14 03:09,29,1.47,SSC,372,16.3
1980-02-15 12:35,80,2.25,SSC,430,16.6
1980-02-21 10:00,70,1.05,,349,11.9
1980-02-25 14:29,41,0.86,SSC,571,20.3
1980-03-01 20:00,23,0.3,,342,3.4
1980-03-03 12:00,46,1.58,,328,8.2
1980-03-05 22:00,36,2.18,,444,12.8
1980-03-10 02:00,36,0.52,,388,5.9
1980-03-13 12:00,36,0.69,,407,8.5
1980-03-16 10:00,45,0.38,,371,7.5
1980-03-19 06:17,49,3.82,SSC,396,16.3
1980-03-21 20:00,36,1.04,,364,10.7
1980-03-23 22:00,35,0.55,,287,7.5
1980-03-25 17:00,73,1.24,,479,18.1
1980-03-30 23:54,16,0.92,SSC,397,11.7
1980-03-31 17:49,30,1.12,SSC,419,12.1
1980-04-02 04:00,15,0.3,,405,7.3
1980-04-02 21:12,43,3.3,SSC,466,10.7
1980-04-05 12:00,20,1.86,,636,7.4
1980-04-06 10:59,22,2.92,SSC,661,11.1
1980-04-07 12:12,30,0.88,SI,580,9.4
1980-04-08 23:36,5,0.2,SI,488,4.8
1980-04-09 05:08,29,1.28,SSC,563,12.5
1980-04-11 03:00,54,0.91,,650,14.4
1980-04-14 12:00,71,0.58,,460,8.2
1980-04-19 02:00,30,0.67,,340,7
1980-04-22 00:37,36,0.51,SSC,336,12.1
1980-04-25 02:00,70,1.57,,353,8.8
1980-04-29 19:00,112,1.66,,423,8.3
1980-05-05 05:00,41,1.08,,389,9.1
1980-05-07 08:02,32,1.12,SSC,391,9.5
1980-05-09 19:00,34,0.97,,423,17.7
1980-05-11 11:00,28,0.46,,687,13.1
1980-05-12 20:00,59,1.48,,646,7.2
1980-05-18 01:00,36,0.71,,328,7.6
1980-05-21 12:00,36,1,,324,10.6
1980-05-24 10:00,38,2.94,,476,20.2
1980-05-28 02:00,32,0.6,,361,7.5
1980-05-29 18:33,21,0.62,SSC,384,11.9
1980-05-31 21:37,32,1.41,SSC,405,15.2
1980-06-02 12:00,62,0.81,,392,12
1980-06-05 23:00,21,1.16,,441,11.2
1980-06-06 22:36,47,3.17,SSC,650,15.9
1980-06-09 14:00,23,0.67,,653,7.9
1980-06-10 16:27,36,2.25,SSC,748,9.1
1980-06-12 16:00,42,1.01,,561,9.6
1980-06-16 10:00,33,0.47,,385,6.2
1980-06-18 17:00,27,0.4,,302,9.9
1980-06-19 23:00,67,1.08,,375,10
1980-06-24 02:48,36,3.01,SSC,453,13.5
1980-06-26 01:29,70,0.85,SSC,402,13
1980-06-29 20:00,53,0.67,,354,7.9
1980-07-03 01:00,33,1.2,,311,6.6
1980-07-05 01:00,36,0.97,,420,14.2
1980-07-10 22:00,64,1.09,,464,16.6
1980-07-15 23:00,23,0.31,,337,7.3
1980-07-17 19:36,21,0.55,SSC,339,8.4
1980-07-18 19:27,36,3.38,SSC,395,20.6
1980-07-20 17:00,73,1.02,,574,8.5
1980-07-25 11:11,34,5.33,SSC,503,16.1
1980-07-27 04:00,18,0.4,,557,10.6
1980-07-28 01:00,27,0.72,,537,9.3
1980-08-02 10:00,66,1.38,,416,12.7
1980-08-06 00:10,11,0.68,SSC,487,10.4
1980-08-06 13:32,38,0.46,SSC,494,8.4
1980-08-09 02:00,36,0.43,,397,9.2
1980-08-11 16:56,60,0.98,SI,367,8.9
1980-08-15 01:00,31,0.65,,350,6.9
1980-08-16 12:40,54,1.78,SSC,387,21.2
1980-08-19 10:24,42,1.03,SSC,463,13.7
1980-08-21 14:00,58,0.6,,438,8.8
1980-08-25 12:00,58,1.4,,387,15.2
1980-08-29 15:00,41,0.63,,373,8.7
1980-08-31 20:00,38,0.38,,358,6.8
1980-09-03 08:00,46,1.63,,347,12.2
1980-09-05 20:00,36,1.43,,357,12.8
1980-09-07 21:00,79,0.61,,455,8.5
1980-09-12 07:00,54,1.44,,366,10.7
1980-09-16 06:00,54,0.85,,465,10.6
1980-09-20 01:39,42,0.71,SSC,382,10
1980-09-22 06:00,80,1.07,,402,11.2
1980-09-27 13:00,52,1.54,,364,12
1980-10-02 03:00,32,0.46,,351,9.6
1980-10-04 01:00,36,3.32,,539,16.8
1980-10-08 03:00,52,1.39,,641,13
1980-10-10 21:00,28,1.6,,506,14
1980-10-12 06:00,54,1.11,,579,11.7
1980-10-14 19:53,28,2.3,SSC,542,9.9
1980-10-18 01:14,52,2.16,SSC,456,15.9
1980-10-21 22:00,17,0.7,,354,12.5
1980-10-22 17:00,27,0.9,,608,17.2
1980-10-24 00:00,31,0.79,,646,13.8
1980-10-25 23:00,36,0.61,,621,12.2
1980-10-30 15:20,19,2.37,SSC,381,16.8
1980-10-31 10:00,84,2,,548,15.7
1980-11-04 01:00,36,0.6,,377,9.4
1980-11-08 15:00,18,0.27,,502,10.6
1980-11-09 11:22,31,2.59,SSC,513,13
1980-11-10 23:00,53,2.11,,649,11.4
1980-11-14 11:53,38,0.76,SSC,512,10.4
1980-11-16 12:00,47,0.53,,588,9.4
1980-11-19 21:25,23,0.43,SSC,438,8.9
1980-11-20 20:00,53,0.76,,588,14.9
1980-11-23 09:00,37,0.65,,496,11.1
1980-11-24 22:58,26,2.35,SSC,566,15.1
1980-11-26 04:21,30,3.02,SSC,576,23.7
1980-11-27 15:00,45,0.81,,557,11.2
1980-11-29 23:00,25,2.09,,486,12.7
1980-12-01 03:00,53,1.5,,534,15.8
1980-12-06 06:00,34,1.05,,441,10
1980-12-08 18:00,57,0.56,,509,9.2
1980-12-11 10:09,42,3.56,SSC,640,19.1
1980-12-13 14:00,40,0.86,,410,10.2
1980-12-15 15:00,41,0.98,,549,11.2
1980-12-18 06:11,20,0.34,SSC,493,7.1
1980-12-19 04:56,29,8,SSC,563,37.4
1980-12-20 14:00,40,0.74,,664,19.2
1980-12-25 05:52,36,0.53,SSC,356,11
1980-12-27 02:00,24,1.04,,378,12.4
1980-12-29 13:00,17,0.53,,356,14.7
1980-12-30 07:38,63,1.09,SSC,484,11.3
1981-01-03 16:00,36,0.39,,519,11.5
1981-01-07 08:00,40,0.83,,424,7.3
1981-01-10 07:00,44,0.63,,549,16.3
1981-01-14 17:00,62,0.83,,441,9
1981-01-21 12:00,80,1.24,,404,14.4
1981-01-26 01:00,60,0.68,,446,9.2
1981-01-29 06:46,35,2.72,SSC,466,13.8
1981-01-31 01:00,36,2.09,,491,12.6
1981-02-02 01:00,45,1.72,,617,10.5
1981-02-05 10:00,20,0.61,,485,11
1981-02-06 08:47,40,3.11,SSC,558,15.7
1981-02-08 13:45,52,0.92,SSC,471,18
1981-02-11 05:00,34,0.76,,424,9.1
1981-02-15 12:00,28,0.55,,371,8.4
1981-02-16 23:00,32,0.32,,436,10.1
1981-02-18 12:00,34,0.38,,454,10.7
1981-02-19 22:00,14,0.78,,473,9.1
1981-02-20 13:00,55,0.91,,380,10.4
1981-02-22 23:00,14,0.39,,431,13.1
1981-02-23 13:00,52,2.6,,469,12.2
1981-02-26 06:00,36,1.83,,589,10.6
1981-03-01 07:37,20,2.89,SSC,542,15.6
1981-03-02 06:54,18,1.54,SSC,561,15.3
1981-03-03 07:00,35,0.87,,482,7.8
1981-03-05 05:35,36,3.43,SSC,645,35.4
1981-03-07 01:53,46,0.9,SSC,543,9.9
1981-03-09 19:00,43,0.84,,471,12.5
1981-03-12 18:24,27,2.17,SSC,529,15.5
1981-03-14 00:00,36,0.92,,674,14
1981-03-17 07:00,44,0.46,,562,10.5
1981-03-19 21:00,71,0.59,,503,10.3
1981-03-23 20:00,38,0.71,,352,15.5
1981-03-25 17:49,55,3.41,SSC,626,16.7
1981-03-29 06:00,48,0.46,,434,12.2
1981-03-31 18:00,37,0.83,,593,10.8
1981-04-03 03:00,41,4.45,,536,12.2
1981-04-05 05:00,36,1.18,,454,9.5
1981-04-07 19:54,34,2.05,SSC,454,14.1
1981-04-09 12:00,35,0.63,,474,8.4
1981-04-11 07:24,5,0.1,SSC,417,11.1
1981-04-11 13:39,22,3.72,SSC,536,29.5
1981-04-12 14:19,43,4.72,SSC,669,31.4
1981-04-14 10:00,24,0.4,,523,11.7
1981-04-15 10:16,46,0.51,SI,545,10.8
1981-04-17 19:00,18,0.69,,474,13.5
1981-04-18 15:03,32,1.15,SSC,524,13.4
1981-04-20 05:00,36,0.9,,759,12.9
1981-04-24 06:00,24,0.35,,822,7.2
1981-04-26 08:13,42,2.52,SSC,781,13.9
1981-04-28 12:00,36,0.91,,557,8.6
1981-04-30 09:00,20,1.45,,418,10.2
1981-05-01 07:45,37,0.63,SSC,522,11.3
1981-05-03 02:00,25,0.55,,406,7.8
1981-05-04 18:00,62,0.65,,354,6.7
1981-05-08 17:54,4,0.6,SSC,359,13.3
1981-05-08 23:00,36,1.29,,406,25.7
1981-05-10 22:08,50,3.47,SSC,551,32.2
1981-05-13 07:00,30,1.01,,489,9.8
1981-05-14 18:56,7,0.22,SSC,533,14.6
1981-05-15 02:52,24,3.79,SSC,668,12
1981-05-16 05:32,35,3.3,SSC,707,12.9
1981-05-17 23:02,36,9.6,SSC,962,22.5
1981-05-20 05:19,49,0.92,SSC,692,10.2
1981-05-22 22:00,47,1.6,,504,11.4
1981-05-25 09:00,50,1.07,,451,8.9
1981-05-28 02:00,33,0.75,,415,8.2
1981-05-29 23:00,33,0.81,,355,7.1
1981-05-31 14:00,36,2.34,,468,10.8
1981-06-02 22:00,42,0.54,,443,12.7
1981-06-06 09:46,20,0.7,SSC,430,11.9
1981-06-07 08:23,29,2.39,SSC,500,30
1981-06-08 17:00,53,0.39,,473,5.6
1981-06-11 06:00,47,0.43,,392,7
1981-06-15 03:00,33,0.67,,398,10.8
1981-06-16 18:00,50,2.23,,478,12.3
1981-06-20 07:00,18,0.6,,398,7
1981-06-21 04:00,42,1.34,,437,10
1981-06-23 18:00,30,0.7,,405,9
1981-06-25 21:00,32,2.1,,543,10.2
1981-06-27 10:00,36,2.12,,488,8
1981-06-29 06:10,19,1.57,SSC,469,17
1981-06-30 02:00,51,1.57,,490,15.5
1981-07-04 23:00,51,0.63,,521,10
1981-07-11 04:00,56,0.56,,489,14.6
1981-07-16 04:00,25,0.59,,361,8.1
1981-07-17 08:02,59,2.11,SSC,451,17.4
1981-07-20 01:00,58,0.45,,435,12.5
1981-07-23 06:46,38,2.54,SSC,487,16.8
1981-07-25 05:14,7,1.07,SSC,611,20.3
1981-07-25 13:22,52,8.89,SSC,809,37.6
1981-07-29 23:00,27,0.53,,396,8.8
1981-07-31 05:00,49,0.58,,505,11.6
1981-08-03 01:00,36,1.15,,562,14.4
1981-08-05 05:00,53,1.04,,522,11.4
1981-08-09 21:00,7,0.96,,406,12.9
1981-08-10 04:34,30,4.09,SSC,519,28.5
1981-08-11 16:00,70,0.54,,719,11
1981-08-15 12:00,32,0.55,,475,7
1981-08-17 00:45,68,1.44,SSC,478,10.6
1981-08-22 16:00,18,1.32,,398,12
1981-08-23 12:57,36,2.86,SSC,455,20.9
1981-08-25 03:00,51,0.59,,480,10.5
1981-08-27 12:00,63,0.74,,538,15.6
1981-08-30 22:22,46,1.26,SSC,467,15.8
1981-09-01 20:00,20,0.66,,416,8.8
1981-09-02 18:00,34,1.11,,498,14.6
1981-09-04 22:00,36,0.68,,487,11.9
1981-09-08 21:46,32,1.64,SSC,444,14.3
1981-09-10 12:00,33,0.68,,436,11.8
1981-09-12 21:00,69,0.53,,374,10.2
1981-09-18 19:12,5,1.02,SSC,403,27.8
1981-09-19 01:37,43,1.11,SSC,443,30.7
1981-09-22 18:00,30,0.89,,341,12.5
1981-09-24 04:00,74,3.62,,436,13.7
1981-09-29 12:00,46,1.6,,493,16.3
1981-10-02 20:22,36,3.64,SSC,716,19
1981-10-06 09:00,34,0.58,,381,12.7
1981-10-08 02:00,31,0.83,,525,13.4
1981-10-10 14:34,37,6.13,SSC,564,15
1981-10-13 22:40,33,8.04,SSC,621,27.7
1981-10-15 14:00,35,1.23,,657,12
1981-10-17 08:00,36,1.34,,584,18.4
1981-10-19 06:00,27,0.79,,705,10.9
1981-10-20 13:00,34,4.64,,700,19
1981-10-22 05:25,36,1.7,SSC,590,20.1
1981-10-24 13:00,36,0.93,,454,12.3
1981-10-26 09:00,34,0.96,,453,11.1
1981-10-28 01:00,78,0.96,,511,8.3
1981-11-01 10:00,67,0.42,,393,10.3
1981-11-05 01:00,24,0.95,,353,8.6
1981-11-06 04:00,39,1.46,,395,10.9
1981-11-08 03:00,11,2.16,,475,21.2
1981-11-08 16:18,50,0.44,SSC,480,20
1981-11-11 12:38,36,6.91,SSC,661,26.5
1981-11-13 15:00,13,0.34,,582,11.3
1981-11-14 05:35,36,0.68,SSC,582,13.7
1981-11-16 20:29,36,2.04,SSC,809,18.7
1981-11-19 17:00,64,2.37,,534,12.4
1981-11-23 10:00,34,0.74,,372,10.7
1981-11-25 02:00,7,1.28,,426,27.3
1981-11-25 09:29,42,2.28,SSC,524,28.3
1981-11-27 22:00,27,0.55,,439,7.4
1981-12-01 12:00,30,1.66,,375,13.1
1981-12-02 22:00,80,0.73,,435,12.6
1981-12-07 21:00,15,0.32,,299,8.8
1981-12-08 13:00,43,2.62,,412,16.8
1981-12-10 14:00,28,0.53,,423,7.5
1981-12-12 01:44,40,1.12,SSC,537,12.5
1981-12-15 20:00,36,0.7,,392,12.1
1981-12-17 21:00,47,1.24,,389,13.4
1981-12-22 20:00,63,1.14,,467,12.3
1981-12-27 18:00,29,0.61,,418,12.7
1981-12-29 04:55,37,4.24,SSC,631,17.9
1981-12-31 02:07,36,0.78,SSC,639,13.7
1982-01-02 02:00,32,0.66,,521,8.4
1982-01-03 16:00,45,1.2,,467,8.2
1982-01-06 11:00,56,0.92,,561,12.6
1982-01-10 09:00,37,0.77,,333,7.7
1982-01-13 05:00,37,1.8,,326,11.3
1982-01-15 02:00,45,1.07,,413,13.7
1982-01-17 10:00,48,1.05,,465,9.6
1982-01-19 23:00,34,0.98,,398,16.9
1982-01-21 15:17,2,0,SSC,465,15.9
1982-01-21 17:31,32,0.69,SSC,530,20.5
1982-01-23 04:00,30,0.56,,567,11.4
1982-01-24 14:00,36,0.64,,591,8.4
1982-01-27 21:00,36,1.72,,416,17.8
1982-01-29 17:45,27,0.43,SSC,682,23.2
1982-01-31 01:02,30,7.64,SSC,678,14.7
1982-02-01 11:00,32,3.59,SSC,668,27.2
1982-02-03 01:29,49,1.38,SSC,769,13.6
1982-02-05 16:11,35,1.62,SSC,505,16.2
1982-02-07 11:00,47,0.95,,386,11.3
1982-02-10 01:00,31,0.66,,524,15.2
1982-02-11 13:13,58,6.79,SSC,689,25.4
1982-02-14 16:00,36,0.63,,474,13.3
1982-02-17 01:00,72,1.31,,801,22.6
1982-02-21 07:27,67,1.46,SI,633,11.7
1982-02-24 22:00,36,0.72,SI,670,17.1
1982-03-01 11:38,36,7.14,SSC,773,32.9
1982-03-04 21:00,33,0.49,,543,9.3
1982-03-07 09:00,21,0.51,,371,9.1
1982-03-08 09:00,57,1.82,,527,16.6
1982-03-12 13:00,40,1.03,,394,13.1
1982-03-16 22:00,33,1.62,,563,32.3
1982-03-20 20:00,23,0.36,,628,11.8
1982-03-21 22:00,42,2.14,,590,12.5
1982-03-24 03:00,28,0.5,,603,12.2
1982-03-28 19:00,69,1.19,,406,13.3
1982-04-01 13:05,35,2.65,SSC,555,17.9
1982-04-03 07:00,36,0.75,,482,12.8
1982-04-07 21:00,32,0.5,,450,8.5
1982-04-09 10:00,35,1.83,,430,16.9
1982-04-11 04:00,36,1.06,,434,13.5
1982-04-13 09:00,49,1.03,,444,10.2
1982-04-16 17:02,30,2.09,SSC,525,17.2
1982-04-18 00:00,32,0.73,,518,9.2
1982-04-19 11:00,28,0.52,,557,10.7
1982-04-21 06:00,31,0.59,,725,8.9
1982-04-24 20:16,50,5.21,SSC,675,22.9
1982-04-27 12:00,31,0.55,,502,10
1982-04-29 12:00,42,0.53,,623,14.7
1982-05-03 04:00,50,0.81,,699,10.9
1982-05-07 10:00,29,0.43,,362,6.1
1982-05-08 19:00,36,0.4,,407,10.2
1982-05-13 11:00,35,0.49,,389,13.1
1982-05-15 05:00,32,1.32,,574,13.5
1982-05-17 12:00,41,1.2,,620,11.3
1982-05-21 08:00,59,0.49,,531,6
1982-05-24 12:00,38,0.53,,380,11.7
1982-05-26 10:00,38,2.92,,642,20.9
1982-05-28 08:00,32,0.67,,762,12.6
1982-06-04 14:00,28,0.22,,395,6.5
1982-06-06 02:44,44,1.5,SSC,483,17.3
1982-06-09 00:40,30,5.65,SSC,526,31
1982-06-10 12:00,41,0.75,,599,10.8
1982-06-12 14:43,33,4.97,SSC,681,16
1982-06-14 04:00,68,1.03,,626,10.7
1982-06-18 04:00,53,0.97,,438,11.7
1982-06-22 15:00,63,1.27,,409,17.2
1982-06-26 12:00,61,0.77,,616,13.3
1982-06-29 12:00,34,0.92,,639,11.7
1982-07-01 05:00,74,0.77,,562,7.7
1982-07-05 07:00,34,1.73,,422,17.2
1982-07-10 05:00,26,1.4,,466,10.8
1982-07-11 09:53,43,4.45,SSC,600,22.6
1982-07-13 16:17,36,22.3,SSC,986,44.8
1982-07-16 15:19,36,2.73,SSC,844,23.1
1982-07-18 06:00,21,0.51,,540,14.1
1982-07-19 07:00,46,1.31,,683,13
1982-07-21 22:00,36,2.96,,582,12.8
1982-07-24 12:00,36,2.06,,810,16.2
1982-07-26 14:00,56,0.83,,713,14.8
1982-07-29 22:00,14,0.82,,540,
1982-07-30 14:22,36,2.23,SI,633,
1982-08-01 12:00,45,1.54,,598,14.9
1982-08-06 18:36,36,6.13,SSC,639,21.7
1982-08-09 07:00,69,1.94,,552,
1982-08-13 14:00,40,0.43,,489,7.2
1982-08-16 10:00,31,0.55,,370,14.3
1982-08-21 08:00,22,0.45,,727,
1982-08-22 09:00,39,1.42,,726,
1982-08-24 09:00,40,0.69,,558,
1982-08-26 10:00,42,0.69,,590,11.4
1982-08-28 20:00,49,0.9,,579,11.5
1982-09-02 08:00,66,0.96,,606,
1982-09-05 22:50,8,5.17,SSC,814,
1982-09-06 07:53,36,5.53,SSC,874,
1982-09-09 01:05,36,1.31,SSC,811,11.9
1982-09-12 19:00,38,1.01,,481,12.7
1982-09-15 12:00,57,1.05,,472,
1982-09-18 14:00,41,2.06,,634,
1982-09-21 03:39,39,8.51,SSC,1021,22.9
1982-09-23 04:00,24,0.52,,988,9.3
1982-09-24 09:45,24,0.24,SI,486,8.1
1982-09-25 17:03,3,0.08,SSC,436,13.7
1982-09-25 20:30,13,2.14,SSC,534,23.9
1982-09-26 10:33,36,1.35,SSC,529,23.5
1982-10-01 12:00,30,0.6,,437,
1982-10-03 15:00,66,0.87,,384,11.9
1982-10-08 12:00,32,0.6,,383,8.9
1982-10-10 01:00,80,1.41,,546,16.2
1982-10-15 13:00,63,1.22,,,13.8
1982-10-19 02:00,41,0.6,,,8.1
1982-10-23 08:00,50,0.46,,,4.1
1982-10-26 00:29,36,2.28,SSC,,
1982-10-28 05:00,61,2.81,,,18.8
1982-10-31 13:38,35,2.07,SSC,,12.7
1982-11-02 09:00,80,0.95,,,10.2
1982-11-08 08:00,36,2.92,,,16.6
1982-11-10 12:00,62,0.75,,,13.9
1982-11-14 09:00,63,1.22,,,11.4
1982-11-17 19:00,33,0.43,,,12.1
1982-11-20 18:41,49,1.98,SI,,17.1
1982-11-23 09:17,21,4.02,SSC,,31.8
1982-11-24 09:22,36,7.29,SSC,,36
1982-11-28 01:00,29,0.86,,,10.5
1982-11-29 10:00,23,1.85,,,12.2
1982-11-30 12:11,78,2.83,SI,,8.5
1982-12-04 01:00,36,0.93,,,13.6
1982-12-07 03:29,44,2.24,SSC,,25.3
1982-12-10 07:21,49,4.84,SSC,,33.9
1982-12-14 20:00,48,0.83,,,19.2
1982-12-17 08:06,22,3.08,SSC,,27
1982-12-18 09:00,16,1.54,,,13.1
1982-12-19 02:54,17,0.51,SSC,,16.9
1982-12-19 22:20,31,1.24,SI,,23
1982-12-22 02:00,29,1.71,,,11.7
1982-12-23 08:00,40,1.67,,,12.8
1982-12-25 03:00,36,1.02,,,
1982-12-27 07:15,80,4.06,SSC,,10.5
1983-01-01 02:00,20,0.45,,,9.6
1983-01-02 16:00,58,0.72,,,11.6
1983-01-09 15:45,28,9.42,SSC,,
1983-01-11 23:09,54,0.78,SSC,,10.2
1983-01-14 20:00,50,1.38,,,18
1983-01-19 15:00,48,0.77,,,
1983-01-23 17:00,61,1.17,,,14.3
1983-01-28 05:00,20,0.31,,,10.1
1983-01-29 04:00,69,2.33,,,15.1
1983-02-04 16:15,36,8.91,SSC,,
1983-02-07 11:00,52,0.88,,,10.5
1983-02-11 08:00,42,0.54,,,13.8
1983-02-13 12:00,30,0.55,,,
1983-02-14 23:00,38,1.24,,,
1983-02-19 04:40,34,0.33,SI,541,9.5
1983-02-20 21:00,68,0.53,,618,9.8
1983-02-24 19:00,36,0.53,,431,5.6
1983-02-26 23:00,40,0.94,,,
1983-03-01 01:00,9,2,,,
1983-03-01 11:54,32,2.21,SSC,520,29.2
1983-03-03 08:00,29,1.35,,599,9.8
1983-03-04 17:00,43,0.98,,500,10.2
1983-03-09 15:00,24,0.82,,367,15.9
1983-03-10 18:00,34,1.17,,435,16.6
1983-03-12 11:00,36,1.6,,,
1983-03-18 12:00,36,0.47,,590,11.8
1983-03-20 15:00,36,0.32,,620,7
1983-03-25 05:44,36,1.72,SSC,,
1983-03-28 07:06,74,0.71,SI,562,13.2
1983-04-02 10:00,34,0.42,,548,8.5
1983-04-04 02:00,39,0.73,,387,9.7
1983-04-06 19:00,74,1.44,,732,7.2
1983-04-12 10:55,20,0.69,SSC,561,14.2
1983-04-13 10:05,57,1.88,SSC,746,14.2
1983-04-16 12:00,67,0.76,,697,6.9
1983-04-21 20:00,34,0.66,,387,10.3
1983-04-23 13:00,69,3.64,,627,19.3
1983-04-28 10:00,26,1.58,,423,12.9
1983-04-29 14:56,36,0.64,SI,,
1983-05-01 19:00,34,0.98,,,
1983-05-03 12:00,37,0.55,,568,11.3
1983-05-08 13:00,20,0.37,,478,8.7
1983-05-10 18:55,11,1.38,SI,493,18.2
1983-05-11 07:32,66,3.58,SSC,725,22.8
1983-05-15 05:00,35,0.43,,,
1983-05-17 00:21,10,2.44,SSC,555,25.5
1983-05-17 11:51,28,2.79,SSC,500,23
1983-05-20 10:00,16,0.52,,464,16.8
1983-05-21 04:17,7,0.13,SSC,492,
1983-05-21 12:26,30,3.69,SI,720,15.9
1983-05-24 12:39,52,2.44,SSC,731,16.9
1983-05-30 12:00,37,0.57,,439,12.1
1983-06-02 03:00,34,0.53,,521,7.6
1983-06-05 07:00,45,0.47,,539,10.6
1983-06-08 15:00,23,0.76,,,
1983-06-09 17:29,9,1.72,SSC,,
1983-06-10 04:53,36,1.01,SSC,377,7.8
1983-06-12 09:44,14,0.15,SSC,380,17.5
1983-06-13 01:18,55,2.84,SSC,586,23.9
1983-06-17 07:00,64,0.77,,643,13.4
1983-06-21 11:00,40,1.04,,,
1983-06-23 12:00,36,0.55,,404,6.7
1983-06-26 06:00,36,1.31,,508,10.5
1983-06-28 14:00,65,0.48,,488,12.9
1983-07-05 06:00,30,0.46,,366,5.7
1983-07-08 16:00,54,0.64,,505,10.2
1983-07-11 18:00,50,1.02,,596,13
1983-07-14 22:00,34,0.49,,,
1983-07-16 15:00,23,0.48,,,
1983-07-17 17:00,62,1.74,,515,5.2
1983-07-22 21:00,32,2.7,,452,25.6
1983-07-24 10:00,36,0.86,,568,18.2
1983-07-28 02:00,40,0.73,,,
1983-07-30 13:00,28,0.33,,,
1983-07-31 21:00,28,0.43,,385,11.1
1983-08-02 05:00,54,2.81,,650,13.6
1983-08-05 23:00,30,2.22,,383,9.6
1983-08-07 08:27,47,2.43,SSC,,29.3
1983-08-10 21:00,49,0.8,,,
1983-08-13 15:00,71,2.51,,544,6.9
1983-08-19 11:01,42,0.81,SI,448,12.3
1983-08-21 16:00,46,0.71,,,
1983-08-24 01:00,49,0.56,,,
1983-08-29 10:00,40,2.07,,658,19.5
1983-09-01 15:00,36,0.38,,520,5.5
1983-09-05 21:00,46,0.45,,,
1983-09-08 07:00,73,1.35,,568,14.2
1983-09-13 20:00,21,0.22,,409,7.5
1983-09-14 21:00,40,1.53,,394,10.8
1983-09-17 17:00,30,0.39,,,
1983-09-19 03:00,33,1.43,,,
1983-09-23 16:00,26,0.85,,408,12.1
1983-09-24 21:00,45,0.69,,694,17.1
1983-09-30 10:00,56,0.51,,,
1983-10-04 05:41,36,1.41,SSC,533,23.7
1983-10-06 12:41,38,0.7,SI,579,16
1983-10-08 06:00,75,1.24,,630,9
1983-10-11 22:00,30,0.34,,,
1983-10-13 09:00,52,0.76,,,
1983-10-16 03:00,42,1.14,,469,14.6
1983-10-18 08:00,36,0.63,,546,12.3
1983-10-21 13:24,69,0.92,SI,616,12.3
1983-10-25 07:00,27,0.51,,,
1983-10-26 13:00,39,0.74,,,
1983-10-28 15:00,36,0.97,,536,21.3
1983-11-01 08:00,18,0.33,,386,11.9
1983-11-02 04:00,39,1.2,,674,24
1983-11-07 11:40,42,2.17,SSC,,
1983-11-09 16:00,35,0.87,,652,14
1983-11-11 11:10,52,1.78,SI,614,12.7
1983-11-14 08:00,22,0.42,,550,12.8
1983-11-15 09:00,30,0.75,,642,14.2
1983-11-16 20:00,53,0.99,,785,8.8
1983-11-23 15:00,21,0.27,,376,4.3
1983-11-24 19:00,41,0.83,,483,11.7
1983-11-27 11:00,25,0.38,,436,9.7
1983-11-28 15:00,77,1.12,SSC,685,13.7
1983-12-04 23:00,80,2.09,,639,13.6
1983-12-10 03:13,27,2.4,SSC,470,14.4
1983-12-11 08:53,42,1.25,SI,693,17.2
1983-12-15 05:00,45,0.61,,,
1983-12-18 15:00,36,0.65,,433,15.1
1983-12-21 22:00,42,0.57,,426,10.7
1983-12-24 02:00,29,0.55,,419,13.2
1983-12-26 10:00,49,0.98,,397,8.4
1983-12-30 03:47,35,2.46,SSC,582,15.8
1983-12-31 22:00,40,0.82,,555,10.8
1984-01-03 14:00,40,3.18,,590,20.1
1984-01-10 09:00,59,0.79,,410,8.6
1984-01-13 14:00,36,0.98,,439,9.2
1984-01-16 02:00,31,0.5,,377,8
1984-01-18 08:00,38,0.87,,439,14.1
1984-01-20 18:00,40,0.96,,,
1984-01-24 04:00,72,1.1,,410,9.3
1984-01-28 05:00,45,1.87,,560,15.8
1984-01-30 15:00,43,0.75,SI,696,8.2
1984-02-02 13:00,35,2.81,,,
1984-02-04 08:00,43,1.66,,395,6
1984-02-08 12:00,41,0.9,,449,9.3
1984-02-10 14:00,39,1.04,,458,13
1984-02-12 15:04,35,1.91,SSC,420,16.6
1984-02-14 09:00,63,1.21,,,
1984-02-17 22:00,52,0.62,,466,9.7
1984-02-20 15:56,37,1.19,SSC,516,15.4
1984-02-23 05:00,45,1.31,,647,12.1
1984-02-25 15:00,27,1.06,,378,14.5
1984-02-26 21:00,36,2.3,,,
1984-02-29 03:38,32,1.51,SSC,449,11.6
1984-03-01 17:00,36,1.09,,757,13.6
1984-03-05 18:00,12,0.37,,408,9.2
1984-03-06 08:20,36,0.61,SSC,594,11.9
1984-03-09 22:00,36,0.54,,,8.5
1984-03-12 01:00,25,1.04,,,
1984-03-13 16:00,42,0.7,,460,10.6
1984-03-15 21:00,62,0.99,,512,13.6
1984-03-19 05:00,42,1.1,,522,8.1
1984-03-21 10:00,65,2.65,,464,13.9
1984-03-26 13:00,55,3.29,,649,13.8
1984-03-28 22:32,56,0.76,SSC,739,11.1
1984-03-31 22:00,36,0.86,,639,10.5
1984-04-02 18:00,35,0.79,,648,6.8
1984-04-04 12:00,36,1.07,,,
1984-04-06 12:00,34,1.73,,,
1984-04-08 13:00,36,1.15,,,
1984-04-10 10:00,35,0.66,,,9.5
1984-04-12 04:00,42,0.77,,,
1984-04-14 17:00,55,0.97,,,13.5
1984-04-17 14:42,58,1.24,SSC,,
1984-04-25 03:00,32,2.86,,,15.9
1984-04-26 16:00,46,5.17,,548,12.5
1984-04-30 04:00,41,1.55,,,6.2
1984-05-02 07:00,32,1.03,,510,8.2
1984-05-03 21:00,62,0.98,,480,11.7
1984-05-07 23:00,24,0.55,,377,11.4
1984-05-10 14:00,45,2.65,,498,18.5
1984-05-13 01:00,36,1.6,,,
1984-05-14 22:00,26,0.72,,,
1984-05-16 03:00,30,1.57,,568,11.5
1984-05-17 12:56,53,1.21,SSC,534,11.6
1984-05-20 11:00,69,1.72,,634,10.4
1984-05-24 08:45,23,2.59,SSC,,
1984-05-25 11:00,28,1.13,,,
1984-05-26 19:00,42,1.44,,,
1984-06-01 09:00,25,0.96,,393,10.3
1984-06-02 13:00,50,1.39,,634,16.4
1984-06-05 05:00,48,1.39,,607,7.1
1984-06-08 10:00,35,0.52,,,
1984-06-10 07:00,36,0.59,,640,7.5
1984-06-15 04:33,39,2.37,SI,693,19.2
1984-06-18 02:00,59,2.16,,532,14.6
1984-06-23 20:56,36,0.5,SI,496,7.5
1984-06-25 19:00,36,0.78,,423,9.5
1984-06-27 15:00,26,1.21,,392,10.1
1984-06-28 20:00,61,0.86,,497,13.2
1984-07-01 10:00,55,0.91,,,
1984-07-04 08:00,67,0.88,,632,9.9
1984-07-09 16:39,36,1.71,SSC,465,10.3
1984-07-11 23:00,27,0.66,,419,12.9
1984-07-13 06:02,36,1.28,SSC,,17.1
1984-07-15 14:00,80,1.1,,,
1984-07-24 01:00,36,2.93,,477,13.5
1984-07-26 12:00,21,0.82,,,
1984-07-28 08:00,61,0.58,,,
1984-07-31 14:51,36,1.78,SSC,657,11.7
1984-08-07 10:00,71,0.89,,368,6.6
1984-08-11 14:00,37,0.58,,,
1984-08-14 01:00,36,0.68,,608,16.5
1984-08-18 14:00,36,1.26,,469,10.7
1984-08-20 10:00,63,0.93,,,
1984-08-23 21:00,35,0.65,,,
1984-08-25 16:00,33,0.6,,468,5.3
1984-08-27 08:00,51,0.98,,638,17.8
1984-08-30 21:00,65,0.54,,409,6.6
1984-09-04 07:46,36,3.74,SSC,,
1984-09-07 21:00,35,0.65,,477,14.4
1984-09-09 15:00,56,0.65,,778,17.5
1984-09-13 18:00,80,0.6,,615,8
1984-09-19 02:00,36,1.53,,522,16.7
1984-09-22 10:00,67,1.41,,778,16.4
1984-09-26 15:00,76,0.46,,,
1984-10-01 17:00,53,0.78,,387,13.2
1984-10-04 16:00,21,0.49,,374,5.7
1984-10-06 04:00,36,2.38,,514,17.4
1984-10-10 09:00,69,0.46,,,
1984-10-14 03:00,31,0.59,,550,6.3
1984-10-15 15:00,35,0.84,,486,8.2
1984-10-18 02:00,8,0.43,,395,9.1
1984-10-18 10:45,65,1.73,SSC,748,19.6
1984-10-25 16:00,36,1.61,,,
1984-10-31 17:00,36,2.38,,499,23
1984-11-03 22:00,44,0.7,,590,9.3
1984-11-07 15:00,60,0.82,,,
1984-11-13 17:00,27,0.89,,451,7.1
1984-11-14 23:55,30,1.79,SI,573,20.6
1984-11-16 10:00,36,0.98,,,6.4
1984-11-20 14:00,43,0.48,,497,6.3
1984-11-27 16:00,44,0.5,,,8.2
1984-11-29 23:00,36,2.13,,,
1984-12-01 23:00,36,0.8,,,
1984-12-04 08:00,65,0.62,,724,7.9
1984-12-08 19:00,36,0.44,,,
1984-12-11 01:00,38,1.58,,663,15.4
1984-12-13 01:02,41,1.2,SSC,,
1984-12-15 03:00,77,0.72,,624,8.2
1984-12-21 17:21,34,0.93,SI,435,16.2
1984-12-23 09:39,21,0.53,SSC,456,6.1
1984-12-24 16:00,30,0.98,,,
1984-12-26 04:00,36,1.68,,,
1984-12-28 17:00,36,0.52,,,
1985-01-04 15:00,36,0.5,,456,9.1
1985-01-08 14:12,44,1.98,SSC,,
1985-01-13 16:00,50,1.7,,582,5.7
1985-01-17 09:00,45,1.07,,414,8.1
1985-01-20 18:00,49,1.33,,,
1985-01-23 08:05,34,0.86,SI,597,11.3
1985-01-25 01:00,36,2.84,,483,12.9
1985-01-27 19:00,36,1.63,,506,12.8
1985-01-29 18:00,48,0.55,,503,7.8
1985-02-01 15:00,36,0.59,,,
1985-02-05 03:48,49,1.95,SSC,569,16.1
1985-02-09 21:00,52,0.56,,694,7.7
1985-02-14 08:00,36,1.02,,,
1985-02-17 20:00,32,0.49,,460,6.2
1985-02-19 10:00,36,0.77,,408,10.8
1985-02-23 15:00,52,0.77,,436,9.3
1985-02-27 15:00,34,0.92,,,
1985-03-02 04:00,32,0.58,,648,10
1985-03-04 18:27,44,0.98,SSC,758,12.2
1985-03-09 22:00,9,0.68,,497,9.6
1985-03-10 09:24,71,0.9,SI,486,14.5
1985-03-15 02:00,40,0.55,,484,10.2
1985-03-17 16:00,52,0.88,,399,7
1985-03-22 18:00,57,0.94,,336,6.7
1985-03-27 12:00,45,0.72,,420,10
1985-03-30 17:00,26,0.53,,505,10.6
1985-03-31 22:00,61,0.68,,747,12.2
1985-04-06 20:00,30,0.53,,,
1985-04-09 08:00,36,0.89,,453,15.3
1985-04-11 09:00,25,0.61,,598,7.3
1985-04-13 03:00,33,0.8,,405,9.9
1985-04-16 08:00,38,0.52,,394,8.1
1985-04-18 16:00,30,0.88,,,
1985-04-20 03:11,38,2.82,SSC,509,9.5
1985-04-23 12:00,37,0.75,,570,6.7
1985-04-26 01:00,37,5.66,,684,13.9
1985-04-27 22:00,36,2.01,,641,11.5
1985-04-30 09:23,34,1.3,SSC,,12.8
1985-05-02 01:44,56,0.63,SI,453,10.3
1985-05-06 01:00,36,0.48,,512,9
1985-05-07 21:00,68,0.61,,418,6.5
1985-05-13 19:00,40,0.75,,,8.9
1985-05-16 14:00,71,1.3,,440,9.5
1985-05-20 14:00,41,0.7,,380,7.2
1985-05-24 18:00,36,0.93,,,9.6
1985-05-28 15:00,36,0.66,,467,8.8
1985-05-31 17:00,47,0.61,,466,12.6
1985-06-03 10:00,43,0.5,,377,5
1985-06-06 05:44,4,0.38,SSC,361,11.1
1985-06-06 11:08,57,1.29,SI,374,13.6
1985-06-09 17:15,64,0.71,SSC,,11.4
1985-06-14 02:00,36,0.66,,,7.4
1985-06-17 03:00,31,0.43,,363,9.1
1985-06-20 12:00,41,1.59,,,11.7
1985-06-24 09:00,71,0.88,,615,11.2
1985-06-30 13:00,57,0.42,,545,7.6
1985-07-04 04:01,27,1.44,SSC,,15.3
1985-07-05 10:00,50,0.89,,694,8.1
1985-07-10 14:00,26,0.37,,473,6.6
1985-07-11 19:00,34,3.51,,509,12
1985-07-17 02:00,61,0.7,,497,13.3
1985-07-20 10:00,44,0.64,,405,7.7
1985-07-22 19:48,33,0.43,SSC,500,13.7
1985-07-24 11:00,79,0.71,,599,9.7
1985-07-30 05:00,29,1.35,,537,19.7
1985-07-31 14:00,62,1.29,,638,11.6
1985-08-07 20:00,63,0.84,,,11.5
1985-08-12 14:51,48,1.44,SSC,640,21.4
1985-08-15 16:00,34,0.65,,434,6.3
1985-08-18 03:00,11,0.27,,,10.5
1985-08-18 14:00,60,0.92,,550,12.3
1985-08-24 21:00,36,1.1,,525,11.1
1985-08-26 17:00,72,0.86,,725,8.7
1985-08-30 16:00,36,1.61,,548,12.9
1985-09-06 12:00,28,0.58,,347,9
1985-09-09 08:00,66,0.6,,522,9.5
1985-09-13 06:00,21,0.22,,312,5.2
1985-09-14 06:00,48,1.06,SSC,,7.1
1985-09-16 18:00,45,0.76,,,7.2
1985-09-19 02:00,36,0.76,,673,15.3
1985-09-23 16:00,70,0.49,,625,12.8
1985-09-28 16:00,36,0.4,,,4.2
1985-09-30 14:00,36,0.61,,,
1985-10-02 11:00,39,1.82,,363,11
1985-10-05 01:00,36,0.81,,698,16.1
1985-10-08 20:00,36,0.52,,450,5.1
1985-10-11 05:00,36,1.09,,,13.2
1985-10-13 03:00,59,0.76,,593,8.3
1985-10-16 07:00,42,0.85,,575,12.6
1985-10-18 12:00,36,0.49,,712,8.7
1985-10-21 03:00,38,0.69,,616,12.4
1985-10-25 03:00,43,0.57,,,
1985-10-27 17:00,68,0.71,,389,9.1
1985-10-31 10:59,42,0.64,SSC,434,7.5
1985-11-02 15:00,60,0.72,,612,11.7
1985-11-05 21:00,36,0.42,,,
1985-11-08 19:00,61,1.43,,666,10.7
1985-11-12 17:00,62,1.5,,682,13.3
1985-11-17 05:00,36,0.62,,,
1985-11-20 14:00,36,0.3,,374,7.5
1985-11-23 10:00,35,0.46,,367,4.4
1985-11-25 10:00,27,0.6,,334,11.3
1985-11-26 16:00,32,0.99,,488,7.9
1985-11-29 08:06,36,2.46,SSC,,
1985-12-01 18:00,36,0.48,,,
1985-12-04 09:00,36,0.36,,552,9.9
1985-12-06 12:00,38,0.64,,401,8
1985-12-09 20:32,42,1.39,SSC,691,11.8
1985-12-12 21:19,36,1.58,SSC,,
1985-12-17 01:00,27,0.61,,376,6.9
1985-12-18 06:47,39,3.13,SSC,459,13
1985-12-22 01:00,47,0.6,,410,5.1
1985-12-25 22:00,33,0.47,,,
1985-12-27 13:00,36,1.34,,,
1985-12-29 21:00,33,1.05,,684,10.7
1986-01-03 11:00,26,0.33,,535,4.9
1986-01-06 14:32,4,0.22,SSC,,9.8
1986-01-06 19:31,36,1.07,SSC,,13.2
1986-01-09 17:00,40,0.38,,427,4.5
1986-01-12 06:00,42,0.46,,375,4.8
1986-01-15 07:00,66,1.43,,391,9.2
1986-01-19 02:00,25,0.94,,,
1986-01-20 06:00,48,1.34,,,
1986-01-22 21:00,36,0.61,,567,6.7
1986-01-25 02:35,35,0.98,SSC,772,10.3
1986-01-26 21:00,49,0.85,,773,10.2
1986-01-29 11:00,30,0.39,,736,7.1
1986-02-01 22:00,28,0.33,,,
1986-02-04 01:00,30,0.43,,,
1986-02-05 22:00,13,0.33,,355,3.9
1986-02-06 13:12,23,3.39,SSC,497,14.2
1986-02-07 15:00,22,3.7,,856,31
1986-02-08 16:00,36,7.79,,930,22.4
1986-02-13 05:00,30,0.8,,,5.8
1986-02-14 14:34,32,1.78,SSC,,
1986-02-16 04:00,13,0.84,,,
1986-02-16 18:38,41,3.18,SSC,476,5.9
1986-02-20 08:00,23,0.42,,516,8.7
1986-02-21 10:00,65,1.39,,788,10.7
1986-02-26 12:00,78,1.01,,,
1986-03-01 20:00,55,0.45,,538,5.4
1986-03-04 18:00,34,0.69,,423,7.4
1986-03-06 10:44,27,1.22,SSC,482,13.7
1986-03-07 17:00,22,0.54,,590,9.4
1986-03-08 18:00,36,2.2,,700,8.8
1986-03-11 03:00,36,0.71,,,
1986-03-13 18:00,51,0.48,,393,7.5
1986-03-16 17:00,34,0.35,,404,6.3
1986-03-18 10:00,29,0.45,,523,9.1
1986-03-20 09:00,25,0.38,,401,6.7
1986-03-21 13:00,36,0.76,,630,9.2
1986-03-23 10:00,70,0.57,,,
1986-03-27 08:00,37,0.38,,677,8.4
1986-03-30 18:00,27,0.35,,413,6.8
1986-04-01 01:00,49,0.43,,498,7.3
1986-04-03 15:00,36,0.41,,532,7.3
1986-04-05 20:00,36,0.59,,,
1986-04-07 20:00,29,0.45,,348,6.7
1986-04-09 10:34,36,0.59,SI,415,12
1986-04-11 14:00,43,0.44,,369,9.6
1986-04-15 04:35,30,0.57,SI,450,9.4
1986-04-19 11:00,36,0.46,,,
1986-04-21 07:00,34,0.55,,492,8.8
1986-04-23 00:00,49,0.64,,607,9.4
1986-04-26 18:00,34,0.49,,411,4.6
1986-04-28 10:00,24,0.39,,444,7.5
1986-04-30 14:00,37,0.5,,,
1986-05-02 11:00,36,2.33,,,
1986-05-04 09:46,36,0.57,SSC,462,12.3
1986-05-06 06:00,35,1.09,,459,11.8
1986-05-08 01:00,50,0.59,,443,7.9
1986-05-13 03:00,28,0.3,,,
1986-05-14 11:00,58,1.07,,,
1986-05-17 14:00,35,0.46,,381,7.8
1986-05-19 09:00,36,0.89,,426,10.7
1986-05-22 15:00,36,0.35,,465,7.2
1986-05-25 00:00,35,0.76,,465,8.6
1986-05-26 18:00,36,0.33,,,
1986-05-28 23:00,30,0.43,,359,5.3
1986-05-30 10:00,58,1.06,,530,10.5
1986-06-03 16:00,30,0.46,,461,8.1
1986-06-06 03:00,34,0.46,,398,8.2
1986-06-07 19:00,68,0.56,,,
1986-06-11 12:00,58,0.39,,447,7.2
1986-06-15 10:00,42,0.5,,376,5.9
1986-06-17 15:00,43,0.63,,434,5.7
1986-06-21 08:00,52,0.62,,319,6.7
1986-06-24 02:00,35,0.58,,389,10.4
1986-06-25 20:00,34,0.66,,347,7.6
1986-06-27 12:01,36,1.43,SI,564,17.3
1986-06-30 16:00,49,0.74,,567,6.2
1986-07-03 23:00,35,0.41,,428,4.7
1986-07-05 18:00,30,0.34,,474,6.3
1986-07-07 09:00,61,0.72,,435,6.5
1986-07-10 16:00,65,0.95,,401,5.1
1986-07-15 04:00,32,0.6,,,
1986-07-16 23:00,23,0.39,,421,3.8
1986-07-18 01:00,36,0.47,,425,6.2
1986-07-20 14:00,36,1.65,,397,7.8
1986-07-24 21:16,38,0.8,SSC,720,18.2
1986-07-27 02:00,57,0.82,,,
1986-07-30 05:00,41,0.78,,659,6.8
1986-08-02 13:00,22,0.69,,,
1986-08-03 14:00,31,0.46,,616,11.5
1986-08-10 19:00,40,0.34,,,
1986-08-12 23:00,36,0.46,,513,11.9
1986-08-15 19:00,32,0.29,,441,5.3
1986-08-18 21:00,34,0.56,,335,8
1986-08-20 13:51,36,1.73,SSC,513,17
1986-08-23 10:00,50,0.37,,713,5.2
1986-08-27 03:00,30,0.33,,684,7.6
1986-08-28 14:00,66,0.46,,778,8.3
1986-09-01 14:00,34,0.45,,619,7.7
1986-09-04 07:00,54,0.53,,,
1986-09-09 17:00,41,0.86,,413,11.8
1986-09-11 18:36,36,3.51,SSC,595,23.4
1986-09-15 13:00,36,0.89,,,
1986-09-18 01:00,80,0.77,,692,6.9
1986-09-22 19:00,24,0.54,,685,14.5
1986-09-25 09:00,28,0.65,,738,6.7
1986-09-30 00:00,31,0.31,,,
1986-10-01 11:48,44,0.44,SSC,477,9.9
1986-10-04 05:00,56,0.71,,563,9.6
1986-10-08 06:00,44,0.41,,390,6.7
1986-10-13 10:54,3,0.04,SSC,,
1986-10-13 14:54,36,1.51,SI,670,14.8
1986-10-17 21:00,57,1.24,,672,9.3
1986-10-20 23:00,36,0.39,,681,8.1
1986-10-23 05:00,36,0.45,,,
1986-10-25 06:00,38,1.83,,,
1986-10-27 17:00,25,0.43,,421,8.2
1986-10-28 21:26,56,0.86,SSC,497,9.9
1986-10-31 22:00,36,0.86,,357,11.6
1986-11-03 02:00,19,0.41,,464,5
1986-11-03 23:54,36,5.55,SSC,,19.1
1986-11-07 17:00,32,0.29,,,
1986-11-10 15:00,36,0.81,,434,13.3
1986-11-15 09:00,36,0.81,,537,13.4
1986-11-21 12:00,48,1.25,,400,7.3
1986-11-24 09:23,24,2.73,SSC,491,18.7
1986-11-25 12:00,36,1.05,,469,11.7
1986-11-28 12:00,39,0.43,,369,6.1
1986-11-30 15:00,36,0.54,,,
1986-12-04 11:00,28,0.56,,367,8.7
1986-12-05 19:00,36,0.32,,342,8.9
1986-12-09 08:00,38,0.49,,453,10.4
1986-12-13 18:42,36,0.45,SI,,
1986-12-15 18:00,32,0.51,,,
1986-12-17 08:00,52,0.41,,467,9.7
1986-12-21 07:00,20,0.43,,450,8.2
1986-12-22 06:00,26,0.52,,565,9.2
1986-12-23 11:00,44,0.52,,579,8.8
1986-12-29 06:00,29,0.51,,342,6.2
1986-12-31 09:00,39,1.05,,418,9.6
1987-01-02 08:00,56,0.42,,429,7.6
1987-01-05 15:00,59,0.51,,326,4.5
1987-01-08 20:00,36,0.58,,,
1987-01-12 02:00,39,0.58,,386,9.7
1987-01-15 04:00,63,0.36,,410,7.5
1987-01-19 16:00,37,0.81,,,
1987-01-25 15:00,55,0.36,,493,7.6
1987-01-28 13:00,36,0.55,,520,9.6
1987-01-30 18:00,38,0.59,,397,7.6
1987-02-05 18:00,33,0.76,,489,8.5
1987-02-07 23:00,29,0.44,,573,8.7
1987-02-10 20:00,20,0.26,,411,4.2
1987-02-11 19:00,63,0.65,,411,11.3
1987-02-16 03:00,69,0.65,,,6.4
1987-02-19 21:51,36,1.24,SI,646,11.5
1987-02-23 07:00,48,0.49,,622,7.9
1987-02-27 09:00,42,1.01,,,
1987-03-03 01:00,78,1.42,,634,9.9
1987-03-12 13:00,36,0.38,,,
1987-03-16 13:00,35,0.4,,502,7.5
1987-03-18 08:00,36,0.44,,567,11.5
1987-03-20 14:00,23,0.33,,457,8.9
1987-03-21 16:00,24,0.4,,604,9.8
1987-03-22 19:00,36,1.93,,678,8.4
1987-03-25 01:00,28,0.35,,,
1987-03-26 09:00,42,1.41,,,
1987-03-30 09:00,32,0.38,,381,9.2
1987-03-31 23:00,36,0.82,,355,10.2
1987-04-04 03:16,36,1.57,SSC,415,15.9
1987-04-07 19:00,36,0.55,,,
1987-04-09 21:00,36,0.69,,453,11
1987-04-12 14:00,43,0.99,,377,11.3
1987-04-15 10:00,36,0.91,,419,9.3
1987-04-18 08:00,23,0.27,,,
1987-04-19 10:00,36,0.81,,,
1987-04-21 10:00,31,0.42,,,
1987-04-23 14:00,44,0.44,,374,8.4
1987-04-29 05:00,32,0.48,,323,6.6
1987-04-30 19:00,36,0.95,,372,8.7
1987-05-03 13:00,36,0.34,,,
1987-05-06 14:00,36,0.45,,371,8.2
1987-05-09 05:00,48,0.7,,440,7.6
1987-05-13 14:04,40,0.64,SI,,
1987-05-21 06:00,60,0.7,,352,8.7
1987-05-24 12:00,41,1.17,,430,10.4
1987-05-27 07:00,29,0.75,,,
1987-05-28 16:00,33,1.71,,412,9.6
1987-05-30 07:00,47,1.09,,408,11.8
1987-06-01 18:00,36,0.52,,490,11.7
1987-06-03 20:00,33,0.35,,401,5.3
1987-06-06 07:00,52,1.5,,394,13.4
1987-06-10 06:00,33,0.6,,396,11.3
1987-06-12 02:00,47,0.45,,516,7.8
1987-06-15 03:00,36,0.26,,374,5.3
1987-06-17 16:00,25,0.39,,383,7.2
1987-06-18 20:00,42,0.76,,429,10.1
1987-06-21 01:00,50,0.93,,,
1987-06-23 23:00,35,0.59,,338,7.3
1987-06-25 18:00,57,0.48,,484,11
1987-06-30 05:00,50,0.41,,315,4.9
1987-07-03 13:17,5,0.09,SI,,
1987-07-03 19:16,27,0.34,SSC,,
1987-07-05 02:00,38,0.33,,359,4.5
1987-07-07 19:00,50,1.04,,449,10.6
1987-07-12 13:00,49,0.52,,419,9.3
1987-07-15 07:57,28,0.52,SSC,,
1987-07-17 06:00,28,0.78,,,
1987-07-24 16:36,37,1.78,SSC,376,11.6
1987-07-28 08:49,35,2.06,SSC,,
1987-07-30 15:00,36,0.53,,402,9.5
1987-08-03 02:00,36,0.57,,440,13.2
1987-08-06 13:00,34,0.44,,446,8.6
1987-08-08 05:00,67,0.46,,396,9.9
1987-08-11 20:00,41,0.35,,622,8.7
1987-08-13 23:00,78,0.9,,674,8
1987-08-22 09:38,39,0.81,SSC,,
1987-08-24 09:38,18,2.05,SSC,,
1987-08-25 06:58,39,1.5,SSC,559,18.7
1987-08-27 07:00,42,2.15,,551,12.6
1987-08-29 11:07,27,0.54,SI,462,11.5
1987-08-30 17:00,66,0.94,,667,12.9
1987-09-05 15:00,24,0.46,,449,9.7
1987-09-07 07:00,51,0.71,,611,8.6
1987-09-10 11:34,58,1.65,SSC,700,16.9
1987-09-13 16:00,57,0.85,,725,8.9
1987-09-16 18:00,40,0.45,,,
1987-09-19 17:00,19,0.78,,405,8.1
1987-09-20 13:11,2,0,SI,389,8.8
1987-09-20 15:24,63,0.67,SSC,430,13.1
1987-09-24 01:57,34,2.47,SSC,427,20.7
1987-09-25 18:00,42,1.14,,471,16.1
1987-09-28 09:03,29,0.44,SI,,
1987-09-29 18:00,42,0.58,,,
1987-10-03 04:33,37,0.96,SI,454,10.5
1987-10-07 14:00,38,0.56,,454,10.2
1987-10-10 08:00,47,1.78,,,
1987-10-14 10:00,55,0.73,,776,7.2
1987-10-20 20:00,36,0.39,,376,8.8
1987-10-22 18:00,36,1.21,,358,10.2
1987-10-24 21:00,23,0.65,,,
1987-10-26 18:00,69,0.63,,701,10.2
1987-10-31 18:00,38,0.7,,415,5.4
1987-11-02 15:53,16,1.28,SSC,472,13.6
1987-11-03 10:00,36,1.68,SSC,542,19.5
1987-11-07 03:25,53,0.56,SSC,357,11.3
1987-11-10 01:00,68,0.97,,630,12.4
1987-11-19 01:00,39,0.61,,,
1987-11-23 09:00,22,0.95,,558,18.1
1987-11-24 10:00,36,1.27,,610,11.6
1987-11-26 12:00,36,0.59,,541,8.4
1987-11-29 21:00,32,1.45,,,
1987-12-01 11:00,64,1.47,,,
1987-12-05 04:00,51,0.91,,594,17.4
1987-12-09 19:41,38,0.63,SSC,696,21.9
1987-12-15 15:04,46,1.3,SI,562,6.1
1987-12-19 05:00,79,1.01,,432,9.4
1987-12-25 15:00,29,0.49,,,
1987-12-28 20:20,61,0.94,SI,306,8
1988-01-01 05:00,50,2.65,,476,19
1988-01-04 20:12,36,4.79,SSC,505,18.5
1988-01-06 16:31,36,1.96,SSC,,
1988-01-11 19:00,35,1.98,,553,17.9
1988-01-13 23:30,36,4.54,SSC,760,30.9
1988-01-17 17:00,52,0.63,,449,7.3
1988-01-23 18:00,63,0.82,,344,8.5
1988-01-27 20:00,65,0.64,,341,10.2
1988-02-01 01:00,30,0.59,,,
1988-02-06 01:00,41,0.46,,470,8.1
1988-02-08 23:00,48,1.94,,426,9.2
1988-02-11 11:00,30,1.1,,447,13.1
1988-02-12 21:27,71,3.69,SSC,543,16.3
1988-02-16 20:00,31,0.55,,,
1988-02-21 01:56,50,8.73,SSC,585,24
1988-02-23 18:00,57,0.68,,482,7.1
1988-03-01 12:00,41,0.75,,377,11.5
1988-03-03 14:00,73,1.37,,472,18
1988-03-07 17:26,41,1.5,SSC,508,16.2
1988-03-10 11:45,34,0.64,SI,,
1988-03-13 10:00,75,1.02,,618,9.9
1988-03-19 22:00,33,0.77,,365,6.7
1988-03-21 21:00,35,0.45,,338,6.7
1988-03-23 15:00,72,2.55,,,
1988-03-27 13:47,23,0.42,SI,450,10.6
1988-03-28 16:00,48,1.61,,513,12.9
1988-04-01 20:00,37,0.81,,516,8.4
1988-04-03 16:37,36,2.19,SI,502,17.4
1988-04-05 20:00,55,0.7,,,
1988-04-09 01:00,47,0.46,,609,9.4
1988-04-15 13:00,70,0.93,,539,9.6
1988-04-19 09:02,34,0.43,SSC,,
1988-04-21 12:00,46,2.39,,502,22.1
1988-04-27 15:00,61,0.78,,326,10.2
1988-05-01 22:00,37,0.46,,,
1988-05-04 03:00,41,0.96,,378,20.6
1988-05-06 04:28,36,2.22,SSC,657,28.7
1988-05-09 12:00,42,1.03,,559,9.7
1988-05-13 17:00,36,0.47,,,
1988-05-15 21:00,34,1.36,,344,9.9
1988-05-17 14:00,36,1.22,,470,11.4
1988-05-20 19:00,79,0.74,,503,8.2
1988-05-25 15:00,36,0.71,,,
1988-05-28 10:00,33,0.57,,335,9.7
1988-05-30 05:00,36,2.57,,512,14.8
1988-06-02 03:00,50,0.49,,486,5.2
1988-06-05 12:21,66,0.83,SSC,346,10.8
1988-06-12 22:00,30,1,,395,11.8
1988-06-14 08:00,36,0.83,,484,13.9
1988-06-16 21:00,30,0.41,,418,7.6
1988-06-18 07:00,61,1.12,,481,8.1
1988-06-22 06:00,35,1.18,,,
1988-06-24 00:29,64,3.37,SSC,522,12.7
1988-06-27 12:00,31,0.42,,386,6.8
1988-06-29 04:29,28,2.67,SSC,622,21.8
1988-06-30 19:00,36,0.56,,636,8.7
1988-07-03 12:00,30,0.58,,,
1988-07-05 15:58,32,1.47,SI,380,8.4
1988-07-08 02:00,36,0.79,,373,8.8
1988-07-10 22:00,70,2.46,,539,14.4
1988-07-20 02:00,22,0.37,,461,5.3
1988-07-21 03:17,49,2.89,SSC,593,14.3
1988-07-23 04:00,29,0.62,,517,7.8
1988-07-26 08:00,48,2.13,,,
1988-07-29 07:00,67,0.62,,390,7.6
1988-08-02 22:00,36,0.66,,422,11.3
1988-08-05 07:00,34,1.83,,417,11.1
1988-08-09 05:09,49,1.4,SSC,,
1988-08-11 22:00,56,0.84,,499,10.2
1988-08-14 23:00,40,0.92,,648,5.7
1988-08-20 12:01,30,1.14,SSC,,
1988-08-21 22:30,36,1.72,SSC,,
1988-08-25 09:32,49,6.36,SSC,699,18.4
1988-08-31 07:00,37,1.82,,593,13.6
1988-09-03 05:00,36,0.5,,,
1988-09-06 18:00,36,0.77,,398,8.6
1988-09-09 02:00,78,0.89,,536,14.1
1988-09-15 17:00,41,1.51,,,
1988-09-17 18:45,50,1.28,SSC,452,10.1
1988-09-20 08:00,99,2.33,,587,10.7
1988-09-26 10:00,46,0.55,,506,11.9
1988-09-28 20:45,69,1.86,SSC,,
1988-10-03 20:00,21,0.31,,391,5.6
1988-10-04 20:15,18,1.2,SSC,430,15.5
1988-10-05 16:46,7,0.42,SSC,427,4.7
1988-10-06 00:38,71,2.88,SSC,556,19
1988-10-08 23:00,27,0.42,,442,10.1
1988-10-10 02:32,36,4.65,SSC,461,16.8
1988-10-15 13:00,58,2.11,,608,16.8
1988-10-18 16:00,40,1.2,,718,14
1988-10-24 12:00,80,1.15,,448,7.4
1988-10-30 20:01,36,1.96,SSC,438,14.9
1988-11-02 01:00,27,0.91,,538,15.6
1988-11-05 20:00,59,1.86,,422,5
1988-11-09 06:34,36,0.54,SI,401,7.8
1988-11-11 07:53,28,1.55,SSC,482,17.2
1988-11-12 16:00,73,3.82,,542,18.3
1988-11-16 16:00,32,1.84,,655,13.1
1988-11-18 05:00,36,0.92,,,
1988-11-21 12:00,39,0.83,,410,10.3
1988-11-24 12:00,57,1.99,,487,13.6
1988-11-30 08:00,36,3.95,SSC,,
1988-12-02 08:00,79,1.75,,524,7.6
1988-12-09 21:00,27,1.12,,344,14
1988-12-11 02:45,14,0.61,SI,385,14.9
1988-12-11 18:27,8,0.64,SSC,460,15
1988-12-12 03:00,47,1.38,SSC,,
1988-12-14 13:37,28,2.14,SSC,,
1988-12-15 22:00,36,1.21,,657,10.2
1988-12-17 18:24,36,6.36,SSC,833,18.8
1988-12-19 17:00,42,1.21,,494,8.4
1988-12-22 16:45,42,0.84,SI,456,7.9
1988-12-25 09:00,63,1.78,,,
1988-12-28 19:00,33,0.5,,727,9.4
1988-12-30 10:00,44,107,,669,8.4
1989-01-03 19:00,12,0.71,,383,7.3
1989-01-04 08:47,12,1.14,SSC,399,11.5
1989-01-04 23:05,12,2.17,SSC,437,21.4
1989-01-05 13:24,30,0.67,SI,427,16
1989-01-06 23:54,31,1.02,SSC,,
1989-01-08 12:00,28,0.96,,,
1989-01-11 12:06,36,4.04,SSC,744,24.5
1989-01-13 13:26,33,0.66,SI,535,11.5
1989-01-15 04:00,31,2.39,,713,13.9
1989-01-20 11:29,36,2.7,SSC,,
1989-01-22 22:00,36,0.42,,716,7.8
1989-01-25 14:00,34,1.31,,518,6
1989-01-27 07:00,43,1.93,,490,7.9
1989-01-29 21:00,28,0.53,,465,7.7
1989-01-31 19:00,43,2.57,,,
1989-02-03 04:00,27,0.4,,,
1989-02-06 12:00,30,0.49,,663,7.5
1989-02-09 07:00,39,0.72,,559,6.4
1989-02-10 22:00,15,0.56,,413,7.4
1989-02-11 16:00,55,5.22,SI,407,11.6
1989-02-16 12:00,28,2.08,,,9.1
1989-02-20 05:00,71,1.33,,577,11
1989-02-24 03:00,49,2.3,,437,7.6
1989-02-27 18:00,46,0.51,,,
1989-03-02 02:47,11,1.4,SSC,479,19.1
1989-03-02 16:00,26,0.92,,618,11.6
1989-03-03 21:00,36,1.41,,569,11.2
1989-03-05 22:00,53,0.75,,664,7
1989-03-08 17:55,12,1.87,SSC,551,17.6
1989-03-09 08:00,36,2.21,,,
1989-03-12 00:00,23,0.76,,,
1989-03-13 01:27,35,18.6,SSC,,
1989-03-16 05:32,41,3.97,SSC,743,22.7
1989-03-19 04:23,34,3,SSC,880,22.8
1989-03-20 21:00,62,3.17,,525,11.8
1989-03-24 17:00,36,0.65,,,
1989-03-26 22:49,13,4.62,SSC,457,19.1
1989-03-27 13:43,42,1.58,SSC,575,26
1989-03-29 19:00,36,0.73,,750,15.5
1989-04-04 05:00,39,1.69,,,
1989-04-07 20:00,36,0.34,,498,4.5
1989-04-11 14:35,45,4.19,SSC,440,21.5
1989-04-13 22:24,17,1.37,SI,471,13.1
1989-04-14 15:00,30,3.07,,446,15.1
1989-04-16 10:00,34,1.37,,,
1989-04-18 02:00,36,1.26,,,
1989-04-21 04:00,60,0.81,,389,12.1
1989-04-24 10:00,38,1.4,,478,22.4
1989-04-26 08:00,37,0.69,,663,11.3
1989-04-28 19:00,63,0.97,,688,7.7
1989-05-01 10:00,82,1.32,,,
1989-05-04 23:51,50,2.77,SSC,612,19.1
1989-05-07 05:12,36,4.51,SSC,514,14.7
1989-05-09 04:00,24,0.91,,418,4.5
1989-05-11 16:00,36,1.07,,341,10
1989-05-13 14:43,64,1.32,SSC,,
1989-05-17 04:00,44,0.39,,389,6.7
1989-05-20 09:57,5,0.69,SI,372,12.7
1989-05-20 15:45,42,0.93,SI,419,11.9
1989-05-22 21:09,15,1.21,SSC,483,14.3
1989-05-23 13:46,44,5.29,SSC,712,19.1
1989-05-27 20:00,62,0.65,,443,7.6
1989-06-02 02:00,29,0.58,,478,11.6
1989-06-03 11:00,36,0.72,,477,11.7
1989-06-06 23:14,36,1.82,SSC,,
1989-06-08 19:53,55,5.91,SI,,
1989-06-11 19:00,37,1.06,,523,13.4
1989-06-13 17:42,93,4.4,SSC,550,14.5
1989-06-19 23:00,67,4.11,,,
1989-06-22 18:00,30,1.01,,,
1989-06-24 05:00,54,0.93,,449,14.1
1989-06-26 13:00,69,0.99,,448,9.1
1989-06-29 20:00,30,0.89,,,8
1989-07-01 07:17,7,2.47,SSC,,
1989-07-01 15:46,36,0.91,SSC,,
1989-07-03 21:00,43,0.55,,,
1989-07-06 04:00,58,0.74,,510,10.7
1989-07-10 04:00,36,1.18,,374,9.1
1989-07-12 20:00,37,0.67,,354,10.3
1989-07-17 01:55,54,1.05,SSC,,
1989-07-20 05:00,36,0.64,,332,7.7
1989-07-22 16:00,37,0.83,,436,10.6
1989-07-24 13:00,44,0.64,,484,7.8
1989-07-26 20:00,36,0.38,,,
1989-07-28 21:00,37,0.9,,,
1989-08-01 01:00,36,0.64,,420,9.5
1989-08-04 05:00,22,0.22,,382,8.8
1989-08-06 18:00,48,0.53,,414,10.1
1989-08-09 18:31,11,0.56,SSC,,
1989-08-10 07:27,36,4.05,SSC,,
1989-08-12 23:00,24,0.57,,357,7.2
1989-08-14 01:52,3,0.05,SI,406,13.4
1989-08-14 06:13,36,5.05,SSC,672,32.7
1989-08-16 04:00,20,,,564,8.6
1989-08-17 15:41,21,2.25,SI,653,13.7
1989-08-18 17:00,15,2.11,,667,10.6
1989-08-19 11:00,12,2.37,,577,6.8
1989-08-20 01:00,34,2.07,,592,13.2
1989-08-21 14:15,30,2.11,SSC,,
1989-08-23 00:47,12,1.02,SI,,
1989-08-23 14:27,36,3.95,SI,,
1989-08-25 10:00,42,1.8,,394,13
1989-08-27 13:37,33,3.86,SSC,517,21.1
1989-08-29 05:00,36,0.79,,456,7.5
1989-09-01 17:00,41,0.79,,333,9
1989-09-04 00:27,67,8.45,SSC,,
1989-09-07 16:50,34,1.27,SSC,502,5
1989-09-09 04:00,43,1,,468,8.6
1989-09-11 22:00,25,0.76,,440,12.5
1989-09-13 02:00,36,1.43,,454,11.6
1989-09-15 00:47,39,1.45,SSC,434,13.7
1989-09-17 07:43,24,2.32,SSC,,
1989-09-18 10:27,63,8.06,SSC,469,12
1989-09-22 07:42,37,0.74,SI,508,8
1989-09-26 05:44,36,2.42,SI,374,19.5
1989-09-30 17:16,30,1.78,SSC,359,14.8
1989-10-02 03:39,57,1.99,SSC,464,19.5
1989-10-06 05:00,35,1.71,,399,10.6
1989-10-07 23:00,30,2.24,,481,14.4
1989-10-09 09:00,29,1.21,,622,14.3
1989-10-12 07:42,31,1.54,SSC,,
1989-10-14 12:00,31,1.22,,362,9.9
1989-10-16 10:00,30,0.82,,457,10.1
1989-10-18 00:50,43,1.64,SSC,593,13.7
1989-10-20 09:16,42,21.9,SSC,918,33.6
1989-10-24 04:00,40,5.62,,,
1989-10-26 14:27,29,3.5,SSC,576,12
1989-10-28 10:00,26,1.03,,486,9
1989-10-29 15:00,52,2.25,,635,12.4
1989-11-01 12:00,11,0.72,,466,13.2
1989-11-02 00:36,37,2.78,SSC,593,21.5
1989-11-03 22:00,19,0.92,,496,16.3
1989-11-04 20:00,42,2.49,,,
1989-11-07 04:00,27,0.9,,,
1989-11-08 11:23,12,3.43,SSC,573,9.8
1989-11-09 00:54,36,3.05,SSC,675,13.6
1989-11-11 00:54,11,0.28,SSC,552,12.7
1989-11-11 14:10,25,0.9,SSC,505,14.7
1989-11-12 21:00,32,1.68,,501,15
1989-11-17 09:25,40,6.05,SSC,,36.4
1989-11-20 15:00,64,2.35,,525,16
1989-11-24 03:00,35,1.03,,430,10.1
1989-11-25 21:00,35,1.66,,433,15.7
1989-11-27 21:39,69,14.8,SSC,739,29.8
1989-12-01 17:49,36,3.03,SSC,,
1989-12-04 11:20,36,2.97,SI,789,10.5
1989-12-07 11:00,36,1.12,,532,11.3
1989-12-09 16:00,39,1.8,,363,8.2
1989-12-14 20:00,56,0.58,,426,12.6
1989-12-18 20:00,44,0.5,,412,9.2
1989-12-22 00:22,24,0.93,SI,485,18.6
1989-12-23 03:15,36,1.98,SI,522,13
1989-12-26 21:00,46,2.39,,,
1989-12-29 06:55,36,4.01,SSC,740,18.6
1989-12-31 03:00,36,0.84,,672,10.2
1990-01-02 00:35,27,0.71,SSC,536,10.9
1990-01-03 07:00,22,0.62,,528,9.1
1990-01-04 11:00,49,0.51,,639,9.7
1990-01-07 13:00,23,0.3,,,
1990-01-08 14:32,35,0.75,SSC,,
1990-01-10 08:34,36,0.71,SI,539,11.9
1990-01-13 03:00,27,0.44,,459,7.7
1990-01-14 20:00,53,0.86,,457,8
1990-01-17 16:00,41,0.36,,337,10.2
1990-01-19 18:00,27,0.82,,,
1990-01-21 01:00,32,0.56,,,
1990-01-22 14:00,27,0.44,,540,11.8
1990-01-23 20:00,31,1.42,,748,14.5
1990-01-25 08:00,47,0.63,,718,6.8
1990-01-27 22:00,35,0.99,,392,15.5
1990-01-29 16:00,44,0.69,,507,17.6
1990-02-01 09:00,32,1.14,,,
1990-02-03 20:00,33,0.58,,619,16.1
1990-02-06 02:00,41,1.52,,628,11.1
1990-02-08 04:00,30,0.65,,463,10
1990-02-13 17:15,9,0.89,SSC,,
1990-02-14 03:21,24,2.77,SSC,,
1990-02-15 06:26,27,0.67,SSC,,
1990-02-16 13:00,30,1.51,,,9.8
1990-02-17 23:00,51,0.64,,591,12.1
1990-02-20 16:00,36,0.92,,628,10.1
1990-02-22 12:00,65,0.81,,611,10.9
1990-02-26 01:00,55,0.79,,,
1990-03-03 20:00,39,0.49,,465,9.9
1990-03-05 21:00,48,0.64,,493,10.5
1990-03-08 10:00,41,0.61,,464,11.8
1990-03-11 06:00,29,0.44,,,
1990-03-12 15:03,35,6.33,SSC,,
1990-03-14 09:49,22,0.36,SI,466,6.7
1990-03-16 06:00,36,0.48,,377,6.3
1990-03-18 16:00,36,1.15,,508,24.8
1990-03-20 22:43,57,5.51,SSC,623,17.9
1990-03-25 06:00,32,1.02,,,
1990-03-26 19:00,56,0.82,,,7.8
1990-03-29 08:00,23,0.65,,497,6.6
1990-03-30 07:20,36,6.05,SSC,616,18.2
1990-04-02 19:00,38,1.32,,417,11.7
1990-04-04 20:00,36,0.61,,,
1990-04-08 08:00,22,2.53,,,
1990-04-09 08:43,30,8.15,SSC,491,28
1990-04-10 19:00,26,0.72,,468,10.6
1990-04-12 03:26,30,2.75,SSC,757,24.5
1990-04-13 14:00,54,0.73,,662,8.3
1990-04-17 07:19,36,2.13,SSC,,
1990-04-20 18:01,37,2.3,SI,395,6.3
1990-04-22 18:00,9,0.79,,,
1990-04-23 03:36,27,1.12,SSC,471,9
1990-04-24 10:00,36,0.6,,521,9.1
1990-04-26 22:00,32,0.54,,382,8.4
1990-04-28 12:00,23,2.66,,396,11.4
1990-04-29 14:00,34,1.53,,,
1990-05-01 07:00,36,0.79,,,
1990-05-03 16:00,20,0.58,,,
1990-05-04 15:00,36,0.52,,527,8.6
1990-05-07 16:00,41,1.48,,447,8.7
1990-05-09 18:43,31,2.01,SI,526,16.3
1990-05-11 07:00,25,0.47,,,
1990-05-12 11:00,29,0.46,,,
1990-05-14 20:00,59,0.67,,,
1990-05-18 07:39,58,4.73,SSC,422,19.8
1990-05-21 10:21,35,2.12,SSC,551,17.5
1990-05-23 05:00,33,0.79,,,9.8
1990-05-25 05:10,32,,SI,,
1990-05-26 20:37,36,1.03,SSC,,
1990-05-28 22:00,30,3.07,,,
1990-05-30 09:04,34,1.61,SSC,594,14.8
1990-06-01 01:00,36,0.84,,495,5.3
1990-06-03 17:00,46,0.67,,387,7.2
1990-06-06 05:00,34,0.59,,,
1990-06-07 21:00,35,0.53,,,
1990-06-09 15:00,37,0.5,,,
1990-06-12 08:20,27,4.48,SSC,810,31.9
1990-06-13 14:15,11,1.3,SSC,686,10.9
1990-06-14 03:10,29,2.65,SSC,732,24.3
1990-06-18 18:00,45,0.51,,,
1990-06-21 07:00,25,0.34,,,
1990-06-22 11:00,25,0.34,,,
1990-06-23 15:00,39,1.61,,407,11.6
1990-06-25 14:00,31,0.58,,445,6.7
1990-06-27 02:00,34,0.46,,399,9.5
1990-06-28 19:00,8,0.17,,406,8.1
1990-06-29 03:43,78,0.75,SI,444,6.9
1990-07-02 16:00,28,0.33,,,
1990-07-04 00:00,36,2.14,,,
1990-07-05 20:00,24,0.7,,,
1990-07-06 23:00,22,0.35,,352,7.6
1990-07-08 02:00,30,1.05,,421,10.3
1990-07-10 04:45,32,3.16,SSC,479,18.2
1990-07-12 20:00,27,1.01,,419,6.8
1990-07-14 03:00,44,1.42,,,
1990-07-16 18:00,34,1.62,SSC,,
1990-07-18 11:00,18,0.5,,,
1990-07-19 08:00,15,0.34,,370,6.8
1990-07-20 01:00,36,0.83,,561,11.2
1990-07-22 12:00,33,0.77,,487,6.6
1990-07-26 23:00,23,0.36,,,
1990-07-28 01:08,1,0,SSC,,
1990-07-28 03:31,36,5.04,SSC,,
1990-07-31 02:00,27,0.55,,,5.1
1990-08-01 07:41,38,4.7,SSC,609,15.9
1990-08-06 14:00,33,0.73,,481,8.3
1990-08-08 05:00,22,0.48,,,
1990-08-10 17:00,37,0.4,,,
1990-08-12 14:00,18,0.44,,416,
1990-08-13 10:27,18,0.54,SI,477,8.3
1990-08-14 06:00,31,0.84,,619,13.3
1990-08-15 18:00,31,3.08,,699,9.1
1990-08-20 16:00,21,0.36,,468,5.8
1990-08-21 16:00,34,2.45,,,
1990-08-23 08:00,22,1.44,,,
1990-08-25 10:00,18,0.39,,,8.2
1990-08-26 05:43,36,5.18,SSC,785,22.6
1990-08-28 12:00,20,0.29,,504,6.5
1990-08-29 11:22,21,1.36,SSC,464,11.3
1990-08-30 10:56,28,1.36,SI,572,17.8
1990-09-01 10:24,2,0.09,SSC,,
1990-09-01 12:39,34,0.68,SI,609,11
1990-09-03 05:00,39,0.89,,,
1990-09-05 20:00,67,0.61,,540,6.8
1990-09-10 07:00,20,0.74,,409,7.9
1990-09-11 05:37,69,1.3,SI,551,13
1990-09-15 00:00,50,0.5,,472,7.2
1990-09-18 21:00,36,0.9,,426,6.5
1990-09-20 17:00,48,0.39,,482,9.1
1990-09-23 18:00,34,0.76,,416,7.8
1990-09-25 10:00,17,0.27,,482,8.2
1990-09-26 05:00,31,0.67,,473,7.8
1990-10-01 16:00,29,0.63,,348,10.2
1990-10-03 10:00,80,1.62,,542,13.9
1990-10-08 22:00,13,0.32,,383,7.1
1990-10-09 13:16,36,2.76,SI,493,12.8
1990-10-12 13:00,53,0.56,,,
1990-10-17 13:00,30,0.41,,427,4.6
1990-10-19 04:00,63,0.69,,482,13.9
1990-10-22 17:00,47,1.36,,478,10.7
1990-10-25 06:00,27,0.5,,,
1990-10-26 11:34,36,2.05,SSC,,
1990-10-29 20:11,36,1.37,SSC,565,17.7
1990-11-03 04:00,36,0.58,,439,6
1990-11-05 16:00,36,0.24,,,
1990-11-07 12:00,50,1.26,,406,7.4
1990-11-11 17:00,36,0.77,,513,10.8
1990-11-15 20:00,52,0.48,,406,14.4
1990-11-19 17:00,20,0.28,,,
1990-11-20 16:00,42,1.14,,384,6.8
1990-11-24 05:00,52,0.32,,359,5.6
1990-11-26 23:32,37,2.29,SSC,572,21
1990-11-30 03:00,66,0.58,,,
1990-12-03 17:00,28,1.12,,478,12.2
1990-12-05 02:00,36,0.68,,499,7.4
1990-12-08 14:25,36,2.72,SSC,407,11
1990-12-12 12:00,36,0.45,,,
1990-12-18 05:00,42,0.69,,415,8.9
1990-12-21 17:24,38,2.14,SI,412,7.6
1990-12-23 18:00,39,0.62,,374,10.9
1990-12-26 07:00,59,0.8,,361,7.7
1990-12-30 04:00,25,1.73,,386,15.8
1990-12-31 08:00,59,0.82,,388,10.1
1991-01-03 14:00,32,0.58,,391,8.7
1991-01-05 04:00,39,0.28,,448,8.9
1991-01-09 05:00,29,0.46,,381,7
1991-01-12 01:51,34,0.91,SSC,419,14
1991-01-13 18:00,36,0.47,,480,6.9
1991-01-15 14:00,36,0.49,,439,7.9
1991-01-17 17:00,39,0.51,,467,7.4
1991-01-22 07:00,32,0.39,,355,6.3
1991-01-23 20:30,27,0.5,SSC,427,12.3
1991-01-25 02:00,39,1.03,,559,15.6
1991-01-28 05:00,36,0.62,,440,6.5
1991-01-30 22:00,2,0.11,,351,6.9
1991-01-31 01:00,11,0.44,,380,11.4
1991-01-31 14:00,26,2.48,,458,14.6
1991-02-01 18:42,36,1.68,SSC,,
1991-02-04 22:14,24,0.36,SSC,437,7
1991-02-06 02:00,57,0.49,,445,8.7
1991-02-09 04:00,34,1.01,,436,9.6
1991-02-19 15:00,49,1.48,,358,14.3
1991-02-22 05:34,37,0.67,SI,546,14.4
1991-02-24 04:00,36,0.67,,535,8.9
1991-02-27 17:00,53,1.18,,,
1991-03-02 01:00,36,0.38,,436,10.8
1991-03-04 16:19,15,0.97,SSC,400,10.7
1991-03-05 09:00,43,1.73,,512,13
1991-03-07 22:00,40,0.76,,550,10.9
1991-03-09 22:45,36,3.13,SSC,568,13.3
1991-03-12 04:53,23,1.06,SI,,
1991-03-13 07:00,20,3.49,,,
1991-03-14 06:00,33,1.2,,374,9.9
1991-03-16 15:59,27,0.62,SI,414,7.3
1991-03-17 23:00,36,1,,400,9.9
1991-03-19 23:00,27,0.91,,424,12.2
1991-03-21 06:00,41,2.01,SSC,561,21.5
1991-03-24 01:47,2,0,SI,,
1991-03-24 03:41,43,20.3,SSC,,
1991-03-26 01:00,26,1.18,,,6.9
1991-03-27 12:00,49,1.19,,489,9.1
1991-03-30 06:00,64,3.15,,558,10.4
1991-04-02 18:00,34,0.79,,666,13.2
1991-04-04 11:22,45,3.13,SSC,769,
1991-04-10 15:00,50,0.99,,406,10.8
1991-04-16 11:00,36,1.52,,329,6.5
1991-04-19 10:56,27,0.65,SSC,,
1991-04-20 19:00,36,1.32,,391,11.5
1991-04-23 10:41,30,0.45,SI,415,8.2
1991-04-24 20:45,47,9.44,SSC,521,17.2
1991-04-27 08:00,39,0.91,,449,14
1991-04-29 19:00,21,0.39,,,
1991-05-01 03:00,52,2.35,,,
1991-05-04 04:00,36,0.31,,446,5.3
1991-05-06 09:00,30,1.05,,380,12
1991-05-09 05:00,74,0.83,,407,10.6
1991-05-13 08:57,33,2.6,SSC,,
1991-05-15 00:00,31,1.02,,,
1991-05-16 20:41,52,2.28,SSC,439,10.5
1991-05-19 16:00,41,3.06,,386,10.2
1991-05-21 12:27,10,0.2,SI,405,13.7
1991-05-22 00:18,30,0.79,SSC,440,21.2
1991-05-23 10:00,41,1.53,,538,14
1991-05-25 13:00,42,1.58,,,
1991-05-27 18:00,42,5.46,,,
1991-05-31 10:39,12,5.08,SSC,573,20.1
1991-06-01 01:00,29,1.5,,665,14.6
1991-06-02 10:00,35,1.02,,591,13.2
1991-06-04 03:37,9,1.12,SSC,501,12.5
1991-06-04 15:36,43,8.31,SI,710,32.6
1991-06-06 12:00,30,0.8,,,
1991-06-07 22:28,23,3.69,SSC,,
1991-06-09 00:40,14,8.54,SSC,,
1991-06-09 16:17,22,3.19,SI,,
1991-06-10 17:16,34,7.73,SSC,,
1991-06-12 10:12,28,21.7,SSC,911,27.7
1991-06-13 18:00,35,4.15,,770,7
1991-06-17 10:19,8,1.1,SSC,667,18.4
1991-06-17 19:22,49,2.93,SSC,580,20.3
1991-06-22 18:00,53,2.9,,660,10.6
1991-06-25 13:00,39,0.45,,678,9.1
1991-06-30 01:16,44,3.8,SSC,454,12.6
1991-07-02 08:11,31,5.87,SI,,
1991-07-03 20:00,53,1.42,,,
1991-07-06 15:28,40,0.56,SSC,354,12.7
1991-07-08 16:36,36,10.7,SSC,738,25.7
1991-07-10 13:00,36,1.2,,611,9.1
1991-07-12 09:24,15,4.98,SSC,682,12
1991-07-13 02:34,30,4.68,SSC,571,25.1
1991-07-16 16:00,34,2.81,SI,,
1991-07-19 19:04,67,6.83,SSC,663,10.6
1991-07-23 11:00,42,0.47,,587,9.3
1991-07-25 15:00,66,1.06,,444,10.8
1991-07-30 05:57,43,0.45,SSC,388,9.9
1991-08-01 13:14,14,0.43,SSC,451,21.2
1991-08-02 05:33,32,1.84,SSC,686,22.9
1991-08-03 20:00,36,1.08,,731,12.5
1991-08-05 20:46,37,2.09,SSC,658,13.8
1991-08-09 18:00,29,1.46,,,
1991-08-11 02:53,37,1.2,SSC,,
1991-08-12 23:53,36,1.29,SSC,484,13.6
1991-08-16 09:00,36,1.22,,829,13.1
1991-08-18 18:33,25,8.35,SSC,748,20.3
1991-08-19 22:44,8,1.26,SSC,542,19
1991-08-20 08:00,34,1.19,SSC,,
1991-08-22 00:19,36,1.08,SSC,,
1991-08-24 05:00,49,0.81,,405,7.8
1991-08-27 15:15,36,4.68,SSC,468,27.7
1991-08-30 16:00,74,1.44,,681,22.6
1991-09-03 17:00,29,0.53,,,
1991-09-05 02:11,36,1.4,SSC,,
1991-09-07 16:00,32,0.56,,409,12.6
1991-09-09 05:16,36,0.54,SSC,498,17.5
1991-09-11 01:28,43,0.67,SSC,575,14.5
1991-09-13 07:00,31,2,,582,9.7
1991-09-14 19:00,35,0.85,,,
1991-09-16 14:00,36,0.38,,,
1991-09-18 12:00,38,0.74,,,
1991-09-22 08:00,44,0.53,,324,12.5
1991-09-24 21:00,35,0.89,,462,16.1
1991-09-26 18:00,58,1.56,,547,13.4
1991-10-01 18:15,36,3.2,SSC,469,8.1
1991-10-04 14:15,18,1.27,SSC,451,14.7
1991-10-05 12:00,38,2.74,,689,18.9
1991-10-07 13:57,25,0.75,SSC,757,16.2
1991-10-08 18:25,17,0.36,SSC,686,6.1
1991-10-09 13:00,28,2.27,,566,10.1
1991-10-15 02:00,47,0.75,,416,10.1
1991-10-17 13:30,10,0.43,SSC,342,16.2
1991-10-18 01:46,23,0.71,SSC,429,16.5
1991-10-19 03:52,29,0.69,SI,377,10.7
1991-10-20 13:00,57,0.95,,355,14.4
1991-10-23 21:00,36,0.98,,,
1991-10-25 19:00,47,1.27,,586,12.9
1991-10-28 10:54,4,2.13,SSC,909,19.3
1991-10-28 15:37,39,9.47,SSC,994,37.4
1991-10-30 08:00,19,0.5,,632,11.2
1991-10-31 08:21,13,0.88,SSC,1090,24.5
1991-10-31 23:30,18,4.18,SSC,936,40.7
1991-11-01 20:01,18,1.41,SSC,644,12
1991-11-02 17:00,56,1.39,,757,12.3
1991-11-08 06:47,5,1.58,SSC,,
1991-11-08 13:13,36,3.73,,628,37.4
1991-11-10 13:52,22,0.31,SSC,484,9.3
1991-11-11 17:51,34,0.64,SSC,409,10.4
1991-11-13 11:00,36,1.14,,443,13.7
1991-11-15 09:19,27,0.55,SSC,540,11.5
1991-11-16 15:00,39,1.39,,,
1991-11-18 14:00,12,0.41,,,
1991-11-19 04:21,36,2.43,SSC,,
1991-11-21 17:00,35,0.91,,771,18.6
1991-11-23 12:00,36,1.18,,698,8.3
1991-11-27 19:00,24,0.31,,395,6.1
1991-11-28 20:00,69,3.33,,443,12.5
1991-12-01 20:00,43,1.68,,,
1991-12-04 18:00,36,0.46,,587,7
1991-12-08 17:00,27,0.88,,466,14.2
1991-12-09 23:00,21,0.87,,530,16.4
1991-12-10 23:00,20,1.34,,506,14
1991-12-11 22:00,36,0.59,,556,8
1991-12-14 17:00,36,0.69,,,
1991-12-16 21:00,39,0.64,,633,17.7
1991-12-18 21:00,39,1.12,,473,14.1
1991-12-20 20:00,34,0.88,,700,14.9
1991-12-22 16:00,23,0.99,,481,13.8
1991-12-23 18:01,56,1.38,SSC,483,7.6
1991-12-26 07:00,9,0.52,,,
1991-12-26 16:40,34,3.88,SI,,
1991-12-28 10:00,41,2.27,,518,11.6
1991-12-30 11:27,24,0.54,SSC,455,13.2
1991-12-31 14:26,26,1.22,SI,464,12.2
1992-01-01 16:45,36,3.03,SSC,465,13.1
1992-01-03 14:00,56,1.4,,482,12.6
1992-01-06 23:00,25,0.33,,,
1992-01-08 02:42,35,0.65,SSC,,
1992-01-09 21:53,31,0.75,SSC,356,10
1992-01-11 09:41,21,1.07,SI,366,18.8
1992-01-12 09:11,33,3.16,SSC,479,31.6
1992-01-14 00:00,39,0.87,,616,19.1
1992-01-16 20:00,46,0.84,,674,11.9
1992-01-19 06:00,52,0.55,,,
1992-01-22 03:00,47,0.68,,342,6.4
1992-01-24 23:00,34,0.51,,297,5.7
1992-01-26 14:59,60,4.04,SSC,412,21.6
1992-01-29 21:00,34,0.63,,458,10.5
1992-02-01 06:07,27,3.34,SI,,
1992-02-02 11:54,33,1.44,SSC,513,
1992-02-04 16:00,36,0.58,,495,11.1
1992-02-07 04:00,30,1.47,,435,11.4
1992-02-08 14:28,36,5.26,SSC,595,34.8
1992-02-10 12:00,54,0.7,,560,10.7
1992-02-13 19:00,23,0.45,,,
1992-02-17 05:20,2,0.12,SI,362,11.6
1992-02-17 08:05,36,0.9,SSC,433,24.4
1992-02-20 01:09,17,3.43,SSC,486,28.6
1992-02-20 20:00,34,4.33,,507,25.9
1992-02-24 07:03,8,0.37,SSC,458,13.3
1992-02-24 16:28,36,1.69,SSC,458,20.1
1992-02-26 16:57,21,9.6,SSC,,
1992-02-27 17:00,34,0.64,,,
1992-02-29 09:20,60,1.92,SSC,559,17.9
1992-03-03 15:00,62,1.68,,496,9.5
1992-03-07 02:00,34,1.04,,394,12
1992-03-08 19:00,35,0.73,,477,17.6
1992-03-11 02:00,36,0.53,,,
1992-03-14 09:00,56,0.52,,357,11.1
1992-03-17 09:51,48,3.47,SSC,576,24.7
1992-03-21 02:00,30,1.54,,478,12.7
1992-03-25 23:00,59,0.47,,416,7.9
1992-03-29 17:00,55,0.66,,388,10
1992-04-01 02:00,57,2.23,,418,15.1
1992-04-03 18:00,56,0.62,,,
1992-04-06 19:00,53,0.59,,648,7
1992-04-11 17:00,29,1.05,,384,10.3
1992-04-14 20:25,36,1.09,SSC,497,15.9
1992-04-18 14:00,46,0.55,,,
1992-04-20 23:00,21,0.46,,370,6.6
1992-04-21 23:00,27,0.45,,416,9.5
1992-04-23 17:00,36,1.26,,400,9.8
1992-04-25 13:00,44,0.76,,361,9.1
1992-04-28 22:00,45,0.85,,,
1992-05-01 11:00,25,0.92,,,
1992-05-02 15:00,36,0.55,,417,8.8
1992-05-04 15:00,27,0.95,,425,12
1992-05-05 22:00,69,3.2,,438,13.7
1992-05-09 15:57,3,0.64,SSC,414,21.7
1992-05-09 19:57,89,9.01,SSC,889,35.9
1992-05-17 04:00,32,0.35,,342,7.5
1992-05-18 20:21,21,0.87,SSC,365,16
1992-05-19 20:00,36,0.35,,420,11.3
1992-05-22 04:13,36,3.1,SSC,456,19.5
1992-05-27 14:00,35,1.7,,555,12.1
1992-05-29 09:00,55,0.73,,821,9.4
1992-06-02 23:00,55,0.51,,389,11.1
1992-06-05 21:00,36,0.64,,,
1992-06-08 07:00,36,1.57,SSC,334,9.2
1992-06-10 04:03,42,2.36,SSC,487,30.7
1992-06-12 08:16,3,0.03,SI,454,13.5
1992-06-12 12:03,36,0.39,SSC,493,14.9
1992-06-15 20:00,51,0.45,,383,8
1992-06-18 12:52,34,1.41,SSC,,
1992-06-20 06:00,33,1.19,,,
1992-06-21 21:00,42,0.82,,436,17.1
1992-06-24 02:00,58,0.87,,687,15.6
1992-06-27 20:35,44,0.69,SSC,597,13.3
1992-06-30 07:00,51,0.79,,,
1992-07-04 14:00,27,0.44,,351,9.8
1992-07-05 21:00,36,0.24,,371,6.7
1992-07-08 04:00,45,0.68,,348,6.5
1992-07-11 21:00,60,2.73,,321,12.4
1992-07-16 11:00,35,0.68,,433,6.2
1992-07-18 06:00,36,0.43,,391,6.5
1992-07-20 11:00,41,1.97,,343,16.3
1992-07-22 14:00,36,0.86,,681,16
1992-07-28 05:00,36,0.56,,,
1992-08-02 13:00,31,0.57,,386,5.6
1992-08-04 01:09,11,0.45,SSC,363,5.1
1992-08-04 14:08,31,2.33,SI,401,15.4
1992-08-06 04:24,53,1.81,SSC,417,18
1992-08-09 00:00,47,0.74,,,
1992-08-13 15:14,41,0.36,SSC,550,9.9
1992-08-16 09:00,36,0.34,,476,7.9
1992-08-18 06:00,32,0.24,,381,6.8
1992-08-19 22:23,30,1.26,SSC,395,
1992-08-21 19:00,20,0.88,,,
1992-08-22 18:00,19,4.56,,,
1992-08-23 14:00,18,3.3,,,
1992-08-26 05:00,33,0.83,,468,9.5
1992-08-29 00:00,35,0.47,,417,6.5
1992-09-02 10:39,50,4.21,SI,,
1992-09-04 17:00,36,1.47,,,
1992-09-09 01:39,21,6.31,SSC,589,25.1
1992-09-10 01:25,24,1.26,SSC,486,13.6
1992-09-11 23:00,48,0.56,,351,6.2
1992-09-15 00:00,42,0.45,,,
1992-09-17 04:29,36,2.47,SI,,
1992-09-19 22:00,37,0.94,,545,8
1992-09-22 01:00,36,0.25,,520,9.6
1992-09-25 05:00,64,0.78,,440,8.6
1992-09-28 17:00,36,3.89,,,
1992-10-02 18:00,32,0.9,,344,8.3
1992-10-04 08:00,33,0.77,,466,10.1
1992-10-05 23:00,36,1.48,,408,7.4
1992-10-08 18:39,12,2.43,SSC,415,18.3
1992-10-09 09:12,36,1.42,SSC,,
1992-10-11 11:00,45,0.63,,,
1992-10-13 19:00,50,0.62,,775,13.4
1992-10-19 18:00,30,0.37,,463,8.4
1992-10-21 04:00,21,0.31,,421,9.6
1992-10-26 00:01,23,0.55,SI,394,12.2
1992-10-27 02:00,34,0.67,,568,13.6
1992-10-28 19:00,63,0.67,,495,10.5
1992-11-01 07:00,13,1.56,,395,9.6
1992-11-01 21:47,20,1.65,SSC,484,18.3
1992-11-02 21:00,34,0.82,,377,6.6
1992-11-04 13:12,54,2,SSC,,
1992-11-07 21:00,30,0.75,,458,9.5
1992-11-09 08:00,31,2.8,,486,30.1
1992-11-10 20:00,36,0.76,,687,11.8
1992-11-15 16:00,36,0.5,,550,7.4
1992-11-19 22:00,41,0.53,,383,9.2
1992-11-22 04:00,30,2.05,,471,15.7
1992-11-23 14:00,62,0.52,,451,9
1992-11-28 23:00,37,0.89,,,
1992-11-30 20:00,36,0.81,,,
1992-12-04 23:00,36,1.06,,388,9.7
1992-12-07 07:55,5,0.32,SSC,,
1992-12-07 13:46,36,1.7,SSC,734,25.9
1992-12-10 13:00,34,0.41,,614,6.5
1992-12-17 06:16,45,1.06,SSC,543,16.9
1992-12-19 22:00,25,0.59,,,
1992-12-21 02:00,39,0.4,,580,11.2
1992-12-27 20:10,32,2.74,SSC,428,18.3
1992-12-29 09:00,29,1.41,,467,12.1
1992-12-31 03:00,29,0.81,,,11.2
1993-01-02 04:00,36,2.09,,748,11
1993-01-04 11:23,31,0.47,SI,792,8.1
1993-01-05 23:00,51,0.63,,,
1993-01-08 20:00,29,0.36,,502,6.6
1993-01-10 05:00,30,0.52,,595,12.4
1993-01-11 15:00,36,0.83,,,
1993-01-13 23:00,47,0.49,,603,10.8
1993-01-16 13:00,29,0.77,,531,5.8
1993-01-19 10:22,40,2.06,SSC,,
1993-01-25 03:00,65,2.37,,629,15.6
1993-01-30 02:00,51,1.54,,399,11.1
1993-02-01 19:00,37,0.81,,,
1993-02-03 18:31,54,0.61,SSC,504,6.9
1993-02-06 16:00,34,0.85,,683,9.2
1993-02-08 09:00,46,0.92,,706,8
1993-02-10 21:00,36,0.44,,581,8.3
1993-02-15 23:00,24,0.34,,,
1993-02-17 03:01,28,0.98,SSC,,15.6
1993-02-20 00:29,31,2.11,SSC,543,19.5
1993-02-21 13:00,45,2.34,,764,7.7
1993-02-27 22:20,40,2.71,SSC,503,11.9
1993-03-02 08:00,35,1.08,,568,7.3
1993-03-04 02:00,54,0.74,,438,6
1993-03-07 03:00,35,0.9,,414,11.4
1993-03-08 21:37,36,3.34,SSC,680,34.3
1993-03-11 06:40,36,0.77,SSC,,
1993-03-13 19:00,30,0.52,,568,5
1993-03-15 05:26,19,0.53,SSC,627,9
1993-03-16 03:00,69,0.61,,609,11.8
1993-03-20 08:00,19,0.37,,540,11.7
1993-03-21 06:00,46,0.85,,721,10.9
1993-03-23 21:55,36,3.4,SSC,,
1993-03-26 21:00,40,1.06,,,
1993-03-29 03:00,24,1.89,,381,14.5
1993-03-30 07:19,36,0.94,SSC,398,13.3
1993-04-04 14:34,31,3.47,SSC,,
1993-04-08 00:00,33,0.39,,453,7.9
1993-04-09 20:00,36,0.62,,574,5.1
1993-04-12 03:00,33,0.97,,546,13.9
1993-04-15 11:00,36,0.88,,,5.3
1993-04-17 18:00,40,0.98,,,
1993-04-19 19:00,57,1.01,,701,10.1
1993-04-24 11:00,42,0.55,,531,5.2
1993-04-26 15:00,36,0.67,,372,4.2
1993-04-29 11:45,40,0.9,SI,,
1993-05-01 13:00,36,0.29,,373,8
1993-05-03 17:00,52,0.73,,397,9.3
1993-05-06 22:00,26,0.59,,426,9.6
1993-05-08 03:00,34,0.64,,688,14.9
1993-05-09 19:00,32,1.44,,749,8.9
1993-05-11 08:00,51,0.69,,,
1993-05-15 03:00,49,0.93,,497,7.9
1993-05-17 18:00,17,0.31,,483,8.7
1993-05-18 13:00,41,0.6,,539,8.7
1993-05-25 13:00,30,0.22,,,
1993-05-26 23:00,73,1.42,SSC,615,10.9
1993-06-03 00:00,49,2.49,,776,17.3
1993-06-08 12:00,40,0.54,,491,7.9
1993-06-10 17:28,31,1.04,SSC,508,13.7
1993-06-12 04:00,45,0.42,,549,12.2
1993-06-15 10:00,45,0.58,,404,7.3
1993-06-18 17:00,50,0.63,,,
1993-06-23 08:00,61,1.66,,763,21.9
1993-06-27 20:00,30,0.51,,482,5.9
1993-06-29 06:00,30,0.36,,374,9.5
1993-06-30 16:00,67,3.19,,,
1993-07-06 11:00,29,0.51,,377,11.1
1993-07-08 05:39,31,0.65,SI,457,9.6
1993-07-09 18:00,38,0.74,,600,9.2
1993-07-11 16:00,37,0.65,,615,6.2
1993-07-13 20:00,80,0.5,,,
1993-07-20 08:00,36,1.18,,559,12.7
1993-07-24 19:00,47,0.65,,368,5.8
1993-07-27 06:00,38,1.76,,,
1993-07-29 22:00,62,0.89,,448,13.4
1993-08-04 13:40,38,0.53,SI,457,18.2
1993-08-06 18:00,21,0.33,,,
1993-08-07 22:00,37,0.49,,,
1993-08-15 05:00,9,0.24,,329,11.6
1993-08-15 15:14,21,0.7,SSC,357,17.5
1993-08-16 15:00,36,2.05,,764,10.8
1993-08-22 04:00,33,0.28,,,
1993-08-23 19:00,64,1.49,,387,7.5
1993-08-27 18:00,36,0.85,,490,18
1993-08-30 19:00,42,0.51,,374,6.5
1993-09-02 13:00,19,0.32,,,
1993-09-03 11:00,29,0.98,,,
1993-09-11 18:00,46,1.51,,381,19.1
1993-09-15 07:00,36,0.84,,,
1993-09-20 10:00,43,0.86,,364,12
1993-09-23 12:31,27,3.78,SSC,399,24.8
1993-09-24 19:00,37,1.9,,493,14.9
1993-09-28 20:00,35,0.38,,,
1993-09-30 22:00,38,0.55,,481,5.8
1993-10-02 20:00,36,0.38,,405,6
1993-10-05 05:00,28,0.88,,370,6.6
1993-10-06 13:11,20,0.36,SI,,
1993-10-07 12:11,22,0.23,SI,371,9.4
1993-10-08 13:00,35,1.64,,,
1993-10-15 06:00,49,0.47,,378,7.5
1993-10-18 15:00,36,0.43,,321,7.1
1993-10-21 16:00,18,0.75,,,
1993-10-22 12:24,49,2.83,SSC,,
1993-10-25 16:00,35,0.96,,444,15.1
1993-10-27 10:00,35,0.57,,631,14.4
1993-10-31 05:00,31,0.52,,368,7.2
1993-11-03 17:27,0,,SSC,,
1993-11-03 17:55,41,2.62,SSC,,
1993-11-08 06:00,75,0.41,,613,5.7
1993-11-13 03:00,44,0.5,,421,9.5
1993-11-15 09:53,30,0.41,SI,,
1993-11-16 20:00,33,0.59,,,
1993-11-18 12:12,36,2.32,SSC,552,6.7
1993-11-22 02:00,49,0.48,,472,8.9
1993-11-25 17:00,36,0.39,,561,12.2
1993-12-01 04:00,33,1.26,,675,14.6
1993-12-02 19:00,26,1.57,,773,12.5
1993-12-04 00:00,30,0.38,,608,11.1
1993-12-07 12:01,63,2.49,SSC,505,10.7
1993-12-12 11:00,67,0.64,,317,9.8
1993-12-16 02:00,71,1.74,,710,18
1993-12-20 04:00,53,0.56,,635,8
1993-12-23 12:00,41,0.36,,,
1993-12-26 16:00,46,0.33,,404,4
1993-12-29 01:00,33,0.35,,355,5.4
1993-12-31 09:00,25,0.53,,407,14.3
1994-01-01 13:00,36,0.44,,609,7.2
1994-01-04 23:00,49,0.45,,,
1994-01-08 23:00,29,0.49,,329,8.5
1994-01-10 18:00,21,0.86,,544,15.5
1994-01-11 18:00,36,0.96,,775,18.9
1994-01-15 08:00,47,0.48,,753,7.5
1994-01-17 19:00,43,0.5,,,6.5
1994-01-21 20:00,24,0.46,,432,6.1
1994-01-22 23:00,33,0.71,,478,8.7
1994-01-24 14:00,28,0.9,,402,7.8
1994-01-25 21:55,80,1.96,SI,623,13.4
1994-01-30 20:00,54,0.49,,,
1994-02-02 19:00,31,0.25,,,
1994-02-05 02:00,27,3.88,,491,10
1994-02-06 09:24,27,0.73,SI,710,16.4
1994-02-07 16:00,43,0.49,,805,10.4
1994-02-13 14:00,61,0.6,,689,
1994-02-18 21:00,48,0.49,,593,9.7
1994-02-21 09:01,36,4.88,SSC,919,28.4
1994-02-25 07:00,58,0.43,,,
1994-03-02 02:00,48,2.63,,513,17
1994-03-04 15:00,44,1.48,,419,9.7
1994-03-06 22:00,55,1.35,,748,20.2
1994-03-13 05:00,27,0.45,,679,7.1
1994-03-14 21:00,36,0.34,,775,7.3
1994-03-17 20:00,40,0.45,,704,8.6
1994-03-21 04:00,33,0.68,,,
1994-03-22 19:00,28,0.36,,,
1994-03-24 04:00,57,0.46,,524,6.2
1994-03-27 10:00,41,1.2,,471,9.2
1994-03-30 00:00,48,0.43,,473,8.1
1994-04-01 20:00,14,0.43,,407,10.2
1994-04-02 11:44,61,1.6,SI,,
1994-04-11 06:00,36,0.33,,776,6.9
1994-04-14 12:00,45,0.96,,703,5.4
1994-04-16 20:00,36,4.98,iSW,,
1994-04-23 04:00,36,0.3,,447,8.8
1994-04-25 08:00,31,0.35,,456,6.7
1994-04-26 20:00,30,0.52,,404,11.6
1994-04-28 15:00,36,0.64,,,
1994-05-01 16:00,37,0.84,,725,17.5
1994-05-03 06:00,34,0.46,,769,12.3
1994-05-04 21:00,28,0.49,,766,7.4
1994-05-06 05:00,30,0.5,,809,8.5
1994-05-08 20:00,40,0.42,,824,6.2
1994-05-14 13:00,46,1.32,,798,11.3
1994-05-22 01:00,44,1.55,,376,7.4
1994-05-24 08:00,36,1.12,,,
1994-05-28 13:56,118,2.19,SSC,786,18.5
1994-06-08 03:00,36,0.23,,661,5.1
1994-06-10 12:00,61,0.62,,755,13.2
1994-06-13 19:00,62,0.54,,684,6.2
1994-06-17 04:00,36,1.2,,,
1994-06-19 01:00,33,1.61,,767,16.4
1994-06-26 03:00,47,1.21,,533,11.4
1994-06-29 06:00,30,1.04,,,
1994-06-30 17:00,35,1.83,,,
1994-07-02 12:00,47,0.5,,670,6.3
1994-07-06 20:00,56,0.42,,527,9.8
1994-07-10 01:00,21,0.24,,347,5.7
1994-07-14 07:00,37,2.29,,645,12
1994-07-16 04:00,80,0.8,,835,7.4
1994-07-21 08:00,66,0.31,,540,8.3
1994-07-25 21:00,46,0.78,,,
1994-07-28 07:00,56,1,,648,10.5
1994-07-31 21:00,43,0.39,,548,6.3
1994-08-04 05:00,45,0.4,,332,4
1994-08-08 10:00,32,0.77,,,
1994-08-10 02:00,56,1.98,,390,15.3
1994-08-13 03:00,42,0.61,,691,10.5
1994-08-16 12:00,29,0.45,,507,5.8
1994-08-21 01:00,32,0.4,,,
1994-08-23 05:00,32,0.67,,400,12.2
1994-08-24 17:52,32,0.29,SSC,397,7.5
1994-08-26 22:00,66,0.45,,541,10.3
1994-08-30 14:00,29,0.49,,,
1994-08-31 23:00,38,0.92,,,
1994-09-04 07:00,42,0.97,,366,7.2
1994-09-06 12:00,54,1.51,,689,13.1
1994-09-09 17:00,36,0.28,,711,8.2
1994-09-14 01:00,46,1.15,,,
1994-09-16 10:00,56,0.69,,539,7.9
1994-09-21 00:00,36,0.43,,381,7.5
1994-09-25 21:00,36,0.41,,,
1994-09-30 12:00,40,0.48,,375,6.3
1994-10-02 17:12,41,2.22,SI,686,16.2
1994-10-04 19:00,36,0.68,,701,7.8
1994-10-07 02:00,31,0.45,,,
1994-10-11 05:00,31,0.54,,406,8.5
1994-10-12 17:27,42,1.33,SI,516,13.1
1994-10-15 06:00,36,0.37,,583,7.9
1994-10-17 09:00,43,0.35,,462,6.8
1994-10-19 14:52,37,0.41,SSC,,
1994-10-22 08:49,74,1.92,SSC,623,7
1994-10-25 20:00,59,0.46,,496,6.5
1994-10-29 00:25,35,2.79,SSC,418,26.8
1994-10-30 18:00,33,0.55,,675,7.1
1994-11-03 05:00,49,0.52,,,
1994-11-05 19:00,39,0.59,,477,9.7
1994-11-09 16:00,61,1.24,,579,12.9
1994-11-13 02:00,61,0.58,,,
1994-11-18 19:00,23,0.53,,426,15.1
1994-11-19 21:00,37,0.55,,493,10.7
1994-11-24 00:00,36,0.58,,324,6.8
1994-11-26 07:25,36,2.24,SI,,21.6
1994-11-30 04:00,39,0.83,,535,9
1994-12-02 04:00,36,0.59,,602,9.6
1994-12-05 21:05,36,0.62,SI,651,21
1994-12-08 03:00,69,0.5,,654,7.2
1994-12-11 21:00,78,0.55,,499,10.1
1994-12-16 05:00,36,0.34,,636,6.3
1994-12-19 17:00,74,0.58,,610,12.5
1994-12-24 05:00,36,0.82,,,5.9
1994-12-26 22:00,36,0.48,,498,7.7
1994-12-29 00:00,36,0.57,,419,11.1
1995-01-01 19:40,56,0.89,SSC,685,14.4
1995-01-04 21:00,53,0.76,,675,6.8
1995-01-07 07:00,30,0.57,,673,6.2
1995-01-08 13:00,40,0.34,,585,5.7
1995-01-10 21:00,36,0.41,,513,10.6
1995-01-12 22:00,42,0.48,,419,8.3
1995-01-15 13:00,29,0.46,,366,7.9
1995-01-16 22:00,31,1.11,,388,18.2
1995-01-18 10:00,52,0.48,,523,8.2
1995-01-22 14:00,56,0.84,,438,10.3
1995-01-25 13:00,60,0.93,,330,7.6
1995-01-28 18:47,7,0.08,SI,320,8.1
1995-01-29 03:00,112,1.11,,708,19.3
1995-02-07 20:00,28,0.89,,477,12.6
1995-02-09 01:00,47,0.66,,414,10.1
1995-02-11 03:00,80,0.79,,680,13.2
1995-02-21 15:00,41,1.17,,348,6.3
1995-02-24 01:00,39,0.57,,305,5.9
1995-02-26 03:59,4,0.22,SSC,301,13.6
1995-02-26 08:27,135,1.37,SSC,681,13
1995-03-04 01:15,32,0.75,SSC,463,13
1995-03-05 17:00,29,0.93,,472,11.6
1995-03-09 04:00,48,1.13,,599,10.3
1995-03-11 19:00,36,1,,731,15.5
1995-03-13 20:00,59,0.39,,765,6.1
1995-03-20 17:00,47,0.6,,356,5.9
1995-03-23 10:37,36,1.01,SSC,343,11
1995-03-26 04:00,46,1.26,,511,17.8
1995-03-28 14:00,49,0.67,,542,8.2
1995-03-30 16:00,16,0.4,,386,8
1995-03-31 08:00,33,0.51,,423,7
1995-04-01 17:20,32,0.75,SSC,394,10
1995-04-03 06:00,37,0.66,,346,10.3
1995-04-05 04:00,29,0.6,,370,10.8
1995-04-06 13:00,19,0.62,,346,13.7
1995-04-07 11:00,51,1.19,,705,24.8
1995-04-12 20:00,36,0.28,,543,4.3
1995-04-15 14:00,21,0.22,,358,3.8
1995-04-16 14:00,21,0.69,,344,8
1995-04-17 14:00,44,0.44,,365,9
1995-04-20 04:00,32,0.44,,370,6.3
1995-04-22 08:00,40,0.7,,434,11.6
1995-04-24 09:00,36,0.48,,503,9.8
1995-04-26 16:00,19,0.75,,705,15.6
1995-04-27 14:00,61,0.59,,700,6.6
1995-05-01 21:58,44,1.31,SI,760,15.3
1995-05-04 09:00,68,0.46,,741,8.3
1995-05-12 14:00,19,0.36,,362,6.1
1995-05-13 11:57,38,1.63,SI,371,14
1995-05-15 15:00,79,1.77,,504,23.8
1995-05-21 02:00,46,0.41,,405,5.9
1995-05-23 11:00,67,0.93,,672,16.2
1995-05-29 05:00,21,1.07,,448,14.1
1995-05-30 05:00,49,1.27,,766,16.2
1995-06-02 04:00,55,0.46,,689,7.4
1995-06-09 04:00,53,1.09,,408,11.6
1995-06-12 00:00,71,0.33,,367,5.9
1995-06-16 07:00,43,0.64,,387,9.2
1995-06-18 02:00,29,0.48,,379,13.6
1995-06-19 09:00,69,0.54,,700,23.5
1995-06-25 08:00,26,0.97,,571,14.5
1995-06-26 13:00,40,0.27,,553,6.9
1995-06-28 14:00,34,0.84,,438,7.6
1995-06-30 09:00,56,0.6,,496,11.2
1995-07-03 21:00,36,0.18,,395,7.9
1995-07-07 03:00,25,0.24,,359,5.6
1995-07-11 22:00,50,1.25,,321,11.5
1995-07-14 15:00,26,0.31,,389,9.4
1995-07-16 11:00,19,1.33,,673,18.9
1995-07-17 09:00,36,0.49,,691,8.4
1995-07-19 14:00,42,0.43,,533,6.3
1995-07-22 06:00,37,0.3,,424,8.5
1995-07-24 02:53,68,1.31,SSC,486,18.7
1995-07-28 08:00,30,0.35,,388,6.9
1995-07-29 20:00,37,0.44,,367,8.9
1995-07-31 17:00,24,0.2,,390,6.9
1995-08-03 01:00,36,0.24,,432,8.7
1995-08-04 21:00,36,0.43,,394,7.4
1995-08-07 02:00,22,0.96,,496,9.6
1995-08-08 03:00,27,0.36,,599,11
1995-08-09 12:31,64,0.4,SI,606,7.5
1995-08-13 08:00,53,0.52,,651,10.4
1995-08-17 02:57,37,0.65,SSC,443,9.3
1995-08-19 09:00,57,0.43,,421,6.8
1995-08-22 13:08,35,1.38,SSC,381,11.5
1995-08-24 22:24,24,0.39,SI,435,12.4
1995-08-26 16:00,76,0.39,,397,6.2
1995-09-01 07:00,51,0.5,,317,5.8
1995-09-04 07:00,27,0.39,,334,7.1
1995-09-05 13:00,80,1.66,,618,18.8
1995-09-10 19:00,36,0.5,,583,11.4
1995-09-12 17:00,38,0.5,,634,7.5
1995-09-15 09:00,39,0.34,,526,11.9
1995-09-17 23:00,36,0.66,,369,5.5
1995-09-20 08:00,41,0.87,,403,7.7
1995-09-22 10:00,68,0.47,,423,8.3
1995-09-26 14:00,21,0.32,,372,7.7
1995-09-27 14:00,37,0.9,,419,14.4
1995-09-29 11:12,46,0.41,SI,380,7
1995-10-02 01:00,37,0.83,,483,11.5
1995-10-03 22:00,36,1.26,,707,18.4
1995-10-06 22:00,55,0.55,,664,8.7
1995-10-10 09:00,35,0.34,,491,8.2
1995-10-11 21:00,51,0.31,,540,7.8
1995-10-16 00:00,29,0.79,,348,5.6
1995-10-17 09:00,23,0.94,,329,8.6
1995-10-18 11:21,27,1.71,SSC,432,22.2
1995-10-19 17:51,36,1.17,,560,28.6
1995-10-21 23:00,19,0.42,,460,6.7
1995-10-22 20:00,36,0.8,,420,7.9
1995-10-24 09:00,40,0.44,,447,7.5
1995-10-26 18:00,61,0.89,,379,7.2
1995-10-30 10:08,31,0.46,SI,438,11.6
1995-10-31 22:00,40,0.6,,634,9.8
1995-11-02 23:00,31,0.42,,501,6.3
1995-11-04 11:00,21,0.48,,443,9.1
1995-11-05 11:00,30,0.44,,585,12.2
1995-11-09 01:00,35,0.68,,429,4.5
1995-11-10 20:00,24,0.41,,347,5.5
1995-11-11 23:00,41,0.48,,397,8.5
1995-11-15 13:00,29,0.29,,354,8.2
1995-11-16 21:19,25,0.23,SSC,378,9
1995-11-18 04:00,48,0.26,,371,5.8
1995-11-22 03:00,31,0.33,,366,7
1995-11-25 01:00,41,1.22,,330,5.7
1995-11-27 08:27,34,0.95,SSC,,
1995-11-29 00:00,48,0.55,,506,9.4
1995-12-01 12:00,36,0.84,,397,10.6
1995-12-03 18:00,51,0.68,,412,11.4
1995-12-06 04:00,53,0.29,,464,6.6
1995-12-09 02:00,49,0.46,,365,7.5
1995-12-12 06:00,50,0.64,,360,8.2
1995-12-15 15:15,32,0.54,SSC,425,12.6
1995-12-17 04:00,51,0.4,,437,6.6
1995-12-19 18:00,19,0.32,,381,6.2
1995-12-20 16:00,42,1.03,,414,9.4
1995-12-22 20:00,30,0.34,,408,10.2
1995-12-24 06:00,56,1.12,SSC,673,20.3
1995-12-30 23:00,26,0.36,,496,11.1
1996-01-02 15:00,35,0.39,,546,10
1996-01-04 08:00,113,0.44,,459,5.9
1996-01-09 03:00,88,1.07,,356,7.5
1996-01-12 20:00,36,0.72,,401,11.4
1996-01-14 16:00,36,0.58,,636,13
1996-01-19 02:00,55,1.17,,532,11.6
1996-01-22 15:00,39,0.48,,393,5.4
1996-01-24 14:00,36,0.43,,419,8.2
1996-01-27 00:00,28,0.3,,464,6.8
1996-01-28 08:00,35,0.92,,569,9.7
1996-01-30 03:00,45,0.39,,573,8.6
1996-02-02 00:00,29,0.37,,529,8.4
1996-02-03 09:00,28,0.34,,487,6.6
1996-02-04 17:00,56,0.52,,405,6.8
1996-02-07 17:00,36,0.63,,440,7.1
1996-02-10 19:00,74,0.66,,627,12.8
1996-02-14 23:00,34,0.57,,525,9.9
1996-02-16 15:00,36,0.34,,435,14.1
1996-02-18 17:00,28,0.36,,513,7
1996-02-20 01:00,33,0.38,,525,5.5
1996-02-21 18:00,30,0.66,,473,9.2
1996-02-23 02:00,33,0.46,,456,10.2
1996-02-24 11:00,29,0.51,,516,9.8
1996-02-27 15:00,36,0.37,,516,9
1996-03-01 13:00,28,0.37,,391,5.3
1996-03-02 21:00,58,0.48,,485,8.4
1996-03-07 21:00,36,0.64,,353,8.8
1996-03-10 18:00,80,1.28,,578,10
1996-03-15 22:00,60,0.66,,470,11.8
1996-03-19 03:00,36,0.34,,443,8.5
1996-03-20 23:00,34,0.78,,656,9.2
1996-03-24 05:00,31,0.44,,569,8.6
1996-03-27 03:00,37,0.44,,477,7.5
1996-03-30 07:00,52,0.61,,383,6.8
1996-04-02 09:00,25,0.25,,349,5.4
1996-04-03 10:00,23,0.48,,402,6.8
1996-04-04 12:00,54,0.3,,411,9.4
1996-04-07 01:00,32,0.64,,319,8.1
1996-04-08 13:34,45,0.35,SSC,494,10.5
1996-04-10 22:00,52,0.68,,539,8.5
1996-04-14 08:00,45,0.66,,606,11.8
1996-04-17 01:00,57,0.51,,727,9.7
1996-04-22 08:00,38,0.44,,504,6.7
1996-04-24 20:00,38,0.49,,396,5.4
1996-04-26 18:00,19,0.38,,375,6.3
1996-04-27 13:00,45,0.44,,426,7.4
1996-04-29 10:00,60,0.43,,427,5.9
1996-05-05 06:00,32,0.57,,434,5.3
1996-05-06 19:00,47,0.9,,375,5.4
1996-05-09 13:00,36,0.37,,361,7
1996-05-11 13:00,29,0.48,,413,6.5
1996-05-12 22:00,35,0.37,,508,9.9
1996-05-14 17:00,52,0.35,,510,8.3
1996-05-16 22:00,30,0.34,,444,8.4
1996-05-19 06:00,44,0.44,,481,9.3
1996-05-22 23:00,74,0.62,,469,7.6
1996-05-26 01:00,30,0.28,,437,7
1996-05-27 08:00,34,0.73,,416,11.1
1996-05-29 00:00,56,0.26,,465,15.8
1996-06-03 12:00,41,0.44,,351,4.6
1996-06-05 15:00,32,1.08,,472,14
1996-06-07 05:00,58,0.32,,416,7.4
1996-06-15 06:00,40,0.54,,428,9.8
1996-06-19 02:45,40,0.34,SSC,526,13.7
1996-06-21 07:00,36,0.28,,419,5.2
1996-06-24 14:00,42,0.43,,414,6.4
1996-06-27 09:00,18,0.25,,397,6.6
1996-06-28 05:00,45,0.89,,387,8.9
1996-07-01 13:20,25,0.54,SI,369,13.8
1996-07-02 17:00,46,0.61,,555,11.6
1996-07-07 08:00,34,1.01,,465,7
1996-07-12 00:00,41,0.52,,415,10.2
1996-07-14 02:00,31,0.38,,386,9.3
1996-07-16 05:00,15,0.17,,359,8.6
1996-07-16 22:00,36,0.38,,406,7.6
1996-07-20 02:00,31,0.23,,451,6.6
1996-07-21 16:00,31,0.23,,490,8.4
1996-07-24 13:00,41,1.03,,392,7.4
1996-07-28 13:07,45,0.91,SSC,394,11.9
1996-07-30 21:00,36,0.74,,563,14.8
1996-08-01 19:00,33,0.44,,568,6.9
1996-08-07 06:00,31,0.84,,363,8.1
1996-08-08 18:00,51,1.17,,404,8.5
1996-08-11 03:00,38,0.27,,373,7.3
1996-08-12 22:34,20,0.29,SI,397,8
1996-08-14 10:00,36,0.42,,510,9.5
1996-08-16 08:00,36,0.32,,585,10.4
1996-08-20 18:00,28,0.3,,452,7.1
1996-08-22 23:00,33,0.4,,520,10.9
1996-08-24 14:00,75,0.98,,484,7.2
1996-08-28 17:00,36,0.78,,626,10.5
1996-09-03 18:00,14,0.31,,323,6.1
1996-09-04 10:00,64,2.08,,444,9.9
1996-09-07 07:00,42,0.85,,426,6.1
1996-09-09 19:13,36,0.65,SI,574,12.2
1996-09-11 15:00,52,0.43,,695,9.7
1996-09-16 21:00,49,0.29,,574,7.1
1996-09-19 12:00,47,0.58,,667,9.3
1996-09-22 01:00,41,0.44,,644,7
1996-09-25 04:00,30,0.3,,465,7.1
1996-09-26 14:00,36,0.9,,676,17.1
1996-09-28 20:00,51,0.34,,483,7.7
1996-10-02 00:00,76,1.77,,570,16
1996-10-08 09:00,45,0.65,,533,11.3
1996-10-11 03:00,35,0.23,,445,7
1996-10-12 22:00,24,0.67,,487,11.4
1996-10-13 22:00,25,0.29,,542,9.6
1996-10-16 02:00,26,0.45,,422,7.8
1996-10-17 19:00,36,0.73,,613,10.5
1996-10-19 13:00,36,0.72,,622,6.6
1996-10-21 10:00,19,0.41,,494,6.8
1996-10-22 05:00,34,1.36,,667,13.9
1996-10-27 09:00,66,1.78,,618,13.2
1996-10-30 14:00,27,0.26,,587,5.7
1996-10-31 23:00,35,1.1,,439,7.5
1996-11-02 18:00,27,0.22,,365,6.5
1996-11-04 01:00,28,0.31,,449,11.5
1996-11-06 01:00,19,0.25,,421,6.8
1996-11-06 23:00,21,0.2,,387,4.8
1996-11-07 23:00,34,0.36,,364,6.7
1996-11-09 16:00,38,0.47,,420,7.1
1996-11-11 15:27,36,0.41,SSC,380,6.6
1996-11-13 13:00,52,0.89,SSC,497,13.9
1996-11-17 19:00,36,0.53,,556,10.2
1996-11-19 21:00,43,0.42,,469,5.7
1996-11-24 01:00,27,0.32,,457,10.8
1996-11-25 08:00,27,1,,495,11.1
1996-11-26 15:00,41,0.5,,558,8
1996-11-28 18:00,20,0.39,,429,5.2
1996-11-29 14:00,56,0.61,,382,8.6
1996-12-02 10:01,28,0.73,SSC,396,17.4
1996-12-04 04:00,31,0.37,,519,10.6
1996-12-06 01:00,61,0.48,,430,9.2
1996-12-09 22:00,37,0.51,,674,13.7
1996-12-12 22:00,36,0.51,,557,5.9
1996-12-15 05:00,46,0.49,,576,8.4
1996-12-18 05:00,28,0.26,,478,3.9
1996-12-20 21:00,53,0.56,,445,8.5
1996-12-23 10:00,70,1.39,,423,12.6
1996-12-26 11:00,26,0.44,,359,9.8
1996-12-30 06:00,36,0.77,,,
1997-01-01 02:00,28,0.35,,428,7.6
1997-01-03 05:00,20,0.33,,389,4.4
1997-01-04 23:00,34,0.42,,351,7.4
1997-01-07 05:00,53,0.27,,457,8.2
1997-01-10 01:04,21,0.91,SSC,468,15.6
1997-01-11 01:16,23,0.48,SSC,566,21.9
1997-01-12 03:00,30,0.35,,575,7.4
1997-01-15 01:00,36,0.33,,384,9.4
1997-01-17 06:00,36,0.4,,351,6.4
1997-01-19 03:00,42,0.55,,380,8.9
1997-01-23 17:00,42,0.5,,359,8.2
1997-01-25 21:00,11,0.47,,357,11.1
1997-01-26 08:00,36,0.63,,578,15.7
1997-01-27 21:00,36,0.68,,708,9.7
1997-02-01 04:00,53,0.53,,499,7.2
1997-02-04 09:00,19,0.22,,359,6.5
1997-02-05 07:00,18,0.44,,366,11.2
1997-02-06 03:00,21,0.25,,465,6.7
1997-02-07 21:00,34,0.62,,615,14.6
1997-02-09 13:21,32,1.24,SSC,615,9.1
1997-02-11 04:55,36,0.66,SI,448,7.2
1997-02-17 08:00,36,0.44,,429,11.2
1997-02-21 02:00,34,0.38,,433,9.7
1997-02-22 18:00,55,0.74,,518,7.9
1997-02-25 23:00,35,0.7,,467,11.5
1997-02-27 18:10,36,1.5,SI,614,14.1
1997-03-02 13:00,40,0.28,,463,7.3
1997-03-05 13:57,31,0.65,SSC,404,10.5
1997-03-07 02:00,79,0.55,,372,7.3
1997-03-11 22:00,44,0.44,,505,12.5
1997-03-14 21:00,26,0.31,,425,7.6
1997-03-16 02:00,61,1.38,,385,8.1
1997-03-22 04:00,25,0.28,,441,8.7
1997-03-23 08:00,45,0.42,,444,7.9
1997-03-25 16:00,20,0.42,,490,8.7
1997-03-26 12:00,43,0.63,,583,7.2
1997-03-28 08:00,42,1.19,,489,10.7
1997-04-01 01:00,16,0.56,,415,14.4
1997-04-01 19:00,43,0.33,,496,7.2
1997-04-04 17:45,32,0.2,SSC,437,6.1
1997-04-09 07:00,27,0.4,,305,7.6
1997-04-10 12:58,28,3.29,iSW,473,22.1
1997-04-11 20:56,76,0.6,iSW,547,9
1997-04-16 13:20,36,1.18,SSC,547,14.3
1997-04-19 05:00,36,0.3,,518,6.9
1997-04-21 06:00,52,0.72,,422,13.9
1997-04-24 00:00,36,0.35,,441,6.9
1997-04-28 03:00,49,0.48,,347,7.1
1997-04-30 18:00,17,0.28,,379,11.9
1997-05-01 12:43,36,0.56,SSC,606,13.2
1997-05-04 16:00,28,0.36,,421,4.8
1997-05-07 02:00,36,0.39,,358,5.1
1997-05-09 02:00,27,0.66,,314,6.6
1997-05-10 09:00,74,1.7,,331,7.9
1997-05-15 01:59,36,2.46,SSC,524,25.6
1997-05-17 00:00,27,0.31,,495,6.4
1997-05-20 06:01,53,0.34,SSC,360,7.8
1997-05-23 08:00,44,0.93,,325,7.2
1997-05-25 14:34,17,0.34,SI,321,8.8
1997-05-26 09:57,35,1.4,SSC,358,11
1997-05-28 04:00,20,0.23,,336,8.2
1997-05-29 20:00,70,0.62,,418,7.3
1997-06-02 22:00,36,0.31,,477,7.1
1997-06-06 01:00,50,1.48,,437,9
1997-06-08 16:36,36,0.89,SSC,398,14.1
1997-06-15 13:00,54,0.53,,450,9
1997-06-19 00:32,40,0.75,SSC,392,8.7
1997-06-22 03:13,29,0.78,SSC,417,11.5
1997-06-23 08:00,86,0.54,,438,7.1
1997-06-27 01:00,66,0.55,,563,9.6
1997-07-01 03:00,36,0.43,,370,6.7
1997-07-03 04:00,43,0.53,,393,8.6
1997-07-06 12:00,38,1.36,,451,11.1
1997-07-08 06:00,25,0.47,,460,6.3
1997-07-09 13:00,36,0.45,,444,13.1
1997-07-11 13:00,47,0.33,,389,5.8
1997-07-15 03:11,36,0.83,SI,376,12.8
1997-07-17 19:00,65,0.71,,496,9.1
1997-07-21 13:00,54,0.32,,496,7.5
1997-07-24 02:00,36,0.42,,454,10
1997-07-27 19:00,36,0.46,,387,4.2
1997-07-31 01:00,53,1.21,,475,16.7
1997-08-03 10:42,34,0.66,SI,484,16.6
1997-08-05 04:00,36,0.25,,374,8.5
1997-08-07 01:00,24,0.31,,351,7.7
1997-08-09 03:00,39,0.64,,459,8.7
1997-08-12 20:00,67,0.43,,560,9
1997-08-17 02:00,30,0.32,,410,8.2
1997-08-18 13:00,42,0.59,,383,8.4
1997-08-20 19:00,26,0.38,,389,6.8
1997-08-22 00:00,21,0.28,,437,8
1997-08-23 05:00,34,0.33,,361,6.1
1997-08-24 18:00,37,0.27,,360,4.7
1997-08-27 16:00,35,0.92,,454,13.1
1997-08-29 10:00,49,0.65,,444,9.2
1997-09-01 07:00,34,0.32,,379,6
1997-09-02 22:39,62,2.11,SSC,560,17.5
1997-09-08 10:00,45,0.75,,469,8.2
1997-09-10 21:00,37,0.41,,493,8.2
1997-09-13 13:00,58,0.51,,459,7.8
1997-09-17 10:00,73,1.22,,367,12.9
1997-09-21 16:51,24,0.89,SI,478,18.1
1997-09-22 20:00,69,0.82,,428,8.6
1997-09-27 10:00,36,0.79,,505,9.9
1997-10-01 00:59,50,2.16,SSC,490,13.8
1997-10-03 02:00,46,0.36,,468,7.4
1997-10-06 08:00,60,1.03,,416,9.6
1997-10-09 14:00,23,1.12,,454,9.3
1997-10-10 16:12,36,1.94,SSC,449,13.8
1997-10-17 21:00,36,0.37,,305,5.1
1997-10-19 18:00,34,0.3,,326,7.2
1997-10-21 22:00,30,0.77,,331,6.4
1997-10-23 08:04,24,0.53,SI,403,10.5
1997-10-24 10:50,40,2.55,SSC,537,21.6
1997-10-26 12:00,45,0.59,,559,8.7
1997-11-01 01:00,50,0.71,,446,11
1997-11-03 18:00,61,1.35,,366,9.5
1997-11-06 22:48,45,,SSC,468,17.8
1997-11-09 10:04,10,0.27,iSW,392,8.8
1997-11-09 22:22,61,0.93,iSW,393,10.4
1997-11-13 18:00,51,0.98,,387,10.8
1997-11-16 11:00,33,0.6,,409,8.9
1997-11-18 02:00,62,1.59,,488,11.5
1997-11-21 23:00,9,0.16,,366,9.1
1997-11-22 09:49,27,3.01,SSC,524,26.9
1997-11-23 17:00,32,0.49,,591,9.7
1997-11-30 08:09,49,0.59,SI,449,9.7
1997-12-02 22:00,35,0.37,,382,7.8
1997-12-04 17:00,41,0.73,,401,7.7
1997-12-10 05:26,41,1.68,SSC,384,16.1
1997-12-14 02:00,40,0.38,,305,7.2
1997-12-16 18:00,27,0.49,,308,7.4
1997-12-18 01:00,92,1.8,,344,10.9
1997-12-23 01:00,36,0.29,,382,6.3
1997-12-27 11:00,49,0.65,,315,6.2
1997-12-30 02:09,45,1.87,SSC,409,13.8
1998-01-03 23:00,36,0.31,,349,7
1998-01-06 14:16,35,1.88,SSC,414,18.3
1998-01-08 08:31,60,0.93,SI,502,13.1
1998-01-13 14:00,44,0.54,,406,5.4
1998-01-16 08:00,42,0.74,,367,13.1
1998-01-18 12:00,40,0.61,,417,16.9
1998-01-20 13:00,67,0.64,,470,18.5
1998-01-24 05:29,40,0.57,SSC,458,9.9
1998-01-25 21:00,22,0.23,,468,6.7
1998-01-27 04:00,22,0.27,,465,8.5
1998-01-28 17:00,53,1.42,iSW,409,9.1
1998-01-31 16:42,37,0.85,SI,472,14.3
1998-02-02 10:00,31,0.29,,402,9.4
1998-02-03 23:00,48,0.5,,397,14.3
1998-02-06 11:00,36,0.31,,338,6.4
1998-02-08 20:00,36,0.63,,456,12.2
1998-02-10 21:00,37,0.51,,555,10
1998-02-14 20:00,29,0.36,,383,7.6
1998-02-16 05:00,20,0.48,,422,6.5
1998-02-17 04:00,25,2.17,,415,17.1
1998-02-18 07:50,45,0.98,iSW,479,21.3
1998-02-21 13:00,38,0.5,,397,7.5
1998-02-24 02:00,24,0.23,,403,5.3
1998-02-28 07:00,42,0.64,,439,13.9
1998-03-02 03:00,26,0.43,,469,8.9
1998-03-03 08:00,25,0.57,,412,4.9
1998-03-04 11:56,40,0.89,SSC,390,12.7
1998-03-06 13:00,29,0.55,,340,7.4
1998-03-10 07:00,65,1.27,,553,22.2
1998-03-13 18:00,27,0.44,,473,6.9
1998-03-17 09:00,36,0.43,,384,7.7
1998-03-19 21:00,21,0.46,,334,10.5
1998-03-20 21:00,57,1.87,,608,16
1998-03-24 09:00,22,0.57,,387,7.3
1998-03-25 10:00,25,0.79,,422,12.1
1998-03-26 11:00,54,0.65,,477,10.2
1998-03-28 19:00,49,0.39,,499,9.5
1998-03-30 22:00,53,0.59,,430,8.8
1998-04-02 21:00,32,1.24,,400,9.2
1998-04-04 11:00,44,2.43,,392,12.1
1998-04-06 07:00,32,0.56,,345,6.6
1998-04-07 17:49,50,2.6,SSC,352,15.3
1998-04-10 08:00,34,0.37,,381,8.8
1998-04-11 20:00,66,1.15,,407,10
1998-04-15 12:00,29,0.35,,392,11.6
1998-04-16 21:22,66,1.76,SI,601,12.6
1998-04-20 10:00,22,0.75,,403,9.5
1998-04-21 10:00,49,0.95,,402,9
1998-04-23 18:25,32,0.66,SSC,460,15.3
1998-04-25 07:00,64,1.15,,500,9.2
1998-04-30 09:28,31,0.83,SSC,442,11.3
1998-05-01 21:56,36,5.48,SSC,651,20.4
1998-05-03 17:43,7,0.22,SSC,491,9.5
1998-05-04 02:15,55,3.05,iSW,834,39.1
1998-05-06 10:00,28,,,491,9
1998-05-07 17:49,14,0.31,SSC,515,11.1
1998-05-08 09:52,45,0.7,SSC,659,11.9
1998-05-11 07:00,73,0.47,,523,6.5
1998-05-15 14:51,27,2.63,SSC,557,16.5
1998-05-16 21:22,30,0.47,SSC,578,9
1998-05-18 20:00,33,0.94,,441,7.2
1998-05-20 11:00,33,0.57,,451,9
1998-05-22 02:00,34,0.58,,396,8.5
1998-05-23 18:25,29,0.58,SSC,439,9.9
1998-05-25 03:00,35,0.4,,444,8.6
1998-05-26 22:00,36,0.37,,393,7
1998-05-28 20:00,18,0.38,,492,14.2
1998-05-29 15:36,16,1.58,SSC,716,17.3
1998-05-30 09:28,29,0.66,SSC,596,8.8
1998-06-02 08:00,20,0.6,,431,12
1998-06-03 07:00,36,1.04,,504,12.4
1998-06-05 09:41,31,1.19,SI,447,10.4
1998-06-06 22:00,50,0.9,,646,11.2
1998-06-09 07:00,25,0.29,,517,8.6
1998-06-10 13:29,23,0.33,SI,500,7.8
1998-06-11 23:00,36,0.97,,380,5.9
1998-06-13 19:25,30,1.22,SSC,381,11.8
1998-06-15 05:00,43,1.36,,444,11.9
1998-06-17 23:00,19,0.43,,363,6.2
1998-06-18 21:00,70,1.13,,518,14.6
1998-06-22 17:00,26,0.42,,424,10.8
1998-06-24 09:00,28,0.75,,532,14.1
1998-06-25 16:36,31,1.41,SSC,501,17.3
1998-06-27 03:00,39,0.46,,467,8.6
1998-07-01 07:00,29,0.89,,418,10.7
1998-07-02 20:00,44,0.83,,428,10.6
1998-07-05 03:15,26,2.37,iSW,586,13.4
1998-07-06 08:00,36,0.61,,631,5.4
1998-07-09 06:00,27,0.6,,351,9.1
1998-07-10 23:00,69,1.18,,427,16.3
1998-07-15 15:00,55,0.91,,612,19.8
1998-07-18 12:00,36,0.77,,398,6.1
1998-07-21 01:00,39,0.64,,483,14.1
1998-07-23 01:00,36,0.54,,720,15
1998-07-27 07:00,27,0.38,,388,4.6
1998-07-28 13:53,32,0.61,SI,350,10.9
1998-07-30 08:00,39,0.91,,446,16.5
1998-08-01 07:00,48,0.45,SSC,446,12.6
1998-08-03 20:00,48,1.17,,406,8
1998-08-06 07:36,33,1.4,SSC,495,20.8
1998-08-07 23:00,41,0.34,,518,7.1
1998-08-10 00:46,36,1.16,SSC,498,10.5
1998-08-11 23:00,36,0.31,,423,12.2
1998-08-13 16:00,56,0.72,,417,8.8
1998-08-18 20:00,20,0.92,,340,6.7
1998-08-19 18:47,10,0.42,SSC,341,13
1998-08-20 06:51,42,1,SSC,347,17.1
1998-08-22 15:00,31,2.92,,567,12.7
1998-08-26 06:51,37,6.45,SSC,858,17.4
1998-08-28 00:00,69,0.93,,602,10.3
1998-08-31 06:00,36,0.9,,538,7.8
1998-09-03 16:00,36,0.47,,419,5.2
1998-09-06 09:00,55,1.43,,368,10.1
1998-09-12 09:00,61,1,,472,9.8
1998-09-16 23:00,35,1.3,,373,11.5
1998-09-18 11:00,24,0.52,,458,19.6
1998-09-19 11:00,35,0.45,,435,5.5
1998-09-21 02:00,36,0.33,,402,8.6
1998-09-23 02:00,18,0.51,,487,9.2
1998-09-23 22:00,23,1.26,,515,13
1998-09-24 23:45,43,8.25,SSC,820,28.6
1998-09-27 22:00,46,0.45,,573,6.9
1998-09-30 14:00,34,0.69,,581,11.4
1998-10-02 07:26,40,1.03,SSC,668,12.6
1998-10-06 16:30,23,0.54,SSC,456,12.5
1998-10-07 19:00,36,0.79,,585,12.3
1998-10-10 21:00,45,0.4,,455,6.3
1998-10-13 12:00,80,0.74,,481,12.3
1998-10-18 19:52,31,1.58,SSC,430,26.5
1998-10-20 08:00,61,1.26,,668,11.1
1998-10-23 13:03,28,1.34,SI,603,11.8
1998-10-24 21:00,30,0.45,,503,6
1998-10-26 07:00,30,0.67,,412,7.5
1998-10-27 18:00,72,0.85,,613,12.5
1998-10-31 09:00,27,0.28,,419,6.5
1998-11-01 16:00,20,0.28,,398,5
1998-11-04 22:00,46,1.38,,441,9.1
1998-11-07 08:15,18,0.94,SSC,535,16.2
1998-11-08 04:51,49,5.32,SSC,634,36.2
1998-11-10 21:00,36,0.38,,380,7.4
1998-11-12 09:00,16,0.32,,363,10.2
1998-11-13 01:43,58,2.85,SSC,434,21.6
1998-11-15 12:00,54,0.66,,548,8.4
1998-11-19 19:00,37,0.4,,449,7.7
1998-11-22 16:00,18,0.27,,385,7.1
1998-11-23 12:00,46,1.18,,507,13.8
1998-11-25 22:00,40,1.87,,504,10.9
1998-11-27 15:00,48,0.85,,452,7.2
1998-11-30 05:07,38,0.55,SSC,491,15.6
1998-12-02 03:33,36,0.41,SI,452,7.8
1998-12-04 17:00,36,0.59,,515,7.5
1998-12-06 16:00,37,0.44,,466,8.1
1998-12-10 08:00,31,1.36,,377,13.8
1998-12-11 20:00,34,2.2,,409,14.3
1998-12-13 12:00,36,1.3,,428,10.4
1998-12-15 15:00,32,0.92,,533,12.3
1998-12-19 15:00,37,0.8,,477,10.1
1998-12-21 22:00,54,1.96,,388,12.9
1998-12-25 02:00,51,1.81,,559,20.9
1998-12-28 18:26,53,0.88,SSC,434,14.7
1998-12-31 16:00,36,0.76,,447,7.4
1999-01-03 21:00,43,0.96,,364,9.7
1999-01-06 14:20,73,0.62,SSC,516,16.9
1999-01-10 14:00,51,0.4,,468,7.6
1999-01-13 10:54,20,1.64,SSC,428,18.7
1999-01-14 10:00,35,0.47,,593,12.6
1999-01-18 16:00,35,0.5,,388,8.1
1999-01-20 03:00,59,0.7,,504,10
1999-01-22 19:50,29,6.35,iSW,656,19
1999-01-24 01:00,34,0.5,,586,10.1
1999-01-26 19:00,41,0.61,,415,8.8
1999-02-03 05:00,89,0.86,,438,14.8
1999-02-11 06:00,57,3.13,,539,25.5
1999-02-14 08:00,35,1.78,,650,12.4
1999-02-16 02:00,26,0.4,,597,6.8
1999-02-17 07:09,18,1.5,SSC,493,13.3
1999-02-18 02:46,39,5.84,SSC,674,28.3
1999-02-19 18:00,72,0.93,,542,8.9
1999-02-22 23:00,70,0.78,,431,9.6
1999-02-26 21:00,34,0.61,,371,7.4
1999-02-28 13:52,18,1.08,SSC,387,16.7
1999-03-01 11:00,36,0.66,,535,19.8
1999-03-03 14:00,52,0.55,,589,11.4
1999-03-06 08:00,40,0.5,,496,9.1
1999-03-10 01:30,36,0.95,SSC,463,11.7
1999-03-12 15:00,37,0.48,,531,11.8
1999-03-14 12:00,22,0.51,,586,10.7
1999-03-15 13:00,54,1.96,,537,7.7
1999-03-18 14:00,42,0.89,,463,7
1999-03-21 06:00,29,0.4,,358,11.6
1999-03-23 02:00,43,0.89,,443,12.2
1999-03-25 08:00,60,0.57,,460,12.6
1999-03-29 01:52,62,0.78,SSC,538,13.1
1999-03-31 20:00,32,0.57,,501,10.7
1999-04-02 06:00,54,1.33,,444,9
1999-04-04 16:00,49,0.45,,534,8.3
1999-04-06 22:00,25,0.39,,408,5
1999-04-08 07:00,38,0.61,,381,8.1
1999-04-10 05:00,56,1.21,,564,10.9
1999-04-14 10:00,40,0.75,,418,6.6
1999-04-16 11:25,38,0.64,SSC,463,24.6
1999-04-18 05:00,29,1.29,,404,9
1999-04-19 10:00,27,0.38,,518,8.6
1999-04-20 16:00,52,1.68,,622,12.2
1999-04-23 02:00,16,0.2,,479,7
1999-04-23 20:00,47,0.53,,448,6.6
1999-04-26 10:00,34,0.95,,599,10
1999-04-28 14:00,51,0.64,,634,9.5
1999-05-05 15:43,63,2.02,SSC,492,10.5
1999-05-09 13:00,46,0.98,,451,6.4
1999-05-12 03:00,14,0.53,,509,10
1999-05-12 20:00,51,0.87,,497,17.3
1999-05-16 00:00,37,1.67,,408,5.4
1999-05-18 00:56,67,1.02,SSC,668,23.2
1999-05-22 20:00,33,1.59,,490,8.4
1999-05-24 11:00,46,0.78,,578,13.4
1999-05-28 19:00,65,0.62,,413,7.9
1999-06-02 04:00,78,0.86,,470,12.2
1999-06-07 16:00,72,0.86,,644,11.8
1999-06-11 01:00,31,0.47,,460,6.1
1999-06-13 23:00,32,0.19,,376,3.8
1999-06-15 13:08,78,3.33,SSC,409,10.3
1999-06-20 10:00,35,0.54,,366,6.7
1999-06-22 04:00,36,0.85,,314,7.1
1999-06-26 03:25,15,0.75,SSC,355,15.1
1999-06-26 20:16,29,2.58,SSC,598,23.4
1999-06-28 05:11,37,0.49,SSC,877,14.2
1999-07-02 00:59,43,1.18,SSC,687,10.6
1999-07-06 15:09,30,1.45,SSC,504,11.8
1999-07-08 01:00,30,1.46,,436,11.4
1999-07-09 23:00,29,0.64,,327,6.7
1999-07-12 02:18,44,1.14,SSC,318,11.3
1999-07-14 06:00,11,0.41,,304,4.9
1999-07-14 18:00,41,1.42,,409,9.2
1999-07-16 17:00,36,1.19,,368,6
1999-07-18 05:00,37,0.42,,330,5.5
1999-07-20 15:00,22,0.37,,339,11.5
1999-07-21 16:00,20,1.31,,405,17.7
1999-07-22 12:00,78,0.86,,524,11.6
1999-07-26 23:23,34,1.87,iSW,466,7.7
1999-07-28 16:00,35,0.65,,414,7.1
1999-07-30 11:00,28,1.13,,675,20.7
1999-07-31 18:27,34,0.5,SSC,667,6.7
1999-08-02 11:00,33,0.62,,443,4.2
1999-08-04 02:19,36,0.32,SSC,379,13.5
1999-08-06 08:00,47,1.6,,458,12.3
1999-08-08 18:41,42,1.23,SI,415,11.4
1999-08-10 14:00,24,0.64,,348,13.2
1999-08-11 22:00,43,0.54,,418,8.9
1999-08-15 10:44,49,2.5,SSC,640,19.6
1999-08-18 01:00,70,4.4,,767,9.3
1999-08-22 05:00,28,1.54,,467,9.6
1999-08-23 13:00,19,0.6,,450,15.1
1999-08-24 11:00,36,0.53,,582,12.3
1999-08-26 12:00,72,0.68,,664,8.6
1999-08-30 07:00,50,0.76,,584,8.4
1999-09-03 21:00,40,1.26,,540,7.4
1999-09-05 22:00,26,0.4,,382,8.4
1999-09-07 03:00,36,0.42,,494,13.6
1999-09-09 12:57,49,0.52,SSC,546,10.3
1999-09-12 03:59,67,2.95,SSC,625,13.6
1999-09-15 07:53,10,1.52,SI,621,15.7
1999-09-15 20:19,36,0.74,SSC,596,8.5
1999-09-18 09:00,42,0.86,,525,6.6
1999-09-20 13:00,39,0.53,,401,12.4
1999-09-22 12:22,49,1.87,SSC,602,28.4
1999-09-25 03:00,30,0.46,,447,8
1999-09-26 14:00,94,2.39,,638,16.5
1999-10-02 03:00,42,0.45,,437,9.4
1999-10-04 13:00,22,0.39,,471,13.5
1999-10-05 11:00,46,0.52,,573,10.1
1999-10-07 16:00,36,0.49,,454,9.6
1999-10-09 20:00,63,3.19,,624,17.3
1999-10-13 10:00,20,0.51,,621,7.9
1999-10-14 08:58,36,2.06,SI,724,8.9
1999-10-16 19:00,36,0.96,,626,5.7
1999-10-19 04:00,41,0.78,,380,8.1
1999-10-21 02:25,22,1.86,SSC,505,25.8
1999-10-22 03:00,86,2.1,,678,35.8
1999-10-26 22:00,28,0.44,,425,7.5
1999-10-28 12:16,41,0.87,SI,425,12
1999-10-31 05:00,58,0.87,,466,13.5
1999-11-03 21:00,36,0.32,,373,11.5
1999-11-05 20:10,26,0.39,SI,372,10.4
1999-11-07 01:00,90,1.46,,646,16.3
1999-11-11 03:00,46,1.33,,678,8.1
1999-11-13 13:00,36,1.02,,483,14.7
1999-11-15 19:00,62,1.66,,518,15.3
1999-11-20 01:00,27,0.62,,490,12.3
1999-11-21 08:00,73,1.01,,493,14.9
1999-11-24 11:00,54,0.59,,477,13
1999-11-27 05:00,16,0.23,,409,6.9
1999-11-27 22:00,36,0.37,,430,9.6
1999-11-30 07:00,36,1.12,,396,14
1999-12-02 03:00,27,2.1,,402,13.4
1999-12-03 10:00,55,2.16,,731,20.5
1999-12-06 10:00,44,0.61,,673,6.9
1999-12-11 14:00,23,0.5,,458,7.2
1999-12-12 15:51,27,7.26,SSC,687,14.7
1999-12-13 23:00,50,1.56,,489,12
1999-12-24 01:00,38,1.24,,590,18.8
1999-12-25 23:00,19,1.33,,487,7.9
1999-12-26 21:30,37,0.48,iSW,454,12.2
1999-12-28 19:00,36,0.55,,434,10.3
1999-12-30 17:00,53,1.9,,765,18.2
2000-01-02 12:00,28,0.33,,694,5.9
2000-01-04 09:00,36,0.69,,635,7.4
2000-01-06 05:00,29,0.88,,588,8.5
2000-01-10 08:00,27,0.58,,455,14.3
2000-01-11 14:26,36,1.06,SSC,603,19.1
2000-01-18 13:00,65,1.24,,405,12.6
2000-01-22 02:00,43,1.99,,432,18.1
2000-01-23 23:00,27,0.38,,388,13.5
2000-01-25 14:00,33,0.32,,363,8.5
2000-01-27 14:53,55,1.1,SSC,765,26.3
2000-01-30 15:00,36,0.65,,655,6.7
2000-02-05 15:44,68,2.07,SSC,649,18.3
2000-02-08 18:00,30,0.4,,555,6.7
2000-02-11 02:58,18,1.95,SSC,506,10.7
2000-02-11 23:52,36,3.83,SSC,589,20.6
2000-02-14 07:31,36,0.81,SI,681,10
2000-02-16 04:00,79,0.75,,449,8.5
2000-02-20 21:39,43,1.63,SSC,455,16.9
2000-02-23 06:00,58,0.92,,781,16.6
2000-03-01 01:30,36,0.72,,527,10.5
2000-03-05 23:00,40,0.63,,450,10.5
2000-03-08 09:00,29,1.42,,471,9.5
2000-03-09 18:00,18,0.4,,399,6.8
2000-03-10 15:00,30,0.58,,386,7.4
2000-03-12 01:00,48,1.08,,449,15
2000-03-14 14:00,36,0.49,,346,3.8
2000-03-16 19:00,39,0.56,,352,12.1
2000-03-18 22:00,40,0.69,,387,11.8
2000-03-21 03:00,27,0.43,,400,10.5
2000-03-22 09:00,35,1.53,,603,20.9
2000-03-24 03:00,54,1.28,,727,8.9
2000-03-28 02:00,27,0.34,,432,9.2
2000-03-29 09:00,9,1.21,,592,9.7
2000-03-29 19:24,53,0.67,SSC,521,8.8
2000-04-01 15:00,41,0.89,,482,12.5
2000-04-03 22:00,38,0.82,,409,11.6
2000-04-06 16:40,36,4.21,SSC,626,31.4
2000-04-08 07:00,59,0.71,,573,5.8
2000-04-12 21:00,69,0.52,,382,7.5
2000-04-15 18:00,16,0.81,,359,12.5
2000-04-16 12:00,35,1.51,,488,17.3
2000-04-18 20:00,22,1.1,,475,12.2
2000-04-19 18:00,20,0.62,,535,11.2
2000-04-20 15:00,70,0.53,,547,8.3
2000-04-23 18:00,62,1.59,,559,16.2
2000-04-27 01:00,37,0.73,,442,11.7
2000-04-30 21:00,16,0.39,,459,7.8
2000-05-01 15:09,18,1.23,SSC,542,14.8
2000-05-02 10:45,36,3.38,iSW,812,14.8
2000-05-05 03:00,34,0.57,,460,6.6
2000-05-06 20:00,50,2.42,,433,15
2000-05-09 14:00,41,0.64,,351,7.6
2000-05-11 22:00,18,0.39,,322,9.7
2000-05-12 18:00,9,0.3,,382,14.5
2000-05-13 04:00,33,2.11,,599,16.1
2000-05-14 22:00,34,0.78,,450,14
2000-05-16 15:00,24,1.05,,579,12.3
2000-05-17 18:00,56,1.36,,596,12.7
2000-05-21 08:00,28,1.96,,451,8.3
2000-05-22 16:00,19,1.1,,564,10.8
2000-05-23 14:25,3,0.1,SSC,535,8.5
2000-05-23 17:02,6,0.62,SSC,609,18.6
2000-05-23 23:42,62,3.97,iSW,684,34.1
2000-05-26 17:00,36,0.9,,420,7.2
2000-05-29 09:00,29,1,,641,16.6
2000-06-03 09:00,27,0.52,,456,11.4
2000-06-04 15:02,66,3.61,SSC,533,14.8
2000-06-08 09:10,55,7.52,SSC,775,24.9
2000-06-11 08:01,32,0.45,SI,579,15.1
2000-06-12 22:08,31,0.53,SI,534,8.9
2000-06-14 10:00,42,0.93,,682,13.3
2000-06-18 11:00,47,2.54,,443,9.3
2000-06-21 17:00,36,0.67,,465,9.9
2000-06-23 13:03,45,2.73,SSC,592,18.3
2000-06-25 21:00,11,2.06,,511,16.2
2000-06-26 10:00,18,0.58,,561,13.4
2000-06-27 07:00,57,0.66,,583,7.5
2000-07-01 02:00,34,0.97,,437,9.4
2000-07-03 11:00,38,0.44,,468,10.8
2000-07-05 18:00,74,0.58,,450,7.4
2000-07-10 06:38,27,2.81,SSC,487,19.1
2000-07-11 13:00,37,0.96,,541,19.8
2000-07-13 09:42,27,8.4,SSC,667,24.6
2000-07-14 15:32,20,,SSC,782,15.5
2000-07-15 14:37,36,12.4,SSC,1107,51.6
2000-07-17 08:00,38,0.65,,685,6.6
2000-07-19 15:27,36,3.78,SSC,609,14.4
2000-07-22 06:00,26,0.93,,439,8.8
2000-07-23 10:41,46,0.95,SI,432,12.7
2000-07-25 23:00,19,1.08,,382,11.8
2000-07-26 18:57,31,0.44,SSC,400,9.5
2000-07-28 06:34,27,2.01,SSC,481,22.7
2000-07-29 13:00,28,0.45,,468,6.4
2000-07-31 17:00,47,0.52,,482,12.4
2000-08-03 08:00,33,0.83,,465,7.2
2000-08-04 23:00,77,3.04,,581,12.2
2000-08-08 04:00,36,0.29,,434,6.2
2000-08-10 05:01,32,3.38,SSC,470,14.3
2000-08-11 18:46,47,2.95,SSC,672,33.6
2000-08-14 21:00,36,1.19,,577,13
2000-08-19 20:00,28,0.53,,319,7.4
2000-08-21 02:00,30,0.57,,356,8.4
2000-08-23 08:00,16,0.45,,307,12.9
2000-08-24 01:00,66,0.82,,416,13.6
2000-08-27 15:00,15,0.31,,441,7.8
2000-08-28 08:00,74,1.74,,620,11.2
2000-09-01 20:00,48,1.47,,522,10.6
2000-09-04 13:33,39,0.72,SSC,482,10.3
2000-09-06 17:01,32,1.26,SSC,509,17.1
2000-09-08 07:00,36,0.78,,503,10.2
2000-09-10 03:00,27,0.57,,394,6.4
2000-09-11 10:00,26,1.29,,368,9.9
2000-09-12 15:00,38,0.66,,439,8.9
2000-09-15 04:50,12,1.71,SSC,402,9.6
2000-09-15 19:12,21,0.52,SSC,383,10.4
2000-09-16 19:00,19,0.95,,546,16.5
2000-09-17 16:57,19,9.04,iSW,840,39.5
2000-09-18 14:44,53,1.53,SSC,750,17.6
2000-09-24 14:00,18,0.96,,570,11.8
2000-09-25 11:00,58,1.05,,596,10.2
2000-09-28 11:00,28,0.89,,471,6.5
2000-09-30 04:00,68,1.09,,458,14.1
2000-10-03 00:54,32,1.76,SSC,462,18.4
2000-10-04 15:00,10,0.68,,423,14.8
2000-10-05 03:26,62,1.73,SSC,531,26.3
2000-10-08 11:00,78,1.06,,391,9.5
2000-10-12 22:28,36,3.24,SSC,470,20.5
2000-10-14 18:00,30,0.59,,532,12
2000-10-16 00:00,66,0.48,,585,8.9
2000-10-19 20:00,15,0.38,,450,6.9
2000-10-20 13:00,35,0.41,,446,4.7
2000-10-22 07:00,57,0.63,,565,13.1
2000-10-24 22:00,44,0.59,,452,6.4
2000-10-28 06:00,3,0.63,,376,6.9
2000-10-28 09:54,34,7.64,SSC,415,18.8
2000-10-30 02:00,33,0.96,,396,12.9
2000-10-31 17:14,42,1.41,SSC,460,14.6
2000-11-04 02:21,17,0.86,SSC,479,22.6
2000-11-04 21:00,32,1,,594,14.2
2000-11-06 09:47,37,8.2,SSC,610,24.5
2000-11-08 11:00,36,0.56,,583,11.9
2000-11-10 06:28,19,3.09,SSC,908,16.6
2000-11-11 05:00,36,2.85,iSW,905,10.3
2000-11-13 12:00,42,0.4,,570,5.1
2000-11-16 03:00,77,0.89,,413,8.5
2000-11-20 09:00,25,0.24,,407,8.8
2000-11-22 11:00,34,2.41,,407,8.6
2000-11-24 03:00,36,0.7,,504,12.4
2000-11-26 07:58,3,0.11,SSC,482,10.7
2000-11-26 11:58,35,6.61,SSC,633,28.7
2000-11-28 05:31,21,1.41,SSC,587,12.1
2000-11-29 05:00,36,1.24,,564,14.4
2000-11-30 23:00,39,0.44,,477,7.3
2000-12-03 04:09,36,0.57,SI,484,12.3
2000-12-05 21:00,18,0.38,,364,6.2
2000-12-06 18:00,99,0.77,,679,13.8
2000-12-14 03:00,28,0.21,,389,5.5
2000-12-15 11:00,24,0.45,,367,5.1
2000-12-17 02:00,77,1.22,,378,7.3
2000-12-21 12:00,27,0.74,,333,6.7
2000-12-22 19:25,36,1.12,SI,328,14.4
2000-12-24 21:00,39,0.85,,447,16.8
2000-12-26 21:00,32,0.6,,434,9.9
2000-12-28 10:00,20,0.48,,414,8.7
2000-12-29 17:00,55,0.48,,394,9.9
2001-01-01 18:00,46,0.93,,366,12
2001-01-04 07:00,79,0.8,,432,13.2
2001-01-08 13:00,36,0.87,,436,8.2
2001-01-10 16:20,46,0.58,SI,474,9.8
2001-01-13 02:18,47,1.86,SI,423,12.5
2001-01-17 16:31,33,0.5,SSC,418,8.6
2001-01-20 06:00,31,0.44,,323,12.2
2001-01-21 18:00,34,1.04,,486,15.9
2001-01-23 10:48,20,2.38,SSC,549,11.5
2001-01-24 10:00,36,0.85,,449,7.1
2001-01-28 02:00,17,0.17,,323,8.7
2001-01-28 21:00,36,0.97,,467,15
2001-01-31 08:05,33,1.78,SSC,459,13.6
2001-02-01 21:00,39,0.38,,432,5.9
2001-02-06 01:00,44,0.55,,521,15.6
2001-02-08 09:00,31,0.74,,437,6.1
2001-02-12 16:14,10,0.35,SI,458,9.7
2001-02-13 04:00,9,0.86,,561,15.2
2001-02-13 15:00,18,0.75,,566,10.7
2001-02-14 11:00,68,0.5,,589,6.6
2001-02-19 07:00,16,0.79,,347,6.7
2001-02-20 01:00,70,0.86,,369,11.8
2001-02-23 03:00,58,0.28,,409,9.7
2001-02-26 07:00,37,0.51,,397,11.5
2001-02-28 04:00,48,0.41,,535,10.1
2001-03-02 08:00,27,0.25,,472,5.2
2001-03-03 11:21,24,2.27,SSC,512,8.5
2001-03-04 14:00,15,0.9,,461,13
2001-03-05 07:00,56,0.9,,579,14.1
2001-03-11 06:00,20,0.32,,408,3.9
2001-03-12 05:00,27,0.97,,404,11.1
2001-03-13 12:00,55,0.55,,420,9
2001-03-17 07:00,39,1.17,,330,7.7
2001-03-19 11:14,57,2.8,SI,490,21.5
2001-03-22 13:42,34,0.89,SSC,418,19.9
2001-03-24 05:00,61,0.55,,443,9.1
2001-03-27 01:43,14,2.48,SI,424,16.9
2001-03-27 17:47,32,2.38,SSC,645,25.1
2001-03-29 05:00,40,0.52,,561,5.5
2001-03-31 00:52,18,6.85,SSC,716,48.2
2001-03-31 22:00,21,0.57,,822,27.2
2001-04-01 22:00,36,0.63,,657,5.9
2001-04-04 14:55,36,5.76,SSC,768,16.8
2001-04-07 17:32,16,1.63,SI,533,14.8
2001-04-08 11:01,36,6.68,SSC,782,18.5
2001-04-11 13:43,1,0,SSC,509,6.5
2001-04-11 15:19,34,12.5,SSC,732,34.5
2001-04-13 07:34,16,0.63,SSC,833,14.3
2001-04-14 02:00,36,3.71,,721,10.3
2001-04-18 00:46,32,2.4,SSC,519,23.8
2001-04-19 14:00,36,1.37,,422,7.2
2001-04-21 16:01,49,1.84,SSC,389,15.1
2001-04-24 01:00,55,0.71,,470,12
2001-04-28 05:00,68,7.19,SSC,724,19.9
2001-05-03 10:00,36,1.02,,393,9.6
2001-05-06 01:00,19,0.37,,351,7.8
2001-05-06 23:00,31,0.57,,406,9.9
2001-05-08 11:01,62,1.07,SI,559,13
2001-05-11 23:00,30,1.6,,674,17.5
2001-05-13 14:00,44,0.49,,616,11.1
2001-05-15 15:00,47,0.36,,529,7.2
2001-05-17 16:00,65,0.63,,482,8.6
2001-05-21 10:00,28,0.81,,342,7
2001-05-22 18:00,46,1.59,,485,16.5
2001-05-25 04:00,28,0.91,,586,7.5
2001-05-27 14:59,73,3.46,SSC,587,13.9
2001-06-01 08:00,79,1.83,,574,21.1
2001-06-06 07:00,23,0.61,,399,8.7
2001-06-07 08:52,30,0.63,iSW,428,11.6
2001-06-08 19:00,63,0.79,,631,12.5
2001-06-11 15:00,54,0.62,,505,6.6
2001-06-14 21:00,36,0.31,,366,8.2
2001-06-17 09:00,16,0.73,,343,8.5
2001-06-18 02:59,30,1.07,SSC,445,19.3
2001-06-19 13:00,65,1.33,,781,16.3
2001-06-25 10:00,28,0.39,,499,7.8
2001-06-26 18:00,36,0.5,,492,7
2001-06-28 23:00,59,0.53,,385,7.4
2001-07-02 03:00,54,1.39,,419,9.6
2001-07-08 04:00,41,0.66,,465,9.3
2001-07-10 15:00,56,0.79,,385,9.7
2001-07-13 17:00,33,0.73,,468,10.9
2001-07-15 08:00,28,0.47,,440,11.9
2001-07-16 16:00,52,0.92,,664,14.2
2001-07-19 03:00,54,0.83,,648,6
2001-07-22 08:00,35,0.85,,391,8.6
2001-07-24 02:00,84,1.19,,582,10.2
2001-07-29 21:00,22,0.75,,328,7.3
2001-07-30 22:00,62,1.49,,599,17.5
2001-08-03 07:16,36,1,SSC,437,11
2001-08-05 11:00,52,0.71,,477,13.7
2001-08-09 19:00,51,0.48,,473,9.6
2001-08-12 11:35,17,0.53,SSC,429,14.3
2001-08-13 07:00,57,1.02,,487,12.9
2001-08-17 11:03,84,5.35,SSC,599,32.1
2001-08-21 01:00,58,1.48,,648,11.5
2001-08-24 04:00,28,0.23,,448,3.8
2001-08-25 12:00,44,2.12,,450,11.7
2001-08-27 19:52,52,5.55,SSC,576,19.5
2001-08-30 14:11,31,0.75,SI,497,8.2
2001-09-01 02:00,36,0.37,,461,6.1
2001-09-02 22:00,65,0.51,,552,10.4
2001-09-06 13:00,74,1.3,,399,7
2001-09-11 13:00,32,0.51,,438,13.3
2001-09-13 02:33,21,1.06,SI,405,11.3
2001-09-14 02:05,19,0.67,SSC,438,16.5
2001-09-15 00:00,50,0.85,,604,11.4
2001-09-18 03:00,23,0.74,,456,11.6
2001-09-19 04:00,41,0.46,,450,9.1
2001-09-23 06:00,36,1.94,,568,15.2
2001-09-25 20:25,34,7.84,SSC,675,24.7
2001-09-27 13:00,24,0.68,,580,6.6
2001-09-29 09:40,30,4.06,SI,694,14.6
2001-09-30 19:24,24,1.92,SI,541,19.4
2001-10-01 22:00,14,1.53,,528,11.6
2001-10-02 14:00,18,0.41,,526,15.1
2001-10-03 10:00,36,2.17,,574,23.1
2001-10-07 02:00,20,0.53,,396,6.1
2001-10-08 01:00,86,4.12,SSC,468,12.1
2001-10-11 17:01,54,6.39,SSC,572,26.5
2001-10-14 18:00,42,0.62,,454,7.6
2001-10-16 18:00,27,0.51,,402,5.7
2001-10-18 11:00,27,0.32,,325,7.8
2001-10-19 19:00,36,0.61,,400,10
2001-10-21 16:48,86,6.94,SSC,677,28.4
2001-10-25 08:50,32,1.45,SSC,449,11.4
2001-10-26 22:00,26,0.89,,409,8.1
2001-10-28 03:19,36,2.82,SSC,502,19.5
2001-10-29 15:00,41,0.97,,409,8.4
2001-10-31 13:48,49,1.54,SSC,388,13.9
2001-11-03 23:00,26,0.29,,334,8.2
2001-11-05 04:00,19,,,426,21.6
2001-11-06 01:52,117,12.5,SSC,729,62
2001-11-11 09:00,21,0.31,,470,6.9
2001-11-12 09:00,36,1.12,,457,6.3
2001-11-15 15:09,68,1.11,SSC,426,16.1
2001-11-19 18:15,38,2.06,SI,568,12.6
2001-11-21 19:00,42,1.11,,469,8.6
2001-11-24 05:56,54,9.25,SSC,1040,50.1
2001-11-27 05:00,36,0.49,,482,6.2
2001-11-30 19:00,36,1.27,,387,10.4
2001-12-02 15:00,25,0.47,,418,12
2001-12-03 19:00,24,2.48,,505,17.9
2001-12-04 22:00,34,0.89,,468,9.1
2001-12-06 23:00,35,0.77,,470,9.2
2001-12-08 11:00,23,0.24,,430,6.2
2001-12-11 06:00,36,0.47,,375,11.5
2001-12-13 02:00,34,0.49,,330,11.1
2001-12-14 22:00,31,2.78,,569,24.8
2001-12-16 11:00,15,0.95,,540,9.3
2001-12-17 04:00,36,1.26,,519,11
2001-12-21 13:00,36,0.97,,444,12
2001-12-23 23:16,65,0.56,SI,612,16.1
2001-12-27 18:00,29,0.83,,368,9.8
2001-12-29 05:38,17,1.45,SSC,450,23.2
2001-12-30 01:00,18,1.88,,429,20.3
2001-12-30 20:29,50,6.93,SSC,648,20.5
2002-01-02 12:00,35,0.9,,429,6.5
2002-01-07 13:00,47,0.82,,438,12.9
2002-01-10 03:00,116,4.48,,643,20.4
2002-01-17 07:00,29,0.27,,413,9.8
2002-01-18 20:00,9,0.21,,299,6.9
2002-01-19 06:00,18,1.2,,451,19.9
2002-01-20 02:00,18,0.33,,515,11.6
2002-01-20 22:00,36,0.94,,504,12.1
2002-01-23 06:00,39,0.64,,397,8.4
2002-01-25 05:00,46,0.47,,447,11.6
2002-01-27 15:00,54,2.95,,389,9
2002-01-31 21:27,30,0.95,SI,375,14.7
2002-02-02 07:00,27,0.4,,422,13.4
2002-02-03 11:00,29,0.28,,378,8.2
2002-02-04 16:00,88,1.7,,679,20.2
2002-02-11 01:00,27,0.53,,574,9.3
2002-02-12 08:00,36,0.6,,538,7.9
2002-02-15 05:00,29,0.41,,400,8.9
2002-02-17 02:55,36,1.02,SSC,435,11.9
2002-02-18 23:00,32,0.35,,448,10.7
2002-02-20 12:00,79,1.98,,471,11
2002-02-25 18:00,36,0.49,,353,7.5
2002-02-28 04:51,36,0.94,SSC,413,16.3
2002-03-02 11:00,32,0.31,,426,11.3
2002-03-04 00:00,95,0.97,,703,19.2
2002-03-10 04:00,30,0.48,,435,7.8
2002-03-11 15:00,35,1.19,,484,12.1
2002-03-13 10:00,38,0.33,,463,6.7
2002-03-15 08:00,9,0.46,,355,7.4
2002-03-15 19:00,49,0.67,,343,8.5
2002-03-18 13:22,39,4.46,SSC,470,22.5
2002-03-20 13:28,32,3.79,SSC,576,20.1
2002-03-22 03:00,29,1.45,,466,11.5
2002-03-23 11:37,32,2.25,SSC,505,14.4
2002-03-25 00:58,12,0.53,iSW,474,20
2002-03-25 15:00,70,0.79,,568,15.8
2002-03-29 22:37,116,1.33,SSC,766,20.7
2002-04-05 06:00,36,0.76,,417,8.5
2002-04-07 02:00,42,0.67,,444,8.7
2002-04-09 07:00,25,0.84,,349,5.9
2002-04-10 11:00,29,0.67,,504,13.1
2002-04-11 20:00,51,1.36,,476,11.4
2002-04-14 12:34,45,1.01,SI,418,10.9
2002-04-17 11:07,38,6.46,SSC,611,30.4
2002-04-19 08:35,13,2.2,SSC,670,21.9
2002-04-20 00:00,60,2.14,,640,20.6
2002-04-23 04:48,50,2,SSC,593,15.1
2002-04-26 09:00,31,0.59,,421,10.2
2002-04-27 21:00,22,0.32,,540,11.4
2002-04-29 04:00,36,0.41,,550,11.3
2002-05-02 04:00,53,0.54,,478,6.6
2002-05-05 11:00,23,0.44,,347,6.4
2002-05-06 13:00,49,1.09,,404,10
2002-05-09 11:00,21,0.53,,404,8.4
2002-05-10 11:23,20,1.64,SSC,421,10.8
2002-05-11 10:14,41,1.85,SSC,524,19.4
2002-05-13 15:00,77,1.86,,463,10.3
2002-05-18 20:08,28,2.94,SSC,487,19.5
2002-05-20 03:40,34,1.2,SSC,499,13.8
2002-05-21 22:03,30,0.91,SSC,434,11.3
2002-05-23 10:50,38,6.93,SSC,872,38.2
2002-05-25 12:00,35,1.78,,498,9.8
2002-05-27 02:00,70,1.32,,769,13.6
2002-05-30 02:04,27,0.58,SI,515,8.4
2002-06-01 16:44,101,1.63,SI,465,11.5
2002-06-08 11:40,27,0.4,SSC,440,13
2002-06-09 19:00,72,2.14,,498,10
2002-06-15 23:00,34,0.48,,419,11.4
2002-06-17 16:00,27,0.51,,356,9.4
2002-06-18 23:00,48,1.16,,520,14.5
2002-06-22 08:00,30,0.52,,450,8.4
2002-06-23 19:00,35,0.28,,521,8.6
2002-06-25 13:00,79,0.53,,498,6.5
2002-06-29 22:00,22,0.38,,395,8.5
2002-06-30 23:00,45,0.75,,474,11.1
2002-07-02 20:00,30,0.44,,397,4.4
2002-07-04 06:00,20,0.24,,336,6.5
2002-07-05 08:00,32,1.71,,567,12.6
2002-07-06 22:00,36,0.88,,539,6.1
2002-07-08 21:00,53,0.73,,509,9.3
2002-07-11 23:00,73,0.8,,551,15.6
2002-07-16 05:00,30,0.35,,423,9.1
2002-07-17 16:04,35,3.7,SSC,520,15
2002-07-19 11:09,10,3.7,SSC,813,19
2002-07-19 23:00,44,1.08,,922,13.3
2002-07-22 06:00,61,0.69,,533,9.5
2002-07-25 13:00,46,2.14,,520,13.4
2002-07-27 22:00,33,1.89,,488,11.8
2002-07-29 13:21,36,1.9,SSC,520,16.9
2002-07-31 11:00,12,0.8,,443,8.3
2002-08-01 01:05,19,0.5,SSC,461,14.4
2002-08-01 23:09,36,1.97,SSC,525,15.7
2002-08-03 22:00,47,0.86,,475,11.8
2002-08-06 06:00,36,0.58,,423,5.9
2002-08-08 19:00,22,0.57,,454,11.7
2002-08-09 20:00,29,0.63,,458,10.2
2002-08-11 05:00,26,0.61,,522,8.8
2002-08-12 13:00,28,0.59,,506,8.3
2002-08-14 16:00,24,0.59,,581,8.8
2002-08-15 19:00,36,1.1,,624,10
2002-08-18 18:46,59,4.72,SSC,573,14.3
2002-08-21 23:00,36,1.25,,463,12.7
2002-08-25 22:00,12,0.23,,326,9.4
2002-08-26 11:31,21,1.18,SI,435,15.7
2002-08-27 12:00,37,1.02,,489,12.1
2002-08-29 10:00,36,0.89,,502,7.9
2002-08-31 07:00,36,0.66,,370,8.4
2002-09-03 00:00,18,0.81,,362,15.9
2002-09-03 20:00,56,1.46,,462,18.9
2002-09-07 16:36,18,4.87,SSC,550,22.9
2002-09-08 13:00,38,0.55,,522,12.3
2002-09-10 11:00,19,0.5,,432,10.3
2002-09-11 09:00,60,1.45,,530,12.9
2002-09-15 20:00,48,1.96,,479,13.5
2002-09-18 08:00,19,0.57,,551,12
2002-09-19 06:00,36,1.42,,746,9.7
2002-09-21 11:00,34,1.17,,428,12.2
2002-09-23 03:00,41,1.4,,426,9.9
2002-09-25 10:00,23,0.57,,404,8.8
2002-09-27 00:00,68,1.55,,324,14.1
2002-09-30 08:15,30,2.66,SSC,414,25.1
2002-10-01 19:00,21,0.58,,505,17.3
2002-10-02 22:10,45,2.66,iSW,517,14
2002-10-05 12:00,34,0.73,,415,10.4
2002-10-07 05:00,36,0.79,,512,13.6
2002-10-09 02:00,37,0.57,,436,7.4
2002-10-10 23:00,30,0.57,,403,6.6
2002-10-12 09:00,35,1.71,,354,7.8
2002-10-14 04:00,87,1.62,,612,18.6
2002-10-18 14:00,111,3.45,,696,10.6
2002-10-23 14:00,106,1.58,,768,14.7
2002-10-29 20:00,51,0.8,,513,11.9
2002-11-01 13:00,52,3.3,,496,12.5
2002-11-04 18:00,55,1.71,,610,10
2002-11-07 09:00,36,0.54,,563,5.1
2002-11-09 17:51,1,0,SSC,346,4.7
2002-11-09 18:49,35,3.53,SSC,422,16.8
2002-11-11 12:31,51,2.24,SI,658,16.1
2002-11-14 11:00,47,0.75,,484,9.3
2002-11-16 23:00,73,7.33,,494,14.2
2002-11-20 11:08,80,1.52,SI,728,32.2
2002-11-26 21:50,72,2.53,SSC,593,26.4
2002-12-01 04:00,62,0.48,,537,7.2
2002-12-06 02:00,25,0.86,,444,11.4
2002-12-07 06:00,89,1.97,,643,14.9
2002-12-13 11:00,46,2.28,,550,14.8
2002-12-15 10:00,44,0.64,,546,9.1
2002-12-17 18:00,28,1.51,,408,15
2002-12-19 02:00,33,2.07,,542,21.6
2002-12-20 17:00,32,0.54,,543,10.3
2002-12-22 10:29,3,0.15,SI,472,15.8
2002-12-22 13:02,36,3.01,SSC,586,20.3
2002-12-24 13:00,35,1.05,,555,9.7
2002-12-26 08:00,86,1.07,,773,16
2002-12-31 14:00,36,0.47,,448,7.3
2003-01-02 20:00,72,1.33,,634,14.6
2003-01-07 15:00,36,0.3,,358,7.5
2003-01-09 11:00,76,1.73,,469,14
2003-01-13 16:00,56,1.29,,425,12.3
2003-01-17 08:00,31,0.56,,404,14.1
2003-01-18 20:00,80,1.28,,742,17
2003-01-22 15:00,38,2.42,,673,9
2003-01-24 13:00,30,0.69,,777,8.9
2003-01-26 00:00,35,2.92,,738,11.2
2003-01-27 18:00,29,0.62,,467,9.4
2003-01-29 13:00,37,0.52,,523,13.1
2003-02-01 14:00,56,3.96,,824,13
2003-02-04 03:00,43,0.6,,636,12.2
2003-02-06 05:00,53,0.48,,534,10
2003-02-09 13:00,49,1.6,,485,9.4
2003-02-12 09:00,33,0.95,,402,13.3
2003-02-14 01:00,70,1.22,,665,14.7
2003-02-17 21:50,36,1.68,iSW,697,15.6
2003-02-20 01:00,69,0.73,,696,10.5
2003-02-26 05:00,13,0.32,,492,9.4
2003-02-26 20:00,62,0.83,,594,16.5
2003-03-02 23:00,51,1.56,,583,15.4
2003-03-05 14:00,42,0.57,,543,8.6
2003-03-08 19:00,52,1.18,,432,7.2
2003-03-11 13:00,30,0.82,,490,11.1
2003-03-12 23:00,26,0.39,,487,13.1
2003-03-14 04:00,100,1.44,,809,13.5
2003-03-20 04:40,30,2.65,SI,818,13.2
2003-03-21 14:00,52,0.59,,712,7.1
2003-03-23 22:00,40,0.4,,651,4.7
2003-03-25 23:00,17,0.37,,393,6.3
2003-03-26 18:00,38,1.34,,526,11.2
2003-03-28 16:00,23,1.18,,505,7.1
2003-03-29 18:00,8,0.41,,436,11.1
2003-03-30 03:00,19,0.84,,631,13.4
2003-03-31 01:00,32,1.02,,645,12.4
2003-04-01 14:00,43,0.42,,563,7.3
2003-04-03 22:00,35,0.65,,504,8.7
2003-04-05 16:00,35,0.46,,554,8.7
2003-04-07 11:00,12,0.41,,379,6.7
2003-04-08 01:11,30,1.3,SSC,470,16.6
2003-04-09 11:00,95,2.58,,755,15
2003-04-14 01:00,16,0.29,,517,12.1
2003-04-14 19:00,27,0.59,,616,12.8
2003-04-16 01:00,67,0.5,,765,9.6
2003-04-18 23:00,35,0.38,,665,6
2003-04-20 14:00,68,1.36,,596,9.3
2003-04-24 07:00,50,0.93,,591,10.2
2003-04-27 08:00,31,0.7,,546,7.9
2003-04-28 20:00,118,1.87,,660,12.2
2003-05-04 13:00,14,0.45,,422,11.9
2003-05-05 05:04,88,1.61,SI,800,15.6
2003-05-09 04:55,39,2.35,iSW,888,12.3
2003-05-11 14:00,48,0.58,,719,10.1
2003-05-13 14:00,85,0.58,,800,8.1
2003-05-18 16:00,42,0.71,,459,8.3
2003-05-21 02:00,12,0.39,,440,10.7
2003-05-21 16:00,36,1.3,,575,13.3
2003-05-24 08:00,47,1.16,,589,10.4
2003-05-27 01:00,47,1.82,,745,12.5
2003-05-29 12:24,5,0.88,SSC,688,11.5
2003-05-29 18:25,20,6.1,iSW,793,29.4
2003-05-30 17:00,53,2.63,,806,15.2
2003-06-01 23:00,67,1.95,,858,11.4
2003-06-05 23:00,35,0.46,,665,8.8
2003-06-07 17:00,17,0.63,,786,9.7
2003-06-08 12:00,21,0.32,,797,8
2003-06-09 12:00,72,0.84,,753,8.4
2003-06-13 18:00,18,0.38,,488,9.1
2003-06-14 14:00,22,0.83,,591,15.9
2003-06-15 15:00,24,2.82,,603,14.4
2003-06-16 18:00,30,1.41,,538,11.8
2003-06-18 05:12,40,2.01,SI,631,19.7
2003-06-20 09:00,36,1.14,,567,9
2003-06-22 08:00,33,1.09,,577,8.3
2003-06-23 23:00,41,0.61,,577,10.5
2003-06-26 08:00,39,1.18,,746,14.4
2003-06-28 08:00,78,0.9,,800,11.9
2003-07-02 20:00,19,0.45,,593,9
2003-07-03 18:00,64,0.98,,792,10.5
2003-07-06 13:00,53,1.24,,700,8.9
2003-07-09 08:00,25,0.58,,450,8.5
2003-07-10 12:00,26,0.59,,361,12.9
2003-07-11 17:00,49,1.6,,699,16.5
2003-07-14 09:00,36,1.07,,581,11.2
2003-07-16 15:00,36,0.91,,696,15.5
2003-07-19 08:00,39,0.95,,697,9.6
2003-07-21 07:00,36,0.32,,513,7.6
2003-07-23 14:00,48,0.6,,511,10.6
2003-07-26 02:00,41,2.31,,773,34.5
2003-07-28 11:00,118,0.98,,827,10.9
2003-08-04 06:00,44,0.64,,592,13.6
2003-08-06 04:00,31,0.28,,531,9.9
2003-08-07 14:00,12,0.5,,641,12.5
2003-08-08 04:00,44,0.71,,779,13.6
2003-08-10 11:00,20,0.33,,636,6.6
2003-08-11 10:00,59,0.65,,685,9.3
2003-08-15 11:00,41,0.77,,622,7.2
2003-08-17 14:21,55,2.55,SSC,530,22.3
2003-08-20 17:00,85,0.98,,777,15.2
2003-08-24 11:00,62,1.2,,652,7.1
2003-08-27 19:00,35,0.47,,457,10.4
2003-08-29 14:00,35,0.9,,611,12.4
2003-09-01 03:00,47,0.55,,547,12.9
2003-09-03 23:00,70,0.76,,673,10.6
2003-09-08 11:00,20,0.82,,509,12.3
2003-09-09 10:00,54,1.32,,674,15.2
2003-09-11 19:00,36,0.49,,620,6.8
2003-09-13 19:00,31,0.29,,463,5.3
2003-09-15 07:00,11,0.42,,367,4
2003-09-15 20:00,12,0.64,,391,11.5
2003-09-16 10:00,103,1.69,,812,20.2
2003-09-21 22:00,36,0.41,,609,7
2003-09-23 21:00,100,1.02,,720,9.8
2003-09-30 00:00,36,0.91,,320,9
2003-10-01 20:00,74,0.88,,495,18.3
2003-10-05 07:00,25,1.27,,456,12.5
2003-10-06 11:00,36,0.82,,621,12.6
2003-10-08 09:00,78,0.86,,621,7.6
2003-10-12 10:00,22,0.3,,368,6.8
2003-10-13 13:00,24,0.96,,495,12.1
2003-10-14 16:00,79,1.45,,724,19.7
2003-10-20 12:00,27,0.39,,715,9.1
2003-10-21 18:00,54,5.29,,744,11.8
2003-10-24 15:24,36,5.22,SSC,609,34
2003-10-26 19:08,27,0.82,SI,545,15.9
2003-10-28 02:06,25,3.23,SSC,809,19.3
2003-10-29 06:11,30,24.2,SSC,,47.3
2003-10-30 16:19,61,8.83,iSW,1189,38
2003-11-04 06:25,54,2.75,SSC,754,19.7
2003-11-06 19:37,32,1.74,SI,572,11.2
2003-11-08 10:00,39,1.06,,582,14.9
2003-11-10 09:00,57,1.26,,770,15.7
2003-11-13 11:00,35,0.92,,703,9.4
2003-11-15 05:50,23,3.57,SSC,728,13.3
2003-11-16 08:00,80,2.44,,809,8.5
2003-11-20 08:03,36,6.46,SSC,703,55.8
2003-11-22 11:00,37,1.58,,582,10.9
2003-11-24 13:00,83,0.49,,640,8.7
2003-11-30 00:00,44,1.37,,489,16.1
2003-12-02 11:00,59,0.76,,466,8.4
2003-12-04 23:00,39,0.75,,539,16.6
2003-12-06 22:00,28,1.51,,452,14.6
2003-12-08 06:00,169,1.3,,832,14.4
2003-12-20 03:00,31,0.82,,551,20.6
2003-12-21 15:00,33,1.05,,628,8.4
2003-12-23 06:00,38,0.4,,536,5.1
2003-12-27 10:00,66,1.08,,549,12.2
2003-12-30 05:00,16,0.33,,409,8.2
2003-12-30 23:00,41,0.89,,560,11.5
2004-01-02 16:00,94,2.81,,633,13.9
2004-01-06 19:51,58,5.29,SI,739,16.6
2004-01-09 06:00,24,0.69,,618,13.5
2004-01-10 09:00,39,1.91,,678,15
2004-01-12 10:00,19,0.55,,514,7.1
2004-01-13 09:00,31,0.62,,597,8.6
2004-01-14 22:00,72,1.06,,642,12.4
2004-01-19 04:00,48,0.44,,630,7.8
2004-01-22 01:37,32,8.71,SSC,666,25.4
2004-01-23 14:25,57,1.91,iSW,556,12.7
2004-01-26 19:00,24,0.4,,492,11.5
2004-01-27 22:00,30,0.43,,589,11.3
2004-01-29 08:00,14,0.18,,487,7.9
2004-01-30 00:00,28,0.86,,672,14.8
2004-01-31 08:00,28,0.62,,627,9.5
2004-02-02 02:00,62,0.54,,632,12.1
2004-02-05 20:00,36,0.53,,619,8.2
2004-02-08 12:00,42,0.33,,430,7.8
2004-02-10 16:00,23,0.31,,395,15.8
2004-02-11 18:00,71,1.18,,704,21.2
2004-02-14 21:00,27,0.49,,735,7.6
2004-02-16 19:00,64,0.42,,522,8.7
2004-02-22 23:00,66,0.86,,431,7.1
2004-02-26 21:00,174,1.57,,717,16.5
2004-03-07 23:00,32,0.39,,382,9.3
2004-03-09 12:00,36,2.26,,765,16.4
2004-03-11 11:00,73,0.87,,683,8.7
2004-03-15 10:00,36,0.53,,500,6.1
2004-03-19 13:00,80,0.39,,439,8.6
2004-03-23 12:00,32,0.33,,396,5.2
2004-03-25 02:00,30,0.45,,426,13.4
2004-03-26 13:00,18,0.37,,517,11.4
2004-03-27 10:00,61,0.6,,874,10.8
2004-03-30 15:00,54,0.43,,606,5.9
2004-04-03 09:46,3,0.28,SSC,419,10.2
2004-04-03 14:10,42,2.08,SI,515,18.3
2004-04-05 19:00,51,0.47,,610,13.5
2004-04-08 09:00,16,0.23,,478,6.4
2004-04-09 02:33,35,0.88,SSC,533,9.4
2004-04-10 20:10,36,1.09,SSC,496,11.6
2004-04-12 17:00,36,1.66,,501,12.6
2004-04-15 07:00,36,0.35,,468,7.5
2004-04-17 05:00,40,0.6,,437,7.2
2004-04-21 00:00,38,0.96,,420,10.6
2004-04-22 22:00,30,0.33,,450,11.4
2004-04-24 08:57,13,0.33,SI,468,9
2004-04-25 00:00,33,0.52,,549,7.9
2004-04-26 16:04,32,0.46,SSC,500,8.2
2004-04-28 05:00,44,0.87,,538,9.3
2004-04-30 17:00,69,0.85,,459,9.4
2004-05-05 03:00,91,1.13,,616,11.8
2004-05-10 22:00,56,0.45,,450,7.8
2004-05-14 17:00,34,0.74,,357,9.3
2004-05-18 13:00,26,0.54,,347,9.6
2004-05-19 18:00,36,0.99,,566,13.9
2004-05-21 20:00,36,0.55,,511,7.7
2004-05-24 11:00,67,0.42,,533,5.9
2004-05-28 03:00,21,0.52,,412,8.4
2004-05-29 03:00,60,0.71,,539,10.3
2004-05-31 22:00,71,0.75,,576,6.4
2004-06-05 10:00,26,0.3,,508,6.8
2004-06-06 15:00,42,1.14,,516,6.5
2004-06-08 19:00,26,0.76,,468,7.6
2004-06-10 00:00,26,1.08,,526,7.9
2004-06-11 04:00,43,0.25,,422,4.6
2004-06-13 12:00,24,0.68,,387,12.5
2004-06-14 15:00,56,0.63,,588,12.9
2004-06-17 00:00,27,0.2,,539,6.3
2004-06-18 13:00,61,1.39,,496,6
2004-06-23 07:00,33,0.34,,360,6
2004-06-25 14:00,36,0.82,,373,9.1
2004-06-28 10:00,115,1,,594,16.7
2004-07-04 19:00,42,0.39,,446,5.6
2004-07-10 03:00,41,0.83,,505,15
2004-07-12 05:00,64,0.82,,574,11.1
2004-07-15 23:00,13,0.85,,445,5.9
2004-07-16 13:53,7,0.14,SSC,409,6.6
2004-07-16 21:55,36,1.25,SI,555,16.5
2004-07-18 11:00,26,0.46,,407,6.3
2004-07-19 15:00,36,0.85,,562,8.5
2004-07-22 10:36,31,4.66,SSC,702,18.7
2004-07-24 06:13,32,4.06,SSC,619,22.2
2004-07-25 19:00,25,0.73,,703,12.4
2004-07-26 22:49,18,13.5,SSC,1072,26.1
2004-07-27 20:00,49,1.21,,925,10.2
2004-07-30 21:14,26,0.51,SSC,497,7.6
2004-08-01 02:00,48,1.08,,516,8.1
2004-08-03 10:00,49,0.88,,378,6.5
2004-08-05 16:00,25,0.34,,358,8.1
2004-08-06 20:00,51,0.59,,475,13
2004-08-09 03:00,17,0.32,,386,8.1
2004-08-09 22:00,28,0.67,,608,12.7
2004-08-11 16:00,44,0.27,,541,5.1
2004-08-13 23:00,52,1.08,,446,6.4
2004-08-16 17:00,50,1.32,,350,11.6
2004-08-19 04:00,28,0.37,,359,8.7
2004-08-20 12:00,76,1.86,,481,11.1
2004-08-25 08:00,23,0.38,,355,7.3
2004-08-26 10:00,34,0.54,,450,8.9
2004-08-28 02:00,28,0.66,,420,5.9
2004-08-29 10:05,30,0.8,SI,445,13
2004-08-30 20:00,100,0.56,,512,14.8
2004-09-05 09:00,84,0.76,,450,12
2004-09-09 22:00,50,0.79,,343,6.7
2004-09-12 03:00,38,0.42,,330,11
2004-09-13 20:03,66,4.09,SSC,610,24.3
2004-09-16 18:00,29,1.01,,551,7.9
2004-09-18 11:00,34,0.87,,438,7.8
2004-09-20 03:00,37,0.52,,413,9
2004-09-22 06:33,48,1.03,SI,534,10.7
2004-09-25 00:00,36,0.4,,405,4.4
2004-09-27 08:00,82,0.41,,412,8.8
2004-10-01 16:00,80,0.96,,419,9.9
2004-10-08 07:00,32,0.38,,371,9.5
2004-10-10 15:00,43,0.3,,446,8.5
2004-10-12 22:00,66,0.84,,543,11.6
2004-10-16 22:00,50,0.25,,337,6.4
2004-10-19 14:00,71,0.61,,448,11.2
2004-10-23 11:00,53,0.84,,503,10.6
2004-10-26 07:00,26,0.23,,444,4.5
2004-10-27 12:12,33,0.25,SI,413,6.7
2004-10-29 03:00,83,0.87,,465,10.2
2004-11-02 16:00,16,0.74,,379,8.5
2004-11-03 10:00,35,0.85,,455,9.3
2004-11-05 05:00,30,0.5,,400,5.2
2004-11-07 02:57,7,0.29,SSC,360,8.4
2004-11-07 10:52,7,0.43,SSC,455,21.2
2004-11-07 18:27,10,7.7,SSC,696,47.8
2004-11-08 06:00,25,1.21,,728,25.5
2004-11-09 09:30,8,1.44,SSC,776,13.2
2004-11-09 18:49,36,8.12,SSC,824,40.3
2004-11-11 17:10,36,1.14,SI,690,13.9
2004-11-13 19:00,41,0.66,,547,6.7
2004-11-16 00:00,45,0.7,,447,9.2
2004-11-19 15:00,76,0.77,,632,17.1
2004-11-23 12:00,30,0.24,,438,9.2
2004-11-24 22:00,47,0.51,,542,9.6
2004-11-28 19:00,98,1.28,,697,15.5
2004-12-05 07:46,34,4.54,SSC,451,34.6
2004-12-07 00:00,62,1.19,,532,9.5
2004-12-10 07:00,27,0.53,,496,9.6
2004-12-11 13:40,22,0.42,SI,565,9.8
2004-12-12 15:00,40,1.45,,422,15.6
2004-12-15 22:00,97,0.47,,669,10.8
2004-12-21 06:00,17,0.33,,482,12.7
2004-12-22 01:00,28,0.66,,532,11.4
2004-12-24 22:00,38,0.94,,528,13.3
2004-12-27 06:00,30,2.41,,551,10
2004-12-28 16:00,32,2.14,,447,9.6
2004-12-30 06:23,39,0.55,SI,563,10.4
2005-01-01 12:00,27,1.52,,773,17.2
2005-01-02 19:00,69,3.82,,762,13.5
2005-01-05 23:00,31,0.5,,589,6.8
2005-01-07 09:22,31,1.5,SI,583,22.4
2005-01-09 10:41,30,0.57,SI,470,9.6
2005-01-10 22:00,20,0.67,,461,8.5
2005-01-11 21:00,64,0.42,,731,18.3
2005-01-14 21:00,32,0.28,,664,8.6
2005-01-16 10:00,19,0.92,,588,9.6
2005-01-17 07:48,18,,SI,788,36.8
2005-01-18 04:00,13,6.1,,1154,21.2
2005-01-18 19:00,29,4.66,,997,17.5
2005-01-20 04:00,26,2.54,,870,6.4
2005-01-21 17:11,29,8.63,SSC,950,30.4
2005-01-23 00:00,90,2.04,,710,5.8
2005-01-27 18:00,27,0.31,,393,10.8
2005-01-29 01:00,53,0.99,,612,16.5
2005-01-31 08:00,36,0.58,,672,10.2
2005-02-02 11:00,36,0.75,,537,6.8
2005-02-05 04:00,24,0.33,,432,5.4
2005-02-06 07:00,13,0.2,,427,7.4
2005-02-06 22:00,139,1.14,,747,16.6
2005-02-14 01:00,39,0.47,,401,6.6
2005-02-16 06:00,34,0.94,,428,13.1
2005-02-17 23:00,27,2.23,,587,21.5
2005-02-19 06:00,56,0.58,,521,9.5
2005-02-22 18:00,54,0.49,,417,12.4
2005-02-25 06:00,55,0.42,,557,10.8
2005-02-27 19:00,91,0.55,,673,8.4
2005-03-04 22:00,21,0.43,,404,6.1
2005-03-05 22:00,40,1.41,,696,16.2
2005-03-07 18:00,43,0.52,,767,9.1
2005-03-09 16:00,45,0.36,,731,5.8
2005-03-11 22:00,23,0.38,,470,3.8
2005-03-13 10:00,22,0.29,,353,8.5
2005-03-14 09:00,38,0.64,,405,11.9
2005-03-16 05:00,35,0.98,,419,10.3
2005-03-18 10:00,33,1.09,,463,9.9
2005-03-21 06:00,22,0.46,,624,8.5
2005-03-22 07:00,39,0.48,,441,7.3
2005-03-24 09:00,83,1.28,,708,16.7
2005-03-28 06:00,19,0.41,,547,5.1
2005-03-29 04:00,41,0.95,,502,7.5
2005-03-31 04:00,36,0.44,,487,7
2005-04-02 08:00,31,0.26,,362,6.3
2005-04-03 20:00,89,1.48,,662,14.7
2005-04-09 13:00,36,0.38,,343,5.6
2005-04-11 17:00,102,0.98,,638,16.6
2005-04-19 10:00,42,0.83,,572,13.1
2005-04-21 15:00,27,0.85,,485,9.3
2005-04-22 22:00,85,0.84,,583,8.9
2005-04-29 15:00,80,1.92,,669,15.3
2005-05-03 06:00,36,0.44,,563,5.1
2005-05-05 05:00,28,0.48,,372,5.7
2005-05-06 13:07,27,0.78,SSC,396,10.6
2005-05-07 19:16,11,1.11,SSC,569,17.7
2005-05-08 08:00,47,4.52,,824,16
2005-05-11 03:00,68,0.67,,572,8
2005-05-15 02:38,36,11.4,SSC,985,54.8
2005-05-17 00:00,60,1.09,,619,8.4
2005-05-20 04:01,42,1.04,SI,484,15
2005-05-24 06:00,34,0.3,,450,7.4
2005-05-26 17:00,21,0.26,,323,3.4
2005-05-28 04:36,26,0.94,SI,451,12.7
2005-05-29 09:52,29,3.7,SI,542,19.3
2005-05-30 19:00,36,0.83,,491,14.3
2005-06-02 13:00,27,0.35,,469,7.4
2005-06-04 13:00,36,0.43,,662,14.9
2005-06-06 19:00,36,1,,511,7.7
2005-06-11 18:00,12,0.26,,321,9.8
2005-06-12 07:45,36,3.03,SSC,517,25
2005-06-14 18:35,32,1.41,SSC,551,11.1
2005-06-16 08:47,61,1.73,SSC,692,18.6
2005-06-21 20:00,27,0.51,,353,8.7
2005-06-23 03:00,93,1.35,,670,20.6
2005-06-27 16:00,36,0.26,,422,6.2
2005-06-30 20:00,10,0.39,,383,8.4
2005-07-01 10:00,101,0.85,,639,15.2
2005-07-07 12:00,33,0.57,,344,7.2
2005-07-09 03:00,22,0.68,,346,14.4
2005-07-10 03:37,36,3.51,SI,484,25.5
2005-07-12 06:00,20,1.57,,536,15.2
2005-07-13 05:12,44,0.62,SSC,620,9.3
2005-07-16 02:00,12,1.06,,422,9.4
2005-07-16 16:00,9,3.59,,439,8.5
2005-07-17 01:34,35,3.64,SI,502,14.5
2005-07-18 21:00,24,0.82,,411,7.2
2005-07-20 00:00,96,2.29,,626,12.7
2005-07-24 15:00,54,0.54,,375,6.1
2005-07-27 19:39,27,0.74,SSC,601,12.9
2005-07-29 02:00,36,1.44,,610,10.5
2005-07-31 20:00,9,0.18,,517,7.8
2005-08-01 06:00,26,1.18,,613,12
2005-08-02 11:00,57,1.2,,509,10.8
2005-08-05 17:00,18,0.86,,507,9.1
2005-08-06 13:00,36,1.81,,722,10.4
2005-08-08 13:00,34,0.51,,541,8.2
2005-08-10 06:00,37,1.08,,459,9.2
2005-08-13 02:00,36,1.01,,573,24.4
2005-08-15 09:00,102,0.65,,714,11.7
2005-08-21 09:00,51,0.43,,561,10.5
2005-08-23 20:00,9,0.53,,491,10
2005-08-24 06:13,27,6.85,SSC,718,55.4
2005-08-25 13:00,36,0.56,,668,6.1
2005-08-30 19:08,52,1.39,SI,531,18.5
2005-09-02 14:19,31,2.41,SI,667,16.5
2005-09-04 02:00,75,0.56,,764,7.6
2005-09-08 17:00,18,0.67,,383,7
2005-09-09 14:01,15,2.19,SSC,476,12.1
2005-09-10 07:00,16,0.83,,748,13.4
2005-09-11 01:14,26,11.8,SSC,1127,18.4
2005-09-12 06:05,24,4.61,iSW,1041,9.2
2005-09-13 09:00,38,0.98,,745,9
2005-09-15 08:35,1,0,SSC,537,3.2
2005-09-15 09:04,47,3.61,SI,883,17.8
2005-09-17 12:00,62,1.22,,601,5.5
2005-09-20 18:00,23,0.46,,406,6.1
2005-09-22 16:00,32,0.56,,375,6.5
2005-09-24 06:00,26,0.37,,337,6.6
2005-09-25 11:00,36,0.37,,418,9.5
2005-09-27 18:00,33,0.32,,397,6.4
2005-09-30 08:00,81,0.89,,538,10.7
2005-10-05 18:00,29,0.24,,335,4.7
2005-10-07 03:00,77,2.02,,726,20.2
2005-10-10 14:00,36,0.58,,638,6.1
2005-10-15 08:00,96,0.5,,422,8.3
2005-10-20 06:00,31,0.19,,383,3.5
2005-10-21 20:00,36,0.45,,395,13.8
2005-10-24 19:00,53,0.68,,556,10.7
2005-10-27 11:56,41,0.43,SI,484,7.7
2005-10-29 19:00,26,0.46,,361,5.7
2005-10-31 00:00,23,1.54,,398,12.9
2005-11-01 02:00,30,0.27,,385,6.8
2005-11-02 13:00,36,0.58,,666,13.8
2005-11-04 09:00,101,0.82,,732,7.7
2005-11-10 18:00,80,0.82,,436,8.8
2005-11-18 00:00,30,0.48,,351,9.1
2005-11-19 12:00,36,0.8,,442,12.4
2005-11-21 19:00,31,0.19,,375,7.5
2005-11-23 07:00,74,0.53,,488,11.2
2005-11-28 09:00,27,0.39,,401,11.1
2005-11-29 16:00,166,1.48,,737,15
2005-12-08 15:00,21,0.22,,296,4.8
2005-12-09 15:00,33,1.2,,378,15
2005-12-11 06:00,51,0.81,,562,11.6
2005-12-13 14:00,50,0.42,,480,6.9
2005-12-16 06:00,41,0.52,,371,7
2005-12-18 10:00,22,0.33,,363,9.2
2005-12-19 11:00,82,0.85,,579,14
2005-12-23 03:00,31,0.35,,428,4.8
2005-12-24 10:00,66,0.43,,385,11.4
2005-12-27 04:00,90,1.47,,731,18.9
2005-12-31 00:00,32,1.96,,591,10.5
2006-01-01 14:05,43,0.47,SI,501,16.8
2006-01-03 14:00,28,0.25,,451,4.9
2006-01-04 20:00,30,0.55,,360,6.3
2006-01-06 07:00,63,0.38,,401,8.5
2006-01-09 14:00,24,0.36,,315,7.1
2006-01-10 17:00,36,0.38,,307,5.7
2006-01-15 14:00,46,1.37,,458,12.3
2006-01-18 05:00,62,0.33,,553,7.1
2006-01-22 14:00,59,0.76,,616,15.1
2006-01-25 04:00,20,1.24,,437,11.1
2006-01-26 03:00,82,0.69,,684,11.3
2006-01-30 19:00,28,0.22,,334,4.9
2006-02-01 03:00,73,0.62,,360,7.7
2006-02-05 17:00,39,0.61,,367,11.7
2006-02-10 19:00,69,0.44,,494,10.6
2006-02-13 22:00,27,0.25,,368,8
2006-02-15 07:00,61,0.38,,563,10
2006-02-18 20:00,28,0.32,,388,6.9
2006-02-20 04:00,84,1.25,,692,11.1
2006-02-25 08:00,24,0.33,,402,7.4
2006-02-28 10:00,61,0.62,,443,7.3
2006-03-03 01:00,39,0.53,,427,5.7
2006-03-06 07:00,29,0.91,,414,14.1
2006-03-09 02:00,93,1.09,,567,10.9
2006-03-14 10:00,58,0.46,,556,13.5
2006-03-18 02:00,114,0.75,,719,12.3
2006-03-24 09:00,30,0.58,,406,7.1
2006-03-25 19:00,16,0.22,,360,5.3
2006-03-26 13:00,36,0.55,,414,8.3
2006-04-03 19:00,37,1.03,,334,10
2006-04-05 16:00,36,0.55,,459,11
2006-04-08 07:00,98,1.16,,692,17.7
2006-04-13 03:00,29,2.1,,549,19.6
2006-04-14 12:00,73,0.77,,679,9.8
2006-04-17 20:00,34,0.43,,514,5.5
2006-04-20 11:12,22,0.29,SI,399,6.3
2006-04-21 15:00,16,0.62,,516,11.9
2006-04-22 09:00,76,0.59,,596,12.7
2006-04-26 21:00,24,0.4,,339,5.3
2006-04-28 01:16,71,0.97,SI,435,9.8
2006-05-02 06:00,20,0.22,,289,4
2006-05-03 18:00,15,0.5,,329,9.3
2006-05-04 11:00,36,0.77,,374,14
2006-05-06 10:00,72,1.3,,639,15.5
2006-05-10 19:00,98,0.8,,669,9.7
2006-05-17 07:00,80,1.27,,595,14.6
2006-05-22 02:00,67,0.63,,505,6.1
2006-05-25 18:00,29,0.22,,364,4.7
2006-05-27 22:00,36,0.41,,329,5.7
2006-05-30 10:00,18,0.5,,352,9.3
2006-05-31 07:00,76,0.7,,599,10.3
2006-06-04 03:00,36,0.27,,461,4.2
2006-06-06 05:00,117,0.85,,670,14
2006-06-14 06:00,114,0.78,,614,11.1
2006-06-21 15:00,78,0.58,,338,5.3
2006-06-27 11:00,73,1.2,,600,14
2006-06-30 17:00,49,0.33,,491,4.3
2006-07-04 00:00,79,1.01,,633,18.4
2006-07-07 10:00,43,0.5,,527,5
2006-07-09 21:36,0,,SSC,,
2006-07-09 21:45,34,3.39,SI,437,9.7
2006-07-11 11:00,55,0.84,,530,14.8
2006-07-14 10:00,30,0.61,,471,10.5
2006-07-18 16:00,36,0.23,,326,5.4
2006-07-22 01:00,27,0.25,,331,5.3
2006-07-23 19:00,60,0.65,,363,6.7
2006-07-27 13:53,42,1.01,SSC,663,14
2006-07-29 18:00,25,0.22,,520,5.2
2006-07-30 23:00,95,0.69,,634,14.3
2006-08-07 00:35,70,0.96,SSC,629,18.1
2006-08-10 21:00,55,0.38,,487,5.7
2006-08-14 02:00,33,0.36,,324,4
2006-08-15 14:00,34,0.33,,317,5.3
2006-08-17 07:20,29,1.05,SSC,348,8.7
2006-08-18 16:41,17,0.37,SI,401,12
2006-08-19 11:31,41,3.07,SI,477,20
2006-08-21 16:00,28,0.62,,505,8.9
2006-08-23 09:00,55,0.52,,497,5
2006-08-27 02:00,9,0.29,,342,6.5
2006-08-27 12:00,45,0.94,,664,18.7
2006-08-30 02:00,55,1.09,,551,9.8
2006-09-01 13:00,17,0.26,,416,8.4
2006-09-02 09:00,32,0.53,,497,7.3
2006-09-04 00:20,60,0.97,SSC,621,14.2
2006-09-10 06:00,52,0.33,,418,10.8
2006-09-13 06:00,61,0.34,,495,7.1
2006-09-16 13:00,96,1.16,,639,10.4
2006-09-21 02:00,24,0.21,,355,3
2006-09-23 09:00,109,1.33,,674,18.3
2006-09-30 03:00,18,0.95,,439,18
2006-09-30 23:00,64,0.84,,569,12
2006-10-05 13:00,39,0.32,,341,4.2
2006-10-07 12:00,76,0.63,SI,536,11.6
2006-10-11 06:00,29,0.25,,365,4
2006-10-12 23:00,72,1.01,,597,11.8
2006-10-16 01:00,46,0.35,,517,4
2006-10-18 04:00,22,0.2,,353,3.5
2006-10-19 05:00,18,0.21,,323,5.3
2006-10-20 02:00,101,1.06,,647,17.1
2006-10-24 23:00,22,0.36,,486,5.7
2006-10-26 11:00,14,0.35,,414,4.1
2006-10-27 03:00,18,0.27,,364,5
2006-10-28 00:00,74,0.85,,584,12
2006-11-01 17:00,35,0.66,,421,5.9
2006-11-03 12:00,72,0.79,,437,9.5
2006-11-07 10:00,23,0.18,,324,3.3
2006-11-09 14:00,116,1.83,SI,651,18.8
2006-11-15 02:00,25,0.94,,369,7.4
2006-11-16 06:00,35,0.76,,447,7.1
2006-11-18 11:00,28,0.61,,440,9.2
2006-11-21 12:00,32,0.47,,372,10.6
2006-11-23 02:00,106,0.67,,643,14.9
2006-11-28 13:00,59,1.59,,497,15.6
2006-12-05 10:00,53,1.2,,705,12.9
2006-12-08 04:35,34,1.2,SSC,702,9.1
2006-12-09 22:00,66,0.92,,756,8.9
2006-12-14 14:14,30,9.3,SSC,955,17.7
2006-12-15 20:00,21,0.38,,658,4.3
2006-12-16 17:55,34,0.61,SSC,779,11.9
2006-12-18 10:14,6,0.33,SSC,451,9.7
2006-12-18 16:36,56,0.64,SI,705,11.5
2006-12-22 09:00,91,0.44,,699,5.8
2006-12-28 19:13,53,0.31,SI,365,5.1
2007-01-01 07:00,103,1.45,,699,13.7
2007-01-05 14:00,36,0.4,,629,4
2007-01-09 01:00,90,0.41,,514,8.1
2007-01-14 12:48,18,0.96,SI,379,13.8
2007-01-15 10:00,63,0.38,,698,13.6
2007-01-18 01:00,36,0.44,,667,6.1
2007-01-25 09:00,33,0.48,,349,5.2
2007-01-28 00:00,22,0.26,,353,6.7
2007-01-29 01:00,119,2.33,,719,17.9
2007-02-04 21:00,26,0.48,,345,5.5
2007-02-06 02:00,95,0.67,,467,8
2007-02-10 04:00,36,0.16,,401,6.5
2007-02-12 09:00,119,1.3,,736,12.9
2007-02-22 01:00,24,0.19,,316,4.6
2007-02-25 18:00,116,1.08,,661,13.2
2007-03-04 22:00,24,0.68,,443,7.7
2007-03-06 01:00,57,0.58,,625,10.1
2007-03-09 05:00,37,0.47,,370,4.7
2007-03-11 08:00,109,0.99,,706,10.3
2007-03-16 01:00,58,0.32,,649,4.9
2007-03-19 14:00,56,0.33,,387,3.5
2007-03-22 23:00,44,1.37,,373,10.5
2007-03-24 20:00,97,0.87,,585,11.7
2007-03-29 18:00,41,0.65,,398,5.7
2007-03-31 20:00,100,1.1,,649,10.7
2007-04-08 22:00,31,1.02,,481,17
2007-04-10 10:00,68,0.63,,554,8.2
2007-04-14 06:00,37,0.48,,372,5.8
2007-04-17 03:00,28,0.17,,392,10.5
2007-04-18 14:00,35,0.29,,408,7.3
2007-04-20 04:00,28,0.48,,362,3.8
2007-04-21 09:00,16,0.14,,306,3.4
2007-04-22 03:00,48,1,,534,12.9
2007-04-24 16:00,36,0.31,,465,6.8
2007-04-26 14:00,27,0.46,,487,7.3
2007-04-27 17:00,78,0.61,,683,9.5
2007-05-03 14:00,50,0.54,,342,4.3
2007-05-07 08:26,90,0.86,SSC,639,20.3
2007-05-13 02:00,40,0.35,,351,3.8
2007-05-17 21:00,88,1.54,,673,17.2
2007-05-21 17:00,29,1.35,,498,12.7
2007-05-23 02:00,22,0.24,,524,11.3
2007-05-24 03:00,114,0.51,,698,7.8
2007-05-31 20:00,24,0.27,,362,8.5
2007-06-01 23:00,95,0.86,,516,11.7
2007-06-08 02:00,19,0.84,,366,9.4
2007-06-09 00:00,64,0.28,,451,9.4
2007-06-13 20:00,87,1.3,,619,11.4
2007-06-17 16:00,78,0.41,,518,5.3
2007-06-21 09:00,33,0.53,,565,9.8
2007-06-22 18:00,30,0.37,,577,8.6
2007-06-24 04:00,30,0.41,,517,5.9
2007-06-26 16:00,36,0.33,,382,5.3
2007-06-28 19:00,20,0.22,,363,6.7
2007-06-29 18:00,67,0.62,,540,11.3
2007-07-03 10:00,73,0.48,,628,10.4
2007-07-07 05:00,30,0.49,,447,5.4
2007-07-09 05:00,30,0.29,,348,4.2
2007-07-10 15:00,43,1.2,,596,17.8
2007-07-13 19:00,19,0.41,,481,10.6
2007-07-14 17:00,80,0.88,,608,11
2007-07-20 04:12,1,0,SI,321,4
2007-07-20 06:16,68,1.02,SI,531,11
2007-07-23 22:00,46,0.23,,391,3.8
2007-07-26 13:00,38,0.52,,484,11.9
2007-07-29 00:00,70,1.16,,615,15.6
2007-08-01 01:00,94,0.56,,651,8.7
2007-08-06 06:00,67,1.16,,693,15.3
2007-08-10 09:00,39,0.59,,576,11.4
2007-08-12 09:00,36,0.28,,463,4
2007-08-14 21:00,57,0.68,,463,8.1
2007-08-18 11:00,42,0.68,,410,7.2
2007-08-21 10:40,18,0.29,SI,348,5
2007-08-22 07:00,41,0.33,,331,4.3
2007-08-25 10:00,22,0.65,,381,10.5
2007-08-26 11:00,70,1.46,,676,19.4
2007-08-31 15:00,90,0.61,,671,9
2007-09-06 06:00,91,0.62,,556,8.1
2007-09-14 15:00,60,1.14,,445,15.3
2007-09-17 21:00,24,0.42,,347,5.2
2007-09-19 09:00,22,0.3,,350,5.6
2007-09-20 10:12,119,1.24,SSC,682,10.5
2007-09-27 11:51,25,0.74,SSC,587,10
2007-09-28 16:00,63,0.55,,673,9.4
2007-10-02 21:00,79,0.58,,586,7.9
2007-10-11 22:00,61,0.92,,352,8.8
2007-10-14 16:00,42,0.44,,321,8.2
2007-10-18 02:00,102,1.49,,671,12.6
2007-10-25 11:35,84,0.99,SSC,700,15.7
2007-10-29 16:00,36,0.45,,590,7.7
2007-11-01 14:00,30,0.26,,372,4.3
2007-11-04 12:00,70,0.44,,323,6.2
2007-11-08 14:00,82,1.01,,438,10.5
2007-11-12 10:00,119,1.17,,668,12.5
2007-11-19 18:11,15,1.58,SSC,480,19.5
2007-11-20 11:00,36,0.8,,668,18.8
2007-11-22 09:00,36,0.39,,660,9.9
2007-11-24 13:00,62,0.45,,647,6.3
2007-12-04 23:00,49,0.41,,368,8.5
2007-12-08 22:00,31,0.39,,362,5.8
2007-12-10 13:00,11,0.87,,461,15.2
2007-12-11 02:00,99,0.86,,638,9.3
2007-12-17 02:53,63,1.24,SSC,699,15.9
2007-12-19 20:00,95,0.64,,720,7.3
2007-12-25 13:00,36,0.25,,393,5.7
2007-12-27 17:00,50,0.46,,477,8.2
2007-12-30 12:00,29,0.42,,366,7.5
2008-01-04 22:50,177,2.65,SI,711,15.8
2008-01-12 07:00,10,0.1,,443,7.7
2008-01-12 19:00,209,0.67,,720,8.8
2008-01-25 01:00,45,0.39,,552,9.1
2008-01-31 11:23,18,0.51,SSC,458,11.4
2008-02-01 08:00,85,1.19,,632,8.8
2008-02-05 05:00,46,0.6,,484,5.6
2008-02-07 15:00,18,0.3,,441,8.1
2008-02-08 12:00,26,0.68,,417,5
2008-02-09 17:00,190,1.01,,748,16.4
2008-02-18 08:00,64,0.43,,624,6.6
2008-02-21 03:00,27,0.25,,515,4.9
2008-02-27 14:00,144,1.77,,784,11.1
2008-03-05 03:00,41,0.34,,431,5.9
2008-03-08 07:00,159,1.17,,704,16
2008-03-16 06:00,20,0.29,,602,4.5
2008-03-17 05:00,37,0.36,,539,5.5
2008-03-19 02:00,22,0.23,,537,5.8
2008-03-20 03:00,28,0.28,,565,5.7
2008-03-22 12:00,27,0.48,,503,7.5
2008-03-26 09:36,26,1.16,SI,623,9.5
2008-03-27 15:00,72,0.69,,687,7.7
2008-04-01 03:00,29,0.43,,425,5.6
2008-04-03 00:00,13,0.16,,359,4.5
2008-04-04 11:00,156,0.8,SI,752,11.9
2008-04-11 05:00,80,0.5,,619,6.1
2008-04-15 13:40,17,0.28,SSC,389,8.7
2008-04-16 12:00,102,0.4,,601,9.4
2008-04-22 14:00,31,1.2,,658,14.5
2008-04-24 05:00,85,0.62,,623,9.1
2008-04-27 22:00,48,0.51,,499,6.5
2008-04-30 15:57,43,0.92,SSC,518,8.4
2008-05-03 11:00,77,0.5,,648,8.1
2008-05-06 22:00,27,0.25,,564,4.1
2008-05-08 18:00,24,0.23,,469,3.5
2008-05-13 03:00,22,0.47,,382,5.5
2008-05-15 22:00,36,0.22,,422,7.3
2008-05-19 03:00,30,0.38,,402,7.4
2008-05-20 13:00,74,1.47,,603,8.3
2008-05-23 20:00,48,0.47,,569,6
2008-05-28 02:25,33,1.02,SSC,538,10.6
2008-05-29 19:00,101,1.09,,645,7.8
2008-06-06 04:00,79,0.52,,519,8.1
2008-06-13 06:00,27,0.22,,317,3.9
2008-06-14 12:23,115,1.72,SI,760,14.8
2008-06-19 21:00,52,0.5,,593,7.1
2008-06-24 20:10,17,0.15,SSC,387,8.2
2008-06-25 15:00,81,1.41,,648,13.8
2008-06-29 12:00,36,0.49,,505,5.9
2008-07-04 13:00,19,0.45,,339,5.7
2008-07-05 11:00,59,0.36,,412,8.2
2008-07-08 09:00,26,0.25,,313,4.1
2008-07-11 02:00,9,0.32,,374,6.1
2008-07-12 00:38,145,0.93,SSC,708,15
2008-07-20 18:00,32,0.41,,383,6
2008-07-22 07:00,46,0.81,,652,10.3
2008-07-24 17:00,47,0.26,,507,4.9
2008-07-27 12:00,28,0.41,,460,7.9
2008-07-30 06:00,64,0.29,,407,6.2
2008-08-03 02:00,46,0.24,,360,6
2008-08-05 04:00,57,0.44,,357,6.9
2008-08-08 23:44,113,1.5,,658,19.3
2008-08-13 22:00,34,0.33,,489,6.1
2008-08-16 02:00,45,0.37,,376,6.6
2008-08-18 03:00,62,0.66,,636,10.8
2008-08-27 03:00,73,0.45,,344,6.8
2008-09-03 02:00,12,0.64,,436,14.5
2008-09-03 15:43,36,0.77,SI,601,12.8
2008-09-06 02:00,69,0.42,,632,6.8
2008-09-09 20:00,28,0.21,,482,4.6
2008-09-11 18:00,30,0.23,,394,3.9
2008-09-13 05:00,33,0.23,,333,3.5
2008-09-14 20:00,37,0.8,,587,11.7
2008-09-17 03:00,43,0.42,,475,6.9
2008-09-19 14:00,25,0.22,,363,3.8
2008-09-20 18:00,39,0.39,,333,5.3
2008-09-22 18:00,29,0.25,,311,5.6
2008-09-25 16:00,36,0.31,,354,7.8
2008-09-28 10:00,36,0.53,,378,6.2
2008-09-30 12:34,155,1,SSC,715,8.4
2008-10-08 05:00,36,0.3,,367,4.9
2008-10-11 07:00,72,0.91,,550,13.9
2008-10-14 07:00,35,0.48,,419,5.6
2008-10-19 09:00,51,0.54,,413,7.9
2008-10-22 14:00,36,0.31,,443,6.8
2008-10-25 12:00,18,0.2,,316,5.8
2008-10-26 06:00,27,0.31,,393,7
2008-10-28 06:00,90,1.09,,711,13.5
2008-11-01 08:00,53,0.32,,509,5.3
2008-11-07 03:53,40,0.97,SI,570,11.1
2008-11-09 13:00,49,0.3,,471,4.2
2008-11-12 03:00,22,0.38,,348,3.9
2008-11-14 17:00,20,0.23,,323,6
2008-11-15 16:25,47,0.6,SSC,525,13.1
2008-11-20 04:00,70,0.37,,337,5.5
2008-11-24 23:51,79,1.1,SSC,658,21.9
2008-12-02 22:00,49,0.68,,504,9.4
2008-12-05 12:00,84,0.78,,571,11.1
2008-12-11 00:00,80,0.41,,462,7.1
2008-12-16 11:59,75,1.31,SSC,368,9.6
2008-12-22 06:00,91,0.57,,558,11.6
2008-12-27 10:00,64,0.22,,349,3.6
2008-12-30 19:00,36,1.1,,524,12.5
2009-01-02 01:00,15,0.34,,428,6.9
2009-01-02 18:00,78,0.45,,548,7.2
2009-01-08 07:00,19,0.2,,356,5.5
2009-01-09 05:00,59,0.45,,394,6.8
2009-01-12 17:00,36,0.56,,330,8.3
2009-01-14 13:00,59,0.7,,412,7.8
2009-01-18 21:00,17,1.07,,442,12.2
2009-01-19 16:00,66,0.38,,481,6.6
2009-01-22 13:00,76,0.42,,338,4.3
2009-01-25 22:24,18,1.08,SI,382,10.6
2009-01-26 18:00,38,0.34,,384,6.7
2009-01-28 19:00,36,0.45,,415,6.1
2009-01-30 21:00,36,0.85,,496,9
2009-02-02 20:00,19,0.24,,353,2.8
2009-02-03 20:12,26,0.68,SSC,388,11.2
2009-02-05 01:00,20,0.37,,392,6.7
2009-02-12 10:00,33,0.27,,345,4.6
2009-02-14 01:00,75,0.94,,587,16.1
2009-02-20 20:12,65,0.88,SI,467,8.6
2009-02-23 15:00,32,0.35,,473,7.4
2009-02-26 23:00,73,0.54,,688,8.7
2009-03-02 10:00,20,0.31,,368,2
2009-03-03 06:02,107,0.4,SSC,388,10.9
2009-03-08 01:00,29,0.37,,444,9.6
2009-03-10 06:00,31,0.44,,345,4.3
2009-03-11 22:00,21,0.6,,364,12.7
2009-03-12 22:00,57,0.63,,566,17.9
2009-03-15 07:00,37,0.23,,542,4.4
2009-03-17 11:00,27,0.33,,378,3.1
2009-03-18 18:00,36,0.41,,338,5
2009-03-20 18:00,55,0.84,,438,9.9
2009-03-23 16:00,19,0.41,,410,6.9
2009-03-24 14:00,58,0.43,,496,6.1
2009-03-27 12:00,31,0.24,,438,5
2009-03-28 19:00,29,0.33,,453,5.5
2009-03-30 05:00,27,0.23,,423,4.9
2009-04-05 00:00,50,0.33,,418,5.4
2009-04-08 01:00,15,0.25,,358,3.2
2009-04-08 18:00,96,0.77,,560,8.4
2009-04-14 07:00,45,0.71,,358,6.7
2009-04-16 15:00,106,0.73,,536,11.2
2009-04-24 00:53,47,0.52,SSC,432,7.8
2009-04-26 05:00,29,0.36,,402,6.8
2009-04-27 16:00,32,0.29,,380,3.3
2009-04-29 07:00,54,0.48,,357,5
2009-05-02 10:00,49,0.33,,375,6.2
2009-05-04 19:00,28,0.25,,363,3.2
2009-05-06 00:00,98,0.65,,520,7.2
2009-05-13 14:00,19,0.22,,348,5
2009-05-14 11:53,32,0.85,SI,390,7.9
2009-05-16 01:00,50,0.44,,393,7.1
2009-05-18 03:00,55,0.31,,331,5.1
2009-05-20 14:00,32,0.56,,350,7.6
2009-05-22 04:00,61,0.36,,394,5.9
2009-05-25 12:00,48,0.37,,335,4.1
2009-05-28 05:19,38,0.74,SSC,439,10.1
2009-05-30 12:00,34,0.31,,359,6
2009-06-03 08:00,69,1.09,,341,7.2
2009-06-07 08:00,36,0.3,,381,7
2009-06-09 17:00,47,0.21,,362,5.9
2009-06-13 20:00,40,0.59,,330,6.8
2009-06-16 14:00,65,0.45,,330,6.5
2009-06-20 04:51,67,0.43,SSC,352,7.4
2009-06-23 21:00,74,0.92,,498,10.8
2009-06-27 14:00,25,0.58,,425,8.8
2009-06-28 18:00,60,0.54,,562,10.1
2009-07-03 11:00,68,0.49,,370,7
2009-07-06 15:00,55,0.77,,393,6
2009-07-09 17:00,61,0.5,,467,10.7
2009-07-13 09:00,88,0.78,,540,10.2
2009-07-20 05:00,36,0.57,,339,8.2
2009-07-22 01:00,99,1.18,,575,16.7
2009-07-30 06:00,22,0.72,,373,6.3
2009-07-31 07:00,61,0.38,,420,6.7
2009-08-02 20:00,48,0.56,,394,6
2009-08-05 08:00,55,0.9,,506,12.9
2009-08-07 15:55,35,0.47,SSC,515,6.3
2009-08-09 10:00,30,0.35,,466,4
2009-08-10 20:00,32,0.41,,366,3.4
2009-08-13 21:00,20,0.32,,336,4
2009-08-17 03:00,29,0.29,,333,5.3
2009-08-19 06:00,67,0.68,,559,11.6
2009-08-22 02:00,30,0.35,,523,5.2
2009-08-25 00:00,52,0.57,,375,6.2
2009-08-30 02:21,46,0.49,SSC,471,12.3
2009-09-01 02:00,56,0.36,,405,2.8
2009-09-03 15:52,47,0.7,SSC,493,8.1
2009-09-10 02:00,34,0.58,,308,6.3
2009-09-11 19:00,32,0.34,,308,4.7
2009-09-13 12:00,34,0.83,,409,8.3
2009-09-15 14:00,74,0.3,,473,6.4
2009-09-20 13:00,66,0.7,,456,9.2
2009-09-26 11:00,31,0.8,,345,8.5
2009-09-28 06:49,35,0.45,SSC,340,6.7
2009-09-30 01:00,68,0.5,,358,9.4
2009-10-04 04:12,64,0.78,SSC,416,9.8
2009-10-11 00:29,30,0.5,SI,458,11.6
2009-10-12 11:00,24,0.31,,375,6.7
2009-10-15 06:00,39,0.36,,433,9
2009-10-17 13:00,26,0.23,,332,3.7
2009-10-18 18:00,40,0.36,,320,5.1
2009-10-22 00:17,60,1.33,SI,398,11.1
2009-10-24 16:50,36,0.58,SI,465,8.9
2009-10-29 05:00,26,0.57,,384,11.1
2009-10-30 10:00,25,0.31,,374,2.8
2009-11-01 03:00,30,0.4,,365,7.9
2009-11-02 13:00,32,0.4,,352,6.2
2009-11-04 10:00,73,0.69,,310,5.5
2009-11-08 04:00,51,0.56,SI,442,9.8
2009-11-13 20:00,44,0.68,,372,8
2009-11-17 01:00,36,0.26,,339,4.6
2009-11-19 16:00,22,0.26,,389,7
2009-11-20 17:00,48,0.55,,556,10.9
2009-11-24 12:52,33,0.56,SI,458,6.9
2009-11-26 07:00,29,0.6,,428,7
2009-12-05 06:51,70,0.79,SSC,418,10
2009-12-12 05:00,36,0.44,,296,7.9
2009-12-14 05:00,48,0.69,,291,7.3
2009-12-17 09:00,41,0.69,,437,7.1
2009-12-19 11:00,41,0.32,,440,4.9
2009-12-21 21:00,44,0.66,,384,6
2009-12-24 04:00,32,0.21,,441,5.6
2009-12-25 17:00,73,0.6,,413,9.6
2010-01-01 18:00,47,0.74,,304,7.7
2010-01-04 02:00,43,0.39,,311,7.4
2010-01-08 22:00,11,0.21,,300,3.9
2010-01-09 11:00,35,0.49,,314,7.1
2010-01-11 06:00,31,0.37,,508,13
2010-01-12 23:00,49,0.64,,514,6.3
2010-01-15 15:00,54,0.35,,450,4.7
2010-01-18 09:00,29,0.26,,349,5.4
2010-01-20 11:00,64,1.57,,515,12.6
2010-01-29 22:00,45,0.52,,450,9.3
2010-02-01 06:00,33,0.33,,497,7.8
2010-02-02 20:00,36,0.54,,562,6.6
2010-02-06 05:00,30,0.54,,371,8.7
2010-02-07 15:00,18,1.04,SI,406,10.7
2010-02-08 09:53,64,0.58,SI,361,10.4
2010-02-11 01:00,28,1.03,,378,9.8
2010-02-12 12:00,49,0.71,,334,7.2
2010-02-14 13:00,26,0.39,,319,9.9
2010-02-15 18:00,37,1.05,,359,13.3
2010-02-17 23:00,34,0.59,,484,8.9
2010-02-19 15:00,58,0.97,,501,7.7
2010-02-22 05:00,77,0.37,,377,7
2010-02-25 17:07,36,0.26,SI,398,7.3
2010-02-27 14:00,35,0.55,,340,6.3
2010-03-01 08:00,80,0.49,,455,10.1
2010-03-06 18:00,29,0.77,,424,9.7
2010-03-08 05:00,44,0.37,,386,7.4
2010-03-10 05:00,82,0.94,,558,9.2
2010-03-14 00:00,34,0.44,,457,6
2010-03-16 07:00,54,1.12,,500,7.9
2010-03-19 22:00,33,0.38,,417,6.5
2010-03-21 13:00,32,0.45,,384,3.4
2010-03-24 13:00,17,0.4,,315,6.2
2010-03-25 08:00,32,0.75,,411,11
2010-03-26 22:00,67,0.79,,443,8.9
2010-03-31 19:00,31,0.78,,448,8.9
2010-04-02 07:15,36,0.68,SSC,537,8.7
2010-04-05 08:26,27,2.91,SSC,814,18.8
2010-04-06 14:00,55,0.81,,635,8.5
2010-04-09 18:00,24,0.37,,468,4
2010-04-11 13:04,36,1.3,SSC,457,12.1
2010-04-14 05:00,44,1.19,,514,12.3
2010-04-16 12:00,76,0.65,,463,5.4
2010-04-20 20:00,15,0.35,,361,6.4
2010-04-21 13:00,55,1.29,,453,9.1
2010-04-26 12:00,45,0.61,,380,6.4
2010-04-28 20:00,21,0.7,,374,8.1
2010-04-29 20:00,36,0.49,,403,4.8
2010-05-02 05:00,109,1.23,,718,17.4
2010-05-10 18:00,28,0.28,,398,7.2
2010-05-12 02:00,28,0.69,,495,8.3
2010-05-14 22:00,28,0.32,,400,4.7
2010-05-18 07:00,23,0.33,,365,10.2
2010-05-19 09:00,78,0.89,,508,12.9
2010-05-25 19:00,36,0.81,,364,7.6
2010-05-28 02:57,36,2.57,SSC,385,14.4
2010-05-29 23:00,71,0.76,,616,13.5
2010-06-03 06:00,78,1.2,,579,7.4
2010-06-08 01:00,29,0.48,,432,4.3
2010-06-10 00:00,52,0.46,,464,9.4
2010-06-13 04:00,41,0.35,,435,6.5
2010-06-15 09:00,101,0.82,,571,10.7
2010-06-20 21:00,47,1.13,,404,7.5
2010-06-24 06:00,26,0.22,,365,6.6
2010-06-25 12:00,57,0.92,,540,10.2
2010-06-29 20:00,74,0.61,,698,10.2
2010-07-04 01:00,73,0.4,,607,3.7
2010-07-08 15:00,30,0.45,,346,6
2010-07-10 10:00,36,0.32,,306,5.1
2010-07-14 01:00,72,1.01,,463,16.1
2010-07-20 21:00,34,0.34,,347,6.1
2010-07-23 05:00,36,0.83,,414,9.7
2010-07-25 01:00,36,0.34,,454,7.7
2010-07-26 22:00,117,0.68,,689,8.8
2010-08-03 02:00,14,0.53,,432,5.3
2010-08-03 17:41,15,3.53,SSC,598,17.3
2010-08-04 10:19,20,0.55,SSC,597,13.4
2010-08-05 09:00,36,0.62,,533,4.2
2010-08-08 05:00,25,0.32,,411,7.1
2010-08-09 09:00,22,0.53,,465,6.9
2010-08-10 19:00,39,0.7,,492,5.9
2010-08-12 18:00,14,0.13,,353,5.2
2010-08-13 12:00,35,0.38,,448,5.9
2010-08-16 01:00,36,0.52,,399,6.2
2010-08-18 00:00,37,0.69,,380,5.4
2010-08-20 04:00,43,0.66,,322,4.9
2010-08-23 04:00,16,0.22,,329,8
2010-08-23 21:00,114,1.21,,705,18.9
2010-09-01 01:00,21,0.66,,355,8.7
2010-09-02 01:00,45,0.28,,448,9.9
2010-09-05 15:00,32,0.61,,395,8.8
2010-09-07 02:00,46,0.8,,496,7.4
2010-09-09 12:00,53,0.61,,459,7.9
2010-09-13 01:00,27,0.42,,322,5.9
2010-09-14 07:00,35,1.16,,416,9.9
2010-09-16 01:00,68,1.21,,493,9.3
2010-09-20 19:00,27,0.33,,444,8.6
2010-09-22 01:00,22,0.17,,379,4.9
2010-09-23 02:00,80,0.77,,629,12.2
2010-09-27 23:00,80,0.65,,563,6.8
2010-10-04 17:00,53,1.63,,342,7.4
2010-10-07 12:00,10,0.08,,321,4.2
2010-10-08 00:00,53,0.55,,367,6.7
2010-10-11 05:00,36,1.31,,448,13.6
2010-10-13 05:00,36,0.18,,379,4.5
2010-10-15 02:00,34,0.44,,354,8.2
2010-10-17 00:00,36,0.61,,406,10
2010-10-18 22:00,45,0.68,,450,10.1
2010-10-22 09:00,118,1.74,,675,9.3
2010-10-30 10:13,74,1.79,SSC,387,11.7
2010-11-05 14:00,42,0.26,,364,5.6
2010-11-08 07:52,37,0.51,SSC,364,11.4
2010-11-10 17:43,50,1.36,SSC,546,11.3
2010-11-13 20:00,41,1.21,,638,8.2
2010-11-16 02:00,36,0.28,,600,5.7
2010-11-18 05:00,29,0.59,,562,8
2010-11-19 22:00,36,0.54,,419,8.8
2010-11-22 07:00,35,0.66,,493,8
2010-11-24 08:00,29,0.42,,475,5.7
2010-11-27 14:00,51,1.03,,479,14.5
2010-11-30 10:00,36,0.54,,383,4.7
2010-12-04 02:00,30,0.34,,308,4.6
2010-12-06 10:00,49,0.53,,377,9
2010-12-12 14:00,71,2.51,,660,12
2010-12-16 22:00,40,0.54,,506,5.4
2010-12-19 01:00,18,0.22,,403,4.5
2010-12-19 21:32,23,0.61,SSC,402,8.9
2010-12-21 00:00,36,0.33,,415,4.9
2010-12-23 18:00,35,0.62,,330,5.1
2010-12-25 12:00,47,0.48,,417,9.3
2010-12-28 01:00,24,1.08,,369,13.2
2010-12-29 04:00,30,0.26,,424,4.7
2010-12-30 14:00,37,0.52,,366,7.3
2011-01-02 01:00,30,0.41,,361,7.5
2011-01-03 11:00,43,0.41,,429,9.5
2011-01-06 16:00,94,0.78,,662,14.6
2011-01-11 21:00,32,0.4,,505,5.9
2011-01-13 11:00,28,1.01,,546,7.4
2011-01-15 03:00,29,0.41,,513,5.7
2011-01-16 12:00,36,0.56,,519,6.1
2011-01-18 15:00,37,0.36,,530,5.6
2011-01-21 10:00,48,0.4,,409,5.6
2011-01-24 05:00,65,0.46,,398,7.9
2011-01-28 17:00,36,0.35,,318,7.2
2011-01-30 23:00,15,0.23,,279,6.6
2011-01-31 16:00,42,0.75,,525,12.3
2011-02-04 02:40,15,0.92,SSC,413,12.6
2011-02-04 20:00,52,1.02,,647,21.2
2011-02-08 03:00,36,0.47,,448,3.9
2011-02-10 02:00,40,0.46,,410,6.1
2011-02-11 20:00,46,0.29,,433,5.6
2011-02-14 15:55,36,1.24,SSC,504,18.4
2011-02-18 01:30,71,4.45,SSC,678,30.6
2011-02-22 01:00,59,0.36,,435,6.3
2011-02-25 03:00,44,0.34,,363,7
2011-02-27 05:00,36,0.59,,348,6.5
2011-03-01 01:00,111,1.36,,688,14.1
2011-03-06 03:31,55,0.42,SI,539,6.3
2011-03-10 06:45,29,2.68,SSC,404,12
2011-03-11 16:00,94,1.11,,599,14.1
2011-03-16 22:00,31,0.8,,429,9.2
2011-03-19 12:00,11,0.21,,373,4.8
2011-03-20 11:00,36,0.7,,388,7.6
2011-03-22 07:00,80,0.76,,517,10.6
2011-03-29 16:30,62,2.75,SSC,396,14.2
2011-04-01 16:48,79,2.09,SSC,655,11.2
2011-04-05 19:00,13,1.26,,577,7.5
2011-04-06 09:33,13,0.95,SSC,539,15.2
2011-04-07 01:00,40,1.04,,556,6.1
2011-04-09 02:00,21,0.47,,459,6
2011-04-10 02:00,27,0.62,,378,4.6
2011-04-11 08:00,76,1.54,,599,15.4
2011-04-15 10:00,36,0.38,,405,4.3
2011-04-18 06:52,32,0.62,,403,12.8
2011-04-19 21:10,59,0.92,,555,15.9
2011-04-23 11:00,72,0.86,,553,9.6
2011-04-29 17:00,104,2.26,,705,17.3
2011-05-04 07:00,49,0.29,,570,4.5
2011-05-07 12:00,27,0.37,,382,6.7
2011-05-08 19:00,16,0.17,,316,4.4
2011-05-09 13:00,71,0.58,,390,8.5
2011-05-14 19:00,31,1.08,,544,11.2
2011-05-16 07:00,56,0.41,,598,10.3
2011-05-21 05:00,64,0.6,,451,8.8
2011-05-26 13:59,30,0.59,SSC,471,9.2
2011-05-28 01:00,20,1.1,,544,13
2011-05-29 00:00,72,0.57,,754,9.6
2011-06-01 03:00,44,0.63,,595,5.8
2011-06-04 20:44,46,3.05,SSC,555,23.6
2011-06-07 14:00,36,0.7,,543,9.7
2011-06-09 18:00,13,0.37,,448,9.5
2011-06-10 08:47,30,1.33,SSC,467,10.9
2011-06-11 16:00,43,0.43,,469,7.8
2011-06-13 19:00,36,0.56,,555,8.7
2011-06-16 07:00,18,0.69,,486,5.7
2011-06-17 02:39,36,2.65,,545,9.3
2011-06-21 14:00,11,0.18,,497,6.1
2011-06-22 03:00,23,0.7,,600,8.6
2011-06-23 02:58,93,3.24,SSC,665,10.5
2011-06-28 15:00,40,0.56,,403,5.6
2011-06-30 16:00,36,0.66,,423,10.3
2011-07-02 17:00,63,0.81,,428,10.1
2011-07-06 03:00,45,0.72,,407,6.3
2011-07-08 16:00,15,0.44,,356,12.8
2011-07-09 09:00,42,0.46,,504,10
2011-07-11 08:50,52,2.71,,710,12.6
2011-07-14 18:00,36,0.62,,490,5.9
2011-07-18 05:00,94,1.49,,733,10.4
2011-07-22 05:00,20,0.33,,668,6.8
2011-07-24 20:00,59,0.61,,601,7.3
2011-07-28 21:00,33,0.43,,388,7.7
2011-07-30 12:00,62,1.17,,687,14.1
2011-08-02 17:00,34,0.4,,443,4.5
2011-08-04 21:53,18,0.59,,432,9.5
2011-08-05 17:51,48,4.44,SSC,611,29.4
2011-08-08 06:00,48,0.49,,632,5.8
2011-08-10 19:00,24,0.23,,531,2.5
2011-08-11 20:00,39,0.76,,416,4.7
2011-08-13 19:00,36,0.53,,529,9.4
2011-08-15 15:00,37,0.85,,564,7.3
2011-08-17 12:00,36,0.52,,429,5.5
2011-08-20 19:00,45,0.66,,435,6.9
2011-08-23 03:00,71,0.6,,569,9.9
2011-08-27 01:00,28,0.64,,463,6.6
2011-08-29 01:00,46,0.43,,535,8.6
2011-09-02 20:00,34,0.87,,416,10.3
2011-09-04 12:00,83,0.54,,441,9.6
2011-09-08 10:00,20,0.16,,353,3
2011-09-09 12:42,29,2.8,SSC,554,19.3
2011-09-10 22:00,98,0.87,,652,9.4
2011-09-17 03:43,28,2.25,,544,13.6
2011-09-18 12:00,27,0.45,,498,6
2011-09-19 22:00,36,0.52,,443,5.7
2011-09-22 00:00,16,0.4,,412,6.8
2011-09-22 18:00,42,0.69,,388,5.7
2011-09-25 11:45,22,1.25,SSC,367,10.5
2011-09-26 12:35,32,4.86,SSC,688,34.2
2011-09-28 03:00,19,0.86,,514,6.4
2011-09-29 00:27,35,1.14,SI,587,11.6
2011-09-30 19:00,53,0.72,,565,7.2
2011-10-05 07:36,25,2.18,,470,13.8
2011-10-06 12:00,35,0.6,,391,12
2011-10-08 06:00,50,0.99,,358,9.5
2011-10-11 00:00,42,0.55,,417,8.1
2011-10-14 22:00,61,0.75,,480,8.4
2011-10-19 03:00,62,0.39,,426,5.6
2011-10-22 17:00,36,0.88,,339,8
2011-10-24 18:31,21,5.79,,514,24
2011-10-25 18:00,36,0.99,,534,7.7
2011-10-30 10:00,27,1.54,,421,12.6
2011-10-31 16:00,15,0.32,,390,9
2011-11-01 09:07,36,2.29,,435,13
2011-11-03 05:00,22,0.35,,375,4.9
2011-11-04 21:00,26,0.37,,352,8
2011-11-06 02:00,32,0.42,,333,7.6
2011-11-07 15:00,36,1.11,,407,9.8
2011-11-10 03:00,22,0.68,,385,5.1
2011-11-11 04:00,23,0.46,,408,7.9
2011-11-12 05:59,18,0.52,SSC,461,8.8
2011-11-13 02:00,31,0.59,,418,6.9
2011-11-15 12:00,42,0.63,,458,6.6
2011-11-18 16:00,53,0.5,,403,4.9
2011-11-21 12:00,28,1.13,,370,10.4
2011-11-22 21:00,77,0.59,,430,10.4
2011-11-27 03:00,35,0.74,,444,7.6
2011-11-28 21:50,30,1.65,,517,17
2011-11-30 09:00,40,0.51,,485,7.9
2011-12-02 16:00,27,0.5,,413,7.7
2011-12-03 23:00,42,0.42,,479,5.6
2011-12-07 13:00,33,0.36,,315,4.5
2011-12-09 04:00,107,0.77,,491,10.7
2011-12-18 18:00,36,0.91,,377,9.7
2011-12-20 14:00,83,0.98,,419,8.4
2011-12-25 04:00,43,0.48,,375,5
2011-12-27 17:00,11,0.24,,254,7.7
2011-12-28 04:00,34,0.79,,351,13.3
2011-12-29 22:00,68,1.4,,432,11.4
2012-01-02 02:00,63,1.04,,427,12
2012-01-05 17:00,117,1.1,,456,10.4
2012-01-10 14:00,41,0.31,,504,5.9
2012-01-12 18:00,44,0.49,,536,8.7
2012-01-15 16:00,53,0.98,,496,13.2
2012-01-20 02:00,24,0.98,,377,7.1
2012-01-21 05:01,22,0.53,SI,332,12.4
2012-01-22 06:11,51,2.88,SSC,458,26.5
2012-01-24 15:03,36,1.71,SSC,702,16.4
2012-01-26 12:00,15,0.6,,496,6.9
2012-01-27 05:00,26,0.73,,551,7
2012-01-28 18:00,38,0.65,,442,6
2012-01-30 16:24,27,1.86,SSC,432,10.8
2012-01-31 22:00,26,1.46,,412,8.6
2012-02-02 00:00,95,1.49,,451,7.6
2012-02-06 14:00,55,0.54,,503,7.9
2012-02-09 13:00,39,0.56,,459,7.5
2012-02-12 09:00,34,0.49,,417,10.7
2012-02-14 01:00,42,2.18,,414,9.3
2012-02-16 06:00,23,0.5,,403,6.7
2012-02-18 15:00,74,0.76,,558,11.7
2012-02-22 02:00,36,0.41,,549,10.1
2012-02-26 21:39,12,1.66,SSC,488,8.9
2012-02-27 12:00,34,1.96,,494,14.9
2012-02-29 05:00,26,0.79,,490,8.7
2012-03-01 09:00,63,0.65,,482,7.2
2012-03-05 19:00,29,1.37,,391,10.9
2012-03-07 04:20,27,3.05,SSC,587,17.1
2012-03-08 11:03,57,9.15,SSC,741,23.1
2012-03-11 13:00,18,0.48,SSC,461,8.3
2012-03-12 09:14,59,5.89,SSC,730,23.6
2012-03-15 13:06,18,1.63,SSC,789,15.8
2012-03-16 09:00,26,0.75,,684,9.3
2012-03-17 19:00,25,0.39,,670,5.4
2012-03-18 23:00,38,0.41,,539,5.8
2012-03-22 15:00,23,0.21,,415,9.8
2012-03-24 04:00,51,0.46,,470,7.7
2012-03-27 02:00,45,1.53,,463,12
2012-03-29 20:00,33,0.51,,402,8.3
2012-03-31 11:00,61,1.05,,375,8.4
2012-04-03 18:00,22,0.23,,365,5.8
2012-04-04 19:00,73,2.9,,364,11.7
2012-04-09 20:00,20,0.43,,342,6.8
2012-04-11 02:00,19,0.33,,347,9.3
2012-04-12 00:00,82,1.15,,643,12.3
2012-04-17 10:00,42,0.39,,432,8.7
2012-04-19 19:00,18,0.28,,361,7.3
2012-04-20 16:00,22,1.35,,326,7.9
2012-04-21 17:00,30,1.04,,357,9.4
2012-04-23 03:20,23,0.84,SSC,393,15.5
2012-04-24 05:00,31,1.36,,611,11.8
2012-04-25 17:00,53,1.28,,723,9.7
2012-04-30 00:00,51,0.34,,385,4.8
2012-05-03 02:00,18,0.25,,315,7.9
2012-05-03 23:00,31,1.6,,332,8
2012-05-05 11:00,39,0.52,,330,9.7
2012-05-07 11:00,27,0.83,,327,8.3
2012-05-08 17:00,88,1.53,,639,16.3
2012-05-12 14:00,54,0.88,,592,5.6
2012-05-15 01:00,30,0.71,,454,7.7
2012-05-16 12:00,50,2.45,,431,12.2
2012-05-20 01:00,33,0.98,,434,7.3
2012-05-21 19:37,18,0.73,SSC,396,13.1
2012-05-22 16:00,33,0.39,,639,12.7
2012-05-24 15:00,44,0.67,,529,5.6
2012-05-28 13:00,20,0.44,,386,6.7
2012-05-29 13:00,25,0.92,,461,9
2012-05-30 17:00,35,2.36,,444,9.9
2012-06-01 12:00,24,0.27,,379,9.2
2012-06-02 15:00,18,0.38,,356,9.1
2012-06-03 12:00,146,0.78,,733,14.8
2012-06-09 22:00,33,1.04,,460,6.1
2012-06-11 13:00,55,0.7,,422,10.4
2012-06-16 09:55,9,1.02,SSC,413,10.6
2012-06-16 20:20,36,3.64,SSC,517,40.1
2012-06-18 21:00,30,0.47,,556,5.9
2012-06-20 18:00,56,0.55,,442,7.1
2012-06-24 06:00,27,0.81,,374,8.3
2012-06-25 12:00,30,0.48,,457,10.2
2012-06-26 23:00,36,0.57,,503,6.8
2012-06-29 20:00,89,1.19,,687,12.6
2012-07-03 19:00,19,0.52,,580,5.2
2012-07-04 17:00,34,2.13,,537,10.3
2012-07-06 15:00,32,0.5,,494,10.5
2012-07-08 04:00,30,2.51,,462,12.3
2012-07-09 15:00,73,1.36,,527,11.8
2012-07-14 18:09,50,6.7,SSC,665,27.3
2012-07-17 10:00,52,1.11,,550,5.7
2012-07-20 04:47,30,1.37,SSC,476,9.1
2012-07-21 16:05,30,1.51,SSC,516,13
2012-07-23 03:00,66,1.12,,570,7
2012-07-26 11:00,69,2.06,,377,13.3
2012-07-30 05:00,36,0.98,,450,8.6
2012-08-02 10:00,36,0.94,,493,12.4
2012-08-04 08:00,53,0.43,,425,5.6
2012-08-07 21:00,32,0.72,,425,9.6
2012-08-10 05:00,14,0.35,,344,6.7
2012-08-10 21:00,29,0.4,,351,7.1
2012-08-12 06:00,22,0.45,,387,12.1
2012-08-13 07:00,58,0.75,,494,9.8
2012-08-15 21:00,38,0.6,,508,7
2012-08-18 05:00,26,1.13,,403,12.4
2012-08-19 10:00,59,1.09,,583,11.5
2012-08-22 14:00,31,0.38,,431,7.1
2012-08-25 00:00,30,0.47,,588,8.9
2012-08-26 10:00,36,0.63,,696,9.2
2012-08-28 18:00,55,0.33,,543,4.8
2012-08-31 19:00,13,0.22,,321,3.7
2012-09-01 08:00,49,1.15,,331,8.9
2012-09-03 12:13,30,2.28,SSC,447,19.8
2012-09-04 22:45,45,2.34,SI,544,15.2
2012-09-12 19:00,74,0.91,,451,13.4
2012-09-16 10:00,24,0.21,,446,6.3
2012-09-18 14:00,22,0.82,,396,7.5
2012-09-19 15:00,31,0.41,,578,12
2012-09-21 07:00,36,0.45,,538,5.1
2012-09-24 08:00,30,0.4,,366,5
2012-09-25 19:00,73,1.21,,439,11.1
2012-09-30 11:31,10,0.95,SSC,319,7.9
2012-09-30 23:05,34,2.01,SSC,411,21
2012-10-02 15:00,21,0.27,,339,7.6
2012-10-03 15:00,29,0.41,,345,4.3
2012-10-05 07:00,24,0.46,,331,6.2
2012-10-06 10:00,18,0.33,,345,8.4
2012-10-07 07:00,19,1.42,,338,8.7
2012-10-08 05:16,33,2.05,SSC,466,16.3
2012-10-09 20:00,32,1.54,,552,15.3
2012-10-11 10:00,13,0.35,,477,6.5
2012-10-12 01:00,31,1.77,,549,12.3
2012-10-13 13:00,26,0.55,,579,9
2012-10-17 00:00,69,0.52,,600,9
2012-10-27 13:00,36,0.44,,357,5.2
2012-10-31 15:38,32,1.71,SSC,373,15.8
2012-11-02 05:00,29,0.33,,311,7.3
2012-11-03 14:00,36,0.44,,330,5.9
2012-11-06 23:00,50,0.48,,503,11.3
2012-11-12 16:00,6,0.25,,331,8.6
2012-11-12 23:11,30,3.68,SSC,455,22.8
2012-11-14 10:00,60,0.81,,482,11
2012-11-19 01:00,26,0.41,,415,7.3
2012-11-20 06:00,64,0.7,,452,7.3
2012-11-23 21:51,27,3.35,SSC,410,15.1
2012-11-25 04:00,22,0.64,,460,11.7
2012-11-26 05:12,30,0.4,SI,534,8.8
2012-11-30 09:00,27,0.24,,352,5.6
2012-12-01 17:00,32,1.24,,353,10.7
2012-12-03 07:00,49,0.74,,452,12.6
2012-12-08 19:00,35,0.58,,321,8.6
2012-12-10 14:00,48,0.62,,316,7.5
2012-12-13 03:00,19,0.33,,301,6.5
2012-12-14 01:00,32,0.92,,349,10.5
2012-12-15 15:00,22,0.5,,386,7.4
2012-12-16 16:00,76,1.09,,489,9
2012-12-20 08:00,63,0.74,,514,6.1
2012-12-29 21:00,62,0.74,,472,11.2
2013-01-02 05:00,36,0.29,,315,5.4
2013-01-06 04:00,46,1.05,,369,8.7
2013-01-08 11:00,34,0.48,,358,5.6
2013-01-11 03:00,31,0.51,,379,8.9
2013-01-13 11:00,34,0.69,,553,8.5
2013-01-16 05:00,29,1.55,,428,11.9
2013-01-17 14:00,19,1.8,,410,14.7
2013-01-18 12:00,27,1.09,,459,14.6
2013-01-19 17:32,53,0.53,SSC,438,8.1
2013-01-25 17:00,18,1.12,,504,16.5
2013-01-26 14:00,60,0.98,,530,14
2013-01-31 14:00,22,0.38,,338,6.6
2013-02-01 15:00,61,0.62,,481,11.1
2013-02-06 18:00,25,0.4,,366,9.3
2013-02-07 22:00,36,0.56,,458,10.1
2013-02-09 18:00,31,0.4,,407,5.9
2013-02-11 14:00,30,0.64,,373,6.8
2013-02-13 00:00,26,0.92,,396,9.6
2013-02-14 05:00,42,0.46,,399,7
2013-02-16 12:09,20,1.36,SSC,405,11.6
2013-02-17 11:00,36,0.57,,366,7.2
2013-02-19 10:00,72,0.75,,428,8.2
2013-02-23 11:00,33,0.61,,382,4.8
2013-02-25 05:00,47,0.89,,353,8
2013-02-28 03:00,17,0.31,,351,8.4
2013-02-28 22:00,72,0.96,,639,16.7
2013-03-04 02:00,23,0.25,,489,3.9
2013-03-06 06:00,54,0.5,,343,5.3
2013-03-08 19:00,60,0.47,,353,5.7
2013-03-15 05:26,39,1.11,SSC,476,12.2
2013-03-17 05:59,60,4,SSC,721,17.8
2013-03-20 11:00,30,0.5,,600,10.4
2013-03-22 04:00,32,0.4,,424,6.9
2013-03-23 17:00,36,0.51,,437,9.4
2013-03-25 13:00,31,0.53,,404,8.8
2013-03-27 02:00,39,0.75,,544,11.3
2013-03-29 01:00,62,0.79,,567,10.1
2013-03-31 16:00,36,0.62,,479,3.9
2013-04-05 10:00,51,0.81,,352,7.2
2013-04-07 15:00,52,0.55,,371,6.2
2013-04-09 22:00,21,0.78,,376,6
2013-04-10 19:00,72,0.75,,487,7.3
2013-04-13 22:54,77,4,SSC,516,12.9
2013-04-20 01:00,68,0.54,,317,6.4
2013-04-23 06:00,19,0.96,,321,12.4
2013-04-24 04:00,17,0.53,,415,21.8
2013-04-24 23:00,45,0.46,,588,9.2
2013-04-28 06:00,30,0.53,,458,5.4
2013-04-30 09:49,19,2.04,SSC,426,10.5
2013-05-01 08:00,51,0.59,,483,10.9
2013-05-05 16:00,29,1.11,,535,11.8
2013-05-07 01:00,73,0.75,,548,8.3
2013-05-13 04:00,36,0.86,,390,8.3
2013-05-15 07:00,16,1.34,,441,10.8
2013-05-16 01:00,36,1.02,,416,7
2013-05-18 01:10,36,1.97,SSC,439,11.2
2013-05-19 23:08,35,0.72,SSC,421,13.1
2013-05-21 17:00,39,0.78,,474,8.2
2013-05-23 17:00,22,0.71,,507,7.7
2013-05-24 18:10,14,1.04,SSC,553,11.6
2013-05-25 09:48,38,1.88,SSC,752,12.1
2013-05-27 10:00,63,0.79,,775,6.1
2013-05-31 16:18,22,1.91,SSC,676,19.6
2013-06-01 17:00,76,0.67,,774,12.9
2013-06-06 02:55,34,2.65,SI,512,13.4
2013-06-07 20:00,32,0.6,,456,9.7
2013-06-09 04:00,19,0.25,,432,5.7
2013-06-10 05:00,26,0.61,,395,8.6
2013-06-11 10:00,60,0.54,,445,7.9
2013-06-14 23:00,62,0.51,,357,6.7
2013-06-19 22:00,75,0.44,,633,14.6
2013-06-23 04:26,69,4.92,SSC,698,7.6
2013-06-27 14:38,32,2.63,SSC,453,12.5
2013-06-29 05:00,27,0.47,,520,13
2013-06-30 11:00,34,0.33,,560,6.4
2013-07-02 18:00,39,0.48,,428,4.6
2013-07-04 18:00,75,1.74,,386,12.8
2013-07-09 10:00,9,0.4,,333,9.8
2013-07-09 20:52,64,1.28,SSC,479,16
2013-07-12 17:14,64,2.47,SSC,509,16.3
2013-07-17 20:00,63,0.77,,631,15.1
2013-07-25 08:00,46,0.75,,572,12.4
2013-07-27 17:00,65,1.4,,480,6.4
2013-07-31 11:00,31,0.37,,398,5.2
2013-08-04 03:00,69,1.64,,564,15.6
2013-08-08 21:00,12,0.24,,369,4.8
2013-08-09 11:00,22,0.67,,483,9.8
2013-08-10 12:00,32,0.74,,440,8.2
2013-08-12 01:00,27,0.23,,401,7
2013-08-13 14:00,35,0.44,,482,10.3
2013-08-15 08:00,92,0.5,,782,11
2013-08-20 22:28,18,0.65,SSC,465,10.8
2013-08-21 19:00,21,0.23,,556,9.1
2013-08-22 19:26,26,0.27,SI,568,6.7
2013-08-24 00:03,59,2.42,SSC,521,8.8
2013-08-27 14:00,36,0.75,,481,14
2013-08-29 12:00,53,1.2,,423,9.9
2013-09-01 07:00,18,0.36,,552,5
2013-09-02 03:00,19,0.26,,497,5.7
2013-09-03 01:00,18,1.81,,430,9.2
2013-09-03 22:00,59,0.51,,474,5.4
2013-09-07 20:00,36,0.39,,390,6
2013-09-10 09:00,28,0.36,,395,6.5
2013-09-12 14:00,21,0.29,,517,9.4
2013-09-13 14:00,27,0.32,,574,9.5
2013-09-14 20:00,34,0.63,,484,4.6
2013-09-16 23:00,31,0.83,,385,7.6
2013-09-18 11:00,18,0.22,,558,9
2013-09-19 08:00,36,0.31,,557,4.7
2013-09-21 19:00,36,0.67,,413,4.5
2013-09-24 03:00,34,0.49,,442,10.5
2013-09-25 20:00,72,0.46,,387,3.4
2013-09-29 19:00,44,0.83,,328,8.2
2013-10-02 01:55,49,3.4,SSC,625,22.2
2013-10-08 14:00,5,0.15,,337,9.7
2013-10-08 20:23,59,1.64,SSC,639,32.5
2013-10-12 12:00,35,0.69,,397,5.8
2013-10-14 07:00,77,1.93,,547,10.4
2013-10-21 23:00,34,0.68,,380,8.7
2013-10-24 02:00,34,1.19,,357,7.2
2013-10-25 19:00,25,0.57,,322,4
2013-10-26 23:00,23,0.54,,300,6.4
2013-10-28 01:00,28,0.26,,313,6.3
2013-10-29 09:00,18,0.89,,339,12.1
2013-10-30 06:00,26,0.82,,373,10.5
2013-10-31 11:00,23,0.6,,411,11.8
2013-11-01 13:00,22,0.32,,375,5.3
2013-11-02 23:00,63,0.57,,409,6.6
2013-11-06 09:00,38,0.48,,383,13.8
2013-11-08 18:00,14,1.43,,452,14.1
2013-11-09 10:00,29,0.43,,612,11.5
2013-11-11 03:00,36,1.06,,540,9.6
2013-11-15 13:00,14,0.19,,356,9
2013-11-16 05:00,80,0.62,,536,11
2013-11-22 22:00,14,0.76,,357,9.4
2013-11-23 14:00,48,0.56,,372,10
2013-11-26 15:00,36,1.11,,321,6.4
2013-11-29 01:00,26,0.5,,357,11
2013-11-30 18:00,58,2.62,,549,12.6
2013-12-03 23:00,41,0.48,,397,8.5
2013-12-06 01:00,33,0.34,,349,5
2013-12-07 16:00,28,2.29,,639,19.6
2013-12-09 02:00,59,0.72,,512,5.4
2013-12-13 13:22,22,0.79,SSC,391,13.4
2013-12-14 14:00,20,1.61,,599,10.6
2013-12-15 13:00,36,2.53,,499,9
2013-12-19 05:00,36,0.58,,383,5.7
2013-12-24 22:00,36,1.19,,324,11.2
2013-12-27 03:00,26,0.3,,301,8.9
2013-12-30 00:00,22,0.42,,375,6.3
2013-12-31 01:00,27,0.34,,424,6
2014-01-01 08:00,24,1.61,,569,14.5
2014-01-02 11:00,61,0.47,,626,7.3
2014-01-07 15:12,42,1.4,SSC,438,8
2014-01-09 20:08,36,1.5,SSC,439,11.2
2014-01-11 19:00,65,0.75,,878,11.6
2014-01-14 20:00,36,0.46,,619,3.7
2014-01-18 18:00,36,0.34,,334,3.6
2014-01-20 22:00,17,0.43,,344,8.4
2014-01-21 17:00,18,0.67,,591,12.1
2014-01-22 13:00,28,0.52,,553,7.2
2014-01-24 02:00,63,0.87,,384,6.1
2014-01-27 16:00,19,0.7,,331,6.5
2014-01-28 14:00,58,0.57,,494,11.8
2014-02-01 03:00,24,0.45,,370,6.1
2014-02-03 01:00,23,1.39,,429,7.7
2014-02-04 03:00,19,0.43,,356,8.2
2014-02-05 01:00,50,0.83,,402,11
2014-02-07 17:05,33,0.93,SSC,459,13.8
2014-02-09 08:00,30,0.4,,479,9.6
2014-02-10 19:00,22,1.3,,561,6.2
2014-02-11 20:00,32,1.15,,463,6.9
2014-02-13 09:44,40,0.58,SSC,382,8.7
2014-02-15 13:16,43,3.17,SSC,449,16.2
2014-02-18 08:00,18,0.8,,409,8.6
2014-02-19 05:00,19,0.52,,534,18.6
2014-02-20 03:18,20,2.5,SSC,688,14.4
2014-02-21 02:00,36,0.71,,554,7.1
2014-02-23 02:00,17,0.41,,512,12.1
2014-02-23 21:00,26,0.26,,557,8.8
2014-02-25 02:00,49,0.28,,462,4.8
2014-02-27 16:50,32,4.58,SSC,481,16.6
2014-03-01 00:00,44,0.57,,408,5.3
2014-03-03 01:00,18,0.27,,358,5
2014-03-03 22:00,84,0.64,,485,6.3
2014-03-09 18:00,36,0.3,,331,5.9
2014-03-11 21:00,18,0.56,,309,6.2
2014-03-12 18:00,60,1.07,,498,10.2
2014-03-18 01:00,27,0.38,,328,7.4
2014-03-20 04:00,32,0.91,,345,10.3
2014-03-21 18:00,73,1.12,,525,9.9
2014-03-25 20:03,27,0.99,SSC,515,8.6
2014-03-27 00:00,48,0.88,,438,8.3
2014-03-29 12:00,34,0.32,,455,4.7
2014-03-31 12:00,49,0.55,,449,6.8
2014-04-03 02:00,21,0.53,,400,5.6
2014-04-04 02:00,28,0.35,,444,6.1
2014-04-05 10:00,39,2.31,,501,17.6
2014-04-07 10:00,52,0.61,,473,9.3
2014-04-10 14:00,14,0.27,,409,5.1
2014-04-11 06:00,67,0.8,,396,11.5
2014-04-16 01:00,40,0.66,,391,9.2
2014-04-18 02:00,34,2.52,,504,10.2
2014-04-19 18:36,14,0.46,SSC,528,8.6
2014-04-20 10:57,50,1.37,SSC,675,15.2
2014-04-23 01:00,80,0.71,,473,6.6
2014-04-28 13:00,21,0.3,,306,4
2014-04-29 20:26,18,1.43,SSC,308,9.9
2014-04-30 16:00,41,0.73,,382,10.4
2014-05-02 09:00,29,0.69,,352,3.8
2014-05-03 17:47,16,0.7,SSC,360,10
2014-05-04 12:00,41,0.53,,385,9.8
2014-05-06 14:00,28,0.26,,388,5.4
2014-05-07 22:00,71,0.58,,389,10.4
2014-05-11 04:00,39,0.31,,450,8.3
2014-05-13 06:00,42,0.42,,366,6.2
2014-05-15 20:00,56,1.1,,353,7.8
2014-05-21 00:00,34,0.55,,331,6.4
2014-05-22 19:00,77,1.77,,511,12.9
2014-05-27 12:00,24,0.42,,329,6.4
2014-05-29 09:30,21,0.63,SSC,360,7.5
2014-05-30 10:00,56,1.56,,358,11.4
2014-06-02 17:00,43,0.39,,360,9.2
2014-06-05 23:00,32,0.51,,367,6.3
2014-06-07 16:52,52,3.61,SSC,618,26
2014-06-10 11:00,50,0.54,,603,7.6
2014-06-13 14:00,52,1.1,,399,7.4
2014-06-16 08:00,29,0.69,,392,6.6
2014-06-17 17:00,47,2.74,,468,9.9
2014-06-20 14:00,32,0.42,,461,8.4
2014-06-22 19:00,21,0.31,,396,4
2014-06-23 23:08,36,0.32,SSC,361,7.8
2014-06-25 21:00,24,0.45,,361,6.6
2014-06-28 13:00,26,0.46,,348,8.1
2014-06-29 18:00,16,0.38,,368,9.4
2014-06-30 12:00,36,0.45,,352,6.6
2014-07-03 00:42,29,0.28,SSC,347,7.2
2014-07-04 10:00,40,0.39,,327,3.9
2014-07-06 11:00,56,0.55,,327,9
2014-07-09 12:00,60,0.95,,404,8
2014-07-13 09:00,27,0.79,,358,11.1
2014-07-14 14:31,72,1.32,SSC,488,14.9
2014-07-17 14:00,49,0.64,,389,4.2
2014-07-20 10:00,29,0.27,,290,5.5
2014-07-21 20:00,36,0.31,,344,8.3
2014-07-24 06:00,36,0.34,,381,6.1
2014-07-26 02:00,33,0.5,,384,7.5
2014-07-28 01:00,36,0.48,,439,10.6
2014-07-31 02:00,22,0.21,,340,5.2
2014-08-01 03:00,46,0.66,,448,10.8
2014-08-03 13:00,74,0.97,,482,8.8
2014-08-07 14:00,48,1.36,,392,6.2
2014-08-10 15:00,45,0.96,,503,10.7
2014-08-12 23:00,58,0.49,,471,6.9
2014-08-17 00:00,40,0.83,,309,8
2014-08-19 06:57,59,1.01,SSC,420,20.7
2014-08-23 08:00,36,0.35,,328,5.3
2014-08-27 03:00,19,1.12,,324,14.4
2014-08-28 01:00,15,0.33,,333,13
2014-08-28 18:00,67,0.77,,456,10
2014-09-04 23:00,26,1.42,,417,6.2
2014-09-06 04:00,9,0.74,,352,10.1
2014-09-06 15:24,33,1.45,SSC,414,11.2
2014-09-08 06:00,36,0.48,,443,7.7
2014-09-10 21:00,26,0.56,,380,8
2014-09-11 23:45,14,1.82,SSC,468,14
2014-09-12 15:53,56,5.45,SSC,729,31.7
2014-09-17 02:00,18,0.18,,387,6.4
2014-09-17 22:00,20,1.03,,392,8.5
2014-09-19 06:00,53,0.77,,573,15.7
2014-09-22 02:00,41,0.94,,451,6.6
2014-09-24 05:00,72,1.96,,466,7.8
2014-09-29 11:00,57,1.68,,397,7.7
2014-10-03 08:00,18,0.36,,345,6.1
2014-10-04 04:00,24,0.72,,437,14.3
2014-10-05 16:00,48,0.3,,421,5.9
2014-10-08 01:00,45,0.47,,373,9.5
2014-10-10 11:00,20,0.63,,348,7.4
2014-10-11 10:00,20,0.29,,356,8.7
2014-10-13 12:13,20,0.48,SSC,417,9.3
2014-10-14 11:01,34,1.13,SSC,499,14.3
2014-10-16 04:00,55,0.34,,476,7.7
2014-10-19 03:00,27,1.16,,462,10.6
2014-10-20 09:00,64,2.56,,653,9.9
2014-10-24 01:00,57,1.12,,453,6.6
2014-10-27 03:00,39,1.53,,427,8.4
2014-10-30 19:00,31,0.93,,456,11.6
2014-11-01 07:05,56,1.19,SSC,522,14.9
2014-11-03 22:00,60,1.8,,550,12.9
2014-11-07 04:00,31,0.72,,500,10.6
2014-11-09 05:00,18,0.91,,439,10.4
2014-11-10 02:20,28,3.25,SSC,508,19.4
2014-11-11 18:00,36,1.41,,606,11.4
2014-11-14 16:00,25,0.46,,575,8.1
2014-11-15 20:00,24,0.41,,641,8.3
2014-11-21 18:00,28,1.38,,389,7.6
2014-11-23 02:00,49,0.88,,434,8
2014-11-27 00:00,95,1.52,,409,13.4
2014-12-01 05:00,46,2.78,,592,14
2014-12-03 14:00,48,1.89,,534,11.5
2014-12-06 03:00,46,0.97,,766,22.6
2014-12-08 12:00,63,0.69,,723,7.5
2014-12-12 01:00,53,0.64,,612,10.5
2014-12-14 20:00,80,0.85,,522,10.2
2014-12-21 04:00,13,1.01,,369,8.4
2014-12-21 19:11,18,5.33,SSC,429,16.5
2014-12-22 15:10,18,1.91,SSC,476,26.3
2014-12-23 11:14,9,2.33,SSC,508,28.7
2014-12-23 22:00,13,0.33,,551,12.5
2014-12-24 13:00,72,0.79,,561,10.5
2014-12-28 10:00,61,1.35,,702,13
2014-12-31 10:00,29,0.54,,585,6.8
2015-01-02 08:00,51,0.5,,480,11.2
2015-01-04 20:00,28,0.43,,530,11.8
2015-01-06 04:00,23,0.66,,519,11.5
2015-01-07 06:14,22,1.12,SSC,486,21.6
2015-01-08 07:00,36,0.48,,508,10.6
2015-01-10 21:00,27,0.34,,602,9.2
2015-01-14 21:00,23,0.29,,426,7.4
2015-01-15 23:00,100,1.77,,428,10
2015-01-20 14:00,9,0.29,,296,7.2
2015-01-21 01:00,90,1.31,,488,18.8
2015-01-24 21:00,31,1.45,,367,9.4
2015-01-26 08:34,15,0.31,SSC,384,15.4
2015-01-27 02:00,21,0.4,,491,12.5
2015-01-28 16:00,58,0.99,,439,9.6
2015-01-31 19:00,75,0.85,,695,13.9
2015-02-05 04:00,26,0.54,,420,8.1
2015-02-06 08:00,34,0.37,,451,7.9
2015-02-07 20:00,45,0.51,,556,9.6
2015-02-13 23:00,30,0.86,,337,8.2
2015-02-15 05:00,29,0.5,,343,10.9
2015-02-16 14:00,73,2.01,,461,15.4
2015-02-21 11:00,34,0.61,,346,8.7
2015-02-23 04:00,43,0.6,,492,13.9
2015-02-27 09:00,19,0.24,,359,6.5
2015-02-28 04:00,39,0.5,,566,12.6
2015-03-02 03:00,32,0.65,,643,12
2015-03-03 16:00,14,0.23,,458,4.4
2015-03-04 08:00,34,0.23,,508,8.6
2015-03-06 00:00,81,0.51,,576,10.4
2015-03-09 18:00,30,0.39,,447,6.3
2015-03-11 05:00,38,1.52,,428,9.6
2015-03-13 03:00,36,0.49,,435,8.7
2015-03-15 01:00,40,0.68,,405,14.9
2015-03-17 04:45,28,4.95,SSC,614,31.5
2015-03-18 13:00,75,0.72,,683,11
2015-03-21 20:54,27,0.77,,706,11.2
2015-03-23 04:00,52,0.65,,643,8.8
2015-03-25 10:00,25,0.35,,579,6
2015-03-26 14:00,30,0.8,,442,7.5
2015-03-28 00:00,47,1.17,,424,15.4
2015-03-31 08:32,39,2.48,SI,435,15.9
2015-04-02 07:00,97,1.05,,575,12.7
2015-04-09 02:13,19,1.32,SSC,385,13.3
2015-04-10 00:00,45,1.54,,449,19.9
2015-04-14 06:16,117,0.99,SSC,723,15.6
2015-04-20 10:00,46,1.04,,583,13.6
2015-04-22 20:00,36,0.41,,510,5.5
2015-04-27 01:00,42,0.57,,329,7.6
2015-04-30 06:00,73,0.98,,448,12.1
2015-05-06 01:42,72,2.17,SSC,479,17.5
2015-05-09 07:00,23,0.46,,406,8
2015-05-10 09:00,27,0.71,,390,14
2015-05-11 16:00,21,0.43,,369,13.2
2015-05-12 16:00,89,1.19,,731,16.4
2015-05-16 13:00,28,0.32,,446,6.1
2015-05-17 21:00,19,0.84,,407,14.2
2015-05-18 19:00,30,1.47,,536,19.5
2015-05-20 06:00,36,0.49,,499,6.5
2015-05-22 11:00,26,0.52,,424,6.3
2015-05-23 16:00,41,0.42,,348,4.7
2015-05-25 19:00,31,0.6,,324,10.9
2015-05-28 05:00,37,0.55,,407,9
2015-05-30 08:00,27,0.44,,405,6
2015-05-31 14:00,49,0.69,,389,8.5
2015-06-05 10:00,38,0.38,,321,8.1
2015-06-07 10:00,108,2.07,,661,20.5
2015-06-12 13:06,35,1.05,SI,529,8.3
2015-06-14 08:00,43,2.06,,600,10.8
2015-06-16 18:00,32,0.62,,560,8.4
2015-06-21 16:44,11,0.62,SSC,349,11.5
2015-06-22 05:44,11,1.23,SSC,437,14.5
2015-06-22 18:33,35,8.57,SSC,742,37.7
2015-06-24 13:29,14,2.57,SI,737,11.5
2015-06-25 06:00,36,1.27,,663,13.9
2015-06-27 03:00,31,0.89,,800,11.7
2015-06-28 10:00,36,0.59,,484,7.7
2015-06-30 05:00,51,0.56,,424,5.7
2015-07-03 12:00,52,1.77,,575,21.2
2015-07-06 23:00,38,0.35,,508,5.9
2015-07-10 15:54,40,1.62,SSC,638,20.2
2015-07-13 01:38,36,2.79,SSC,642,9.9
2015-07-14 22:00,59,0.49,,557,9.8
2015-07-19 13:00,21,0.39,,305,5.3
2015-07-20 13:00,38,0.62,,394,11.2
2015-07-22 11:00,37,0.86,,491,11.6
2015-07-25 17:00,20,0.29,,482,7
2015-07-26 16:00,70,0.88,,499,7.2
2015-07-30 15:37,96,1.13,SSC,613,14.7
2015-08-06 01:00,32,0.7,,568,12
2015-08-07 15:00,31,0.49,,567,10.7
2015-08-09 05:00,24,0.37,,552,7.4
2015-08-10 19:00,64,2.14,,455,8.2
2015-08-13 15:00,35,0.81,,379,10.5
2015-08-15 08:28,31,1.29,SSC,540,21.7
2015-08-16 20:00,33,0.51,,575,7.8
2015-08-18 21:00,55,0.74,,518,8.8
2015-08-21 19:00,28,0.28,,446,10.3
2015-08-23 03:00,42,0.52,,582,13.2
2015-08-25 09:00,12,0.51,,403,5.6
2015-08-25 23:00,41,3.33,,417,13.2
2015-08-28 01:00,10,0.66,,357,14.2
2015-08-28 12:49,59,0.91,SSC,477,16.3
2015-09-02 01:00,31,0.8,,423,9.3
2015-09-03 13:00,48,0.72,,523,13.9
2015-09-06 02:00,30,0.45,,502,8.7
2015-09-07 13:00,41,2.67,,602,21.3
2015-09-09 16:00,20,0.4,,440,9.1
2015-09-10 23:00,51,0.96,,641,17.2
2015-09-13 07:00,23,0.37,,480,6.4
2015-09-14 09:00,36,0.6,,523,9
2015-09-17 12:00,49,0.86,,460,9.4
2015-09-20 06:03,34,1.29,SSC,623,15.8
2015-09-21 23:00,27,0.63,,639,8
2015-09-23 06:00,34,0.39,,539,9.8
2015-09-24 22:00,61,0.39,,511,6.7
2015-09-29 21:00,11,0.26,,337,4.4
2015-09-30 10:00,21,0.37,,320,3.9
2015-10-01 10:00,36,1.41,,383,12
2015-10-03 06:00,28,1.18,,456,10.6
2015-10-04 14:00,38,0.53,,498,9.6
2015-10-06 18:00,18,0.91,,462,19.1
2015-10-07 15:00,79,1.03,,775,20.4
2015-10-12 10:00,51,0.53,,582,8
2015-10-15 03:00,37,0.67,,496,7.3
2015-10-18 01:00,46,0.62,,466,12.6
2015-10-20 10:00,17,0.31,,380,6.6
2015-10-21 05:00,29,0.31,,474,10.9
2015-10-22 22:00,37,0.36,,462,6.9
2015-10-24 18:54,74,0.88,SSC,498,11.3
2015-10-28 10:00,50,0.43,,328,8.7
2015-10-30 19:00,51,0.6,,361,8.4
2015-11-03 01:34,23,1.26,SSC,715,21.6
2015-11-04 03:55,36,1.67,SSC,731,8.9
2015-11-06 18:18,51,2.47,SSC,677,19.4
2015-11-09 13:00,61,1.2,,720,11.8
2015-11-13 09:00,39,0.94,,481,9.9
2015-11-15 10:00,60,1.16,,417,9.1
2015-11-18 08:00,30,0.94,,487,12.7
2015-11-20 01:00,47,0.88,,409,9.3
2015-11-26 14:00,60,1.15,,332,12.5
2015-11-29 05:00,23,0.45,,466,15.1
2015-11-30 07:00,21,0.69,,533,11.9
2015-12-01 07:00,29,0.54,,578,8.8
2015-12-03 03:00,40,0.77,,436,6.9
2015-12-05 04:00,40,1.3,,604,9.7
2015-12-07 05:00,50,0.37,,655,11.9
2015-12-09 23:00,95,0.6,,663,10.4
2015-12-14 13:21,27,1.63,SSC,545,13.8
2015-12-15 19:00,28,0.28,,600,8.8
2015-12-17 03:00,44,0.35,,496,6.8
2015-12-19 16:16,20,2.82,SSC,496,17.4
2015-12-20 15:00,27,1.25,,428,19.5
2015-12-21 22:00,67,0.64,,506,12.4
2015-12-25 13:00,36,0.31,,598,9.8
2015-12-27 12:00,64,0.55,,555,6.2
2015-12-31 00:50,36,4.75,SSC,481,16.9
2016-01-01 21:00,23,0.67,,490,9.8
2016-01-03 03:00,34,0.46,,486,8.2
2016-01-05 01:00,89,0.7,,618,16.1
2016-01-11 04:00,84,0.96,,606,10.5
2016-01-16 05:00,51,0.95,,387,7
2016-01-18 21:57,41,1.85,SSC,383,16.9
2016-01-21 01:00,66,0.72,,568,19.2
2016-01-24 09:00,47,0.6,,501,7.6
2016-01-26 21:00,31,1.1,,381,8.9
2016-01-28 09:00,42,0.8,,361,8.5
2016-01-30 14:00,22,0.56,,285,8.7
2016-01-31 15:00,32,1.01,,314,10.4
2016-02-02 04:00,29,0.6,,371,10.1
2016-02-03 13:00,20,1.7,,415,11.1
2016-02-04 12:00,37,0.95,,484,10.8
2016-02-06 17:00,23,0.28,,449,6.2
2016-02-07 22:00,24,0.59,,454,10.3
2016-02-09 01:00,55,0.78,,422,14.4
2016-02-11 16:00,25,0.59,,362,15.1
2016-02-12 20:00,18,0.72,,401,18.5
2016-02-13 16:00,21,0.36,,420,6.9
2016-02-14 16:00,16,0.6,,407,7.3
2016-02-15 10:00,21,0.88,,442,14.1
2016-02-16 09:39,101,0.94,SI,649,15
2016-02-20 20:00,50,0.38,,440,7.4
2016-02-25 04:00,11,0.17,,323,7.9
2016-02-25 17:00,24,0.74,,431,11.6
2016-02-26 20:00,18,0.6,,399,6.4
2016-02-27 17:00,30,1,,385,7.4
2016-02-29 03:00,22,0.7,,366,6.7
2016-03-01 04:00,78,1,,479,12.3
2016-03-05 10:00,27,1.01,,372,17
2016-03-06 17:00,69,1.38,,590,20.1
2016-03-11 05:00,49,1.71,,569,22.9
2016-03-14 17:14,39,0.85,SSC,563,19.7
2016-03-16 17:00,35,1.13,,575,9.6
2016-03-18 12:00,33,0.63,,468,8.9
2016-03-20 07:00,25,0.31,,429,7.5
2016-03-22 03:00,18,0.44,,437,7.1
2016-03-23 00:00,29,0.97,,469,9.5
2016-03-24 09:00,43,0.91,,555,7.8
2016-03-26 15:00,30,0.65,,426,11.9
2016-03-28 01:00,77,0.68,,555,8.4
2016-04-02 14:31,27,1.02,SSC,512,14.6
2016-04-03 21:00,36,0.4,,417,8.6
2016-04-07 12:00,36,1.15,,390,12.1
2016-04-10 04:00,37,1.15,,397,8.7
2016-04-12 09:00,25,1.19,,617,15.3
2016-04-13 13:00,17,1.03,,562,7.5
2016-04-14 07:35,24,1.33,SI,484,9.6
2016-04-15 11:00,17,0.62,,387,11.2
2016-04-16 06:00,18,0.47,,463,9.5
2016-04-17 02:00,28,0.5,,432,12.3
2016-04-18 10:00,26,0.47,,389,7.3
2016-04-19 15:00,19,0.47,,373,7.8
2016-04-20 13:00,34,1.13,,427,8.7
2016-04-22 05:00,28,0.75,,587,12.1
2016-04-23 16:00,70,0.47,,568,10.1
2016-04-30 04:24,29,0.96,SI,405,8.9
2016-05-01 13:00,60,0.81,,573,11
2016-05-04 14:00,24,0.33,,445,6.7
2016-05-05 17:00,23,0.92,,410,10.8
2016-05-06 19:00,27,1.31,,528,9.9
2016-05-08 01:08,81,1.93,SI,682,16.3
2016-05-13 08:00,31,0.35,,364,9.7
2016-05-14 20:00,36,1.25,,511,13
2016-05-16 17:00,35,0.86,,534,7.8
2016-05-19 06:00,19,1.23,,447,7.2
2016-05-20 04:00,22,0.73,,481,8.6
2016-05-21 05:00,66,0.72,,623,10
2016-05-26 16:00,18,0.29,,407,8.2
2016-05-27 13:00,36,0.9,,516,12.5
2016-05-29 14:00,77,0.47,,549,7.9
2016-06-02 21:00,39,0.26,,346,4.3
2016-06-04 22:00,12,0.64,,339,11.1
2016-06-05 12:00,36,1.18,,625,17.3
2016-06-07 10:00,35,0.38,,498,6.7
2016-06-10 08:00,34,0.8,,543,12.3
2016-06-12 11:00,40,1.42,,562,10.9
2016-06-14 12:00,26,1.12,,678,14.2
2016-06-15 17:00,31,0.4,,599,10.6
2016-06-17 05:00,72,0.81,,627,6.5
2016-06-22 04:00,30,1.9,,423,13.1
2016-06-23 14:00,57,0.81,,528,9
2016-06-26 00:00,69,0.74,,508,8.6
2016-06-30 12:00,28,0.56,,404,8.1
2016-07-02 02:00,16,0.19,,385,4.8
2016-07-02 20:00,74,0.62,,466,12.2
2016-07-06 22:00,119,3.07,,638,13.2
2016-07-11 23:00,47,0.99,,637,8.6
2016-07-14 21:00,80,0.37,,679,6.9
2016-07-19 23:51,49,2.52,SSC,569,27.3
2016-07-22 15:00,39,0.56,,456,8.5
2016-07-24 15:25,36,0.9,SI,457,11.3
2016-07-28 01:00,16,0.19,,401,8.6
2016-07-28 19:00,61,0.37,,624,16.4
2016-08-02 07:00,22,1.74,,445,24.6
2016-08-03 08:00,36,0.42,,613,17.7
2016-08-05 04:00,61,1.02,,675,7.1
2016-08-08 21:00,113,1.09,,662,7.8
2016-08-15 15:00,25,0.45,,322,7.3
2016-08-16 19:00,35,1.28,,412,9.4
2016-08-18 13:00,27,0.68,,364,5.8
2016-08-19 19:00,29,0.71,,342,7.7
2016-08-21 04:00,30,0.56,,427,13.4
2016-08-22 22:00,18,0.28,,396,10.1
2016-08-23 19:00,63,1.41,,584,14.8
2016-08-28 12:00,28,0.19,,377,6.3
2016-08-29 20:00,44,1.19,,466,9.5
2016-09-01 03:00,129,1.84,,708,9.7
2016-09-08 00:00,29,0.66,,522,6.2
2016-09-09 15:00,35,0.32,,415,4.7
2016-09-11 12:00,58,0.38,,343,11.3
2016-09-14 01:00,35,0.58,,330,9.2
2016-09-15 20:00,27,1.08,,312,7.8
2016-09-17 03:00,35,1.49,,348,8.6
2016-09-18 21:00,16,0.46,,375,10.1
2016-09-19 15:00,36,0.85,,727,19.9
2016-09-21 13:00,36,0.4,,542,6.5
2016-09-23 03:00,45,0.4,,417,8.2
2016-09-25 04:00,48,0.95,,504,10.8
2016-09-27 17:00,116,1.34,,705,10
2016-10-04 10:00,50,0.47,,552,9.7
2016-10-10 12:00,46,0.63,,410,7.2
2016-10-12 22:12,35,1.27,SSC,439,24.1
2016-10-14 17:00,31,1.05,,544,13.7
2016-10-16 05:00,86,0.78,,735,9.2
2016-10-22 02:00,16,0.29,,350,6
2016-10-22 20:00,48,1.22,,443,8.7
2016-10-25 08:00,42,1.31,,735,15.8
2016-10-27 16:00,64,0.66,,662,9.7
2016-11-01 17:00,41,1.1,,509,7.9
2016-11-03 19:00,43,0.84,,408,7.6
2016-11-07 09:00,38,0.51,,324,6.1
2016-11-09 06:43,29,0.7,SSC,372,11.8
2016-11-10 16:00,29,0.33,,491,12.8
2016-11-12 01:00,113,1.27,,735,14.9
2016-11-20 11:00,27,0.34,,361,6.8
2016-11-21 17:00,44,2.51,,500,12.6
2016-11-24 05:00,105,0.8,,668,10.9
2016-11-28 18:00,32,0.5,,474,6.3
2016-11-30 08:00,27,0.39,,377,6.9
2016-12-01 14:00,36,0.58,,384,6.1
2016-12-03 13:00,33,0.38,,320,3.7
2016-12-05 04:00,54,1.01,,355,9.8
2016-12-07 12:00,190,1.92,,710,17.1
2016-12-16 06:00,32,0.34,,386,4.5
2016-12-17 20:00,21,0.65,,434,10.6
2016-12-18 20:00,28,0.91,,371,7.2
2016-12-20 04:00,27,0.79,,422,12.8
2016-12-21 10:00,173,1.47,,745,12.4
2016-12-31 01:00,58,0.93,,556,18.3
2017-01-02 14:00,17,0.29,,393,7.4
2017-01-03 07:00,19,0.44,,523,10.5
2017-01-04 05:00,125,1.28,,744,13.9
2017-01-09 12:00,52,0.33,,677,5.3
2017-01-12 22:00,36,0.52,,389,5.9
2017-01-16 16:00,20,0.56,,320,4.8
2017-01-17 15:00,140,1.11,,611,15.9
2017-01-24 23:00,29,0.53,,352,7.3
2017-01-26 08:15,34,0.74,SSC,636,14.1
2017-01-28 00:00,36,0.33,,556,6.9
2017-01-30 03:00,21,0.37,,539,8.9
2017-01-31 03:00,113,1.37,,753,16.8
2017-02-05 04:00,61,0.57,,640,7.6
2017-02-08 13:00,45,0.74,,460,8
2017-02-11 19:00,71,0.68,,370,5.4
2017-02-15 21:00,19,0.42,,384,9.8
2017-02-16 19:00,109,1.08,,586,10.2
2017-02-21 12:00,27,0.52,,441,7.8
2017-02-22 19:00,78,1.03,,649,11
2017-02-27 10:00,21,0.25,,407,6.8
2017-02-28 19:00,62,1.66,,714,17.4
2017-03-03 15:00,104,0.44,,695,6.1
2017-03-08 04:00,67,0.51,,555,6.3
2017-03-11 17:00,42,0.48,,418,6.9
2017-03-15 00:00,58,0.75,,408,9
2017-03-18 23:00,36,0.32,,323,4.6
2017-03-20 23:00,55,1.12,,687,15
2017-03-23 10:00,55,1.35,,645,9.2
2017-03-25 17:00,30,0.18,,464,3.7
2017-03-27 03:45,166,1.38,SSC,708,15.3
2017-04-04 02:00,32,1.4,,440,16.2
2017-04-05 15:00,36,0.49,,497,10.4
2017-04-07 20:00,20,0.28,,597,10
2017-04-08 19:00,41,0.34,,599,9
2017-04-10 21:00,24,0.34,,490,7.3
2017-04-13 17:00,36,0.66,,446,7.9
2017-04-16 05:00,47,0.35,,359,5.2
2017-04-18 16:00,67,1.64,,605,15.3
2017-04-21 12:00,106,2.22,,761,13.1
2017-04-26 02:00,27,0.43,,577,5.1
2017-04-29 06:00,63,0.76,,399,7.6
2017-05-04 00:00,18,0.32,,351,3.5
2017-05-04 21:23,34,0.42,,399,8
2017-05-06 13:00,51,0.68,,387,8.5
2017-05-09 09:00,66,0.38,,398,8.4
2017-05-13 04:00,36,0.23,,341,8.8
2017-05-15 05:00,67,0.99,,608,14.9
2017-05-18 02:00,22,0.72,,437,9.4
2017-05-19 03:00,140,0.93,,733,12.4
2017-05-27 15:34,46,2.83,SSC,401,22.8
2017-05-30 01:00,41,0.88,,539,9.2
2017-06-01 10:00,36,0.41,,432,9.5
2017-06-03 08:00,25,0.5,,480,12.1
2017-06-04 12:00,19,0.15,,433,5
2017-06-05 10:00,38,0.38,,380,6.9
2017-06-08 21:00,40,0.28,,327,5.2
2017-06-11 14:40,91,0.62,,527,12.7
2017-06-16 03:00,29,1.03,,623,13.7
2017-06-17 12:00,60,0.46,,594,8.3
2017-06-21 01:00,35,0.67,,346,7
2017-06-22 19:00,39,0.46,,389,7.7
2017-06-24 20:00,40,1.16,,548,10
2017-06-26 21:00,36,0.43,,519,5.9
2017-06-28 22:00,42,0.32,,438,5.7
2017-07-01 07:00,29,0.62,,494,18.2
2017-07-03 03:16,26,0.41,,440,5.7
2017-07-04 08:00,36,0.32,,358,4.5
2017-07-06 21:00,24,0.35,,416,7.2
2017-07-09 00:10,32,0.51,SSC,598,13.5
2017-07-10 13:00,73,1.04,,646,9.7
2017-07-16 05:59,39,5.41,SSC,625,23.7
2017-07-18 05:00,23,0.54,,606,10.2
2017-07-19 07:00,23,0.24,,425,3.5
2017-07-20 09:00,59,1.51,,715,10.3
2017-07-23 13:00,38,0.67,,702,7.9
2017-07-25 12:00,30,0.5,,642,7.1
2017-07-26 19:00,76,0.62,,525,6.9
2017-07-31 19:00,61,1.37,,455,9.8
2017-08-03 11:00,105,0.83,,711,18.6
2017-08-11 03:00,80,0.71,,602,11.6
2017-08-15 19:00,13,0.23,,377,5.5
2017-08-16 10:00,126,2.32,,752,12.5
2017-08-21 22:00,49,0.74,,613,7.9
2017-08-27 14:00,37,0.48,,345,9.3
2017-08-29 18:00,28,0.44,,381,9.7
2017-08-31 05:38,97,0.9,SSC,638,20.8
2017-09-04 16:00,46,0.56,,604,7.5
2017-09-06 23:43,20,1.42,SSC,581,14.4
2017-09-07 23:00,62,5.76,SSC,817,27.3
2017-09-10 18:00,36,,,632,4.3
2017-09-12 20:02,27,0.85,SSC,621,13.7
2017-09-14 03:00,7,0.22,,370,7
2017-09-14 11:16,73,1.76,SSC,715,19.9
2017-09-17 12:00,36,0.56,,673,6.6
2017-09-24 22:00,30,0.55,,397,9.7
2017-09-26 08:00,11,0.18,,322,3.4
2017-09-27 01:00,62,1.35,,697,14.2
2017-09-30 19:00,27,0.35,,490,5.2
2017-10-02 02:00,20,0.3,,480,5.2
2017-10-03 01:00,22,0.4,,413,5.8
2017-10-05 01:00,43,0.82,,448,8.8
2017-10-07 07:00,33,0.59,,441,7.4
2017-10-09 19:00,21,0.2,,337,4.1
2017-10-10 22:00,49,0.8,,559,11.6
2017-10-13 13:00,91,0.86,,713,8.9
2017-10-19 04:00,41,0.38,,470,9.6
2017-10-21 06:10,33,1,SSC,481,10
2017-10-22 21:00,30,0.5,,395,6.6
2017-10-24 08:00,59,0.78,,614,13.4
2017-10-27 12:00,36,0.43,,458,5.3
2017-11-01 10:00,80,1.8,,422,12.6
2017-11-07 04:00,67,1.48,,655,16.1
2017-11-10 03:00,70,0.47,SI,686,7.7
2017-11-14 02:00,28,0.86,,404,8.6
2017-11-15 10:00,54,0.85,,504,14.2
2017-11-18 20:00,26,0.33,,393,4.1
2017-11-20 15:00,36,1.29,,611,13.1
2017-11-22 12:00,55,0.46,,516,7.6
2017-11-25 00:34,36,0.52,SSC,439,7.8
2017-11-27 14:42,39,0.7,SSC,480,9
2017-11-29 21:00,69,1.05,,495,9.3
2017-12-04 16:13,94,1.34,SSC,622,12.2
2017-12-11 03:00,69,0.76,,517,10.9
2017-12-14 01:00,23,0.29,,437,6.6
2017-12-16 22:00,36,0.45,,643,11.7
2017-12-19 01:00,48,0.4,,576,7.9
2017-12-24 05:00,28,0.62,,566,13
2017-12-25 13:00,34,0.62,,465,8.4
2017-12-27 05:00,30,0.9,,451,8.8
2017-12-31 16:00,60,0.77,,472,11
2018-01-04 17:00,36,0.28,,389,4.4
2018-01-08 06:48,32,1.1,SSC,542,17.6
2018-01-09 21:00,36,0.4,,475,6
2018-01-12 06:00,23,0.38,,347,5.8
2018-01-13 08:00,34,0.7,,584,12
2018-01-15 01:00,36,0.3,,509,6.6
2018-01-18 20:00,41,0.65,,391,9.2
2018-01-21 05:00,39,0.54,,540,11.1
2018-01-23 11:00,24,0.43,,469,4.8
2018-01-24 14:00,32,0.69,,423,10.1
2018-01-26 04:00,55,0.79,,491,7.8
2018-01-29 07:00,36,0.27,,354,7
2018-01-31 08:00,41,0.5,,420,8.6
2018-02-02 20:00,28,0.34,,334,4.2
2018-02-04 13:00,71,0.38,,439,8.5
2018-02-08 01:00,39,0.29,,383,6.5
2018-02-10 05:00,36,0.28,,382,9.8
2018-02-12 10:00,23,0.19,,342,4.8
2018-02-13 12:00,18,0.34,,326,5.5
2018-02-15 08:35,51,1.51,SSC,474,14.3
2018-02-18 02:00,46,0.69,,619,8.7
2018-02-21 01:00,34,0.64,,405,6.4
2018-02-22 18:00,34,1.19,,547,9.2
2018-02-24 10:00,36,0.51,,472,7.1
2018-02-26 22:00,77,0.45,,551,9.6
2018-03-03 05:00,62,0.37,,406,11
2018-03-06 14:00,35,0.36,,404,6.4
2018-03-08 08:00,30,0.93,,376,7.8
2018-03-09 18:06,33,0.73,SSC,453,15.5
2018-03-11 10:00,48,0.39,,411,4.4
2018-03-14 16:00,37,0.41,,489,9.8
2018-03-16 13:00,38,0.93,,529,12.4
2018-03-18 13:00,36,0.7,,599,10
2018-03-22 13:00,36,1.99,,485,9.5
2018-03-24 09:00,60,0.46,,530,8.6
2018-03-26 23:00,32,0.53,,541,6.2
2018-03-28 13:00,24,0.21,,384,4.3
2018-03-29 16:00,110,0.79,,460,7.7
2018-04-04 23:00,38,0.53,,435,7.4
2018-04-09 06:00,105,0.66,,587,8.5
2018-04-18 12:00,31,0.36,,306,7.3
2018-04-20 00:21,70,1.48,SSC,629,20.1
2018-04-23 07:00,43,0.58,,431,5.4
2018-04-27 13:00,38,0.23,,385,7.8
2018-04-30 01:00,31,0.52,,440,7.5
2018-05-05 10:25,63,0.76,SSC,669,15.9
2018-05-08 01:00,29,0.25,,667,8
2018-05-09 09:00,42,0.3,,636,5.6
2018-05-11 04:00,39,0.52,,496,8.6
2018-05-12 23:00,53,0.48,,463,10.4
2018-05-15 18:00,22,0.19,,361,4.7
2018-05-16 19:00,66,1.23,,448,9.6
2018-05-20 03:00,46,0.52,,373,5.3
2018-05-22 12:18,102,0.53,SSC,520,10.3
2018-05-27 21:00,50,0.44,,393,7
2018-05-30 05:00,30,0.37,,375,5.4
2018-05-31 14:46,44,0.9,SSC,695,12.9
2018-06-02 17:00,62,0.39,,707,6.3
2018-06-05 12:00,20,0.33,,428,7.5
2018-06-06 11:00,36,0.65,,442,10.9
2018-06-13 12:00,58,0.7,,342,6.6
2018-06-17 15:00,88,1.05,,526,19.8
2018-06-22 20:00,53,1.61,,497,14
2018-06-25 06:00,22,0.59,,428,9
2018-06-26 07:00,46,0.69,,626,11.5
2018-06-30 13:00,36,0.48,,460,4.9
2018-07-03 15:00,36,0.41,,339,7
2018-07-05 11:00,18,0.42,,442,12.2
2018-07-06 08:00,63,0.39,,494,7.8
2018-07-10 01:00,37,0.93,,396,11.1
2018-07-11 22:00,70,0.47,,491,9.4
2018-07-16 06:00,12,0.33,,350,9.9
2018-07-16 20:00,53,0.72,,440,14.3
2018-07-19 09:00,38,0.28,,450,6.2
2018-07-21 01:00,47,0.84,,535,9.5
2018-07-24 06:00,48,0.64,,587,13
2018-07-29 21:00,13,0.48,,333,6.7
2018-07-30 11:58,36,0.42,SI,339,9
2018-08-01 11:00,80,0.52,,415,8.9
2018-08-05 06:00,44,0.46,,354,6.6
2018-08-07 13:00,42,0.35,,439,7.8
2018-08-10 03:00,21,0.33,,378,5.9
2018-08-11 03:00,30,0.46,,402,11
2018-08-12 14:00,29,0.28,,404,5.4
2018-08-14 23:00,44,0.82,,505,9.5
2018-08-16 19:00,62,0.5,,543,7
2018-08-19 18:00,73,0.81,,662,12.1
2018-08-24 07:00,17,0.23,,384,7.6
2018-08-25 02:00,32,1.54,,444,18.2
2018-08-26 15:00,76,0.56,,619,15.1
2018-08-29 23:00,28,0.21,,460,4.9
2018-08-31 07:00,36,0.32,,395,7.9
2018-09-04 06:00,46,0.48,,484,7.2
2018-09-06 23:00,36,0.59,,488,10.5
2018-09-08 22:00,29,0.41,,413,6.8
2018-09-10 16:00,70,1.06,,570,14.2
2018-09-14 15:00,36,0.25,,688,5.1
2018-09-17 02:00,74,0.78,,561,10.8
2018-09-21 16:00,17,0.81,,391,9.2
2018-09-22 11:00,55,1.08,,559,10.1
2018-09-27 18:00,27,0.34,,422,5.6
2018-09-29 00:53,36,0.25,SSC,485,7.3
2018-10-01 11:00,57,0.36,,533,7.4
2018-10-03 20:00,36,0.49,,508,7.7
2018-10-07 08:00,65,1.42,,614,16.6
2018-10-10 12:00,36,0.57,,519,6.8
2018-10-13 05:00,87,0.97,,616,11.3
2018-10-21 01:00,46,0.4,,394,8.5
2018-10-23 11:00,36,0.29,,358,5.5
2018-10-26 03:00,62,0.43,,421,7.4
2018-11-04 07:00,61,1.32,,611,11.2
2018-11-06 23:00,55,0.84,,491,7.3
2018-11-09 13:00,101,1.09,,637,12.8
2018-11-14 07:00,30,0.25,,443,5.4
2018-11-15 17:00,36,0.44,,392,4.8
2018-11-18 05:00,36,0.43,,337,7.3
2018-11-20 01:00,73,0.52,,430,10
2018-11-24 10:00,35,0.45,,365,5.7
2018-11-26 04:00,22,0.24,,340,5.4
2018-11-27 05:00,39,0.26,,427,7.5
2018-11-29 05:00,29,0.34,,395,3.5
2018-12-01 03:00,44,0.43,,450,9.5
2018-12-03 10:00,63,1.05,,478,7.6
2018-12-07 05:00,43,0.74,,590,9.6
2018-12-09 11:00,80,0.39,,661,10.1
2018-12-16 21:00,55,0.52,,447,10.6
2018-12-19 07:00,58,0.39,,638,8.5
2018-12-25 03:00,53,0.52,,367,5.6
2018-12-27 23:00,41,0.38,,604,12.1
2018-12-30 01:00,38,0.61,,569,5.8
2018-12-31 23:00,36,0.53,,465,5.8
2019-01-04 12:00,83,1.29,,554,11.4
2019-01-08 06:00,40,0.44,,446,6.1
2019-01-10 14:00,47,0.55,,509,7.3
2019-01-13 01:00,19,0.34,,366,3.4
2019-01-13 23:00,31,0.34,,403,10.2
2019-01-15 11:00,28,0.37,,417,7.7
2019-01-16 19:00,64,0.35,,503,9.9
2019-01-20 19:00,20,0.25,,374,5.2
2019-01-22 15:00,14,0.19,,351,7.9
2019-01-23 08:00,89,1.1,,634,9.3
2019-01-29 00:00,36,0.32,,368,4.5
2019-01-31 05:00,11,0.36,,367,15
2019-01-31 18:00,77,0.83,,627,15.7
2019-02-04 00:00,33,0.28,,468,6.1
2019-02-05 18:00,42,0.42,,446,7.9
2019-02-08 08:00,51,0.36,,477,7
2019-02-11 07:00,33,0.29,,406,8.1
2019-02-12 22:00,67,0.43,,524,9.1
2019-02-17 22:00,25,0.29,,371,6.1
2019-02-20 02:00,17,0.23,,326,3.2
2019-02-20 20:00,67,0.62,,492,11.2
2019-02-27 08:00,98,0.91,,595,11.6
2019-03-06 06:00,63,0.6,,493,9.8
2019-03-11 11:00,45,0.96,,396,9.2
2019-03-13 19:00,27,0.28,,363,5.5
2019-03-15 02:00,31,0.45,,410,7.5
2019-03-16 20:00,36,0.5,,443,8.5
2019-03-19 04:00,6,0.19,,355,3.7
2019-03-19 10:00,46,0.34,,410,7.1
2019-03-24 23:00,39,0.7,,351,8.4
2019-03-26 23:00,26,0.33,,371,6.7
2019-03-28 04:00,37,0.76,,525,13.7
2019-03-31 03:00,41,0.49,,421,6.2
2019-04-03 13:00,71,0.73,,527,9.4
2019-04-07 18:00,38,0.75,,458,8.6
2019-04-09 22:00,102,0.67,,459,8.2
2019-04-14 18:00,32,0.42,,358,7.7
2019-04-17 19:00,67,0.57,,339,6.1
2019-04-21 15:00,41,0.37,,393,6.6
2019-04-23 18:00,25,0.38,,425,10.4
2019-04-24 22:00,39,0.34,,418,6.9
2019-04-26 22:00,66,0.4,,390,6
2019-05-01 13:00,42,0.65,,569,9.1
2019-05-03 18:00,54,0.32,,505,9.8
2019-05-07 19:00,30,0.43,,351,3.3
2019-05-09 06:00,31,0.45,,379,7.1
2019-05-10 17:54,70,1.3,SSC,380,11.9
2019-05-14 00:00,35,0.81,,556,14.3
2019-05-15 18:00,45,0.83,,480,9.8
2019-05-19 19:00,48,0.55,,414,8.2
2019-05-22 04:00,22,0.16,,389,4.7
2019-05-23 05:00,36,0.24,,357,6.5
2019-05-26 22:14,34,0.94,SSC,372,11.8
2019-05-28 15:00,74,0.51,,562,8.2
2019-06-03 02:00,23,0.28,,329,5.9
2019-06-04 09:00,36,0.36,,344,7.7
2019-06-06 09:00,35,0.31,,321,6.3
2019-06-08 10:00,54,0.46,,463,17.2
2019-06-12 06:00,29,0.61,,447,7.4
2019-06-13 15:00,58,0.69,,477,7.8
2019-06-19 12:00,31,0.63,,371,7.8
2019-06-21 02:00,33,0.28,,412,7.8
2019-06-23 16:00,42,0.3,,350,5.5
2019-06-25 20:00,30,0.42,,402,6
2019-06-27 12:00,35,0.4,,371,5.9
2019-06-29 14:00,29,0.43,,325,4.9
2019-06-30 23:00,36,0.57,,363,9.1
2019-07-04 18:00,34,0.36,,441,7.1
2019-07-06 11:00,28,0.34,,360,4.1
2019-07-08 20:00,18,0.55,,463,18
2019-07-09 17:00,75,0.53,,646,11.6
2019-07-12 22:00,28,0.67,,461,6.6
2019-07-14 21:00,52,0.46,,477,8.8
2019-07-19 21:00,33,0.33,,341,4.9
2019-07-21 18:00,70,0.55,,424,9.3
2019-07-24 20:00,26,0.46,,369,5.5
2019-07-27 09:00,49,0.42,,374,6.1
2019-07-30 11:00,72,0.9,,553,10.7
2019-08-02 12:00,35,0.38,,443,3.6
2019-08-04 08:00,15,0.2,,369,5
2019-08-05 03:00,79,1.21,,722,17.1
2019-08-08 14:00,53,0.75,,630,6.7
2019-08-11 15:00,13,0.19,,462,6
2019-08-12 06:00,66,0.53,,491,6.8
2019-08-17 02:00,41,0.38,,374,7.8
2019-08-19 04:00,19,0.4,,376,4.6
2019-08-20 02:00,44,0.68,,415,9.7
2019-08-25 10:00,37,0.39,,343,5.5
2019-08-27 01:00,61,0.76,,514,9.6
2019-08-30 06:00,44,1.11,,722,10.5
2019-09-01 13:00,59,0.51,,728,7.5
2019-09-04 12:00,32,0.47,,555,6.3
2019-09-06 02:00,36,0.44,,541,5.7
2019-09-08 11:00,28,0.46,,519,6.8
2019-09-09 22:00,36,0.54,,509,6.3
2019-09-12 16:00,20,0.81,,481,8.5
2019-09-13 15:00,32,0.31,,541,8.1
2019-09-15 06:00,21,0.4,,472,6.6
2019-09-16 08:00,30,0.35,,460,5.4
2019-09-17 18:00,36,0.42,,446,6.2
2019-09-20 18:00,56,0.71,,353,6.3
2019-09-24 09:00,28,0.32,,499,14.7
2019-09-26 16:00,20,0.34,,382,7.1
2019-09-27 12:00,99,0.81,,695,13
2019-10-03 19:00,28,0.38,,427,8.4
2019-10-05 08:00,37,0.31,,445,6.8
2019-10-07 12:00,32,0.36,,410,5.6
2019-10-09 01:00,17,0.25,,412,9
2019-10-09 20:00,55,0.58,,516,11.4
2019-10-12 19:00,32,0.48,,378,4.1
2019-10-14 14:00,37,0.7,,370,8
2019-10-16 03:00,37,0.23,,427,6.2
2019-10-17 17:00,37,0.58,,384,4.8
2019-10-23 12:00,18,0.31,,344,3.7
2019-10-24 08:00,36,0.8,,650,11.7
2019-10-26 05:00,58,0.57,,650,8.2
2019-10-28 15:00,25,0.29,,496,4.8
2019-10-29 19:00,24,0.45,,412,12.8
2019-10-30 22:00,61,0.77,,441,14.6
2019-11-02 22:00,29,0.35,,347,6.4
2019-11-04 07:00,59,0.55,,416,7.3
2019-11-06 22:00,36,0.36,,427,4.9
2019-11-10 06:00,13,0.38,,319,4.5
2019-11-10 21:00,42,0.75,,374,12.2
2019-11-13 02:00,36,0.38,,351,7.6
2019-11-15 13:00,21,0.4,,376,5.8
2019-11-16 13:00,39,0.43,,457,9
2019-11-20 15:00,19,0.88,,483,9
2019-11-21 13:00,36,0.61,,597,11.4
2019-11-23 13:00,70,0.4,,527,8.8
2019-11-29 15:00,38,0.74,,401,6.8
2019-12-03 22:00,36,0.25,,319,5.1
2019-12-07 07:00,48,0.83,,375,5.8
2019-12-09 20:00,70,0.77,,450,8
2019-12-14 12:00,60,0.66,,413,7.9
2019-12-17 23:00,85,0.84,,540,9.5
2019-12-23 23:00,27,0.34,,350,5.4
2019-12-25 06:00,78,0.65,,408,8.3
2019-12-29 19:00,47,0.35,,317,7.8
2020-01-02 15:00,33,0.36,,392,9.2
2020-01-04 10:00,28,0.69,,395,10.3
2020-01-05 18:00,50,0.54,,534,8.4
2020-01-08 13:00,78,0.52,,547,10
2020-01-13 08:00,36,0.22,,386,5.3
2020-01-16 00:00,24,0.29,,383,5.6
2020-01-19 07:00,36,0.31,,345,3.7
2020-01-21 12:00,61,0.99,,359,8.9
2020-01-28 19:00,38,0.54,,456,8
2020-01-30 17:00,32,0.41,,517,7.3
2020-02-01 07:00,47,0.31,,473,5.8
2020-02-06 03:00,76,0.82,,639,9.5
2020-02-11 02:00,24,0.36,,428,5.7
2020-02-12 05:00,36,0.28,,409,5.1
2020-02-15 06:00,30,0.3,,367,6.1
2020-02-17 19:00,27,0.73,,395,12.2
2020-02-19 01:00,36,0.62,,498,9.1
2020-02-20 22:00,68,0.5,,503,7.8
2020-02-24 19:00,36,0.27,,406,4.8
2020-02-28 09:00,25,0.43,,479,7.1
2020-02-29 13:00,36,0.6,,556,8.2
2020-03-02 11:00,30,0.34,,459,6.7
2020-03-04 05:00,36,0.53,,396,6.6
2020-03-06 05:00,28,0.47,,379,9.1
2020-03-07 13:00,34,0.53,,385,6.4
2020-03-09 05:00,34,0.31,,365,6.5
2020-03-10 15:00,25,0.25,,330,2.7
2020-03-12 06:00,59,0.32,,442,7.1
2020-03-15 15:00,29,0.43,,381,6.2
2020-03-17 00:00,30,0.27,,437,7.7
2020-03-18 11:00,44,0.34,,506,7
2020-03-21 03:00,26,0.43,,532,6.3
2020-03-23 11:00,48,0.34,,514,5.5
2020-03-28 06:00,44,0.92,,424,5.8
2020-03-30 13:00,56,0.67,,531,7
2020-04-03 14:00,31,0.46,,438,6.3
2020-04-05 02:00,20,0.39,,447,7.2
2020-04-06 13:00,22,0.35,,358,3.2
2020-04-07 20:00,36,0.81,,484,10.9
2020-04-10 12:00,23,0.25,,385,5.4
2020-04-11 14:00,53,0.39,,448,7.1
2020-04-14 03:00,53,0.59,,432,7.5
2020-04-17 07:00,36,0.64,,334,6.2
2020-04-20 02:33,27,0.87,SSC,371,15.9
2020-04-21 08:00,54,0.55,,490,10.5
2020-04-24 17:00,20,0.35,,425,5.7
2020-04-26 12:00,53,0.38,,429,5.8
2020-04-29 08:00,31,0.72,,360,3.8
2020-04-30 20:00,49,0.88,,340,7.2
2020-05-03 19:00,26,0.27,,334,8.5
2020-05-05 13:00,36,0.37,,334,7.5
2020-05-10 16:00,36,0.34,,348,5.5
2020-05-12 04:00,71,0.46,,323,4.1
2020-05-15 09:00,27,0.33,,321,6.4
2020-05-18 17:00,79,0.7,,398,8.2
2020-05-24 11:00,40,0.63,,344,6.6
2020-05-29 19:00,63,1.18,,410,13.9
2020-06-01 18:00,59,0.66,,372,7.5
2020-06-07 09:00,52,0.62,,477,8.9
2020-06-09 18:00,54,0.42,,482,6.3
2020-06-13 02:00,78,1.14,,338,5
2020-06-18 10:00,64,0.75,,355,7
2020-06-26 18:00,15,0.21,,338,8.5
2020-06-27 11:00,36,0.45,,422,9
2020-06-30 03:00,19,0.56,,373,5.4
2020-07-01 01:00,44,0.75,,353,6.3
2020-07-03 01:00,7,0.16,,322,2.3
2020-07-04 16:00,27,0.41,,514,9.6
2020-07-05 22:00,48,0.38,,516,6.3
2020-07-10 11:00,37,0.42,,351,4.6
2020-07-13 03:00,46,1.17,,389,9
2020-07-15 03:00,83,0.38,,426,8.2
2020-07-24 03:00,68,1.07,,415,10.5
2020-07-27 01:00,49,0.84,,411,6.3
2020-07-31 10:00,35,0.31,,382,5.1
2020-08-02 05:00,78,0.58,,701,10.9
2020-08-05 22:00,31,0.28,,495,4.6
2020-08-07 05:00,23,0.3,,439,4.8
2020-08-08 16:00,23,0.15,,385,4.2
2020-08-09 23:00,23,0.35,,374,5.2
2020-08-10 23:00,75,1.7,,325,4.5
2020-08-16 06:00,49,0.52,,334,8.1
2020-08-18 21:00,40,0.4,,357,7.7
2020-08-21 07:00,37,0.62,,357,7.4
2020-08-23 04:00,36,0.3,,403,7.8
2020-08-25 10:00,49,0.62,,478,7.5
2020-08-28 15:00,36,0.69,,511,9.5
2020-08-31 09:00,78,0.55,,636,7
2020-09-07 02:00,32,0.66,,388,4.9
2020-09-09 04:00,54,0.61,,316,4.8
2020-09-13 18:00,41,0.59,,430,9.2
2020-09-16 08:00,16,0.38,,338,2.8
2020-09-20 23:00,60,0.56,,363,8.8
2020-09-24 04:00,84,0.98,,599,8.8
2020-09-27 17:00,92,0.97,,669,8.1
2020-10-02 03:00,36,0.56,,527,4
2020-10-05 08:06,35,1.04,,366,10.6
2020-10-07 07:00,37,0.5,,396,9.5
2020-10-12 12:00,44,0.37,,309,7.7
2020-10-15 18:00,26,0.27,,309,6.7
2020-10-17 02:00,47,0.73,,336,8.7
2020-10-19 14:41,32,0.42,SSC,419,9.1
2020-10-21 05:00,52,0.61,,394,10.2
2020-10-23 13:20,56,0.91,SSC,584,13.3
2020-10-30 22:00,32,0.55,,414,6.2
2020-11-01 11:00,36,0.34,,396,8.6
2020-11-05 18:00,53,0.99,,502,9.5
2020-11-08 14:00,21,0.63,,448,5.2
2020-11-09 19:00,32,0.34,,351,5.4
2020-11-11 13:00,55,0.38,,415,9
2020-11-16 11:00,40,0.61,,313,5.6
2020-11-19 11:00,32,0.39,,384,7.3
2020-11-21 12:00,60,0.7,,635,10.6
2020-11-26 14:00,49,0.62,,454,8
2020-11-28 20:00,30,0.4,,423,7.9
2020-11-30 06:00,32,0.37,,503,8.5
2020-12-02 07:00,65,1.85,,427,6.7
2020-12-05 07:00,21,0.38,,401,7.2
2020-12-06 13:00,39,0.34,,383,6.5
2020-12-09 03:00,20,0.34,,431,9
2020-12-10 02:00,21,0.84,,566,12.2
2020-12-11 02:00,38,0.73,,504,6.2
2020-12-16 22:00,47,0.61,,294,6.5
2020-12-19 09:00,29,0.38,,387,9
2020-12-20 23:00,23,0.44,,388,10.7
2020-12-22 01:00,31,0.34,,603,7.2
2020-12-24 01:00,53,0.46,,580,4.8
2020-12-27 04:00,36,0.42,,553,7.2
2020-12-28 18:00,66,0.61,,509,6.8
2020-12-31 12:00,30,0.48,,398,3.4
2021-01-03 17:00,35,0.43,,312,8.8
2021-01-05 12:00,13,0.41,,453,16.2
2021-01-06 03:00,36,0.43,,610,14.8
2021-01-10 08:00,23,0.28,,318,6.1
2021-01-11 10:31,85,1.04,SSC,482,14.6
2021-01-16 08:00,36,0.22,,332,5.3
2021-01-18 18:00,36,0.45,,339,8.6
2021-01-20 20:00,33,0.44,,351,5.3
2021-01-22 16:00,26,0.64,,342,7.3
2021-01-23 21:00,16,0.36,,391,8.3
2021-01-24 15:00,46,0.67,,624,10.3
2021-01-27 01:00,41,0.62,,562,5.2
2021-01-31 00:00,39,0.59,,332,4.9
2021-02-02 00:00,79,1.25,,597,16.8
2021-02-06 14:00,36,0.55,,545,10.8
2021-02-08 20:00,76,0.83,,477,7
2021-02-13 01:00,36,0.61,,524,10.9
2021-02-15 18:00,36,0.5,,431,10.6
2021-02-19 11:00,87,1.67,,603,12
2021-02-23 02:00,24,0.45,,597,6.3
2021-02-24 05:00,29,1.03,,504,9.1
2021-02-26 13:00,46,0.38,,462,5.6
2021-02-28 23:00,28,1.23,,500,13.3
2021-03-02 07:00,64,0.74,,690,10.6
2021-03-06 01:00,92,0.88,,581,10.1
2021-03-11 19:00,21,0.47,,381,8.7
2021-03-12 22:00,81,0.91,,580,12.5
2021-03-17 10:00,18,0.32,,358,6.9
2021-03-18 04:00,14,0.29,,339,4.3
2021-03-20 01:00,27,1.63,,653,17.5
2021-03-21 08:00,48,0.46,,670,6.9
2021-03-23 21:00,21,0.34,,469,5
2021-03-24 21:00,21,0.43,,433,8.1
2021-03-25 21:00,27,0.42,,469,6
2021-03-27 18:00,46,0.46,,442,7
2021-03-30 18:00,54,0.55,,412,8.2
2021-04-02 10:00,28,0.73,,392,8.9
2021-04-04 18:00,33,0.73,,337,8.8
2021-04-06 15:00,17,0.33,,327,6.8
2021-04-07 10:00,51,0.9,,487,6.2
2021-04-11 03:00,29,0.41,,361,6.4
2021-04-12 12:00,25,0.41,,379,4.5
2021-04-13 16:00,31,0.39,,451,7
2021-04-15 04:00,27,0.83,,412,10.4
2021-04-16 11:00,44,1.12,,654,12.2
2021-04-18 18:00,58,0.44,,654,6.2
2021-04-21 04:00,39,0.36,,570,4.2
2021-04-23 17:00,27,0.36,,489,9.8
2021-04-25 00:00,19,0.55,,502,9.4
2021-04-25 22:00,19,0.88,,497,7.2
2021-04-26 20:00,55,0.31,,484,5.2
2021-04-29 19:00,18,0.36,,349,8.5
2021-04-30 16:00,20,0.54,,351,8.4
2021-05-01 15:00,27,0.8,,376,10.4
2021-05-02 22:00,59,0.66,,475,11.3
2021-05-09 13:00,32,0.71,,364,11.3
2021-05-12 06:37,48,1.24,SSC,511,20.6
2021-05-14 19:00,35,0.31,,449,7.9
2021-05-16 13:00,25,0.42,,392,6.2
2021-05-17 17:00,30,0.61,,396,9.1
2021-05-19 03:00,27,0.48,,378,9.2
2021-05-20 10:00,72,0.5,,577,13.9
2021-05-25 02:00,30,0.32,,332,4.1
2021-05-26 12:44,72,1.71,SSC,433,15.2
2021-05-29 12:00,50,0.36,,482,7.7
2021-06-02 13:30,39,0.65,SSC,329,10.5
2021-06-04 13:00,47,0.47,,437,6.3
2021-06-07 00:00,59,0.98,,520,11.4
2021-06-11 00:00,31,0.92,,361,8.6
2021-06-12 12:00,44,0.56,,488,8.5
2021-06-15 01:00,10,0.67,,388,9.8
2021-06-15 13:00,36,0.45,,614,14.7
2021-06-17 14:00,36,0.74,,531,5
2021-06-20 06:00,34,0.39,,425,5.5
2021-06-21 23:00,36,0.44,,386,8.3
2021-06-24 14:00,75,0.65,,412,7.5
2021-06-30 04:00,41,0.87,,515,11.5
2021-07-02 15:00,47,0.41,,539,5.7
2021-07-05 01:41,27,0.44,,349,7.9
2021-07-06 08:00,36,0.46,,387,7.6
2021-07-09 21:00,37,0.55,,446,11.3
2021-07-12 14:00,31,0.48,,341,7.2
2021-07-14 10:04,82,1.22,SSC,506,11.5
2021-07-19 06:00,52,0.97,,505,7.2
2021-07-22 04:00,23,0.35,,439,7.3
2021-07-26 23:00,18,0.2,,330,5.6
2021-07-27 20:00,61,1.34,,567,15.3
2021-07-30 13:00,23,0.28,,488,4.7
2021-08-02 10:00,34,1.2,,409,12.5
2021-08-04 02:00,32,0.27,,344,5.9
2021-08-06 03:00,24,0.34,,337,9.6
2021-08-07 06:00,41,0.44,,463,11.9
2021-08-09 08:00,18,0.21,,376,7.2
2021-08-10 04:00,59,0.67,,476,7.2
2021-08-13 08:00,36,0.37,,449,7.6
2021-08-15 05:00,80,0.55,,476,7.5
2021-08-19 10:00,34,0.45,,360,7.6
2021-08-21 03:00,45,0.46,,358,7.5
2021-08-24 19:00,53,0.52,,399,9.1
2021-08-27 01:14,42,1.79,SSC,415,15.8
2021-08-29 20:40,19,0.6,SI,414,9.1
2021-08-30 19:00,23,0.36,,410,5.2
2021-08-31 21:00,27,0.56,,366,5.9
2021-09-02 11:00,51,0.27,,427,6.1
2021-09-05 06:00,45,0.32,,357,6.5
2021-09-07 14:00,56,0.85,,421,9.6
2021-09-09 23:00,43,0.4,,376,14.6
2021-09-12 05:00,30,0.43,,462,9.2
2021-09-13 15:00,29,0.39,,479,6.8
2021-09-15 00:00,36,0.44,,437,5.3
2021-09-17 02:00,57,1.66,,425,14.8
2021-09-21 20:00,29,0.53,,393,8.9
2021-09-23 13:00,57,0.85,,554,8.8
2021-09-27 00:00,18,0.28,,397,10.6
2021-09-27 20:00,36,0.3,,510,13.9
2021-09-30 16:00,47,1.23,,562,12.8
2021-10-03 18:00,37,0.29,,393,5.2
2021-10-05 15:00,34,0.79,,337,12.1
2021-10-07 07:00,42,0.49,,338,8.1
2021-10-09 14:00,22,0.89,,318,7.5
2021-10-10 15:00,30,1.17,,391,11
2021-10-12 02:26,51,1.1,SSC,485,15.1
2021-10-14 08:00,39,0.4,,392,5.8
2021-10-16 01:00,27,1.92,,410,9.8
2021-10-17 08:00,36,1.22,,376,12.6
2021-10-19 11:00,25,0.45,,408,8.9
2021-10-20 15:00,70,0.66,,554,10.9
2021-10-24 00:00,32,0.5,,366,5.3
2021-10-25 13:00,28,0.61,,354,7.3
2021-10-26 21:00,30,0.48,,385,5.6
2021-10-29 21:00,18,0.24,,336,6.5
2021-10-30 17:00,16,0.67,,388,8.6
2021-10-31 11:00,28,0.7,,445,11.1
2021-11-01 19:00,47,0.67,,625,13.5
2021-11-03 19:42,38,9.7,SSC,762,22.3
2021-11-05 23:56,50,0.8,SSC,625,8.3
2021-11-09 20:00,32,0.4,,437,5.7
2021-11-11 18:00,34,0.31,,407,6.5
2021-11-13 19:00,32,0.37,,348,4.9
2021-11-15 18:00,100,1.05,,644,16.8
2021-11-20 00:00,112,0.47,,687,8.5
2021-11-26 03:00,36,0.39,,368,6
2021-11-27 22:51,36,0.96,SSC,402,15.4
2021-11-30 00:00,16,0.26,,358,4.7
2021-11-30 16:00,51,1.48,,542,13
2021-12-03 09:00,42,0.5,,527,8
2021-12-06 01:00,34,0.47,,509,5.8
2021-12-08 01:00,40,0.57,,450,4.5
2021-12-10 04:00,52,1.51,,329,8
2021-12-12 22:00,39,1.04,,334,8.4
2021-12-14 21:00,64,0.66,,558,13.2
2021-12-17 21:00,34,0.54,,368,5.6
2021-12-19 13:11,73,1.36,SSC,681,17.8
2021-12-22 22:00,33,0.46,,611,5.2
2021-12-24 23:00,42,0.34,,467,5.2
2021-12-27 09:36,42,1.19,SSC,439,13.3
2021-12-29 18:00,16,0.52,,427,17.4
2021-12-30 12:00,31,0.58,,485,5.6
2022-01-01 00:00,36,1.07,,582,9.8
2022-01-03 01:00,46,0.4,,601,8.8
2022-01-06 04:00,36,0.43,,368,5.3
2022-01-08 18:01,29,2.03,SSC,520,18.4
2022-01-10 03:00,38,0.39,,445,5.3
2022-01-12 03:00,35,0.67,,386,7.5
2022-01-13 21:00,34,0.73,,466,15.8
2022-01-15 14:00,26,0.83,,620,11.4
2022-01-16 19:09,24,0.47,SI,619,6.2
2022-01-17 22:00,22,0.38,,623,7.7
2022-01-19 00:00,36,0.91,,696,8.7
2022-01-21 13:38,56,0.63,SSC,476,6.8
2022-01-24 15:00,20,1.36,,353,11.2
2022-01-25 14:00,26,0.7,,507,10.7
2022-01-26 19:00,20,0.56,,504,5.5
2022-01-27 18:00,24,0.77,,507,8.1
2022-01-28 21:00,21,0.43,,507,8.2
2022-01-29 21:00,50,0.46,,540,6.3
2022-02-01 22:20,41,1.7,SSC,573,19.1
2022-02-04 01:00,27,0.82,,569,11.4
2022-02-05 08:00,23,0.43,,587,8.4
2022-02-06 10:00,31,0.44,,582,5.5
2022-02-07 22:00,21,0.28,,437,4
2022-02-09 21:00,32,0.79,SSC,429,14.1
2022-02-11 10:29,36,1.26,SI,576,18.4
2022-02-13 09:00,60,0.47,,516,6.2
2022-02-16 14:00,28,0.6,,382,6.9
2022-02-17 22:00,32,0.41,,346,9.7
2022-02-19 12:00,83,1.28,,560,9.9
2022-02-23 05:00,30,0.45,,513,6
2022-02-24 16:00,36,0.66,,450,7.5
2022-02-27 01:00,80,0.47,,547,13.3
2022-03-03 18:00,31,0.3,,460,7.5
2022-03-05 06:00,36,1.35,,580,11
2022-03-07 10:00,51,0.45,,489,5.3
2022-03-10 03:00,12,0.27,,366,5.4
2022-03-10 17:00,22,1.06,,405,16.1
2022-03-11 18:00,34,0.89,,406,9.6
2022-03-13 10:47,46,5.89,SSC,535,25.9
2022-03-15 20:00,28,0.32,,424,4.6
2022-03-17 04:00,32,0.29,,391,5.4
2022-03-19 20:00,16,0.29,,325,9.8
2022-03-20 14:00,36,0.64,,334,10.1
2022-03-22 20:00,18,0.43,,394,10.1
2022-03-23 17:00,36,0.47,,567,9.6
2022-03-26 12:00,15,0.41,,435,8.4
2022-03-27 05:00,37,1.27,,548,12.4
2022-03-29 12:00,32,0.39,,420,5.2
2022-03-31 02:24,38,2.57,SSC,595,23.4
2022-04-02 00:00,32,0.55,,572,9.7
2022-04-03 14:00,34,0.54,,511,7.3
2022-04-05 04:00,40,0.51,,441,6.3
2022-04-06 23:00,27,0.87,,433,7.1
2022-04-08 05:00,17,0.58,,386,9.6
2022-04-09 00:00,20,0.5,,383,13.6
2022-04-09 23:00,23,1.12,,496,17.8
2022-04-11 01:00,27,0.27,,559,7.2
2022-04-12 11:22,34,1.1,SSC,507,11.1
2022-04-14 04:00,25,1.43,,546,20.5
2022-04-15 08:00,58,0.46,,675,11.9
2022-04-17 20:00,52,0.52,,604,9.4
2022-04-20 16:00,17,0.84,,411,7.8
2022-04-21 11:00,41,1.46,,464,10.4
2022-04-23 14:00,47,0.58,,493,5.7
2022-04-27 00:00,20,0.43,,476,10.9
2022-04-27 23:00,40,1.43,,535,9.5
2022-04-30 00:00,36,0.7,,507,10.8
2022-05-01 21:00,32,0.34,,492,5.8
2022-05-05 16:00,31,0.52,,401,5.8
2022-05-08 01:00,31,1.1,,346,8.2
2022-05-09 13:00,39,0.7,,317,7.1
2022-05-11 14:00,16,0.43,,319,10.8
2022-05-12 08:00,27,0.52,,351,10.5
2022-05-13 14:00,16,0.33,,343,9.7
2022-05-14 08:00,64,1.16,,601,18.5
2022-05-17 04:00,22,0.4,,606,8.7
2022-05-18 05:00,29,0.48,,514,6.2
2022-05-19 14:00,100,2.38,,602,9.3
2022-05-25 07:00,37,0.67,,378,8
2022-05-27 10:00,18,1.86,,482,14.5
2022-05-28 06:00,24,0.32,,543,7.7
2022-05-29 09:00,29,0.53,,637,8
2022-05-30 23:00,30,0.55,,549,6.3
2022-06-01 10:00,30,0.35,,459,4.6
2022-06-02 21:00,36,0.49,,357,3.9
2022-06-05 11:00,21,0.64,,295,6.1
2022-06-06 10:32,32,1.51,SSC,337,11.7
2022-06-08 00:00,39,0.32,,332,7.3
2022-06-10 14:00,21,0.93,,328,6.8
2022-06-11 14:00,14,1.47,,373,8.4
2022-06-12 06:00,66,0.85,,560,14.8
2022-06-15 04:34,33,2.96,SSC,617,12.5
2022-06-16 20:00,22,0.52,,630,7.9
2022-06-17 21:00,36,1.29,,636,6.2
2022-06-20 07:00,21,0.39,,659,8.9
2022-06-21 08:00,29,0.49,,545,7.8
2022-06-22 17:00,36,0.41,,501,8.3
2022-06-24 17:00,16,0.69,,445,9.6
2022-06-25 11:00,85,1.41,,672,13.2
2022-06-29 06:00,42,0.47,,521,6.2
2022-07-01 10:00,34,0.77,,356,13.7
2022-07-03 02:00,24,0.75,,349,14.1
2022-07-04 05:00,34,0.88,,468,17.8
2022-07-05 22:00,29,0.57,,356,7.3
2022-07-07 06:56,17,1.82,SSC,404,20.9
2022-07-08 02:00,26,0.95,,417,22.1
2022-07-09 12:00,42,0.4,,388,9.8
2022-07-11 17:00,10,0.29,SI,360,15.5
2022-07-12 05:00,43,3.01,,503,15.4
2022-07-14 12:00,18,0.44,,463,9.4
2022-07-15 08:00,29,0.48,,557,7.5
2022-07-17 08:00,24,0.38,,432,5.9
2022-07-18 21:19,43,3.08,SI,488,15.3
2022-07-21 05:00,30,0.94,,521,19.5
2022-07-23 02:57,18,3.82,SSC,649,13
2022-07-23 23:00,36,0.43,,564,5.5
2022-07-25 23:00,21,0.25,,452,7
2022-07-26 23:00,19,0.33,,457,7
2022-07-27 21:00,50,0.5,,420,9.1
2022-07-30 12:00,20,0.43,,360,10.1
2022-07-31 11:00,48,0.64,,510,13.5
2022-08-03 00:00,66,0.66,,557,7.5
2022-08-06 17:00,22,0.61,,438,13.4
2022-08-07 18:00,35,1.56,,620,13
2022-08-09 12:00,41,1.11,,670,6.6
2022-08-11 16:00,28,0.88,,601,10
2022-08-13 00:00,27,0.31,,543,6.6
2022-08-14 19:00,22,0.38,,494,5.6
2022-08-16 02:00,22,0.26,,406,3.9
2022-08-17 02:58,49,2.59,SSC,608,17.2
2022-08-19 17:31,23,1.89,SSC,705,9.7
2022-08-20 19:00,55,0.69,,631,8.6
2022-08-24 04:00,44,0.39,,438,6.5
2022-08-26 01:00,28,0.45,,354,7.1
2022-08-27 06:00,36,0.51,,472,12.7
2022-08-29 03:41,21,0.56,SSC,530,11.4
2022-08-30 04:00,14,0.6,,607,11.6
2022-08-30 20:00,27,0.88,,614,13.2
2022-09-01 03:00,24,0.52,,583,7.8
2022-09-02 06:00,21,0.73,,459,8.2
2022-09-03 06:00,16,0.51,,575,10.6
2022-09-04 00:00,19,0.94,,717,10.7
2022-09-04 22:00,93,1.97,,688,8.2
2022-09-08 23:00,30,0.61,,517,6.3
2022-09-10 10:00,34,0.37,,483,6.2
2022-09-12 02:00,31,0.34,,427,6.4
2022-09-14 02:00,17,0.63,,326,8.6
2022-09-14 21:00,39,1.82,,349,16
2022-09-17 01:00,19,0.4,,361,9.9
2022-09-17 23:00,32,2.1,,520,10.9
2022-09-19 12:00,13,0.57,,496,7.1
2022-09-20 03:00,28,0.62,,497,5.7
2022-09-21 11:00,19,0.54,,473,5.9
2022-09-22 09:00,32,0.76,,424,10.4
2022-09-23 22:00,56,0.55,,441,7.9
2022-09-26 23:00,34,2.51,,657,25
2022-09-28 15:00,32,0.74,,538,6.3
2022-09-30 05:16,30,1.28,SSC,590,11.7
2022-10-01 16:00,24,0.46,,469,9.2
2022-10-02 20:00,26,0.83,,556,14.4
2022-10-04 01:00,34,1.54,,600,7.8
2022-10-05 17:00,34,0.76,,530,7.6
2022-10-07 12:00,22,0.4,,539,7.3
2022-10-08 13:00,26,0.65,,605,6.6
2022-10-09 18:00,20,0.34,,647,5.2
2022-10-11 18:00,29,0.31,,436,4.1
2022-10-13 20:00,21,1.3,,392,16.5
2022-10-14 20:00,27,1.73,,548,13.1
2022-10-16 02:00,82,0.53,,623,6.2
2022-10-20 10:00,23,0.42,,452,6.6
2022-10-21 13:00,35,1.29,,388,11.7
2022-10-23 07:00,62,0.63,,558,11.8
2022-10-25 22:00,21,0.37,,378,5
2022-10-26 22:00,34,0.35,,449,8.1
2022-10-28 15:00,63,0.4,,562,11.6
2022-10-31 07:00,44,0.43,,476,5.6
2022-11-02 03:00,37,0.84,,513,10
2022-11-03 16:00,55,0.46,,634,9.5
2022-11-07 00:00,34,3.19,,406,14.2
2022-11-08 18:00,37,0.37,,363,8.3
2022-11-10 18:00,18,0.48,,346,8.1
2022-11-11 14:00,92,1.32,,481,12.8
2022-11-17 10:00,20,0.25,,376,7.1
2022-11-18 19:00,32,0.98,,374,11.4
2022-11-20 11:00,46,1.01,,450,10.3
2022-11-23 06:00,30,0.3,,318,5.5
2022-11-24 22:00,32,0.4,,546,14.7
2022-11-26 12:00,27,0.47,,621,8.6
2022-11-27 19:00,67,1.28,,682,10.6
2022-11-30 18:00,37,0.72,,829,11.4
2022-12-02 10:00,31,0.78,,691,4.9
2022-12-03 17:00,17,0.65,,552,6.2
2022-12-04 12:00,45,0.68,,518,7.4
2022-12-07 09:00,75,1.52,,588,17.6
2022-12-10 22:00,48,0.52,,468,7.2
2022-12-13 09:00,46,0.43,,385,7.3
2022-12-16 20:00,32,0.57,,318,6.5
2022-12-18 09:00,38,2.09,,344,14.4
2022-12-20 17:00,33,0.61,,426,15.2
2022-12-22 10:00,11,0.41,,441,10.1
2022-12-22 23:00,19,0.25,,530,9.5
2022-12-23 21:00,21,0.84,,627,10.1
2022-12-24 21:00,28,0.62,,726,7.5
2022-12-26 05:00,32,2.86,,635,10.3
2022-12-27 19:00,32,0.79,,532,5.8
2022-12-29 09:00,13,0.32,,443,7.3
2022-12-29 22:00,88,1.16,,612,12.2
2023-01-03 16:00,55,2.47,,433,20
2023-01-06 00:00,42,0.83,,453,11.5
2023-01-10 03:00,68,1.26,,426,8.8
2023-01-13 04:00,12,0.62,,413,8.3
2023-01-13 18:00,27,0.88,,540,10
2023-01-15 00:00,18,0.6,,486,10.9
2023-01-15 21:00,47,0.78,,521,11.7
2023-01-17 21:58,32,1.62,SSC,445,14.9
2023-01-19 05:00,19,0.48,,423,9.8
2023-01-20 03:00,18,0.95,,444,9.6
2023-01-20 23:00,36,0.79,,503,9
2023-01-23 04:00,28,0.72,,516,10.9
2023-01-25 17:00,46,0.8,,574,9.4
2023-01-28 04:00,26,0.42,,552,6.5
2023-01-29 21:00,21,0.34,,465,6.2
2023-01-30 21:00,26,0.53,,484,8.6
2023-02-01 17:00,32,0.75,,413,9.8
2023-02-03 06:00,36,0.51,,382,10.9
2023-02-05 16:00,74,2.41,,611,12
2023-02-09 17:00,36,0.83,,526,7.1
2023-02-14 01:19,19,0.77,SSC,395,9.8
2023-02-14 23:01,27,1.79,SSC,354,12.8
2023-02-16 02:00,30,2.03,,528,21.9
2023-02-20 10:35,22,1.95,SSC,459,14.3
2023-02-21 08:00,33,0.91,,440,13.5
2023-02-22 23:00,19,0.29,,565,9.1
2023-02-23 21:00,29,0.89,,661,9.9
2023-02-26 19:23,13,1.52,SSC,683,15.7
2023-02-27 10:00,32,2.8,,846,15.8
2023-03-01 00:00,20,0.41,,695,6.8
2023-03-02 12:00,38,0.59,,680,10
2023-03-05 07:00,36,0.37,,657,7.5
2023-03-08 20:00,30,0.48,,431,8.4
2023-03-10 06:00,34,0.64,,403,8.2
2023-03-11 22:00,44,0.58,,389,9.1
2023-03-14 05:00,20,0.48,,425,13.8
2023-03-15 04:27,16,2.49,SSC,556,23.3
2023-03-15 22:00,36,0.92,,559,11.5
2023-03-21 12:00,28,0.47,,549,9.3
2023-03-22 20:00,14,0.56,,516,7.2
2023-03-23 10:00,21,3.34,,501,20.5
2023-03-24 07:00,20,0.48,,462,13.9
2023-03-25 03:00,55,0.69,,606,9.3
2023-03-27 11:00,20,0.23,,405,7.3
2023-03-29 08:00,26,0.39,,488,9.2
2023-03-30 13:00,32,0.36,,631,8.5
2023-04-01 02:00,42,0.55,,577,6.4
2023-04-03 06:00,63,0.45,,516,6.4
2023-04-06 01:00,39,0.4,,397,6.3
2023-04-09 23:00,8,0.33,,348,9.8
2023-04-10 08:00,30,0.67,,536,12.3
2023-04-11 18:00,18,0.72,,390,6.4
2023-04-12 14:00,31,0.47,,396,9.1
2023-04-14 02:00,43,1.7,,378,7.5
2023-04-17 02:00,31,0.83,,365,8.6
2023-04-18 14:02,70,1.42,SSC,616,17.5
2023-04-23 07:00,9,0.21,,367,11.3
2023-04-23 17:38,49,6.28,SSC,711,33.6
2023-04-25 18:00,22,0.35,,545,6.2
2023-04-26 17:00,40,0.5,,659,9.5
2023-04-28 09:00,41,0.47,,696,5.8
2023-04-30 20:00,54,0.46,,547,5.7
2023-05-03 05:00,32,0.44,,470,5.6
2023-05-04 16:00,31,0.47,,409,5
2023-05-06 01:29,33,0.93,SSC,542,17.8
2023-05-07 15:45,21,2.62,SI,502,17.1
2023-05-08 13:56,32,0.66,SSC,545,6.9
2023-05-09 22:47,53,4.3,SSC,668,18.5
2023-05-12 06:29,31,0.84,SSC,563,13.1
2023-05-13 18:00,15,0.4,,441,12.4
2023-05-14 11:00,31,0.42,,498,6.2
2023-05-15 22:00,78,0.47,,487,6.4
2023-05-19 07:00,12,0.45,,335,7.8
2023-05-19 19:00,41,1.85,,586,16.3
2023-05-21 12:00,20,0.58,,584,10.9
2023-05-22 09:00,24,0.53,,620,9.5
2023-05-23 09:00,94,0.63,,626,7.2
2023-05-27 22:00,36,0.34,,476,5.6
2023-05-29 10:00,33,0.92,,416,7.4
2023-05-30 20:00,27,0.46,,388,8.3
2023-06-01 00:00,48,0.74,,473,8.3
2023-06-03 01:00,24,0.41,,357,7.4
2023-06-04 01:00,27,1.42,,352,11.5
2023-06-05 06:00,63,0.53,,424,9.9
2023-06-07 23:00,44,0.8,,365,9.3
2023-06-09 20:00,25,0.39,,317,5.2
2023-06-10 23:00,76,0.96,,468,14.4
2023-06-14 04:00,32,0.33,,367,10.3
2023-06-15 13:00,63,1.69,,682,16.3
2023-06-18 06:00,23,0.29,,403,5.9
2023-06-19 06:00,53,0.54,,465,7.9
2023-06-21 11:00,24,0.6,,454,7.4
2023-06-22 11:00,30,0.41,,416,6.4
2023-06-23 19:00,22,0.93,,473,10.4
2023-06-24 18:00,25,0.71,,545,11.5
2023-06-25 20:00,80,0.76,,600,7.7
2023-06-29 05:00,21,0.39,,499,7.6
2023-06-30 03:00,70,0.52,,577,7.4
2023-07-03 03:00,37,0.77,,400,7.1
2023-07-04 17:00,18,0.4,,365,4.9
2023-07-05 13:00,31,0.39,,480,11.2
2023-07-06 21:00,77,1.2,,501,9.7
2023-07-10 04:00,33,0.31,,347,5.8
2023-07-11 16:00,25,0.82,,345,9.3
2023-07-12 19:00,15,0.36,,312,7
2023-07-13 12:12,4,0.17,SSC,314,8.9
2023-07-13 16:46,20,0.46,SSC,356,12.3
2023-07-14 16:00,50,2.39,,429,15.6
2023-07-16 19:20,16,2.6,SSC,498,14.2
2023-07-17 13:00,75,1,,582,7.2
2023-07-20 16:44,23,0.69,SSC,423,10.9
2023-07-21 19:00,48,0.72,,419,12.8
2023-07-25 22:30,64,1.6,SSC,574,11.3
2023-07-28 16:00,27,0.27,,392,6.7
2023-07-29 20:00,56,0.72,,522,8.2
2023-08-01 06:00,10,0.7,,391,10.8
2023-08-01 16:00,40,3.46,,400,11.9
2023-08-03 09:00,21,0.59,,369,9.7
2023-08-04 08:00,18,1.11,,390,15.4
2023-08-05 02:53,46,2.04,SSC,432,21.1
2023-08-07 02:00,11,0.48,,415,10.9
2023-08-07 13:00,76,1.45,,620,9.2
2023-08-10 17:00,114,1.06,,507,9
2023-08-15 14:00,19,0.43,,303,6.8
2023-08-16 10:00,42,0.68,,336,10.9
2023-08-18 04:00,31,0.39,,504,14
2023-08-19 12:00,67,1.61,,642,9.2
2023-08-22 10:00,49,0.42,,453,6.4
2023-08-24 13:00,37,0.52,,488,8.1
2023-08-26 03:00,26,0.92,,397,7.7
2023-08-27 09:00,32,0.38,,372,6.5
2023-08-28 18:00,53,0.78,,364,7.9
2023-08-31 00:00,16,0.29,,331,8.8
2023-08-31 17:00,25,1.02,,422,11.8
2023-09-01 20:00,90,1.19,,716,8.5
2023-09-05 15:23,22,0.3,SSC,435,8.7
2023-09-06 13:00,46,0.41,,414,6.3
2023-09-08 13:00,22,0.27,,366,7
2023-09-09 11:00,34,0.85,,380,6.4
2023-09-10 22:00,35,0.54,,394,8
2023-09-12 11:19,1,0,SSC,366,8
2023-09-12 12:16,17,2.66,SSC,434,18.4
2023-09-13 05:00,24,0.44,,429,10.2
2023-09-14 05:00,69,0.89,,513,10.7
2023-09-17 02:30,22,0.47,SSC,487,8.9
2023-09-18 02:00,11,1.1,,438,10.2
2023-09-18 13:28,78,3.82,SSC,643,21.6
2023-09-24 20:41,39,4.73,SSC,483,32.9
2023-09-26 12:00,30,0.38,,521,6.8
2023-09-27 19:00,26,0.51,,475,5.7
2023-09-28 22:00,14,0.71,,434,8.3
2023-09-29 13:00,37,0.45,,462,7.1
2023-10-01 02:00,25,0.31,,396,6.1
2023-10-02 03:00,32,0.29,,378,6.2
2023-10-03 11:00,31,0.51,,373,9.2
2023-10-04 18:00,26,0.74,,433,8.6
2023-10-05 20:00,48,1.1,,486,7.1
2023-10-07 20:00,33,0.32,,327,5.8
2023-10-09 07:00,45,0.78,,354,6.5
2023-10-11 06:00,31,0.57,,315,5.9
2023-10-12 13:00,18,0.15,,351,13.2
2023-10-13 07:00,113,1.35,,541,23
2023-10-18 03:33,45,1.35,SSC,434,11.4
2023-10-20 02:00,43,1.23,,373,10
2023-10-21 23:00,15,0.39,,317,7.6
2023-10-22 14:00,24,0.26,,358,8.4
2023-10-23 15:00,31,0.27,,385,7.4
2023-10-24 23:00,23,0.41,,342,5.7
2023-10-25 22:00,53,0.85,,536,12.1
2023-10-28 04:00,29,1.17,,640,11
2023-10-29 12:00,8,0.27,,605,7
2023-10-29 20:00,93,0.81,,596,5.5
2023-11-02 18:00,44,0.46,,393,4
2023-11-04 15:00,18,1.52,,346,15.4
2023-11-05 09:02,27,3.71,SSC,568,37.4
2023-11-06 13:00,118,1,,735,12.3
2023-11-11 16:00,13,0.34,,505,2.6
2023-11-12 06:12,34,1.67,SSC,569,10.6
2023-11-13 16:00,21,0.71,,443,14.2
2023-11-14 14:00,13,0.29,,376,12.4
2023-11-15 03:00,31,0.42,,409,7.6
2023-11-16 11:00,39,0.39,,420,4.7
2023-11-18 02:00,23,0.45,,316,5.1
2023-11-19 03:00,23,0.22,,348,6.6
2023-11-20 03:00,24,0.5,,322,11.1
2023-11-21 04:00,18,1.17,,384,11.9
2023-11-21 22:00,70,0.73,,578,12.9
2023-11-24 20:00,11,0.49,,480,11.2
2023-11-25 08:34,113,3.8,SSC,597,15.5
2023-11-30 02:00,22,0.47,,386,5.4
2023-12-01 00:18,9,1.33,SSC,443,14.2
2023-12-01 09:24,56,3.74,SSC,532,25.6
2023-12-03 18:00,101,1.19,,647,14.8
2023-12-09 13:00,47,0.33,,383,4.6
2023-12-11 12:00,20,0.29,,347,5.5
2023-12-12 08:00,38,1.76,,386,12.5
2023-12-13 23:00,36,0.84,,377,14.5
2023-12-15 11:46,42,1.02,SSC,520,20
2023-12-17 07:00,37,3.05,,530,15.1
2023-12-18 20:00,67,0.65,,714,11.5
2023-12-21 15:00,43,0.46,,364,6.6
2023-12-23 10:00,50,0.47,,426,7.9
2023-12-26 01:00,33,0.35,,496,7.6
2023-12-27 10:00,37,1.8,,451,6.7
2023-12-28 23:45,23,0.62,SSC,403,9.9
2023-12-30 00:00,23,0.46,,376,11.2
2023-12-31 02:00,22,0.32,,324,8.2
2024-01-01 06:00,18,0.27,,351,10.5
2024-01-02 01:00,28,0.49,,416,11.2
2024-01-03 05:36,10,0.71,SSC,444,11
2024-01-03 15:00,68,2.48,,483,8.8
2024-01-08 09:00,111,2.15,,470,8.6
2024-01-14 03:00,20,0.27,,345,6.9
2024-01-15 05:00,41,0.79,,357,7.9
2024-01-17 21:00,77,0.54,,416,8.5
2024-01-21 13:00,16,0.22,,378,6.7
2024-01-22 14:00,21,2.06,,462,12.5
2024-01-23 14:00,38,0.76,,464,7.6
2024-01-25 05:00,27,0.45,,425,9.3
2024-01-26 08:00,31,0.71,,475,7.4
2024-01-27 16:00,26,0.42,,387,11.3
2024-01-28 19:00,17,0.31,,462,7.7
2024-01-29 12:00,62,0.44,,487,6.6
2024-02-01 06:00,38,0.54,,438,7.7
2024-02-03 01:00,22,0.29,,327,4.5
2024-02-04 10:00,26,0.64,,401,8.5
2024-02-05 13:00,59,1.22,,543,9.7
2024-02-08 01:00,39,0.39,,509,5.1
2024-02-09 18:00,11,0.82,,418,7.6
2024-02-10 06:00,12,0.2,,408,6
2024-02-11 02:09,30,1.85,SI,732,14.8
2024-02-12 08:00,31,2.52,,517,5.8
2024-02-13 19:00,22,0.96,,461,7.1
2024-02-14 21:00,31,1.01,,466,8.8
2024-02-16 09:00,26,1.16,,413,8.9
2024-02-17 20:00,40,0.51,,349,8.2
2024-02-20 06:00,73,0.8,,347,8.9
2024-02-24 17:11,41,1.31,SSC,436,12.7
2024-02-26 10:00,83,0.98,,443,8.2
2024-02-29 22:00,40,0.51,,404,5.2
2024-03-03 09:56,41,3.25,SSC,407,20
2024-03-05 03:00,33,0.6,,441,7.5
2024-03-06 13:00,12,0.11,,408,6.7
2024-03-07 01:03,11,0.18,SSC,414,4.5
2024-03-07 13:00,77,0.48,,506,7.6
2024-03-10 20:00,12,0.36,,419,4.6
2024-03-11 16:00,23,0.19,,405,5.4
2024-03-12 19:00,24,0.49,,397,7.4
2024-03-13 21:00,38,0.65,,440,8.7
2024-03-15 12:00,35,0.29,,422,4.7
2024-03-17 01:00,22,0.49,,355,3.9
2024-03-18 02:00,16,0.61,,308,5.9
2024-03-18 20:00,31,0.69,SSC,384,10.4
2024-03-20 04:00,22,0.89,,373,6.2
2024-03-21 02:50,46,1.22,,376,12.7
2024-03-23 02:00,11,0.39,,359,10.1
2024-03-23 14:00,23,0.66,,538,16.3
2024-03-24 14:07,21,11.3,SI,852,30.8
2024-03-25 11:00,24,0.79,,789,7.3
2024-03-26 11:00,18,0.48,,645,4.1
2024-03-27 08:00,29,0.63,,518,4.4
2024-03-28 19:00,18,0.29,,417,3.8
2024-03-29 13:00,21,0.27,,367,4.2
2024-03-30 10:00,32,0.5,,548,13
2024-03-31 19:00,57,0.37,,558,9.2
2024-04-03 04:00,23,0.23,,447,5.7
2024-04-04 04:00,37,0.52,,490,10.5
2024-04-05 18:00,54,0.42,,448,7.7
2024-04-08 02:00,26,0.48,,396,6.5
2024-04-09 04:00,100,0.52,,446,8.4
2024-04-13 17:00,14,1.15,,351,5.5
2024-04-14 07:00,27,0.34,,371,5.1
2024-04-15 18:23,12,1.45,SI,369,9.6
2024-04-16 06:00,23,0.83,,391,12.5
2024-04-17 08:00,16,0.49,,366,9.1
2024-04-18 00:00,14,0.17,,423,8.9
2024-04-18 20:00,9,0.13,,359,6.9
2024-04-19 05:58,45,1.38,SSC,491,16.6
2024-04-21 02:00,49,0.87,,467,7.3
2024-04-23 03:00,24,0.26,,401,6.2
2024-04-24 05:00,27,0.49,,383,5.2
2024-04-25 15:00,12,0.34,,314,6.2
2024-04-26 03:00,25,1.01,,347,13.5
2024-04-27 05:00,37,0.53,,456,14.6
2024-04-28 18:00,40,0.34,,488,6.7
2024-04-30 12:22,39,0.98,,414,13.3
2024-05-02 08:00,55,1.27,,443,20.9
2024-05-04 15:00,19,0.36,,364,5.9
2024-05-05 11:00,24,0.61,,472,16
2024-05-06 11:00,51,0.49,,538,12.7
2024-05-09 18:00,21,0.71,,446,6.6
2024-05-10 17:05,24,15.2,SSC,809,68.9
2024-05-11 17:49,25,1.11,SI,1006,14.2
2024-05-12 19:00,52,2.35,,872,9.7
2024-05-14 23:00,17,0.59,,531,4.1
2024-05-15 20:00,9,0.63,,447,6.6
2024-05-16 06:00,31,1.73,,491,14
2024-05-17 13:00,42,1.16,,472,14.9
2024-05-19 10:00,21,0.59,,408,9.5
2024-05-20 09:00,52,0.87,,418,7.5
2024-05-22 14:00,26,0.73,,388,8.3
2024-05-23 23:00,23,0.5,,395,9.7
2024-05-24 23:00,25,0.28,,402,9.3
2024-05-26 05:00,21,0.4,,430,8.2
2024-05-27 02:00,27,0.73,,405,7.4
2024-05-28 06:00,24,0.88,,357,6.9
2024-05-29 07:00,41,0.66,,361,10.7
2024-05-31 00:00,45,1.04,,370,8.8
2024-06-02 11:00,32,0.38,,334,6.4
2024-06-03 21:00,30,0.91,,436,16.4
2024-06-05 04:00,28,1.29,,473,6.9
2024-06-06 08:00,25,0.41,,391,7.1
2024-06-07 13:00,44,0.71,,523,12.5
2024-06-10 17:18,40,0.83,SSC,426,13.5
2024-06-13 19:00,25,0.56,,345,5.9
2024-06-15 11:53,28,2.84,SSC,455,14.2
2024-06-16 15:00,32,0.4,,506,10
2024-06-17 23:00,94,0.62,,595,10.8
2024-06-23 03:00,31,0.6,,357,10.9
2024-06-25 07:00,36,1.16,,365,11.5
2024-06-26 22:00,29,1.17,,351,12.9
2024-06-28 10:00,34,0.98,,488,23.4
2024-06-29 23:00,71,0.71,,520,9.1
2024-07-02 23:00,14,0.37,,382,5
2024-07-03 14:00,17,0.28,,387,6.6
2024-07-04 09:00,47,1.2,,366,11.4
2024-07-07 01:00,17,0.6,,365,7.2
2024-07-07 18:00,38,0.38,,425,10.4
2024-07-09 08:00,74,0.34,,404,5.9
2024-07-13 00:00,36,0.47,,330,6.7
2024-07-15 21:00,20,0.45,,377,17.1
2024-07-16 17:10,60,0.63,SI,396,9
2024-07-19 15:00,24,0.88,,372,10.5
2024-07-20 15:00,21,0.43,,344,6
2024-07-21 12:00,54,0.48,,342,9
2024-07-23 20:00,28,1.61,,352,17.5
2024-07-25 15:00,78,0.98,,570,18.4
2024-07-28 22:00,23,0.39,,396,7
2024-07-30 00:00,36,1.9,SSC,498,16.3
2024-07-31 14:33,27,3.14,SSC,484,13.6
2024-08-01 17:00,30,0.62,,448,11.7
2024-08-03 19:00,27,1.07,,398,17.6
2024-08-04 22:20,26,0.62,,538,20.7
2024-08-06 00:00,48,0.46,,442,5.9
2024-08-08 21:00,26,0.45,,402,7.1
2024-08-10 13:00,8,0.39,,430,10.1
2024-08-10 23:00,20,4.04,,482,20.5
2024-08-11 19:00,56,2.5,,523,22.9
2024-08-14 19:00,30,1.07,,391,8.9
2024-08-17 14:23,45,1.17,SSC,470,18
2024-08-22 09:00,38,1.84,,376,11
2024-08-24 01:00,73,0.86,,385,7.8
2024-08-27 08:41,63,2.22,SSC,337,18
2024-08-30 02:00,29,1.99,,379,20.2
2024-08-31 13:00,23,1.76,,405,12.8
2024-09-01 12:00,29,0.7,,415,7.2
2024-09-02 18:00,36,1.08,,469,11.8
2024-09-04 10:32,48,4,SSC,435,24.4
2024-09-06 10:00,21,1.03,,389,8.3
2024-09-07 08:00,33,0.74,,394,9.7
2024-09-08 17:00,21,1.2,,398,12.3
2024-09-09 14:00,42,0.42,,436,12.9
2024-09-11 15:23,11,0.41,SI,380,10.5
2024-09-12 03:00,39,3.1,,574,28.4
2024-09-13 19:00,18,0.51,,488,9.2
2024-09-14 14:00,38,0.5,,508,9
2024-09-16 05:00,16,0.65,,474,9.8
2024-09-16 23:29,23,4.25,SSC,557,18.2
2024-09-17 23:00,20,0.41,,506,8.2
2024-09-18 22:00,10,0.48,,456,8.1
2024-09-19 10:00,14,0.49,,463,8.9
2024-09-21 10:00,27,0.33,,423,6.9
2024-09-22 14:00,19,0.22,,413,8.7
2024-09-23 12:00,13,0.43,,441,12.2
2024-09-24 02:00,15,0.52,,479,7.7
2024-09-24 18:00,48,1.51,,543,11.3
2024-09-27 04:00,25,0.5,,361,6.4
2024-09-28 07:00,24,0.49,,332,8.6
2024-09-29 13:00,77,0.84,,484,13.3
2024-10-06 07:39,19,6.37,SSC,522,15.2
2024-10-07 02:00,20,0.66,,482,15.4
2024-10-07 23:00,19,0.73,,436,16.4
2024-10-08 18:00,34,0.6,,461,10.1
2024-10-10 15:14,31,13.3,SSC,753,43.7
2024-10-11 23:00,13,0.61,,689,11.1
2024-10-12 12:00,36,0.76,,629,5.2
2024-10-14 18:00,70,1.97,,455,10
2024-10-18 17:00,19,1.05,,425,11.7
2024-10-19 13:00,25,0.4,,471,6.9
2024-10-22 03:00,20,0.36,,326,7.8
2024-10-23 01:00,33,0.44,,427,11.5
2024-10-24 22:00,19,0.4,,329,5.7
2024-10-26 16:18,29,4.3,SSC,477,24.3
2024-10-28 04:47,39,5.49,SI,572,15.4
2024-10-29 22:00,43,2.51,,564,7.9
2024-10-31 18:00,29,0.65,,516,10.2
2024-11-02 00:00,42,0.9,,486,12.4
2024-11-03 18:00,11,0.29,,464,7.8
2024-11-04 05:00,30,0.77,,458,8
2024-11-05 12:00,30,0.4,,463,8.8
2024-11-07 15:14,19,1.04,SI,421,8.6
2024-11-08 10:00,11,0.86,,391,16.7
2024-11-08 22:00,12,0.57,,409,15.6
2024-11-09 10:00,25,0.5,,420,13.5
2024-11-10 12:00,64,0.87,,442,9.2
2024-11-13 11:00,11,0.37,,340,8.9
2024-11-14 04:00,18,0.38,,398,13.1
2024-11-14 23:00,49,0.44,,424,10.7
2024-11-17 15:00,43,0.69,,408,8.7
2024-11-19 11:00,27,0.45,,404,12.3
2024-11-20 22:00,67,1.73,,419,8.9
2024-11-23 18:00,65,1.11,,441,8.7
2024-11-28 02:00,25,1.36,,360,8.3
2024-11-29 03:00,36,3.47,,428,15.5
2024-11-30 15:00,35,0.63,,445,11
2024-12-02 03:00,37,0.66,,441,13.6
2024-12-03 16:00,83,1.44,,494,10.4
2024-12-07 22:00,21,0.41,,379,10
2024-12-08 20:00,46,0.65,,498,10
2024-12-10 19:00,54,0.41,,397,6.1
2024-12-14 04:00,28,0.39,,343,12.5
2024-12-15 09:00,30,1.17,,439,12
2024-12-17 05:14,24,2.69,SSC,692,29.1
2024-12-19 17:00,35,0.47,,523,9.1
2024-12-21 04:00,84,3.44,,654,9.4
2024-12-24 16:00,29,0.33,,533,5.7
2024-12-28 15:00,33,0.47,,401,9.1
2024-12-31 16:21,25,5.41,SSC,539,24.7
