group_id,repr_time,anchor_onset_time,time_start,time_end,group_span_h,n_trigger_events,n_trigger_stations,trigger_stations,trigger_drop_mean,trigger_drop_max,trigger_A_complex_mean,onset_min,onset_max,min_time_min,min_time_max,n_supported_stations,supported_stations,n_support_only_stations,support_only_stations,mean_supported_drop,median_supported_drop,max_supported_drop,catalog_tier,fd_scope,quality,promoted_from_single_trigger,year,omni_Bz_min,omni_Speed_max,omni_IMF_max,omni_Density_mean,feid_matched,feid_dt_h,feid_magnitude,feid_ons_label,feid_Vmax,feid_Bmax,feid_has_shock,cond_A_bz,cond_B_speed,cond_C_imf,fd_like_confirmed,bz_min,speed_max,imf_max,dv_max,bz_consec_min,imf_consec_min
1,2016-02-01 16:16:00,2016-02-01 16:16:00,2016-01-31 08:30:00,2016-02-05 06:40:00,118.16666666666667,10,10,"APTY,BKSN,CALM,FSMT,JUNG,JUNG1,KIEL2,LMKS,NANM,OULU",5.340812425259316,8.02272977656268,6.703912305598697,2016-01-31 08:30:00,2016-02-04 17:30:00,2016-01-31 10:56:00,2016-02-05 06:40:00,15,"AATB,APTY,ATHN,BKSN,CALM,DRBS,FSMT,JUNG,JUNG1,KIEL2,LMKS,MXCO,NANM,NEWK,OULU",5,"AATB,ATHN,DRBS,MXCO,NEWK",5.134847151082498,4.97733568667701,8.02272977656268,core,supported_multi_station_candidate,A,False,2016,-8.904166666666667,386.63375,10.327833333333333,17.75142505787037,True,11.733333333333333,0.6,,371.0,10.1,False,True,True,True,True,-7.380000000000001,329.6,10.36,40.55000000000001,208.0,432.0
2,2016-02-09 06:18:00,2016-02-09 06:18:00,2016-02-08 11:12:00,2016-02-10 18:18:00,55.1,5,5,"AATB,KIEL2,LMKS,MXCO,NANM",5.032171662489185,9.997224849785457,6.380393317747616,2016-02-08 11:12:00,2016-02-10 04:28:00,2016-02-09 16:20:00,2016-02-10 18:18:00,9,"AATB,ATHN,JUNG1,KIEL2,LMKS,MXCO,NANM,NEWK,OULU",4,"ATHN,JUNG1,NEWK,OULU",4.841966259550647,4.190390812863829,9.997224849785457,core,supported_multi_station_candidate,A,False,2016,-7.474444444444444,451.45722222222224,14.288888888888888,7.037525089605735,True,-5.3,0.78,,422.0,14.4,False,False,True,True,True,-10.195,501.0,14.865,124.10000000000002,52.0,354.0
3,2016-02-11 22:46:00,2016-02-11 22:46:00,2016-02-11 10:16:00,2016-02-13 15:32:00,53.266666666666666,4,4,"BKSN,JUNG,LMKS,MXCO",4.765818362013778,5.664896087194766,4.452279005064539,2016-02-11 10:16:00,2016-02-12 07:10:00,2016-02-12 21:40:00,2016-02-13 15:32:00,12,"AATB,APTY,BKSN,FSMT,JUNG,JUNG1,KIEL2,LMKS,MXCO,NANM,NEWK,OULU",8,"AATB,APTY,FSMT,JUNG1,KIEL2,NANM,NEWK,OULU",4.774152527449358,4.713108529497648,5.664896087194766,core,supported_multi_station_candidate,A,False,2016,-7.139916666666666,423.8441666666667,17.887666666666668,10.515914912280703,True,-6.766666666666667,0.59,,362.0,15.1,False,True,True,True,True,-9.01,370.6,15.120000000000001,40.80000000000001,132.0,528.0
5,2016-02-17 14:20:00,2016-02-17 14:20:00,2016-02-17 08:48:00,2016-02-20 02:24:00,65.6,3,3,"AATB,JUNG,OULU",4.1071332433894865,5.329482408234754,4.674599673093197,2016-02-17 08:48:00,2016-02-18 16:40:00,2016-02-17 21:26:00,2016-02-20 02:24:00,7,"AATB,BKSN,JUNG,JUNG1,LMKS,MXCO,OULU",4,"BKSN,JUNG1,LMKS,MXCO",3.738355919730942,3.1680531369522726,5.329482408234754,core,supported_multi_station_candidate,A,False,2016,-6.938999999999999,654.1383333333334,14.888666666666667,6.999583235867446,False,,,,,,False,False,True,False,True,-7.78,636.5,9.485,105.25,30.0,44.0
6,2016-02-26 01:54:00,2016-02-26 01:54:00,2016-02-24 22:24:00,2016-02-28 04:50:00,78.43333333333334,5,5,"JUNG,JUNG1,KIEL2,LMKS,NEWK",4.500436113135726,5.770400611578891,5.735830972072426,2016-02-24 22:24:00,2016-02-27 11:20:00,2016-02-26 02:30:00,2016-02-28 04:50:00,13,"AATB,APTY,ATHN,BKSN,FSMT,JUNG,JUNG1,KIEL2,LMKS,MXCO,NANM,NEWK,OULU",8,"AATB,APTY,ATHN,BKSN,FSMT,MXCO,NANM,OULU",4.617236113333842,4.5487103599097285,5.891581505598266,core,supported_multi_station_candidate,A,False,2016,-5.947500000000001,425.6433333333333,11.57,9.2078140625,True,-8.9,0.74,,431.0,11.6,False,True,True,True,True,-9.57,381.6,12.844999999999999,73.55000000000001,96.0,688.0
7,2016-03-02 02:32:00,2016-03-02 02:32:00,2016-03-02 02:32:00,2016-03-02 03:00:00,0.4666666666666667,1,1,DRBS,10.955647441600403,10.955647441600403,4.506714940479592,2016-03-02 02:32:00,2016-03-02 02:32:00,2016-03-02 03:00:00,2016-03-02 03:00:00,2,"AATB,DRBS",1,AATB,6.391658056486891,6.391658056486891,10.955647441600403,core,supported_multi_station_candidate,B,True,2016,-6.018666666666666,462.3666666666667,12.0625,8.418995567375886,False,,,,,,False,False,True,True,True,-7.07,426.9,11.32,85.59999999999997,48.0,908.0
8,2016-03-03 21:44:00,2016-03-03 21:44:00,2016-03-03 19:12:00,2016-03-05 08:16:00,37.06666666666667,2,2,"JUNG1,LMKS",3.560003575779432,3.894994240992448,9.26511480841146,2016-03-03 19:12:00,2016-03-04 00:16:00,2016-03-03 22:28:00,2016-03-05 08:16:00,8,"APTY,BKSN,FSMT,JUNG,JUNG1,KIEL2,LMKS,NEWK",6,"APTY,BKSN,FSMT,JUNG,KIEL2,NEWK",4.526477242732338,4.396810514684224,5.873507822186104,core,supported_multi_station_candidate,A,False,2016,-3.9938333333333333,462.3666666666667,10.989666666666666,5.334922510518934,False,,,,,,False,False,True,False,True,-3.605,464.9,5.465,65.30000000000001,18.0,0.0
9,2016-03-05 22:48:00,2016-03-05 22:48:00,2016-03-05 21:28:00,2016-03-06 23:36:00,26.133333333333333,2,2,"APTY,LMKS",3.441327181590366,4.085663315988671,4.9344482531930804,2016-03-05 21:28:00,2016-03-06 00:08:00,2016-03-06 10:08:00,2016-03-06 23:36:00,8,"AATB,APTY,FSMT,JUNG1,KIEL2,LMKS,NEWK,OULU",6,"AATB,FSMT,JUNG1,KIEL2,NEWK,OULU",4.159756836280433,4.111594297583888,5.5674466942376295,core,supported_multi_station_candidate,A,False,2016,-10.07,591.0733333333334,19.533749999999998,8.65589295279261,True,-12.8,1.01,,372.0,17.0,False,False,False,False,False,-4.51,379.6,9.545,26.900000000000034,30.0,38.0
10,2016-03-07 12:41:00,2016-03-07 12:41:00,2016-03-07 12:22:00,2016-03-08 20:04:00,31.7,2,2,"LMKS,NEWK",4.765271332730107,5.122774897460837,7.618452394986695,2016-03-07 12:22:00,2016-03-07 13:00:00,2016-03-08 05:36:00,2016-03-08 20:04:00,6,"AATB,FSMT,JUNG,JUNG1,LMKS,NEWK",4,"AATB,FSMT,JUNG,JUNG1",3.963341863724086,3.715058142569524,5.122774897460837,core,supported_multi_station_candidate,A,False,2016,-10.07,591.0733333333334,19.533749999999998,8.940363715277778,False,,,,,,False,False,True,True,True,-5.1899999999999995,617.4000000000001,14.475,135.15000000000003,44.0,212.0
11,2016-03-10 17:08:00,2016-03-10 17:08:00,2016-03-10 09:32:00,2016-03-12 02:10:00,40.63333333333333,5,5,"APTY,BKSN,FSMT,LMKS,NEWK",4.667715519807805,5.850644239366942,9.078276649035868,2016-03-10 09:32:00,2016-03-12 00:46:00,2016-03-11 18:18:00,2016-03-12 02:10:00,14,"AATB,APTY,ATHN,BKSN,CALM,DRBS,FSMT,JUNG,JUNG1,KIEL2,LMKS,MXCO,NEWK,OULU",9,"AATB,ATHN,CALM,DRBS,JUNG,JUNG1,KIEL2,MXCO,OULU",5.47838024984178,5.104242173947007,11.402152761939835,core,supported_multi_station_candidate,A,False,2016,-9.362333333333334,563.4566666666667,21.834333333333333,10.614079861111113,True,11.866666666666667,1.71,,569.0,22.9,False,True,True,False,True,-4.93,357.2,5.9,35.5,144.0,0.0
12,2016-03-14 18:58:00,2016-03-14 18:58:00,2016-03-14 18:58:00,2016-03-15 01:36:00,6.633333333333334,1,1,OULU,4.739412576001749,4.739412576001749,8.631291799503147,2016-03-14 18:58:00,2016-03-14 18:58:00,2016-03-15 01:36:00,2016-03-15 01:36:00,3,"AATB,LMKS,OULU",2,"AATB,LMKS",3.584345295305134,3.405473755996064,4.739412576001749,core,supported_multi_station_candidate,B,True,2016,-4.568166666666667,571.9091666666667,19.82,7.24179292929293,True,-1.7333333333333334,0.85,SSC,563.0,19.7,True,True,True,True,True,-17.11,624.3,24.174999999999997,260.69999999999993,80.0,214.0
13,2016-03-15 19:35:00,2016-03-15 19:35:00,2016-03-15 15:04:00,2016-03-16 06:56:00,15.866666666666667,2,2,"LMKS,NEWK",4.990762311766078,6.582807064025937,8.981609438896335,2016-03-15 15:04:00,2016-03-16 00:06:00,2016-03-15 15:34:00,2016-03-16 06:56:00,3,"JUNG,LMKS,NEWK",1,JUNG,5.001506000232257,5.022993377164616,6.582807064025937,core,supported_multi_station_candidate,B,False,2016,-5.376499999999999,573.7741666666667,19.82,6.726282176604757,False,,,,,,False,False,True,True,True,-7.539999999999999,577.1,9.77,103.39999999999998,52.0,162.0
15,2016-03-21 23:32:00,2016-03-21 23:32:00,2016-03-21 15:30:00,2016-03-24 00:06:00,56.6,3,3,"AATB,LMKS,NEWK",3.6369218481065637,5.028602869505924,4.0518818036452,2016-03-21 15:30:00,2016-03-22 23:06:00,2016-03-22 14:48:00,2016-03-24 00:06:00,10,"AATB,APTY,FSMT,JUNG,JUNG1,KIEL2,LMKS,MXCO,NEWK,OULU",7,"APTY,FSMT,JUNG,JUNG1,KIEL2,MXCO,OULU",3.8707180183950456,3.6479285766384697,5.260782097208376,core,supported_multi_station_candidate,A,False,2016,-5.6979999999999995,470.87,9.4785,6.820638020833333,True,3.466666666666667,0.44,,437.0,7.1,False,False,True,False,True,-4.245,437.9,7.609999999999999,55.85000000000002,14.0,0.0
16,2016-03-25 00:40:00,2016-03-25 00:40:00,2016-03-24 23:04:00,2016-03-26 01:32:00,26.466666666666665,3,3,"AATB,JUNG,JUNG1",3.299991075112043,4.168913903863743,7.199969169650811,2016-03-24 23:04:00,2016-03-25 15:26:00,2016-03-25 20:14:00,2016-03-26 01:32:00,3,"AATB,JUNG,JUNG1",0,,3.299991075112043,3.593426452239318,4.168913903863743,core,supported_multi_station_candidate,B,False,2016,-5.022833333333334,552.8641666666666,10.792166666666667,6.127229263117283,True,-15.666666666666666,0.91,,555.0,7.8,False,False,True,False,True,-5.0649999999999995,572.2,8.75,101.00000000000006,18.0,12.0
17,2016-03-28 23:02:00,2016-03-28 23:02:00,2016-03-28 23:02:00,2016-03-30 06:54:00,31.866666666666667,1,1,LMKS,3.218836222145354,3.218836222145354,8.077753567268108,2016-03-28 23:02:00,2016-03-28 23:02:00,2016-03-30 06:54:00,2016-03-30 06:54:00,4,"BKSN,JUNG,JUNG1,LMKS",3,"BKSN,JUNG,JUNG1",3.671003854811102,3.571853942077727,4.4876879212783525,core,supported_multi_station_candidate,A,True,2016,-7.1185,561.045,11.9195,6.361046388028897,False,,,,,,False,False,True,False,True,-7.505,564.7,8.525,85.30000000000007,32.0,16.0
18,2016-04-03 04:05:00,2016-04-03 04:05:00,2016-04-02 15:36:00,2016-04-06 04:16:00,84.66666666666667,6,6,"FSMT,JUNG1,KIEL2,MXCO,NEWK,OULU",4.175329089027131,5.45410724427521,5.214617730822124,2016-04-02 15:36:00,2016-04-05 02:02:00,2016-04-03 01:46:00,2016-04-06 04:16:00,9,"AATB,FSMT,JUNG,JUNG1,KIEL2,LMKS,MXCO,NEWK,OULU",3,"AATB,JUNG,LMKS",3.839865193366614,3.6707197008614636,5.45410724427521,core,supported_multi_station_candidate,A,False,2016,-6.174833333333334,510.805,14.362916666666667,6.802458333333334,True,-13.566666666666666,1.02,SSC,512.0,14.6,True,True,True,True,True,-11.32,526.9,16.735,115.0,92.0,324.0
19,2016-04-07 06:16:00,2016-04-07 06:16:00,2016-04-06 23:02:00,2016-04-08 05:06:00,30.066666666666666,2,2,"AATB,FSMT",2.9694556757402655,3.8171622959362606,7.216243293784598,2016-04-06 23:02:00,2016-04-07 13:30:00,2016-04-07 15:44:00,2016-04-08 05:06:00,4,"AATB,FSMT,JUNG,LMKS",2,"JUNG,LMKS",3.2455809866337146,3.521706297527164,3.8171622959362606,core,supported_multi_station_candidate,A,False,2016,-10.972833333333334,429.1458333333333,11.797333333333334,10.289693164362518,True,5.733333333333333,1.15,,390.0,12.1,False,False,True,True,True,-2.29,387.3,8.649999999999999,41.19999999999999,0.0,70.0
20,2016-04-10 16:43:00,2016-04-10 16:43:00,2016-04-10 02:54:00,2016-04-12 06:08:00,51.233333333333334,8,8,"AATB,APTY,ATHN,BKSN,FSMT,JUNG1,KIEL2,NEWK",4.968959159231057,6.466727542960815,5.305923944053223,2016-04-10 02:54:00,2016-04-10 23:06:00,2016-04-10 22:12:00,2016-04-12 06:08:00,13,"AATB,APTY,ATHN,BKSN,CALM,DRBS,FSMT,JUNG,JUNG1,KIEL2,NANM,NEWK,OULU",5,"CALM,DRBS,JUNG,NANM,OULU",5.291609980682055,5.564682362033935,7.170655375350993,core,supported_multi_station_candidate,A,False,2016,-5.504333333333333,439.6166666666667,12.153166666666667,9.963046006944445,True,-12.716666666666667,1.15,,397.0,8.7,False,True,True,True,True,-4.845,422.0,9.52,77.25,118.0,144.0
21,2016-04-13 20:30:00,2016-04-13 20:30:00,2016-04-13 10:48:00,2016-04-15 01:44:00,38.93333333333333,4,4,"AATB,FSMT,JUNG1,KIEL2",3.775504803017757,5.265965546716081,7.03540004074261,2016-04-13 10:48:00,2016-04-14 12:40:00,2016-04-14 13:52:00,2016-04-15 01:44:00,13,"AATB,APTY,BKSN,CALM,FSMT,JUNG,JUNG1,KIEL2,LMKS,MXCO,NANM,NEWK,OULU",9,"APTY,BKSN,CALM,JUNG,LMKS,MXCO,NANM,NEWK,OULU",4.92336711199838,4.997207255241394,7.513152473968132,core,supported_multi_station_candidate,A,False,2016,-8.662333333333333,611.4416666666667,15.346833333333334,7.840671006944444,True,-7.5,1.03,,562.0,7.5,False,True,True,False,True,-6.84,636.6,7.965,123.60000000000002,90.0,0.0
22,2016-04-18 20:53:00,2016-04-18 20:53:00,2016-04-17 16:24:00,2016-04-21 20:18:00,99.9,12,12,"AATB,APTY,ATHN,BKSN,FSMT,JUNG,JUNG1,KIEL2,LMKS,MXCO,NEWK,OULU",4.799597305824672,7.142303974781548,6.043594476991185,2016-04-17 16:24:00,2016-04-21 08:18:00,2016-04-18 19:14:00,2016-04-21 20:18:00,15,"AATB,APTY,ATHN,BKSN,CALM,DRBS,FSMT,JUNG,JUNG1,KIEL2,LMKS,MXCO,NANM,NEWK,OULU",3,"CALM,DRBS,NANM",5.231171327599627,4.743276123886386,8.963735686291518,core,supported_multi_station_candidate,A,False,2016,-6.978666666666667,433.6183333333333,12.238,8.733003472222222,True,-10.883333333333333,0.47,,389.0,7.3,False,False,True,False,True,-4.9350000000000005,417.1,7.6899999999999995,52.400000000000034,8.0,0.0
23,2016-04-22 14:38:00,2016-04-22 14:38:00,2016-04-22 14:38:00,2016-04-23 18:22:00,27.733333333333334,1,1,JUNG1,4.506397251397061,4.506397251397061,4.319429953747938,2016-04-22 14:38:00,2016-04-22 14:38:00,2016-04-23 18:22:00,2016-04-23 18:22:00,3,"BKSN,JUNG,JUNG1",2,"BKSN,JUNG",3.9674516870584653,4.040592497123327,4.506397251397061,core,supported_multi_station_candidate,B,True,2016,-4.544666666666667,573.2666666666667,12.250166666666667,8.139449327256946,True,-9.633333333333333,0.75,,587.0,12.1,False,False,True,True,True,-12.41,606.3,14.32,131.24999999999994,46.0,428.0
24,2016-04-25 15:30:00,2016-04-25 15:30:00,2016-04-24 07:42:00,2016-04-27 18:34:00,82.86666666666666,3,3,"BKSN,JUNG1,LMKS",3.628902051144809,4.681404159290802,3.8603203447411274,2016-04-24 07:42:00,2016-04-27 08:48:00,2016-04-25 04:24:00,2016-04-27 18:34:00,6,"BKSN,DRBS,JUNG1,KIEL2,LMKS,NEWK",3,"DRBS,KIEL2,NEWK",4.653161875023625,4.480597567377349,7.473806779979506,core,supported_multi_station_candidate,A,False,2016,-4.1819999999999995,551.1233333333333,10.259333333333332,5.035836805555555,False,,,,,,False,False,True,False,True,-4.645,542.95,6.6850000000000005,55.80000000000001,14.0,0.0
25,2016-04-30 06:37:00,2016-04-30 06:37:00,2016-04-30 00:48:00,2016-05-01 17:16:00,40.46666666666667,2,2,"BKSN,JUNG",4.540353811974311,5.147565500034208,7.916145769034651,2016-04-30 00:48:00,2016-04-30 12:26:00,2016-05-01 01:40:00,2016-05-01 17:16:00,8,"APTY,BKSN,FSMT,JUNG,JUNG1,LMKS,NANM,OULU",6,"APTY,FSMT,JUNG1,LMKS,NANM,OULU",4.235982148219782,4.184390103579446,5.147565500034208,core,supported_multi_station_candidate,A,False,2016,-7.474333333333333,461.03,10.5505,7.927032507900185,True,-2.216666666666667,0.96,SI,405.0,8.9,True,False,True,True,True,-3.44,371.29999999999995,8.71,33.099999999999966,16.0,72.0
26,2016-05-03 00:52:00,2016-05-03 00:52:00,2016-05-02 09:58:00,2016-05-03 23:40:00,37.7,3,3,"APTY,FSMT,JUNG1",3.851198499851415,4.0835828618509735,5.219002490507848,2016-05-02 09:58:00,2016-05-03 01:50:00,2016-05-03 12:12:00,2016-05-03 23:40:00,6,"APTY,FSMT,JUNG,JUNG1,KERG,LMKS",3,"JUNG,KERG,LMKS",3.7735596498075075,3.735006318851636,4.324810848927074,core,supported_multi_station_candidate,A,False,2016,-7.474333333333333,567.4283333333333,10.5505,5.5617921570229925,False,,,,,,False,True,True,True,True,-7.140000000000001,584.3,9.41,105.59999999999997,86.0,96.0
27,2016-05-07 09:20:00,2016-05-07 09:20:00,2016-05-07 07:02:00,2016-05-07 21:22:00,14.333333333333334,3,3,"BKSN,JUNG1,LMKS",3.8020900401263167,5.116505616444348,5.703739898994068,2016-05-07 07:02:00,2016-05-07 11:24:00,2016-05-07 19:04:00,2016-05-07 21:22:00,7,"AATB,BKSN,FSMT,JUNG,JUNG1,LMKS,NEWK",4,"AATB,FSMT,JUNG,NEWK",3.82143011097864,3.4815425378238376,5.628908013662017,core,supported_multi_station_candidate,A,False,2016,-11.929499999999999,656.8983333333333,16.185166666666667,7.6903232156732155,True,-14.333333333333334,1.31,,528.0,9.9,False,False,True,True,True,-4.95,539.45,10.32,136.05000000000007,40.0,102.0
28,2016-05-14 15:50:00,2016-05-14 15:50:00,2016-05-13 16:26:00,2016-05-16 00:28:00,56.03333333333333,6,6,"AATB,BKSN,FSMT,LMKS,NEWK,OULU",4.613053491766986,6.369758211242442,7.287284441385936,2016-05-13 16:26:00,2016-05-15 08:04:00,2016-05-14 01:08:00,2016-05-16 00:28:00,13,"AATB,APTY,ATHN,BKSN,DRBS,FSMT,JUNG1,KERG,KIEL2,LMKS,NANM,NEWK,OULU",7,"APTY,ATHN,DRBS,JUNG1,KERG,KIEL2,NANM",5.0219884039106315,4.705115108890151,7.985869841699831,core,supported_multi_station_candidate,A,False,2016,-6.13,494.825,13.068833333333334,8.722442900303095,True,4.166666666666667,1.25,,511.0,13.0,False,True,True,True,True,-7.0649999999999995,366.25,10.245,58.35000000000002,138.0,78.0
29,2016-05-19 06:02:00,2016-05-19 06:02:00,2016-05-18 17:32:00,2016-05-20 20:14:00,50.7,4,4,"BKSN,JUNG1,KIEL2,OULU",4.895093404306153,5.2373294805601915,7.101990794962147,2016-05-18 17:32:00,2016-05-19 15:24:00,2016-05-19 23:42:00,2016-05-20 20:14:00,11,"APTY,BKSN,DRBS,FSMT,JUNG,JUNG1,KERG,KIEL2,LMKS,NANM,OULU",7,"APTY,DRBS,FSMT,JUNG,KERG,LMKS,NANM",5.193930475777223,4.759183546789172,8.249175934335032,core,supported_multi_station_candidate,A,False,2016,-5.578333333333333,531.2033333333334,9.200833333333332,6.3594829573934835,True,-0.03333333333333333,1.23,,447.0,7.2,False,True,True,False,True,-4.58,477.25,5.75,45.85000000000002,76.0,0.0
30,2016-05-24 21:12:00,2016-05-24 21:12:00,2016-05-23 16:22:00,2016-05-27 23:08:00,102.76666666666667,8,8,"AATB,APTY,BKSN,DRBS,JUNG,KERG,LMKS,NEWK",4.803191995020194,9.441606900029537,6.587028685596882,2016-05-23 16:22:00,2016-05-27 06:16:00,2016-05-24 08:44:00,2016-05-27 23:08:00,9,"AATB,APTY,BKSN,DRBS,FSMT,JUNG,KERG,LMKS,NEWK",1,FSMT,4.695831692704349,3.9176675170281445,9.441606900029537,core,supported_multi_station_candidate,A,False,2016,-3.3705,564.475,6.191,3.793194444444444,False,,,,,,False,False,True,False,True,-4.775,454.8,6.33,62.10000000000002,34.0,0.0
31,2016-05-29 20:14:00,2016-05-29 20:14:00,2016-05-29 20:14:00,2016-05-30 03:28:00,7.233333333333333,1,1,DRBS,7.75527576516485,7.75527576516485,8.430319512985154,2016-05-29 20:14:00,2016-05-29 20:14:00,2016-05-30 03:28:00,2016-05-30 03:28:00,2,"DRBS,JUNG1",1,JUNG1,5.276254557716003,5.276254557716003,7.75527576516485,core,supported_multi_station_candidate,B,True,2016,-4.3629999999999995,555.0575,9.330333333333334,5.1156626157407405,True,-6.233333333333333,0.47,,549.0,7.9,False,False,True,False,True,-4.79,565.4000000000001,8.205,115.20000000000005,50.0,16.0
32,2016-06-04 05:48:00,2016-06-04 05:48:00,2016-06-03 03:34:00,2016-06-06 03:18:00,71.73333333333333,6,6,"APTY,JUNG1,KERG,LMKS,NEWK,OULU",4.79040446293006,6.570102865548039,6.8683135130357345,2016-06-03 03:34:00,2016-06-04 18:24:00,2016-06-04 00:00:00,2016-06-06 03:18:00,10,"AATB,APTY,FSMT,JUNG,JUNG1,KERG,LMKS,NANM,NEWK,OULU",4,"AATB,FSMT,JUNG,NANM",4.364798403407629,4.181505371787082,6.570102865548039,core,supported_multi_station_candidate,A,False,2016,-7.742166666666667,628.315,16.912333333333333,11.125590425531914,True,16.2,0.64,,339.0,11.1,False,False,False,False,False,-2.935,315.1,4.195,16.400000000000034,0.0,0.0
33,2016-06-08 09:42:00,2016-06-08 09:42:00,2016-06-08 09:42:00,2016-06-08 13:10:00,3.466666666666667,1,1,DRBS,19.37405899338512,19.37405899338512,4.053472842549958,2016-06-08 09:42:00,2016-06-08 09:42:00,2016-06-08 13:10:00,2016-06-08 13:10:00,4,"DRBS,JUNG,JUNG1,LMKS",3,"JUNG,JUNG1,LMKS",7.29893840859614,3.7807025184998624,19.37405899338512,core,supported_multi_station_candidate,A,True,2016,-4.119833333333333,616.8933333333333,6.752416666666666,4.197230902777778,False,,,,,,False,False,True,False,True,-4.885,501.4,6.705,81.89999999999998,20.0,0.0
34,2016-06-13 16:52:00,2016-06-13 16:52:00,2016-06-11 12:54:00,2016-06-15 20:46:00,103.86666666666666,11,11,"AATB,APTY,DRBS,FSMT,JUNG1,KERG,KIEL2,LMKS,NANM,NEWK,OULU",4.905054533674077,10.368085140720925,6.8491224396751615,2016-06-11 12:54:00,2016-06-14 16:34:00,2016-06-12 00:58:00,2016-06-15 20:46:00,13,"AATB,APTY,BKSN,DRBS,FSMT,JUNG,JUNG1,KERG,KIEL2,LMKS,NANM,NEWK,OULU",2,"BKSN,JUNG",4.855286308694773,4.14171155945745,10.368085140720925,core,supported_multi_station_candidate,A,False,2016,-7.821,675.35,14.369333333333334,6.393479166666666,False,,,,,,False,False,True,False,True,-4.050000000000001,591.5,7.39,81.75000000000006,18.0,0.0
35,2016-06-17 08:58:00,2016-06-17 08:58:00,2016-06-17 08:58:00,2016-06-17 16:48:00,7.833333333333333,1,1,KERG,3.1931740639386272,3.1931740639386272,3.848057899933852,2016-06-17 08:58:00,2016-06-17 08:58:00,2016-06-17 16:48:00,2016-06-17 16:48:00,2,"DRBS,KERG",1,DRBS,6.554260930261325,6.554260930261325,9.915347796584022,core,supported_multi_station_candidate,B,True,2016,-3.0233333333333334,643.9083333333333,10.568999999999999,3.2120772569444447,True,-3.966666666666667,0.81,,627.0,6.5,False,False,True,False,True,-5.18,637.0999999999999,7.09,138.69999999999993,18.0,0.0
36,2016-06-22 17:21:00,2016-06-22 17:21:00,2016-06-21 19:36:00,2016-06-24 00:00:00,52.4,10,10,"AATB,APTY,DRBS,JUNG,JUNG1,KERG,KIEL2,LMKS,NEWK,OULU",5.280237387516811,10.695601490240717,5.1676896065958,2016-06-21 19:36:00,2016-06-23 15:04:00,2016-06-23 02:08:00,2016-06-24 00:00:00,15,"AATB,APTY,ATHN,BKSN,DRBS,FSMT,JUNG,JUNG1,KERG,KIEL2,LMKS,MXCO,NANM,NEWK,OULU",5,"ATHN,BKSN,FSMT,MXCO,NANM",5.404459004209879,5.1680004888979765,10.695601490240717,core,supported_multi_station_candidate,A,False,2016,-6.668666666666667,524.3100000000001,12.881666666666666,6.994851996527778,True,-13.35,1.9,,423.0,13.1,False,False,True,True,True,-9.265,399.0,14.059999999999999,57.05000000000001,50.0,464.0
38,2016-06-28 15:20:00,2016-06-28 15:20:00,2016-06-28 13:58:00,2016-06-30 01:44:00,35.766666666666666,2,2,"BKSN,DRBS",9.020039741197497,12.534229504883339,5.278543723011401,2016-06-28 13:58:00,2016-06-28 16:42:00,2016-06-30 00:00:00,2016-06-30 01:44:00,2,"BKSN,DRBS",0,,9.020039741197497,9.020039741197497,12.534229504883339,core,supported_multi_station_candidate,B,False,2016,-4.6834999999999996,506.805,8.382666666666667,5.076185763888889,False,,,,,,False,False,True,False,True,-4.08,492.25,4.875,56.64999999999998,12.0,0.0
39,2016-06-30 19:38:00,2016-06-30 19:38:00,2016-06-30 19:38:00,2016-07-02 01:28:00,29.833333333333332,1,1,NANM,4.3650723699454925,4.3650723699454925,7.381457427580565,2016-06-30 19:38:00,2016-06-30 19:38:00,2016-07-02 01:28:00,2016-07-02 01:28:00,9,"AATB,APTY,FSMT,JUNG,JUNG1,KERG,LMKS,NANM,NEWK",8,"AATB,APTY,FSMT,JUNG,JUNG1,KERG,LMKS,NEWK",3.6764767299366374,3.3834519655737765,5.295799531296307,core,supported_multi_station_candidate,A,True,2016,-5.5776666666666666,431.52166666666665,8.105166666666667,8.181521190767974,True,-7.633333333333334,0.56,,404.0,8.1,False,True,True,False,True,-6.59,377.85,8.31,39.94999999999999,132.0,20.0
40,2016-07-07 09:00:00,2016-07-07 09:00:00,2016-07-06 13:38:00,2016-07-10 00:16:00,82.63333333333334,9,9,"AATB,BKSN,FSMT,JUNG,JUNG1,KERG,KIEL2,NANM,OULU",7.961189756493149,36.48657102973376,6.915489359550838,2016-07-06 13:38:00,2016-07-09 03:18:00,2016-07-08 00:04:00,2016-07-10 00:16:00,13,"AATB,APTY,BKSN,FSMT,JUNG,JUNG1,KERG,KIEL2,LMKS,MXCO,NANM,NEWK,OULU",4,"APTY,LMKS,MXCO,NEWK",6.968843314089411,4.774361623227479,36.48657102973376,core,supported_multi_station_candidate,A,False,2016,-5.605833333333333,628.8183333333333,13.551166666666665,9.973325576241136,True,-11.0,3.07,,638.0,13.2,False,True,True,True,True,-11.235,460.8,14.14,100.64999999999998,102.0,650.0
41,2016-07-13 04:34:00,2016-07-13 04:34:00,2016-07-12 07:16:00,2016-07-14 21:42:00,62.43333333333333,4,4,"AATB,BKSN,JUNG,JUNG1",4.872559701134965,9.460934595003263,5.900821612216629,2016-07-12 07:16:00,2016-07-13 19:46:00,2016-07-13 17:44:00,2016-07-14 21:42:00,5,"AATB,BKSN,JUNG,JUNG1,LMKS",1,LMKS,6.872824213278593,4.261112309784316,14.873882261853103,core,supported_multi_station_candidate,A,False,2016,-5.908333333333333,679.2199999999999,8.209833333333332,3.8498444658434683,False,,,,,,False,False,True,False,True,-5.915,655.05,6.355,91.59999999999991,22.0,0.0
42,2016-07-17 10:40:00,2016-07-17 10:40:00,2016-07-17 10:40:00,2016-07-17 20:40:00,10.0,1,1,AATB,2.2230166926617287,2.2230166926617287,7.740185060744495,2016-07-17 10:40:00,2016-07-17 10:40:00,2016-07-17 20:40:00,2016-07-17 20:40:00,3,"AATB,FSMT,JUNG",2,"FSMT,JUNG",2.7162277063023352,2.8094619777235854,3.116204448521692,core,supported_multi_station_candidate,B,True,2016,-2.4231666666666665,640.8,4.7266666666666675,3.3364024483843595,False,,,,,,False,False,True,False,True,-3.83,494.45000000000005,4.97,44.89999999999998,8.0,0.0
43,2016-07-20 04:22:00,2016-07-20 04:22:00,2016-07-18 23:48:00,2016-07-21 23:14:00,71.43333333333334,11,11,"AATB,APTY,BKSN,DRBS,FSMT,JUNG1,KERG,KIEL2,NANM,NEWK,OULU",5.318877288721246,6.305999467231679,5.919688746963468,2016-07-18 23:48:00,2016-07-21 00:36:00,2016-07-20 04:50:00,2016-07-21 23:14:00,14,"AATB,APTY,BKSN,DRBS,FSMT,JUNG,JUNG1,KERG,KIEL2,LMKS,MXCO,NANM,NEWK,OULU",3,"JUNG,LMKS,MXCO",5.3015855253778685,5.138225995557088,6.437274929451007,core,supported_multi_station_candidate,A,False,2016,-7.796333333333333,575.0341666666667,28.52766666666667,5.696706460875293,True,-4.516666666666667,2.52,SSC,569.0,27.3,True,True,True,True,True,-16.0,603.4,33.845,221.3,72.0,612.0
44,2016-07-24 06:42:00,2016-07-24 06:42:00,2016-07-23 13:56:00,2016-07-25 07:50:00,41.9,10,10,"AATB,APTY,BKSN,DRBS,KERG,KIEL2,LMKS,NANM,NEWK,OULU",5.003236916303424,6.838764707546753,6.145306074303727,2016-07-23 13:56:00,2016-07-25 04:24:00,2016-07-24 21:18:00,2016-07-25 07:50:00,13,"AATB,APTY,BKSN,CALM,DRBS,JUNG,JUNG1,KERG,KIEL2,LMKS,NANM,NEWK,OULU",3,"CALM,JUNG,JUNG1",4.980587185434901,5.059134913844505,6.838764707546753,core,supported_multi_station_candidate,A,False,2016,-8.205,456.2066666666667,10.973,6.484587706116621,True,8.716666666666667,0.9,SI,457.0,11.3,True,False,True,False,True,-3.58,399.4,8.945,34.5,2.0,36.0
45,2016-07-27 01:08:00,2016-07-27 01:08:00,2016-07-26 03:30:00,2016-07-29 20:06:00,88.6,6,6,"AATB,JUNG,JUNG1,KERG,NANM,NEWK",3.6750855663455915,4.7850768610689585,6.680118249994673,2016-07-26 03:30:00,2016-07-28 11:28:00,2016-07-27 03:44:00,2016-07-29 20:06:00,6,"AATB,JUNG,JUNG1,KERG,NANM,NEWK",0,,3.6750855663455915,3.6824402067078164,4.7850768610689585,core,supported_multi_station_candidate,A,False,2016,-6.553,548.4561111111111,12.529833333333332,11.968883976905268,False,,,,,,False,False,False,False,False,-3.5599999999999996,356.0,3.92,19.349999999999966,46.0,0.0
46,2016-08-02 14:22:00,2016-08-02 14:22:00,2016-07-30 10:08:00,2016-08-04 11:20:00,121.2,8,8,"AATB,BKSN,CALM,FSMT,JUNG1,KIEL2,MXCO,NANM",6.084162306894328,15.825984819887061,7.586814111160381,2016-07-30 10:08:00,2016-08-04 09:04:00,2016-07-31 01:56:00,2016-08-04 11:20:00,14,"AATB,APTY,BKSN,CALM,FSMT,JUNG,JUNG1,KERG,KIEL2,LMKS,MXCO,NANM,NEWK,OULU",6,"APTY,JUNG,KERG,LMKS,NEWK,OULU",5.783460115636716,5.169373488547283,15.825984819887061,core,supported_multi_station_candidate,A,False,2016,-11.123916666666668,604.6483333333333,24.463166666666666,10.627616611171927,True,-7.366666666666666,1.74,,445.0,24.6,False,False,True,True,True,-6.76,460.15,17.73,118.54999999999995,20.0,344.0
47,2016-08-05 21:20:00,2016-08-05 21:20:00,2016-08-05 02:40:00,2016-08-07 17:30:00,62.833333333333336,3,3,"APTY,JUNG1,LMKS",3.5445377585938114,4.166545554203213,6.043306011114413,2016-08-05 02:40:00,2016-08-06 15:26:00,2016-08-06 04:16:00,2016-08-07 17:30:00,9,"APTY,BKSN,FSMT,JUNG,JUNG1,KERG,KIEL2,LMKS,NEWK",6,"BKSN,FSMT,JUNG,KERG,KIEL2,NEWK",4.0611482334555244,4.131411260610241,5.252275204295704,core,supported_multi_station_candidate,A,False,2016,-4.587166666666667,671.1170238095239,7.051083333333334,3.0146964703645405,True,-17.333333333333332,1.02,,675.0,7.1,False,False,True,False,True,-6.285,712.6,7.12,101.20000000000005,48.0,0.0
48,2016-08-09 07:26:00,2016-08-09 07:26:00,2016-08-09 07:26:00,2016-08-10 19:10:00,35.733333333333334,1,1,JUNG1,4.858619817595912,4.858619817595912,7.120643987044871,2016-08-09 07:26:00,2016-08-09 07:26:00,2016-08-10 19:10:00,2016-08-10 19:10:00,4,"FSMT,JUNG,JUNG1,KERG",3,"FSMT,JUNG,KERG",4.095658709642696,3.949596745437888,4.858619817595912,core,supported_multi_station_candidate,A,True,2016,-2.670166666666667,656.6733333333334,7.82,3.549733659118173,True,-10.433333333333334,1.09,,662.0,7.8,False,False,True,False,True,-5.9,665.8,8.625,167.09999999999997,6.0,18.0
49,2016-08-16 07:06:00,2016-08-16 07:06:00,2016-08-14 16:50:00,2016-08-19 09:24:00,112.56666666666666,9,9,"AATB,APTY,FSMT,JUNG,JUNG1,KERG,LMKS,NANM,NEWK",4.041834049401615,5.100192792729016,6.888095660143522,2016-08-14 16:50:00,2016-08-18 03:44:00,2016-08-15 07:00:00,2016-08-19 09:24:00,9,"AATB,APTY,FSMT,JUNG,JUNG1,KERG,LMKS,NANM,NEWK",0,,4.041834049401615,4.335470625803873,5.100192792729016,core,supported_multi_station_candidate,A,False,2016,-6.6935,423.83750000000003,9.436166666666667,8.489178254705665,True,11.9,1.28,,412.0,9.4,False,False,True,False,True,-2.5549999999999997,316.6,7.855,38.150000000000034,0.0,0.0
50,2016-08-20 04:00:00,2016-08-20 04:00:00,2016-08-20 04:00:00,2016-08-21 00:14:00,20.233333333333334,1,1,KIEL2,4.944128348721434,4.944128348721434,5.063517134742371,2016-08-20 04:00:00,2016-08-20 04:00:00,2016-08-21 00:14:00,2016-08-21 00:14:00,9,"AATB,DRBS,JUNG,JUNG1,KERG,KIEL2,LMKS,NEWK,OULU",8,"AATB,DRBS,JUNG,JUNG1,KERG,LMKS,NEWK,OULU",4.183346248003134,4.270934616473952,6.405329288301863,core,supported_multi_station_candidate,A,True,2016,-8.806666666666667,423.1375,13.099833333333333,7.695306217546308,True,-9.0,0.71,,342.0,7.7,False,True,True,False,True,-4.89,351.9,8.065000000000001,47.89999999999998,74.0,28.0
51,2016-08-24 02:33:00,2016-08-24 02:33:00,2016-08-22 18:02:00,2016-08-25 11:54:00,65.86666666666666,4,4,"KERG,NANM,NEWK,OULU",4.80768475892692,6.065034077574185,6.194003721879221,2016-08-22 18:02:00,2016-08-24 10:40:00,2016-08-24 03:22:00,2016-08-25 11:54:00,11,"APTY,ATHN,FSMT,JUNG,JUNG1,KERG,LMKS,MXCO,NANM,NEWK,OULU",7,"APTY,ATHN,FSMT,JUNG,JUNG1,LMKS,MXCO",4.4269972797647705,4.041835535023982,6.065034077574185,core,supported_multi_station_candidate,A,False,2016,-12.164,591.64,15.303,5.86212695965483,True,-7.55,1.41,,584.0,14.8,False,True,True,True,True,-13.85,604.2,16.11,175.39444444444445,190.0,824.0
52,2016-08-30 02:42:00,2016-08-30 02:42:00,2016-08-29 19:02:00,2016-09-01 00:02:00,53.0,7,7,"APTY,ATHN,DRBS,FSMT,LMKS,MXCO,NEWK",4.805115011232315,6.8249627149557135,5.848070335827313,2016-08-29 19:02:00,2016-08-30 22:24:00,2016-08-30 18:34:00,2016-09-01 00:02:00,11,"AATB,APTY,ATHN,DRBS,FSMT,JUNG1,LMKS,MXCO,NANM,NEWK,OULU",4,"AATB,JUNG1,NANM,OULU",4.447197519378045,4.11533075074017,6.8249627149557135,core,supported_multi_station_candidate,A,False,2016,-7.666333333333333,474.35,9.452333333333334,8.924654198964529,True,-6.7,1.19,,466.0,9.5,False,False,True,True,True,-6.390000000000001,395.9,9.965,46.85000000000002,18.0,292.0
53,2016-09-02 12:38:00,2016-09-02 12:38:00,2016-09-02 05:38:00,2016-09-03 01:24:00,19.766666666666666,2,2,"JUNG,OULU",3.4422931764387483,3.773686573225537,6.53173870618291,2016-09-02 05:38:00,2016-09-02 19:38:00,2016-09-02 21:50:00,2016-09-03 01:24:00,2,"JUNG,OULU",0,,3.4422931764387483,3.4422931764387483,3.773686573225537,core,supported_multi_station_candidate,B,False,2016,-5.4735,697.8383333333334,9.321666666666665,4.842145558849364,False,,,,,,False,True,True,True,True,-8.3,678.2,9.52,126.65000000000009,60.0,110.0
54,2016-09-05 10:28:00,2016-09-05 10:28:00,2016-09-05 10:28:00,2016-09-05 15:38:00,5.166666666666667,1,1,JUNG1,4.67997904857582,4.67997904857582,7.458347247536228,2016-09-05 10:28:00,2016-09-05 10:28:00,2016-09-05 15:38:00,2016-09-05 15:38:00,3,"JUNG,JUNG1,KERG",2,"JUNG,KERG",3.911816830716266,3.9351111166559045,4.67997904857582,core,supported_multi_station_candidate,B,True,2016,-2.6355,697.8383333333334,7.343666666666667,2.8495312875865784,False,,,,,,False,False,True,False,True,-3.08,676.2,5.895,94.5,2.0,0.0
55,2016-09-07 23:14:00,2016-09-07 23:14:00,2016-09-07 19:30:00,2016-09-09 10:48:00,39.3,5,5,"APTY,FSMT,JUNG,KERG,OULU",4.180049492885398,5.705379155754886,4.434536434037276,2016-09-07 19:30:00,2016-09-08 20:12:00,2016-09-08 08:52:00,2016-09-09 10:48:00,8,"AATB,APTY,FSMT,JUNG,KERG,LMKS,NANM,OULU",3,"AATB,LMKS,NANM",3.9667769083710316,3.85759708475338,5.705379155754886,core,supported_multi_station_candidate,A,False,2016,-4.765,562.5708333333333,6.343333333333334,3.600370659722222,True,0.7666666666666667,0.66,,522.0,6.2,False,True,True,False,True,-5.75,541.8,7.234999999999999,66.75,74.0,0.0
56,2016-09-11 16:47:00,2016-09-11 16:47:00,2016-09-11 13:04:00,2016-09-12 18:42:00,29.633333333333333,2,2,"KERG,KIEL2",5.622507806633308,5.70128344895279,9.476546885512112,2016-09-11 13:04:00,2016-09-11 20:30:00,2016-09-12 09:30:00,2016-09-12 18:42:00,10,"AATB,APTY,DRBS,FSMT,JUNG,KERG,KIEL2,LMKS,MXCO,NANM",8,"AATB,APTY,DRBS,FSMT,JUNG,LMKS,MXCO,NANM",4.5492906588944715,4.233928710365496,6.549072274792736,core,supported_multi_station_candidate,A,False,2016,-4.1525,403.88916666666665,11.512333333333334,8.192921006944443,True,-4.783333333333333,0.38,,343.0,11.3,False,True,False,False,True,-4.545,347.75,6.59,27.100000000000023,118.0,0.0
57,2016-09-14 01:26:00,2016-09-14 01:26:00,2016-09-13 23:22:00,2016-09-14 23:16:00,23.9,2,2,"JUNG1,KERG",3.5109991048645597,4.1799631332590765,5.042183983842888,2016-09-13 23:22:00,2016-09-14 03:30:00,2016-09-14 18:26:00,2016-09-14 23:16:00,2,"JUNG1,KERG",0,,3.5109991048645597,3.5109991048645597,4.1799631332590765,core,supported_multi_station_candidate,B,False,2016,-7.7395000000000005,331.74666666666667,11.512333333333334,12.223442708333332,True,-0.43333333333333335,0.58,,330.0,9.2,False,True,True,False,True,-5.445,302.8,6.415,38.950000000000045,182.0,0.0
58,2016-09-16 14:16:00,2016-09-16 14:16:00,2016-09-15 14:04:00,2016-09-19 04:00:00,85.93333333333334,6,6,"APTY,FSMT,JUNG,JUNG1,LMKS,NANM",4.081928807975781,4.899821553466251,4.749689618744628,2016-09-15 14:04:00,2016-09-17 20:24:00,2016-09-16 13:44:00,2016-09-19 04:00:00,14,"AATB,APTY,ATHN,DRBS,FSMT,JUNG,JUNG1,KERG,KIEL2,LMKS,MXCO,NANM,NEWK,OULU",8,"AATB,ATHN,DRBS,KERG,KIEL2,MXCO,NEWK,OULU",4.743424313395523,4.67469407603474,6.941756709102365,core,supported_multi_station_candidate,A,False,2016,-7.7395000000000005,347.69,9.241166666666667,10.574883101851851,True,12.733333333333333,1.49,,348.0,8.6,False,True,True,False,True,-5.635,320.70000000000005,8.03,48.700000000000045,150.0,2.0
59,2016-09-19 18:01:00,2016-09-19 18:01:00,2016-09-19 17:06:00,2016-09-20 03:00:00,9.9,2,2,"APTY,LMKS",2.694161808252591,3.3504154531986012,6.907752393790117,2016-09-19 17:06:00,2016-09-19 18:56:00,2016-09-20 00:22:00,2016-09-20 03:00:00,3,"AATB,APTY,LMKS",1,AATB,2.5120354880189155,2.1477828475515657,3.3504154531986012,core,supported_multi_station_candidate,B,False,2016,-9.318833333333334,726.9366666666666,20.1435,8.058974826388889,True,-3.0166666666666666,0.85,,727.0,19.9,False,True,True,True,True,-11.615,504.4,21.854999999999997,107.69999999999999,258.0,1080.0
60,2016-09-22 05:22:00,2016-09-22 05:22:00,2016-09-22 05:22:00,2016-09-22 07:24:00,2.033333333333333,1,1,KIEL2,4.3359744369156745,4.3359744369156745,5.3923896135280565,2016-09-22 05:22:00,2016-09-22 05:22:00,2016-09-22 07:24:00,2016-09-22 07:24:00,3,"JUNG,KIEL2,LMKS",2,"JUNG,LMKS",3.6415820634787166,3.7700352924590352,4.3359744369156745,core,supported_multi_station_candidate,B,True,2016,-2.6805000000000003,726.9366666666666,9.143333333333334,4.071106578947369,True,-16.366666666666667,0.4,,542.0,6.5,False,False,True,False,True,-3.61,541.9,7.67,54.80000000000007,4.0,0.0
61,2016-09-27 01:20:00,2016-09-27 01:20:00,2016-09-26 11:48:00,2016-09-28 08:06:00,44.3,9,9,"APTY,DRBS,JUNG,JUNG1,KERG,LMKS,MXCO,NEWK,OULU",4.901333776931512,5.876952296144442,6.940350872725895,2016-09-26 11:48:00,2016-09-27 11:06:00,2016-09-27 21:48:00,2016-09-28 08:06:00,13,"AATB,APTY,DRBS,FSMT,JUNG,JUNG1,KERG,KIEL2,LMKS,MXCO,NANM,NEWK,OULU",4,"AATB,FSMT,KIEL2,NANM",4.68165525826117,4.715430207986415,5.876952296144442,core,supported_multi_station_candidate,A,False,2016,-9.583166666666667,710.6275,10.804333333333334,8.009490575396827,True,15.666666666666666,1.34,,705.0,10.0,False,False,True,True,True,-8.91,532.05,11.245000000000001,116.90000000000003,36.0,322.0
62,2016-10-01 21:56:00,2016-10-01 21:56:00,2016-10-01 20:02:00,2016-10-03 13:50:00,41.8,3,3,"AATB,APTY,JUNG",3.673786665175342,4.30311802324346,4.439763654438643,2016-10-01 20:02:00,2016-10-03 13:12:00,2016-10-02 21:00:00,2016-10-03 13:50:00,4,"AATB,APTY,JUNG,JUNG1",1,JUNG1,3.759569692266389,4.098275810557677,4.30311802324346,core,supported_multi_station_candidate,A,False,2016,-3.847,693.0725,6.548666666666667,3.2544644097222224,False,,,,,,False,False,True,False,True,-6.380000000000001,576.55,7.5649999999999995,77.34999999999997,26.0,0.0
63,2016-10-04 08:26:00,2016-10-04 08:26:00,2016-10-04 07:06:00,2016-10-04 21:42:00,14.6,2,2,"AATB,KERG",2.9107684871347788,3.922525489862041,6.825581312996007,2016-10-04 07:06:00,2016-10-04 09:46:00,2016-10-04 18:44:00,2016-10-04 21:42:00,3,"AATB,KERG,LMKS",1,LMKS,3.627029887704934,3.922525489862041,5.059552688845244,core,supported_multi_station_candidate,B,False,2016,-4.322166666666666,552.69,9.633833333333333,4.030544270833333,True,1.5666666666666667,0.47,,552.0,9.7,False,True,True,True,True,-5.77,566.25,10.615,68.89999999999998,60.0,146.0
64,2016-10-07 00:44:00,2016-10-07 00:44:00,2016-10-07 00:44:00,2016-10-08 03:30:00,26.766666666666666,1,1,LMKS,3.727676640127554,3.727676640127554,5.258515865152122,2016-10-07 00:44:00,2016-10-07 00:44:00,2016-10-08 03:30:00,2016-10-08 03:30:00,3,"JUNG1,KERG,LMKS",2,"JUNG1,KERG",3.4495395949658363,3.444388064814769,3.727676640127554,core,supported_multi_station_candidate,B,True,2016,-3.3145000000000002,541.34,6.54975,4.483126736111111,False,,,,,,False,False,True,False,True,-3.245,464.15,7.515000000000001,61.94999999999993,4.0,0.0
65,2016-10-11 11:42:00,2016-10-11 11:42:00,2016-10-10 17:22:00,2016-10-13 06:44:00,61.36666666666667,6,6,"APTY,FSMT,JUNG,KERG,LMKS,OULU",4.575534894538171,6.110828686832142,5.924027542200467,2016-10-10 17:22:00,2016-10-12 13:34:00,2016-10-11 23:58:00,2016-10-13 06:44:00,11,"APTY,FSMT,JUNG,JUNG1,KERG,KIEL2,LMKS,MXCO,NANM,NEWK,OULU",5,"JUNG1,KIEL2,MXCO,NANM,NEWK",4.96323549495897,4.83601060778501,6.703520828573581,core,supported_multi_station_candidate,A,False,2016,-17.823,439.7583333333333,18.710500000000003,9.489079861111112,False,,,,,,False,False,True,False,True,-4.91,419.35,7.49,47.10000000000002,14.0,0.0
66,2016-10-14 20:51:00,2016-10-14 20:51:00,2016-10-14 03:00:00,2016-10-16 19:04:00,64.06666666666666,6,6,"JUNG,KERG,KIEL2,LMKS,NEWK,OULU",4.8011593560091965,6.12178836277589,6.240996314292935,2016-10-14 03:00:00,2016-10-15 14:40:00,2016-10-15 01:38:00,2016-10-16 19:04:00,13,"AATB,APTY,ATHN,FSMT,JUNG,JUNG1,KERG,KIEL2,LMKS,MXCO,NANM,NEWK,OULU",7,"AATB,APTY,ATHN,FSMT,JUNG1,MXCO,NANM",4.954925062109897,5.0633815357161,7.061115665443744,core,supported_multi_station_candidate,A,False,2016,-19.31566666666667,709.0324999999999,24.039833333333334,6.3232083333333335,True,-3.85,1.05,,544.0,13.7,False,False,True,True,True,-7.21,492.85,18.125,146.15000000000003,28.0,1080.0
69,2016-10-24 15:25:00,2016-10-24 15:25:00,2016-10-23 17:38:00,2016-10-26 23:44:00,78.1,6,6,"AATB,ATHN,JUNG,MXCO,NANM,OULU",4.6439041474249185,6.9500940801221445,6.468250099974482,2016-10-23 17:38:00,2016-10-26 02:56:00,2016-10-24 16:02:00,2016-10-26 23:44:00,10,"AATB,ATHN,FSMT,JUNG,JUNG1,KERG,KIEL2,MXCO,NANM,OULU",4,"FSMT,JUNG1,KERG,KIEL2",4.548294228423334,4.026985472717705,6.9500940801221445,core,supported_multi_station_candidate,A,False,2016,-5.409000000000001,731.175,16.739333333333335,8.913201388888888,True,16.583333333333332,1.31,,735.0,15.8,False,True,True,False,True,-6.885,437.9,10.01,71.14999999999998,60.0,16.0
70,2016-10-29 14:22:00,2016-10-29 14:22:00,2016-10-29 14:22:00,2016-10-29 23:38:00,9.266666666666667,1,1,AATB,3.157561976932758,3.157561976932758,5.205825506194558,2016-10-29 14:22:00,2016-10-29 14:22:00,2016-10-29 23:38:00,2016-10-29 23:38:00,2,"AATB,LMKS",1,LMKS,2.6257122935967527,2.6257122935967527,3.157561976932758,core,supported_multi_station_candidate,B,True,2016,-5.5445,664.1541666666667,10.0,3.577746527777778,False,,,,,,False,False,True,True,True,-8.915,686.2,10.48,116.5,26.0,128.0
72,2016-11-02 00:26:00,2016-11-02 00:26:00,2016-11-01 21:18:00,2016-11-03 10:50:00,37.53333333333333,3,3,"FSMT,JUNG,KERG",3.743366790200381,4.015570949944886,4.662079341165057,2016-11-01 21:18:00,2016-11-02 10:48:00,2016-11-03 02:50:00,2016-11-03 10:50:00,11,"AATB,APTY,DRBS,FSMT,JUNG,JUNG1,KERG,LMKS,MXCO,NEWK,OULU",8,"AATB,APTY,DRBS,JUNG1,LMKS,MXCO,NEWK,OULU",4.355410088895259,3.6202255639097767,7.812910093626484,core,supported_multi_station_candidate,A,False,2016,-7.241166666666667,553.5550000000001,7.9991666666666665,5.7009765625,True,-7.433333333333334,1.1,,509.0,7.9,False,True,True,False,True,-4.984999999999999,526.95,7.215,95.94999999999999,78.0,0.0
73,2016-11-07 18:01:00,2016-11-07 18:01:00,2016-11-07 04:22:00,2016-11-09 05:12:00,48.833333333333336,8,8,"AATB,CALM,JUNG,JUNG1,KERG,KIEL2,MXCO,OULU",5.296201585300671,8.738830467824641,6.290619065612685,2016-11-07 04:22:00,2016-11-08 14:28:00,2016-11-07 19:02:00,2016-11-09 05:12:00,13,"AATB,APTY,CALM,DRBS,FSMT,JUNG,JUNG1,KERG,KIEL2,LMKS,MXCO,NEWK,OULU",5,"APTY,DRBS,FSMT,LMKS,NEWK",5.154814793905056,4.675209453410417,8.738830467824641,core,supported_multi_station_candidate,A,False,2016,-5.605666666666667,346.47999999999996,8.691,12.186605902777778,True,-9.016666666666667,0.51,,324.0,6.1,False,False,True,False,True,-4.085,330.6,6.21,32.30000000000001,12.0,0.0
74,2016-11-11 10:10:00,2016-11-11 10:10:00,2016-11-11 10:10:00,2016-11-12 22:04:00,35.9,1,1,LMKS,3.466316444412241,3.466316444412241,3.708130616506167,2016-11-11 10:10:00,2016-11-11 10:10:00,2016-11-12 22:04:00,2016-11-12 22:04:00,3,"AATB,JUNG,LMKS",2,"AATB,JUNG",3.6108641761270346,3.5476449529335015,3.818631131035361,core,supported_multi_station_candidate,B,True,2016,-9.3715,727.76,14.949666666666667,10.53830588972431,True,14.833333333333334,1.27,,735.0,14.9,False,True,True,True,True,-7.855,503.9,11.995000000000001,72.19999999999999,134.0,498.0
76,2016-11-21 17:17:00,2016-11-21 17:17:00,2016-11-21 00:34:00,2016-11-22 23:20:00,46.766666666666666,4,4,"AATB,JUNG,KERG,LMKS",4.130568167697443,5.403976018855765,6.383350241280327,2016-11-21 00:34:00,2016-11-21 23:36:00,2016-11-22 07:20:00,2016-11-22 23:20:00,11,"AATB,APTY,FSMT,JUNG,JUNG1,KERG,KIEL2,LMKS,MXCO,NEWK,OULU",7,"APTY,FSMT,JUNG1,KIEL2,MXCO,NEWK,OULU",4.855730298119991,4.867804971605695,7.460192805609574,core,supported_multi_station_candidate,A,False,2016,-4.589833333333333,493.31166666666667,12.617166666666666,11.037686631944444,True,-0.2833333333333333,2.51,,500.0,12.6,False,False,False,True,True,-7.0,352.9,10.34,27.099999999999966,36.0,154.0
78,2016-11-25 09:56:00,2016-11-25 09:56:00,2016-11-25 09:56:00,2016-11-26 21:28:00,35.53333333333333,1,1,LMKS,5.468560128412813,5.468560128412813,7.3879253999893795,2016-11-25 09:56:00,2016-11-25 09:56:00,2016-11-26 21:28:00,2016-11-26 21:28:00,2,"KERG,LMKS",1,KERG,4.294469671085205,4.294469671085205,5.468560128412813,core,supported_multi_station_candidate,B,True,2016,-4.195333333333333,674.8983333333333,11.080333333333334,4.892464409722223,False,,,,,,False,True,True,True,True,-7.135,723.8,11.04,226.0999999999999,70.0,398.0
79,2016-11-30 10:14:00,2016-11-30 10:14:00,2016-11-28 17:06:00,2016-12-02 11:30:00,90.4,5,5,"APTY,JUNG,JUNG1,KERG,LMKS",3.4878515210502408,4.462464183452173,5.694927386857126,2016-11-28 17:06:00,2016-12-01 15:06:00,2016-11-30 02:28:00,2016-12-02 11:30:00,8,"AATB,APTY,FSMT,JUNG,JUNG1,KERG,LMKS,MXCO",3,"AATB,FSMT,MXCO",3.481877771075858,3.4264313458596165,4.462464183452173,core,supported_multi_station_candidate,A,False,2016,-2.0465,466.89500000000004,6.963666666666667,5.869341312056738,True,-2.2333333333333334,0.39,,377.0,6.9,False,False,True,False,True,-2.065,416.7,5.855,49.75,0.0,0.0
80,2016-12-04 23:22:00,2016-12-04 23:22:00,2016-12-04 03:54:00,2016-12-07 00:58:00,69.06666666666666,5,5,"AATB,APTY,JUNG,LMKS,OULU",3.8059351466281592,5.399432485055683,6.1419674942197595,2016-12-04 03:54:00,2016-12-06 06:38:00,2016-12-05 13:46:00,2016-12-07 00:58:00,10,"AATB,APTY,FSMT,JUNG,JUNG1,KERG,KIEL2,LMKS,NEWK,OULU",5,"FSMT,JUNG1,KERG,KIEL2,NEWK",4.253122577321152,4.545013691842251,5.6635518935196085,core,supported_multi_station_candidate,A,False,2016,-9.296666666666665,354.77333333333337,9.7765,14.573426215277777,True,4.633333333333334,1.01,,355.0,9.8,False,False,False,False,False,-5.515000000000001,292.7,8.01,21.75,24.0,2.0
81,2016-12-08 16:03:00,2016-12-08 16:03:00,2016-12-08 08:20:00,2016-12-10 01:50:00,41.5,4,4,"AATB,FSMT,JUNG1,KERG",3.8042975404938697,4.4823543018383845,5.493333737494496,2016-12-08 08:20:00,2016-12-08 19:00:00,2016-12-08 14:48:00,2016-12-10 01:50:00,11,"AATB,ATHN,FSMT,JUNG,JUNG1,KERG,KIEL2,LMKS,MXCO,NANM,NEWK",7,"ATHN,JUNG,KIEL2,LMKS,MXCO,NANM,NEWK",4.425867679077023,4.249508309262692,7.219035065370785,core,supported_multi_station_candidate,A,False,2016,-6.203333333333333,711.6766666666666,16.6225,8.10216840277778,False,,,,,,False,True,True,True,True,-9.305,690.5999999999999,13.825,236.14999999999992,68.0,222.0
82,2016-12-12 04:58:00,2016-12-12 04:58:00,2016-12-12 04:58:00,2016-12-12 09:10:00,4.2,1,1,APTY,3.4741029718613996,3.4741029718613996,5.994934958003347,2016-12-12 04:58:00,2016-12-12 04:58:00,2016-12-12 09:10:00,2016-12-12 09:10:00,4,"APTY,KERG,KIEL2,LMKS",3,"KERG,KIEL2,LMKS",3.5674822878187054,3.2687983155714875,4.759068346638551,core,supported_multi_station_candidate,A,True,2016,-3.25,689.7383333333333,7.411166666666667,3.333990451388889,False,,,,,,False,False,True,False,True,-3.58,594.3,8.969999999999999,64.94999999999993,8.0,4.0
83,2016-12-14 12:02:00,2016-12-14 12:02:00,2016-12-14 02:36:00,2016-12-15 14:38:00,36.03333333333333,3,3,"AATB,JUNG1,LMKS",2.486830442471724,2.6249899922562174,7.795664855537491,2016-12-14 02:36:00,2016-12-14 19:38:00,2016-12-15 04:42:00,2016-12-15 14:38:00,6,"AATB,ATHN,JUNG1,KERG,LMKS,NANM",3,"ATHN,KERG,NANM",3.4856656588529575,3.044065092047221,6.202516564422983,core,supported_multi_station_candidate,A,False,2016,-1.4311666666666667,548.45,6.3229999999999995,3.611756944444444,False,,,,,,False,False,True,False,True,-3.135,510.85,5.26,50.39999999999998,2.0,0.0
84,2016-12-19 09:48:00,2016-12-19 09:48:00,2016-12-18 11:36:00,2016-12-20 14:08:00,50.53333333333333,5,5,"AATB,APTY,FSMT,JUNG,JUNG1",4.208588448594038,5.531288162595295,5.630783445943369,2016-12-18 11:36:00,2016-12-19 17:44:00,2016-12-19 16:24:00,2016-12-20 14:08:00,8,"AATB,APTY,FSMT,JUNG,JUNG1,KIEL2,LMKS,MXCO",3,"KIEL2,LMKS,MXCO",4.007667778996363,3.8665388195142114,5.531288162595295,core,supported_multi_station_candidate,A,False,2016,-7.203166666666666,485.52666666666664,12.781,9.565732373800584,True,-13.8,0.91,,371.0,7.2,False,False,True,False,True,-4.5649999999999995,383.9,7.890000000000001,41.69999999999993,18.0,0.0
85,2016-12-24 08:31:00,2016-12-24 08:31:00,2016-12-23 18:56:00,2016-12-26 05:34:00,58.63333333333333,2,2,"JUNG,LMKS",4.26773631632886,5.241371406100058,3.174268723622414,2016-12-23 18:56:00,2016-12-24 22:06:00,2016-12-25 04:28:00,2016-12-26 05:34:00,6,"AATB,FSMT,JUNG,JUNG1,KERG,LMKS",4,"AATB,FSMT,JUNG1,KERG",3.8101224789326107,3.7309001454896693,5.241371406100058,core,supported_multi_station_candidate,A,False,2016,-3.6726666666666667,749.0733333333334,7.174833333333334,3.121630208333334,False,,,,,,False,False,True,False,True,-5.29,777.3,6.67,163.54999999999995,16.0,0.0
86,2016-12-30 21:08:00,2016-12-30 21:08:00,2016-12-30 16:00:00,2017-01-01 17:26:00,49.43333333333333,4,4,"AATB,FSMT,KERG,OULU",3.8301263047436978,5.441266665935387,5.854631318853397,2016-12-30 16:00:00,2016-12-31 20:44:00,2016-12-31 20:14:00,2017-01-01 17:26:00,9,"AATB,APTY,FSMT,JUNG,JUNG1,KERG,MXCO,NEWK,OULU",5,"APTY,JUNG,JUNG1,MXCO,NEWK",3.826207547120253,3.557810696910615,5.441266665935387,core,supported_multi_station_candidate,A,False,2016,-8.189166666666667,560.4416666666667,18.1405,8.999354838709676,True,3.8666666666666667,0.93,,556.0,18.3,False,False,True,False,True,-3.22,349.35,6.09,33.900000000000034,8.0,0.0
87,2017-01-02 23:18:00,2017-01-02 23:18:00,2017-01-02 23:18:00,2017-01-03 00:54:00,1.6,1,1,KIEL2,5.110038940600568,5.110038940600568,16.053152740600293,2017-01-02 23:18:00,2017-01-02 23:18:00,2017-01-03 00:54:00,2017-01-03 00:54:00,5,"JUNG,JUNG1,KIEL2,LMKS,OULU",4,"JUNG,JUNG1,LMKS,OULU",4.158808232433619,4.251490176296334,5.110038940600568,core,supported_multi_station_candidate,A,True,2017,-5.591666666666667,552.8225,13.6985,7.78955859155178,True,7.7,0.44,,523.0,10.5,False,True,True,False,True,-5.66,412.4,7.535,41.30000000000007,204.0,0.0
88,2017-01-04 11:39:00,2017-01-04 11:39:00,2017-01-03 20:02:00,2017-01-06 01:10:00,53.13333333333333,4,4,"JUNG,JUNG1,LMKS,NANM",4.401424152706931,5.204849676757607,6.30770418231921,2017-01-03 20:02:00,2017-01-05 00:48:00,2017-01-04 22:20:00,2017-01-06 01:10:00,10,"AATB,APTY,ATHN,BKSN,JUNG,JUNG1,KIEL2,LMKS,NANM,OULU",6,"AATB,APTY,ATHN,BKSN,KIEL2,OULU",4.849767332326575,5.166849416078131,6.560511125827703,core,supported_multi_station_candidate,A,False,2017,-5.591666666666667,738.3633333333333,13.6985,7.612159468744763,True,-6.65,1.28,,744.0,13.9,False,False,True,True,True,-4.98,533.8,14.27,150.44999999999993,18.0,620.0
89,2017-01-07 16:58:00,2017-01-07 16:58:00,2017-01-07 16:58:00,2017-01-08 01:22:00,8.4,1,1,JUNG1,3.2030405410675336,3.2030405410675336,7.778250411313671,2017-01-07 16:58:00,2017-01-07 16:58:00,2017-01-08 01:22:00,2017-01-08 01:22:00,3,"DRBS,JUNG,JUNG1",2,"DRBS,JUNG",5.62300918698529,4.11174991097324,9.554237108915096,core,supported_multi_station_candidate,B,True,2017,-3.1653333333333338,738.3633333333333,10.001833333333334,2.5956167605704263,False,,,,,,False,False,True,False,True,-4.365,759.3,5.1899999999999995,103.34999999999991,20.0,0.0
90,2017-01-10 07:18:00,2017-01-10 07:18:00,2017-01-09 10:58:00,2017-01-11 17:10:00,54.2,2,2,"JUNG,JUNG1",3.698748612834616,4.2597046859397825,7.046343380403355,2017-01-09 10:58:00,2017-01-11 03:38:00,2017-01-10 22:50:00,2017-01-11 17:10:00,3,"JUNG,JUNG1,KERG",1,KERG,3.5579547369703253,3.276366985241744,4.2597046859397825,core,supported_multi_station_candidate,B,False,2017,-3.1653333333333338,707.1983333333334,5.581333333333333,3.1638566247582207,False,,,,,,False,False,True,False,True,-3.0149999999999997,678.5,4.95,97.84999999999991,2.0,0.0
91,2017-01-13 21:57:00,2017-01-13 21:57:00,2017-01-12 06:18:00,2017-01-17 02:30:00,116.2,6,6,"APTY,JUNG,JUNG1,KERG,KIEL2,LMKS",4.039248374866029,5.167820959469799,4.985379666320406,2017-01-12 06:18:00,2017-01-16 08:50:00,2017-01-12 18:20:00,2017-01-17 02:30:00,9,"AATB,APTY,FSMT,JUNG,JUNG1,KERG,KIEL2,LMKS,MXCO",3,"AATB,FSMT,MXCO",3.710012747687059,3.642702360482576,5.167820959469799,core,supported_multi_station_candidate,A,False,2017,-3.7858333333333336,425.83250000000004,5.915166666666667,9.025246527777776,False,,,,,,False,False,False,False,False,-4.56,386.3,6.825,29.80000000000001,20.0,0.0
92,2017-01-19 21:07:00,2017-01-19 21:07:00,2017-01-19 15:48:00,2017-01-21 03:14:00,35.43333333333333,2,2,"AATB,NANM",3.8279364716724884,4.280062535416075,9.364250281635986,2017-01-19 15:48:00,2017-01-20 02:26:00,2017-01-19 22:46:00,2017-01-21 03:14:00,7,"AATB,APTY,JUNG1,KERG,LMKS,NANM,NEWK",5,"APTY,JUNG1,KERG,LMKS,NEWK",3.698214110272199,3.8169720981614286,4.807575856228232,core,supported_multi_station_candidate,A,False,2017,-5.0835,612.1941666666667,15.690833333333334,7.087556423611112,False,,,,,,False,False,True,False,True,-4.390000000000001,633.2,5.835,97.60000000000002,10.0,0.0
93,2017-01-24 21:02:00,2017-01-24 21:02:00,2017-01-24 16:14:00,2017-01-26 04:00:00,35.766666666666666,4,4,"AATB,APTY,JUNG,NANM",3.6772459487643507,4.072757082777925,5.7661884420916785,2017-01-24 16:14:00,2017-01-25 10:30:00,2017-01-25 15:56:00,2017-01-26 04:00:00,8,"AATB,APTY,JUNG,JUNG1,LMKS,NANM,NEWK,OULU",4,"JUNG1,LMKS,NEWK,OULU",3.832606151707643,3.8600466708217205,5.4168068905555415,core,supported_multi_station_candidate,A,False,2017,-6.538833333333333,547.1666666666666,12.488333333333333,6.811129304471696,True,1.9666666666666666,0.53,,352.0,7.3,False,False,True,False,True,-6.295,364.6,7.86,48.200000000000045,36.0,0.0
94,2017-01-29 11:52:00,2017-01-29 11:52:00,2017-01-29 11:52:00,2017-01-29 14:54:00,3.033333333333333,1,1,AATB,1.863595013154851,1.863595013154851,13.533349657332778,2017-01-29 11:52:00,2017-01-29 11:52:00,2017-01-29 14:54:00,2017-01-29 14:54:00,3,"AATB,JUNG,JUNG1",2,"JUNG,JUNG1",2.9921465920194112,3.330424347072363,3.7824204158310195,core,supported_multi_station_candidate,B,True,2017,-3.880333333333333,640.3766666666667,14.136833333333334,6.698321466269141,True,15.133333333333333,0.37,,539.0,8.9,False,False,True,False,True,-4.375,480.8,6.97,61.5,46.0,0.0
95,2017-01-30 22:34:00,2017-01-30 22:34:00,2017-01-30 16:50:00,2017-02-01 05:24:00,36.56666666666667,4,4,"JUNG,JUNG1,KIEL2,LMKS",4.222239627027113,6.035107738288726,5.219426794303668,2017-01-30 16:50:00,2017-01-31 04:44:00,2017-01-31 15:18:00,2017-02-01 05:24:00,8,"AATB,APTY,FSMT,JUNG,JUNG1,KIEL2,LMKS,OULU",4,"AATB,APTY,FSMT,OULU",4.227601788434025,4.0979721114746255,6.21690658242436,core,supported_multi_station_candidate,A,False,2017,-4.412833333333333,752.015,16.6845,6.3332865909890526,True,4.433333333333334,1.37,,753.0,16.8,False,False,True,True,True,-4.665,545.5,14.085,122.85000000000002,6.0,96.0
96,2017-02-05 01:46:00,2017-02-05 01:46:00,2017-02-03 14:38:00,2017-02-06 23:08:00,80.5,3,3,"AATB,ATHN,KERG",3.3423689354738113,4.496167128264005,5.328623573532173,2017-02-03 14:38:00,2017-02-06 02:24:00,2017-02-04 23:58:00,2017-02-06 23:08:00,4,"AATB,ATHN,JUNG1,KERG",1,JUNG1,3.2944267629192443,3.326441820686485,4.496167128264005,core,supported_multi_station_candidate,A,False,2017,-3.4383333333333335,649.1616666666666,7.615833333333333,2.822150441894712,True,2.2333333333333334,0.57,,640.0,7.6,False,False,True,False,True,-4.4,558.5999999999999,7.484999999999999,56.799999999999955,30.0,0.0
97,2017-02-08 20:38:00,2017-02-08 20:38:00,2017-02-08 07:18:00,2017-02-10 07:14:00,47.93333333333333,6,6,"APTY,ATHN,FSMT,KERG,LMKS,OULU",4.422373620391536,6.770380462617229,6.006078050983995,2017-02-08 07:18:00,2017-02-09 20:40:00,2017-02-09 04:32:00,2017-02-10 07:14:00,10,"AATB,APTY,ATHN,FSMT,JUNG,JUNG1,KERG,LMKS,NANM,OULU",4,"AATB,JUNG,JUNG1,NANM",4.087360631428901,3.9930988627758035,6.770380462617229,core,supported_multi_station_candidate,A,False,2017,-4.094333333333333,552.2216666666666,7.846,5.188165913982649,True,-7.633333333333334,0.74,,460.0,8.0,False,False,True,False,True,-3.29,482.6,6.625,56.30000000000001,2.0,0.0
98,2017-02-11 19:42:00,2017-02-11 19:42:00,2017-02-11 19:42:00,2017-02-12 10:28:00,14.766666666666667,1,1,KERG,3.7705317031209673,3.7705317031209673,4.253832015665009,2017-02-11 19:42:00,2017-02-11 19:42:00,2017-02-12 10:28:00,2017-02-12 10:28:00,3,"AATB,DRBS,KERG",2,"AATB,DRBS",4.985153770352887,3.7705317031209673,8.623604627368842,core,supported_multi_station_candidate,B,True,2017,-4.094333333333333,444.43416666666667,5.800833333333333,6.772944444444445,True,-0.7,0.68,,370.0,5.4,False,False,True,False,True,-1.355,419.54999999999995,3.29,42.89999999999998,0.0,0.0
99,2017-02-13 16:58:00,2017-02-13 16:58:00,2017-02-13 03:44:00,2017-02-14 22:52:00,43.13333333333333,2,2,"JUNG,KIEL2",3.9033144342597432,4.413770606905814,7.880506730367417,2017-02-13 03:44:00,2017-02-14 06:12:00,2017-02-14 03:32:00,2017-02-14 22:52:00,5,"APTY,FSMT,JUNG,KIEL2,LMKS",3,"APTY,FSMT,LMKS",3.5103995560808494,3.3928582616136724,4.413770606905814,core,supported_multi_station_candidate,A,False,2017,-3.5265,373.4808333333333,5.223166666666667,10.798268229166666,False,,,,,,False,False,True,False,True,-4.9,344.2,6.105,31.5,38.0,0.0
100,2017-02-16 05:38:00,2017-02-16 05:38:00,2017-02-15 20:48:00,2017-02-17 03:56:00,31.133333333333333,3,3,"JUNG,JUNG1,KERG",3.473977563462751,4.216659267679448,6.666158711134891,2017-02-15 20:48:00,2017-02-17 02:42:00,2017-02-16 09:56:00,2017-02-17 03:56:00,5,"AATB,JUNG,JUNG1,KERG,NEWK",2,"AATB,NEWK",3.512397423489402,3.1190389352958223,4.901908815681272,core,supported_multi_station_candidate,A,False,2017,-6.572777777777778,511.83916666666664,10.173166666666667,11.669271533564118,True,-8.633333333333333,0.42,,384.0,9.8,False,True,True,True,True,-5.425,378.9,9.425,70.59999999999997,86.0,70.0
101,2017-02-18 20:58:00,2017-02-18 20:58:00,2017-02-18 08:06:00,2017-02-20 08:28:00,48.36666666666667,3,3,"DRBS,KERG,LMKS",5.32670368089067,8.473378307539578,6.79283754272408,2017-02-18 08:06:00,2017-02-19 22:58:00,2017-02-18 21:46:00,2017-02-20 08:28:00,5,"AATB,DRBS,JUNG,KERG,LMKS",2,"AATB,JUNG",4.309445697716186,3.4722048233250673,8.473378307539578,core,supported_multi_station_candidate,A,False,2017,-6.272333333333333,593.52,10.173166666666667,5.421619791666667,False,,,,,,False,False,True,True,True,-7.225,611.5,9.545,108.80000000000001,34.0,82.0
102,2017-02-21 03:54:00,2017-02-21 03:54:00,2017-02-21 03:54:00,2017-02-21 20:38:00,16.733333333333334,1,1,LMKS,3.6277784582326307,3.6277784582326307,6.751112538500469,2017-02-21 03:54:00,2017-02-21 03:54:00,2017-02-21 20:38:00,2017-02-21 20:38:00,3,"APTY,JUNG1,LMKS",2,"APTY,JUNG1",3.2516223323899,3.214937269944314,3.6277784582326307,core,supported_multi_station_candidate,B,True,2017,-3.9485,586.64,7.6915000000000004,5.514525173611112,True,8.1,0.52,,441.0,7.8,False,False,True,False,True,-4.78,512.3,5.84,69.64999999999998,34.0,0.0
103,2017-02-23 14:31:00,2017-02-23 14:31:00,2017-02-22 17:28:00,2017-02-24 23:12:00,53.733333333333334,8,8,"FSMT,JUNG,JUNG1,KERG,KIEL2,LMKS,NEWK,OULU",3.866964565331603,4.82333498637264,5.573342784900564,2017-02-22 17:28:00,2017-02-24 19:28:00,2017-02-23 15:42:00,2017-02-24 23:12:00,11,"AATB,ATHN,BKSN,FSMT,JUNG,JUNG1,KERG,KIEL2,LMKS,NEWK,OULU",3,"AATB,ATHN,BKSN",4.032742368704813,3.552380207785234,6.131471278127436,core,supported_multi_station_candidate,A,False,2017,-5.1815,637.6075,10.827,6.73858256740196,False,,,,,,False,False,True,True,True,-8.305,577.55,12.39,116.19999999999993,30.0,324.0
104,2017-02-28 16:06:00,2017-02-28 16:06:00,2017-02-27 17:40:00,2017-03-02 19:44:00,74.06666666666666,5,5,"AATB,BKSN,JUNG,JUNG1,KERG",4.315619902383573,5.968331110300023,5.531505069262042,2017-02-27 17:40:00,2017-03-01 07:54:00,2017-03-01 03:30:00,2017-03-02 19:44:00,12,"AATB,APTY,BKSN,FSMT,JUNG,JUNG1,KERG,KIEL2,LMKS,MXCO,NEWK,OULU",7,"APTY,FSMT,KIEL2,LMKS,MXCO,NEWK,OULU",4.388722453378883,4.520586661643396,5.968331110300023,core,supported_multi_station_candidate,A,False,2017,-5.613833333333333,712.6741666666666,18.183083333333332,8.375957465277777,True,2.9,1.66,,714.0,17.4,False,False,True,False,True,-6.505000000000001,432.35,8.895,48.05000000000007,20.0,40.0
105,2017-03-05 21:18:00,2017-03-05 21:18:00,2017-03-05 16:58:00,2017-03-06 08:00:00,15.033333333333333,2,2,"APTY,JUNG",4.751061321306947,4.787871968133284,5.794614652286349,2017-03-05 16:58:00,2017-03-06 01:38:00,2017-03-06 03:28:00,2017-03-06 08:00:00,4,"APTY,JUNG,JUNG1,KERG",2,"JUNG1,KERG",4.346113822329381,4.33342008754046,4.787871968133284,core,supported_multi_station_candidate,A,False,2017,-3.5541666666666667,687.985,6.101333333333333,2.942918932748538,False,,,,,,False,False,True,False,True,-4.72,689.95,5.265000000000001,98.55000000000007,24.0,0.0
106,2017-03-07 23:56:00,2017-03-07 23:56:00,2017-03-07 23:56:00,2017-03-08 21:06:00,21.166666666666668,1,1,AATB,2.3462502751487517,2.3462502751487517,7.385625831025044,2017-03-07 23:56:00,2017-03-07 23:56:00,2017-03-08 21:06:00,2017-03-08 21:06:00,3,"AATB,JUNG,LMKS",2,"JUNG,LMKS",2.9706743120776724,3.1014380765709206,3.464334584513344,core,supported_multi_station_candidate,B,True,2017,-2.933,638.6833333333333,6.101333333333333,3.3681127923976613,True,4.066666666666666,0.51,,555.0,6.3,False,False,True,False,True,-4.49,657.1,6.355,110.60000000000002,18.0,0.0
107,2017-03-09 18:24:00,2017-03-09 18:24:00,2017-03-09 18:24:00,2017-03-10 04:14:00,9.833333333333334,1,1,JUNG1,2.6982794332416775,2.6982794332416775,4.36852540480484,2017-03-09 18:24:00,2017-03-09 18:24:00,2017-03-10 04:14:00,2017-03-10 04:14:00,4,"AATB,ATHN,JUNG1,NANM",3,"AATB,ATHN,NANM",3.8621185931581135,3.214629049038963,6.498487087467459,core,supported_multi_station_candidate,A,True,2017,-4.199333333333334,567.315,6.077333333333333,3.9362934027777783,False,,,,,,False,False,True,False,True,-4.205,555.0,5.36,55.10000000000002,12.0,0.0
108,2017-03-15 07:05:00,2017-03-15 07:05:00,2017-03-14 22:34:00,2017-03-17 03:12:00,52.63333333333333,2,2,"JUNG1,LMKS",2.9613006227554575,2.96538260164972,6.772047210218146,2017-03-14 22:34:00,2017-03-15 15:36:00,2017-03-15 20:58:00,2017-03-17 03:12:00,3,"JUNG,JUNG1,LMKS",1,JUNG,3.174782509408151,2.96538260164972,3.601746282713539,core,supported_multi_station_candidate,B,False,2017,-4.340333333333334,405.3183333333333,8.993166666666667,8.478078125,True,-7.083333333333333,0.75,,408.0,9.0,False,True,True,True,True,-6.17,386.7,9.195,72.14999999999998,92.0,74.0
109,2017-03-17 19:54:00,2017-03-17 19:54:00,2017-03-17 19:54:00,2017-03-19 05:04:00,33.166666666666664,1,1,LMKS,2.4807041013798488,2.4807041013798488,8.80333829877383,2017-03-17 19:54:00,2017-03-17 19:54:00,2017-03-19 05:04:00,2017-03-19 05:04:00,3,"JUNG,JUNG1,LMKS",2,"JUNG,JUNG1",3.1465526384240525,3.2925584433908033,3.6663953705015038,core,supported_multi_station_candidate,B,True,2017,-4.340333333333334,405.3183333333333,7.396833333333333,7.1491657986111115,False,,,,,,False,False,False,False,False,-2.885,351.4,3.55,24.299999999999955,0.0,0.0
110,2017-03-22 06:04:00,2017-03-22 06:04:00,2017-03-20 12:34:00,2017-03-25 05:08:00,112.56666666666666,9,9,"AATB,DRBS,FSMT,JUNG,JUNG1,KERG,LMKS,NANM,NEWK",4.584998187541042,8.677651936952074,6.828656189108691,2017-03-20 12:34:00,2017-03-24 01:06:00,2017-03-21 04:14:00,2017-03-25 05:08:00,9,"AATB,DRBS,FSMT,JUNG,JUNG1,KERG,LMKS,NANM,NEWK",0,,4.584998187541043,3.9969100706185046,8.677651936952074,core,supported_multi_station_candidate,A,False,2017,-4.663166666666667,686.265,14.959166666666667,7.467750868055556,False,,,,,,False,False,True,True,True,-9.105,719.4,13.815,127.89999999999998,44.0,478.0
111,2017-03-28 11:38:00,2017-03-28 11:38:00,2017-03-26 21:44:00,2017-03-30 17:36:00,91.86666666666666,6,6,"AATB,BKSN,DRBS,JUNG1,KERG,LMKS",4.580005060593311,6.533633810063184,6.007110533256771,2017-03-26 21:44:00,2017-03-30 00:40:00,2017-03-27 19:56:00,2017-03-30 17:36:00,9,"AATB,BKSN,CALM,DRBS,JUNG,JUNG1,KERG,LMKS,NANM",3,"CALM,JUNG,NANM",4.915161403146994,4.359598110969679,7.6139245239388105,core,supported_multi_station_candidate,A,False,2017,-7.507666666666666,713.5508333333333,14.9655,5.960668402777777,False,,,,,,False,False,True,False,True,-6.125,750.6500000000001,8.295,116.25,44.0,2.0
112,2017-04-04 13:41:00,2017-04-04 13:41:00,2017-04-02 13:18:00,2017-04-05 22:02:00,80.73333333333333,6,6,"BKSN,DRBS,FSMT,JUNG1,KERG,LMKS",4.668595004694552,6.0414726240826155,5.792122755791756,2017-04-02 13:18:00,2017-04-04 19:36:00,2017-04-03 15:20:00,2017-04-05 22:02:00,11,"AATB,BKSN,DRBS,FSMT,JUNG,JUNG1,KERG,KIEL2,LMKS,MXCO,NEWK",5,"AATB,JUNG,KIEL2,MXCO,NEWK",4.501292369406499,4.740689125655331,6.0414726240826155,core,supported_multi_station_candidate,A,False,2017,-11.341833333333334,498.125,16.242666666666665,7.902964743589744,True,-11.683333333333334,1.4,,440.0,16.2,False,True,True,True,True,-12.32,453.95000000000005,17.47,62.05000000000007,320.0,892.0
113,2017-04-10 01:56:00,2017-04-10 01:56:00,2017-04-08 22:46:00,2017-04-12 17:20:00,90.56666666666666,5,5,"AATB,APTY,FSMT,KERG,LMKS",3.218408408617102,4.124645173801394,5.614951339816151,2017-04-08 22:46:00,2017-04-11 11:08:00,2017-04-09 16:58:00,2017-04-12 17:20:00,5,"AATB,APTY,FSMT,KERG,LMKS",0,,3.218408408617102,3.2554985632387363,4.124645173801394,core,supported_multi_station_candidate,A,False,2017,-5.045,607.8066666666667,9.696,7.365950520833333,False,,,,,,False,False,True,True,True,-5.305,486.54999999999995,9.325,60.18333333333328,30.0,330.0
114,2017-04-15 07:04:00,2017-04-15 07:04:00,2017-04-15 03:40:00,2017-04-16 18:26:00,38.766666666666666,2,2,"JUNG1,LMKS",3.7660084668193483,4.620790740491164,6.7843315535729865,2017-04-15 03:40:00,2017-04-15 10:28:00,2017-04-16 11:44:00,2017-04-16 18:26:00,3,"JUNG,JUNG1,LMKS",1,JUNG,3.935790781239564,4.275355410079995,4.620790740491164,core,supported_multi_station_candidate,B,False,2017,-5.70325,442.2966666666667,7.951583333333334,6.390085069444445,False,,,,,,False,True,True,False,True,-5.33,380.15,6.68,57.299999999999955,164.0,0.0
115,2017-04-19 23:04:00,2017-04-19 23:04:00,2017-04-18 11:54:00,2017-04-22 06:28:00,90.56666666666666,8,8,"AATB,JUNG,JUNG1,KERG,KIEL2,LMKS,NEWK,OULU",4.176175355534589,5.079477876929983,4.623449977773194,2017-04-18 11:54:00,2017-04-21 06:46:00,2017-04-19 22:52:00,2017-04-22 06:28:00,13,"AATB,BKSN,CALM,DRBS,FSMT,JUNG,JUNG1,KERG,KIEL2,LMKS,NANM,NEWK,OULU",5,"BKSN,CALM,DRBS,FSMT,NANM",4.687272352664141,4.30041687522408,8.87774388124157,core,supported_multi_station_candidate,A,False,2017,-8.113333333333333,636.0558333333333,14.969166666666666,10.70246409848934,False,,,,,,False,True,True,True,True,-10.765,554.8,16.665,116.19999999999993,112.0,438.0
116,2017-04-28 01:16:00,2017-04-28 01:16:00,2017-04-27 06:46:00,2017-04-28 17:58:00,35.2,3,3,"JUNG1,KERG,LMKS",3.1400186538802166,3.5040393507447085,5.030339454885413,2017-04-27 06:46:00,2017-04-28 05:00:00,2017-04-28 11:00:00,2017-04-28 17:58:00,4,"APTY,JUNG1,KERG,LMKS",1,APTY,3.558899593854666,3.276455171975388,4.815542413778014,core,supported_multi_station_candidate,A,False,2017,-3.8156666666666665,564.7708333333334,7.3625,2.7847294003739314,False,,,,,,False,False,True,False,True,-4.33,494.15,5.805,87.54999999999995,22.0,0.0
117,2017-04-30 17:00:00,2017-04-30 17:00:00,2017-04-30 11:18:00,2017-05-02 23:36:00,60.3,7,7,"APTY,ATHN,CALM,FSMT,JUNG,KERG,LMKS",5.230026183188395,8.837420533196024,6.654232929989645,2017-04-30 11:18:00,2017-05-01 15:18:00,2017-05-01 08:26:00,2017-05-02 23:36:00,12,"APTY,ATHN,BKSN,CALM,DRBS,FSMT,JUNG,JUNG1,KERG,KIEL2,LMKS,NEWK",5,"BKSN,DRBS,JUNG1,KIEL2,NEWK",5.296548304287698,4.690940514532467,8.837420533196024,core,supported_multi_station_candidate,A,False,2017,-3.8216666666666668,415.5133333333333,7.3625,5.441927835051546,False,,,,,,False,False,True,False,True,-2.705,389.2,5.449999999999999,34.55000000000001,0.0,0.0
118,2017-05-05 12:08:00,2017-05-05 12:08:00,2017-05-05 12:08:00,2017-05-06 19:10:00,31.033333333333335,1,1,KERG,3.227280791276967,3.227280791276967,9.346291015769877,2017-05-05 12:08:00,2017-05-05 12:08:00,2017-05-06 19:10:00,2017-05-06 19:10:00,3,"AATB,KERG,LMKS",2,"AATB,LMKS",3.0562042633404274,3.227280791276967,3.4238617749699674,core,supported_multi_station_candidate,B,True,2017,-4.1866666666666665,398.1166666666667,8.521833333333333,9.115353379221512,True,-14.75,0.42,,399.0,8.0,False,False,True,False,True,-1.83,404.05,8.120000000000001,34.39999999999998,0.0,6.0
119,2017-05-08 15:30:00,2017-05-08 15:30:00,2017-05-08 15:30:00,2017-05-09 14:40:00,23.166666666666668,1,1,AATB,2.7426009761428918,2.7426009761428918,3.7328117766092737,2017-05-08 15:30:00,2017-05-08 15:30:00,2017-05-09 14:40:00,2017-05-09 14:40:00,3,"AATB,LMKS,NANM",2,"LMKS,NANM",3.1876167557486763,2.7426009761428918,4.226442645534213,core,supported_multi_station_candidate,B,True,2017,-3.7568333333333332,385.07666666666665,8.1835,9.203697048611112,True,17.5,0.38,,398.0,8.4,False,False,True,False,True,-3.585,397.85,7.76,46.400000000000034,2.0,0.0
120,2017-05-10 06:50:00,2017-05-10 06:50:00,2017-05-10 06:50:00,2017-05-11 18:00:00,35.166666666666664,1,1,LMKS,2.221620186980726,2.221620186980726,8.007819477913888,2017-05-10 06:50:00,2017-05-10 06:50:00,2017-05-11 18:00:00,2017-05-11 18:00:00,2,"JUNG,LMKS",1,JUNG,3.120522307186815,3.120522307186815,4.019424427392903,core,supported_multi_station_candidate,B,True,2017,-3.413,388.7107142857143,8.763666666666667,10.041434033228676,False,,,,,,False,False,True,True,True,-3.03,379.3,8.66,41.400000000000034,4.0,76.0
121,2017-05-13 13:20:00,2017-05-13 13:20:00,2017-05-13 13:20:00,2017-05-13 22:44:00,9.4,1,1,JUNG1,3.4202636122991024,3.4202636122991024,10.590495615417668,2017-05-13 13:20:00,2017-05-13 13:20:00,2017-05-13 22:44:00,2017-05-13 22:44:00,3,"JUNG,JUNG1,LMKS",2,"JUNG,LMKS",3.1118075144190445,3.4202636122991024,3.67690511327916,core,supported_multi_station_candidate,B,True,2017,-4.809833333333333,406.04,11.6095,16.483906200941913,True,-9.333333333333334,0.23,,341.0,8.8,False,False,True,False,True,-2.1100000000000003,353.75,5.57,34.85000000000002,0.0,0.0
122,2017-05-15 03:23:00,2017-05-15 03:23:00,2017-05-14 18:56:00,2017-05-16 17:58:00,47.03333333333333,2,2,"APTY,KERG",4.005281625266211,4.174484079462039,3.0011109710476163,2017-05-14 18:56:00,2017-05-15 11:50:00,2017-05-15 20:36:00,2017-05-16 17:58:00,9,"APTY,BKSN,FSMT,KERG,KIEL2,LMKS,MXCO,NANM,OULU",7,"BKSN,FSMT,KIEL2,LMKS,MXCO,NANM,OULU",4.116819892327077,3.836079171070384,5.004602628975384,core,supported_multi_station_candidate,A,False,2017,-4.809833333333333,610.2588333333333,15.563666666666668,14.023880208333333,True,1.6166666666666667,0.99,,608.0,14.9,False,True,True,True,True,-6.84,360.95,10.66,45.349999999999966,62.0,250.0
123,2017-05-18 10:18:00,2017-05-18 10:18:00,2017-05-18 09:22:00,2017-05-18 23:06:00,13.733333333333333,2,2,"AATB,JUNG",3.0861210867639626,3.681508367649063,4.986826272045965,2017-05-18 09:22:00,2017-05-18 11:14:00,2017-05-18 16:32:00,2017-05-18 23:06:00,4,"AATB,JUNG,JUNG1,KERG",2,"JUNG1,KERG",3.558450691987831,3.8490260121340163,4.04501693780443,core,supported_multi_station_candidate,A,False,2017,-6.137666666666666,719.6608333333334,11.95,6.501851562500001,True,-8.3,0.72,,437.0,9.4,False,True,True,True,True,-6.335,455.05,9.61,55.35000000000002,116.0,526.0
124,2017-05-20 09:54:00,2017-05-20 09:54:00,2017-05-19 14:46:00,2017-05-21 23:56:00,57.166666666666664,4,4,"DRBS,FSMT,LMKS,NANM",4.386028857149377,6.966644039936005,5.336611792278366,2017-05-19 14:46:00,2017-05-20 20:48:00,2017-05-20 15:16:00,2017-05-21 23:56:00,5,"APTY,DRBS,FSMT,LMKS,NANM",1,APTY,4.130069714460766,3.5236852858737,6.966644039936005,core,supported_multi_station_candidate,A,False,2017,-6.137666666666666,724.6474999999999,11.95,4.739838541666667,False,,,,,,False,True,True,True,True,-12.225,758.85,13.715,173.0,82.0,346.0
125,2017-05-23 22:32:00,2017-05-23 22:32:00,2017-05-23 22:32:00,2017-05-25 01:50:00,27.3,1,1,APTY,3.640441221334683,3.640441221334683,4.177643284220719,2017-05-23 22:32:00,2017-05-23 22:32:00,2017-05-25 01:50:00,2017-05-25 01:50:00,2,"APTY,KERG",1,KERG,3.697359546162475,3.697359546162475,3.754277870990267,core,supported_multi_station_candidate,B,True,2017,-2.7511666666666668,588.4333333333333,6.672333333333333,2.4683242753623187,False,,,,,,False,False,True,False,True,-3.05,512.7,4.785,59.50000000000006,2.0,0.0
126,2017-05-27 12:56:00,2017-05-27 12:56:00,2017-05-27 01:04:00,2017-05-28 22:58:00,45.9,7,7,"APTY,DRBS,JUNG,JUNG1,KERG,NEWK,OULU",5.273633412246825,9.882057782385164,8.07586740724211,2017-05-27 01:04:00,2017-05-27 22:28:00,2017-05-27 05:10:00,2017-05-28 22:58:00,8,"APTY,DRBS,FSMT,JUNG,JUNG1,KERG,NEWK,OULU",1,FSMT,5.192084699741063,4.4848141213972355,9.882057782385164,core,supported_multi_station_candidate,A,False,2017,-21.12066666666667,395.39833333333337,22.462833333333332,10.649698784722224,True,2.6333333333333333,2.83,SSC,401.0,22.8,True,True,True,False,True,-7.475,384.35,9.955,95.0,68.0,12.0
128,2017-06-03 08:02:00,2017-06-03 08:02:00,2017-06-03 08:02:00,2017-06-03 23:16:00,15.233333333333333,1,1,KERG,3.6543558642114355,3.6543558642114355,10.55258065905849,2017-06-03 08:02:00,2017-06-03 08:02:00,2017-06-03 23:16:00,2017-06-03 23:16:00,3,"FSMT,JUNG1,KERG",2,"FSMT,JUNG1",3.25957058483908,3.2294733274326823,3.6543558642114355,core,supported_multi_station_candidate,B,True,2017,-10.975,480.76,11.997833333333334,7.845400717703349,True,-0.03333333333333333,0.5,,480.0,12.1,False,True,True,True,True,-12.575,411.3,13.045,63.60000000000002,104.0,100.0
129,2017-06-06 01:44:00,2017-06-06 01:44:00,2017-06-05 22:46:00,2017-06-07 01:46:00,27.0,2,2,"AATB,JUNG1",2.7774035422456684,3.2614856609382343,9.884168724236515,2017-06-05 22:46:00,2017-06-06 04:42:00,2017-06-06 14:54:00,2017-06-07 01:46:00,4,"AATB,APTY,DRBS,JUNG1",2,"APTY,DRBS",4.19205800022912,3.5743892561994643,7.32613206496445,core,supported_multi_station_candidate,A,False,2017,-3.4291666666666667,478.9691666666667,6.900333333333333,7.811824592074593,True,-15.733333333333333,0.38,,380.0,6.9,False,False,True,False,True,-4.225,388.1,7.095000000000001,50.39999999999998,10.0,0.0
131,2017-06-12 15:10:00,2017-06-12 15:10:00,2017-06-12 08:14:00,2017-06-13 23:06:00,38.86666666666667,5,5,"AATB,JUNG1,LMKS,NANM,NEWK",3.574776725064818,5.105646338252481,5.184857285870923,2017-06-12 08:14:00,2017-06-12 21:38:00,2017-06-13 01:38:00,2017-06-13 23:06:00,10,"AATB,APTY,FSMT,JUNG,JUNG1,KERG,KIEL2,LMKS,NANM,NEWK",5,"APTY,FSMT,JUNG,KERG,KIEL2",3.7309833371222383,3.730445894500528,5.105646338252481,core,supported_multi_station_candidate,A,False,2017,-8.011833333333334,527.9983333333333,13.164666666666667,7.664739872685185,False,,,,,,False,False,True,True,True,-6.29,538.3,9.625,124.79999999999995,38.0,856.0
132,2017-06-16 08:32:00,2017-06-16 08:32:00,2017-06-15 22:40:00,2017-06-18 06:40:00,56.0,7,7,"DRBS,FSMT,JUNG1,KERG,KIEL2,LMKS,NANM",4.609112424176258,8.802883982082454,5.9172414003146505,2017-06-15 22:40:00,2017-06-17 04:56:00,2017-06-17 05:32:00,2017-06-18 06:40:00,8,"DRBS,FSMT,JUNG1,KERG,KIEL2,LMKS,NANM,NEWK",1,NEWK,4.634172118906933,4.26147094617361,8.802883982082454,core,supported_multi_station_candidate,A,False,2017,-6.786833333333333,624.2175000000001,13.616333333333333,6.834215277777777,True,-5.533333333333333,1.03,,623.0,13.7,False,True,True,True,True,-9.870000000000001,548.1,15.49,178.40000000000003,108.0,358.0
133,2017-06-22 20:02:00,2017-06-22 20:02:00,2017-06-22 08:46:00,2017-06-24 09:02:00,48.266666666666666,4,4,"FSMT,JUNG,NEWK,OULU",4.416017745418896,5.309878892764781,7.8684360551637225,2017-06-22 08:46:00,2017-06-23 04:04:00,2017-06-23 04:44:00,2017-06-24 09:02:00,10,"AATB,APTY,FSMT,JUNG,KERG,KIEL2,LMKS,NANM,NEWK,OULU",6,"AATB,APTY,KERG,KIEL2,LMKS,NANM",4.148466820578546,4.0938255913240695,5.309878892764781,core,supported_multi_station_candidate,A,False,2017,-5.0649999999999995,383.54249999999996,7.9191666666666665,7.0708796787503685,True,-1.0333333333333334,0.46,,389.0,7.7,False,False,True,False,True,-3.6399999999999997,349.65,8.315000000000001,43.450000000000045,10.0,20.0
134,2017-06-25 12:58:00,2017-06-25 12:58:00,2017-06-25 07:20:00,2017-06-27 00:48:00,41.46666666666667,3,3,"JUNG,JUNG1,LMKS",3.241154667570189,3.771797117702465,7.968821774049246,2017-06-25 07:20:00,2017-06-25 23:42:00,2017-06-25 23:30:00,2017-06-27 00:48:00,6,"AATB,JUNG,JUNG1,KERG,LMKS,MXCO",3,"AATB,KERG,MXCO",3.2878256727810875,3.467726824872722,4.080956866562884,core,supported_multi_station_candidate,A,False,2017,-6.193333333333333,555.235,10.366000000000001,6.000393870314083,True,-16.966666666666665,1.16,,548.0,10.0,False,True,True,True,True,-7.07,507.5,10.76,82.95000000000005,100.0,402.0
135,2017-06-30 19:07:00,2017-06-30 19:07:00,2017-06-30 12:34:00,2017-07-01 21:04:00,32.5,4,4,"JUNG,JUNG1,KERG,MXCO",3.7827065551413894,4.489915656032208,7.421833753020519,2017-06-30 12:34:00,2017-07-01 19:18:00,2017-07-01 18:46:00,2017-07-01 21:04:00,6,"FSMT,JUNG,JUNG1,KERG,LMKS,MXCO",2,"FSMT,LMKS",3.586309864709051,3.345193880589693,4.489915656032208,core,supported_multi_station_candidate,A,False,2017,-7.362833333333333,499.56499999999994,17.955333333333332,8.027920860389612,True,11.883333333333333,0.62,,494.0,18.2,False,False,False,False,False,-5.15,359.0,5.955,21.100000000000023,42.0,0.0
136,2017-07-03 05:52:00,2017-07-03 05:52:00,2017-07-03 05:52:00,2017-07-04 02:10:00,20.3,1,1,KERG,3.6076715770704477,3.6076715770704477,8.680343263816255,2017-07-03 05:52:00,2017-07-03 05:52:00,2017-07-04 02:10:00,2017-07-04 02:10:00,2,"KERG,LMKS",1,LMKS,2.8300512976724033,2.8300512976724033,3.6076715770704477,core,supported_multi_station_candidate,B,True,2017,-7.362833333333333,499.56499999999994,17.955333333333332,7.876578446115287,True,-2.6,0.41,,440.0,5.7,False,False,True,False,True,-3.485,500.3,9.865,100.25000000000006,2.0,52.0
137,2017-07-07 08:18:00,2017-07-07 08:18:00,2017-07-07 05:14:00,2017-07-08 01:24:00,20.166666666666668,2,2,"JUNG,JUNG1",4.010465073219214,4.386422321028661,6.7735133139952595,2017-07-07 05:14:00,2017-07-07 11:22:00,2017-07-07 17:16:00,2017-07-08 01:24:00,4,"DRBS,JUNG,JUNG1,KERG",2,"DRBS,KERG",5.228178110863122,4.234142418202394,8.809919781637934,core,supported_multi_station_candidate,A,False,2017,-8.010333333333334,446.34666666666664,12.561666666666667,8.29700801660908,True,-11.3,0.35,,416.0,7.2,False,True,True,False,True,-6.609999999999999,437.1,7.74,94.60000000000002,70.0,0.0
138,2017-07-10 18:01:00,2017-07-10 18:01:00,2017-07-09 11:08:00,2017-07-11 11:30:00,48.36666666666667,6,6,"AATB,JUNG,JUNG1,KERG,LMKS,OULU",3.9146548231801632,5.129801440566988,6.628965049432204,2017-07-09 11:08:00,2017-07-10 21:42:00,2017-07-10 19:56:00,2017-07-11 11:30:00,9,"AATB,APTY,JUNG,JUNG1,KERG,LMKS,NANM,OULU,ROME",3,"APTY,NANM,ROME",4.12489554710627,4.0951178157268,5.267983284917522,core,supported_multi_station_candidate,A,False,2017,-8.773666666666665,655.5345833333333,14.042499999999999,5.429357894037815,True,-5.016666666666667,1.04,,646.0,9.7,False,False,True,True,True,-3.135,615.75,10.535,82.49999999999989,2.0,194.0
139,2017-07-16 15:48:00,2017-07-16 15:48:00,2017-07-14 18:56:00,2017-07-18 02:38:00,79.7,9,9,"AATB,ATHN,FSMT,JUNG,JUNG1,KERG,LMKS,MXCO,NANM",6.241208909001299,8.922814981012104,7.249554815007572,2017-07-14 18:56:00,2017-07-17 02:12:00,2017-07-16 06:50:00,2017-07-18 02:38:00,16,"AATB,APTY,ATHN,BKSN,CALM,DRBS,FSMT,JUNG,JUNG1,KERG,KIEL2,LMKS,MXCO,NANM,OULU,ROME",7,"APTY,BKSN,CALM,DRBS,KIEL2,OULU,ROME",8.530173829452659,7.175973149892904,29.962377018729935,core,supported_multi_station_candidate,A,False,2017,-15.013333333333334,638.6216666666667,21.618333333333332,6.660431776819924,True,-9.816666666666666,5.41,SSC,625.0,23.7,True,False,True,True,True,-20.425,671.7,24.255,234.90000000000003,48.0,180.0
140,2017-07-21 20:04:00,2017-07-21 20:04:00,2017-07-20 11:52:00,2017-07-23 04:26:00,64.56666666666666,9,9,"AATB,APTY,FSMT,JUNG,JUNG1,KERG,LMKS,MXCO,OULU",4.309684372810449,5.23694765162351,6.469742061000556,2017-07-20 11:52:00,2017-07-22 14:04:00,2017-07-20 18:42:00,2017-07-23 04:26:00,12,"AATB,APTY,FSMT,JUNG,JUNG1,KERG,KIEL2,LMKS,MXCO,NANM,OULU,ROME",3,"KIEL2,NANM,ROME",4.329555577290253,4.388762088253571,5.23694765162351,core,supported_multi_station_candidate,A,False,2017,-5.632833333333334,686.5783333333333,10.136333333333333,4.67235119047619,False,,,,,,False,False,True,False,True,-3.6500000000000004,746.7,7.775,165.89999999999998,2.0,0.0
141,2017-07-26 11:50:00,2017-07-26 11:50:00,2017-07-23 19:46:00,2017-07-31 18:06:00,190.33333333333334,8,8,"AATB,APTY,JUNG,JUNG1,KERG,KIEL2,LMKS,NEWK",5.261095334920233,11.779242442476829,7.77306464002387,2017-07-23 19:46:00,2017-07-31 01:24:00,2017-07-24 21:22:00,2017-07-31 18:06:00,10,"AATB,APTY,DRBS,JUNG,JUNG1,KERG,KIEL2,LMKS,NEWK,ROME",2,"DRBS,ROME",5.7835252010869835,4.377015577084011,11.779242442476829,core,supported_multi_station_candidate,A,False,2017,-3.688333333333333,686.5108333333334,7.125666666666667,3.2437552955730204,True,7.166666666666667,0.62,,525.0,6.9,False,False,True,False,True,-4.055,660.0,7.17,102.60000000000002,20.0,0.0
142,2017-08-01 18:49:00,2017-08-01 18:49:00,2017-08-01 18:10:00,2017-08-01 23:10:00,5.0,2,2,"KERG,LMKS",3.0600017320692365,3.7603057107778834,9.939345484044935,2017-08-01 18:10:00,2017-08-01 19:28:00,2017-08-01 20:52:00,2017-08-01 23:10:00,4,"CALM,JUNG1,KERG,LMKS",2,"CALM,JUNG1",3.90058835550116,3.536164345659153,6.170326977325742,core,supported_multi_station_candidate,A,False,2017,-7.7524999999999995,451.5733333333333,9.801666666666668,6.678362912692589,False,,,,,,False,False,True,True,True,-6.84,461.45,10.219999999999999,119.94999999999999,42.0,270.0
143,2017-08-04 01:04:00,2017-08-04 01:04:00,2017-08-04 01:04:00,2017-08-05 01:06:00,24.033333333333335,1,1,OULU,5.741027533243664,5.741027533243664,5.875963559852717,2017-08-04 01:04:00,2017-08-04 01:04:00,2017-08-05 01:06:00,2017-08-05 01:06:00,3,"DRBS,NEWK,OULU",2,"DRBS,NEWK",8.523958299258473,5.741027533243664,15.739226843382145,core,supported_multi_station_candidate,B,True,2017,-7.880166666666667,697.6991666666667,18.291666666666668,7.20253732638889,True,-14.066666666666666,0.83,,711.0,18.6,False,True,True,True,True,-13.475,446.54999999999995,20.005000000000003,61.24999999999994,84.0,922.0
144,2017-08-09 03:58:00,2017-08-09 03:58:00,2017-08-09 03:58:00,2017-08-09 06:22:00,2.4,1,1,KERG,3.117393382520439,3.117393382520439,5.571175839170874,2017-08-09 03:58:00,2017-08-09 03:58:00,2017-08-09 06:22:00,2017-08-09 06:22:00,3,"JUNG,KERG,LMKS",2,"JUNG,LMKS",3.018162296744712,3.117393382520439,3.361991195258998,core,supported_multi_station_candidate,B,True,2017,-3.4440000000000004,527.1341666666666,6.040666666666667,4.849765951043339,False,,,,,,False,False,True,False,True,-4.48,449.8,5.445,57.30000000000001,40.0,0.0
145,2017-08-13 15:18:00,2017-08-13 15:18:00,2017-08-11 09:18:00,2017-08-16 02:50:00,113.53333333333333,7,7,"APTY,DRBS,FSMT,JUNG,KERG,NANM,NEWK",4.644749992176612,7.7597529872339495,6.800242931792487,2017-08-11 09:18:00,2017-08-15 05:52:00,2017-08-12 00:16:00,2017-08-16 02:50:00,9,"APTY,BKSN,DRBS,FSMT,JUNG,KERG,LMKS,NANM,NEWK",2,"BKSN,LMKS",4.4122308122695255,4.276425799833281,7.7597529872339495,core,supported_multi_station_candidate,A,False,2017,-5.956333333333333,601.675,11.548166666666667,3.1222734375,False,,,,,,False,False,True,False,True,-3.895,629.45,6.385,84.04999999999995,26.0,0.0
146,2017-08-19 08:30:00,2017-08-19 08:30:00,2017-08-19 02:00:00,2017-08-20 02:10:00,24.166666666666668,2,2,"JUNG1,KERG",3.8900783871010853,4.240909924729208,6.139207231663384,2017-08-19 02:00:00,2017-08-19 15:00:00,2017-08-19 17:50:00,2017-08-20 02:10:00,5,"AATB,JUNG,JUNG1,KERG,LMKS",3,"AATB,JUNG,LMKS",3.5212938055450196,3.539246849472962,4.240909924729208,core,supported_multi_station_candidate,A,False,2017,-4.593833333333333,748.9725,12.402833333333332,4.005171006944445,False,,,,,,False,False,True,False,True,-6.57,747.5,7.885,135.89999999999998,34.0,0.0
147,2017-08-24 00:59:00,2017-08-24 00:59:00,2017-08-23 17:04:00,2017-08-25 17:34:00,48.5,2,2,"AATB,DRBS",4.963629901374882,7.278243410863173,8.019984359929254,2017-08-23 17:04:00,2017-08-24 08:54:00,2017-08-24 01:10:00,2017-08-25 17:34:00,5,"AATB,DRBS,KERG,LMKS,NANM",3,"KERG,LMKS,NANM",4.064621402241909,3.759649560243975,7.278243410863173,core,supported_multi_station_candidate,A,False,2017,-7.236666666666666,617.6226190476191,8.013166666666667,5.928532118055554,False,,,,,,False,True,True,False,True,-6.4350000000000005,499.9,6.535,62.19999999999999,214.0,0.0
148,2017-08-26 15:42:00,2017-08-26 15:42:00,2017-08-26 15:42:00,2017-08-27 13:22:00,21.666666666666668,1,1,DRBS,8.889798528523219,8.889798528523219,7.310146924583444,2017-08-26 15:42:00,2017-08-26 15:42:00,2017-08-27 13:22:00,2017-08-27 13:22:00,2,"DRBS,KERG",1,KERG,6.35282269103675,6.35282269103675,8.889798528523219,core,supported_multi_station_candidate,B,True,2017,-6.319500000000001,395.5066666666667,9.5075,5.376802951388889,False,,,,,,False,False,True,False,True,-3.315,379.4,5.66,53.799999999999955,4.0,0.0
149,2017-08-31 00:06:00,2017-08-31 00:06:00,2017-08-30 16:00:00,2017-08-31 10:56:00,18.933333333333334,3,3,"AATB,JUNG1,OULU",3.6052854356026764,5.227646499636359,6.261083586692409,2017-08-30 16:00:00,2017-08-31 04:46:00,2017-08-31 06:36:00,2017-08-31 10:56:00,8,"AATB,APTY,DRBS,JUNG,JUNG1,KERG,LMKS,OULU",5,"APTY,DRBS,JUNG,KERG,LMKS",4.74190775206397,3.584207514993662,12.719024071866826,core,supported_multi_station_candidate,A,False,2017,-7.988666666666666,651.9150000000001,20.49233333333333,8.716502604166667,True,5.533333333333333,0.9,SSC,638.0,20.8,True,False,True,False,True,-4.17,421.70000000000005,15.015,72.20000000000005,10.0,52.0
150,2017-09-02 01:00:00,2017-09-02 01:00:00,2017-09-01 15:44:00,2017-09-03 09:38:00,41.9,3,3,"JUNG,JUNG1,KERG",3.82674959529769,4.318027507006046,3.998835840909773,2017-09-01 15:44:00,2017-09-03 06:40:00,2017-09-02 17:10:00,2017-09-03 09:38:00,4,"JUNG,JUNG1,KERG,LMKS",1,LMKS,3.5560302671916753,3.581110639443512,4.318027507006046,core,supported_multi_station_candidate,A,False,2017,-7.988666666666666,651.9150000000001,20.49233333333333,5.975127147766322,False,,,,,,False,False,True,True,True,-3.87,663.8499999999999,9.485,81.24999999999989,12.0,122.0
151,2017-09-07 09:02:00,2017-09-07 09:02:00,2017-09-05 19:44:00,2017-09-08 16:06:00,68.36666666666666,7,7,"AATB,FSMT,JUNG,JUNG1,KERG,LMKS,ROME",7.030320385086282,10.122168484314479,6.883259570654799,2017-09-05 19:44:00,2017-09-08 12:48:00,2017-09-07 01:34:00,2017-09-08 16:06:00,15,"AATB,APTY,ATHN,CALM,DRBS,FSMT,JUNG,JUNG1,KERG,LMKS,MXCO,NANM,NEWK,OULU,ROME",8,"APTY,ATHN,CALM,DRBS,MXCO,NANM,NEWK,OULU",7.94820039175357,7.5538100636292596,11.944901617472595,core,supported_multi_station_candidate,A,False,2017,-23.0115,816.7466666666667,26.637166666666666,4.228751420454545,True,-9.316666666666666,1.42,SSC,581.0,14.4,True,True,True,True,True,-10.620000000000001,603.4,18.240000000000002,214.2,116.0,294.0
152,2017-09-12 19:38:00,2017-09-12 19:38:00,2017-09-11 14:20:00,2017-09-15 10:46:00,92.43333333333334,11,11,"AATB,BKSN,DRBS,JUNG,JUNG1,KERG,LMKS,MXCO,NANM,NEWK,OULU",5.352671416640086,9.078856741156539,6.83326502758696,2017-09-11 14:20:00,2017-09-14 18:32:00,2017-09-12 20:44:00,2017-09-15 10:46:00,14,"AATB,APTY,BKSN,DRBS,FSMT,JUNG,JUNG1,KERG,LMKS,MXCO,NANM,NEWK,OULU,ROME",3,"APTY,FSMT,ROME",5.1905039734657,4.565923624841245,9.078856741156539,core,supported_multi_station_candidate,A,False,2017,-6.243166666666666,634.8641666666666,19.967333333333332,8.1454283126294,True,0.4,0.85,SSC,621.0,13.7,True,False,True,True,True,-11.33,638.0999999999999,16.725,196.89999999999992,42.0,124.0
153,2017-09-19 01:05:00,2017-09-19 01:05:00,2017-09-17 14:54:00,2017-09-21 04:24:00,85.5,6,6,"BKSN,JUNG,JUNG1,KERG,LMKS,ROME",5.354254155338425,12.592264222560855,6.288814173953393,2017-09-17 14:54:00,2017-09-20 23:42:00,2017-09-18 14:18:00,2017-09-21 04:24:00,7,"AATB,BKSN,JUNG,JUNG1,KERG,LMKS,ROME",1,AATB,4.971333137464305,3.5080391245689895,12.592264222560855,core,supported_multi_station_candidate,A,False,2017,-2.6401666666666666,676.8216666666667,6.613166666666667,3.393089409722222,False,,,,,,False,False,True,False,True,-2.6,662.8499999999999,4.7,90.64999999999986,0.0,0.0
154,2017-09-23 16:16:00,2017-09-23 16:16:00,2017-09-23 16:16:00,2017-09-24 23:44:00,31.466666666666665,1,1,JUNG1,4.043290579279958,4.043290579279958,4.84079985977214,2017-09-23 16:16:00,2017-09-23 16:16:00,2017-09-24 23:44:00,2017-09-24 23:44:00,6,"APTY,FSMT,JUNG,JUNG1,LMKS,NANM",5,"APTY,FSMT,JUNG,LMKS,NANM",4.065763946992591,4.252409570768831,4.857247315098955,core,supported_multi_station_candidate,A,True,2017,-5.567833333333334,404.2416666666667,9.732666666666667,8.0775546875,False,,,,,,False,False,True,False,True,-3.7,391.75,4.99,41.94999999999999,12.0,0.0
155,2017-09-26 22:52:00,2017-09-26 22:52:00,2017-09-25 18:22:00,2017-09-29 10:26:00,88.06666666666666,3,3,"AATB,APTY,NANM",3.678229813361346,4.427350292200021,4.900811756621015,2017-09-25 18:22:00,2017-09-28 11:46:00,2017-09-27 03:16:00,2017-09-29 10:26:00,8,"AATB,APTY,FSMT,JUNG1,KERG,NANM,OULU,ROME",5,"FSMT,JUNG1,KERG,OULU,ROME",4.612176251808035,4.238814253203403,8.275789846940443,core,supported_multi_station_candidate,A,False,2017,-7.945333333333334,696.41,13.577166666666667,8.636063368055554,True,2.1333333333333333,1.35,,697.0,14.2,False,False,True,True,True,-8.655,357.1,11.135,48.10000000000002,38.0,98.0
156,2017-09-30 05:46:00,2017-09-30 05:46:00,2017-09-30 05:46:00,2017-10-01 11:06:00,29.333333333333332,1,1,DRBS,8.565139390256693,8.565139390256693,7.000078627587562,2017-09-30 05:46:00,2017-09-30 05:46:00,2017-10-01 11:06:00,2017-10-01 11:06:00,2,"DRBS,JUNG",1,JUNG,5.858506022901958,5.858506022901958,8.565139390256693,core,supported_multi_station_candidate,B,True,2017,-4.301333333333333,696.41,9.409833333333333,3.5303810763888888,True,13.233333333333333,0.35,,490.0,5.2,False,False,True,False,True,-4.1899999999999995,581.2,4.88,83.5499999999999,34.0,0.0
157,2017-10-02 05:12:00,2017-10-02 05:12:00,2017-10-02 05:12:00,2017-10-03 13:10:00,31.966666666666665,1,1,JUNG1,4.376351799870378,4.376351799870378,5.123785314859656,2017-10-02 05:12:00,2017-10-02 05:12:00,2017-10-03 13:10:00,2017-10-03 13:10:00,3,"JUNG,JUNG1,NANM",2,"JUNG,NANM",4.16379622111065,4.376351799870378,4.527728795141498,core,supported_multi_station_candidate,B,True,2017,-5.255666666666667,520.3616666666666,5.832666666666666,5.206707465277778,True,-3.2,0.3,,480.0,5.2,False,False,True,False,True,-3.41,488.5,5.155,87.39999999999998,20.0,0.0
158,2017-10-05 12:52:00,2017-10-05 12:52:00,2017-10-05 12:52:00,2017-10-06 19:52:00,31.0,1,1,AATB,3.2449681179308754,3.2449681179308754,16.669568173549603,2017-10-05 12:52:00,2017-10-05 12:52:00,2017-10-06 19:52:00,2017-10-06 19:52:00,10,"AATB,APTY,BKSN,JUNG,JUNG1,KERG,LMKS,MXCO,NANM,ROME",9,"APTY,BKSN,JUNG,JUNG1,KERG,LMKS,MXCO,NANM,ROME",4.393972636902384,4.4822923630365406,5.939696711384564,core,supported_multi_station_candidate,A,True,2017,-4.04,443.52833333333336,8.445833333333333,7.507592013888889,True,-11.866666666666667,0.82,,448.0,8.8,False,False,True,True,True,-5.720000000000001,427.8,9.11,64.5,32.0,62.0
159,2017-10-12 15:24:00,2017-10-12 15:24:00,2017-10-12 15:24:00,2017-10-13 23:48:00,32.4,1,1,KERG,3.881740848170879,3.881740848170879,4.021324611077722,2017-10-12 15:24:00,2017-10-12 15:24:00,2017-10-13 23:48:00,2017-10-13 23:48:00,4,"AATB,APTY,KERG,LMKS",3,"AATB,APTY,LMKS",3.1601305085857834,3.1126766091227522,3.881740848170879,core,supported_multi_station_candidate,A,True,2017,-8.133833333333333,704.95,13.6775,8.99515451388889,False,,,,,,False,False,True,True,True,-8.6,576.5,10.68,116.69999999999999,56.0,86.0
161,2017-10-17 18:48:00,2017-10-17 18:48:00,2017-10-17 18:48:00,2017-10-19 01:56:00,31.133333333333333,1,1,APTY,3.498245581992552,3.498245581992552,8.070861800296935,2017-10-17 18:48:00,2017-10-17 18:48:00,2017-10-19 01:56:00,2017-10-19 01:56:00,3,"APTY,KERG,ROME",2,"KERG,ROME",7.016681300912876,3.498245581992552,14.940650082711779,core,supported_multi_station_candidate,B,True,2017,-4.632000000000001,550.9583333333334,9.007083333333332,5.459855902777778,False,,,,,,False,False,True,False,True,-2.55,476.35,3.87,53.75,0.0,0.0
162,2017-10-20 18:52:00,2017-10-20 18:52:00,2017-10-20 14:26:00,2017-10-22 09:06:00,42.666666666666664,2,2,"LMKS,ROME",4.54616655056801,5.921037924985447,5.479629516378942,2017-10-20 14:26:00,2017-10-20 23:18:00,2017-10-21 16:38:00,2017-10-22 09:06:00,9,"DRBS,JUNG,JUNG1,KERG,LMKS,MXCO,NANM,OULU,ROME",7,"DRBS,JUNG,JUNG1,KERG,MXCO,NANM,OULU",4.736152957269377,4.76606172928754,8.115898113696849,core,supported_multi_station_candidate,A,False,2017,-4.632000000000001,480.8933333333333,9.369333333333334,9.106127604166666,True,11.3,1.0,SSC,481.0,10.0,True,False,True,False,True,-4.03,451.75,5.574999999999999,71.55000000000001,38.0,0.0
163,2017-10-23 09:20:00,2017-10-23 09:20:00,2017-10-23 09:20:00,2017-10-24 10:18:00,24.966666666666665,1,1,DRBS,5.316792268265427,5.316792268265427,6.128631429042357,2017-10-23 09:20:00,2017-10-23 09:20:00,2017-10-24 10:18:00,2017-10-24 10:18:00,3,"AATB,DRBS,LMKS",2,"AATB,LMKS",4.243201640995658,4.992129591477507,5.316792268265427,core,supported_multi_station_candidate,B,True,2017,-4.8773333333333335,599.0106666666667,13.022916666666667,9.222321180555555,True,-12.333333333333334,0.5,,395.0,6.6,False,False,False,False,False,-3.61,398.6,7.79,28.5,22.0,0.0
164,2017-10-27 03:40:00,2017-10-27 03:40:00,2017-10-27 03:40:00,2017-10-28 15:24:00,35.733333333333334,1,1,APTY,3.655617287206691,3.655617287206691,3.291666874645756,2017-10-27 03:40:00,2017-10-27 03:40:00,2017-10-28 15:24:00,2017-10-28 15:24:00,6,"AATB,APTY,DRBS,JUNG,JUNG1,LMKS",5,"AATB,DRBS,JUNG,JUNG1,LMKS",4.666820933159866,4.9272591006430595,6.595170956175921,core,supported_multi_station_candidate,A,True,2017,-3.691333333333333,613.4966666666666,7.800333333333333,4.623091738632212,True,8.333333333333334,0.43,,458.0,5.3,False,False,True,False,True,-4.845,541.4,5.605,40.599999999999966,10.0,0.0
165,2017-11-01 15:18:00,2017-11-01 15:18:00,2017-10-30 07:34:00,2017-11-03 17:58:00,106.4,9,9,"AATB,BKSN,DRBS,FSMT,JUNG,LMKS,MXCO,NEWK,ROME",5.670734922048878,13.97383300928759,6.3890731270121535,2017-10-30 07:34:00,2017-11-02 19:36:00,2017-10-31 00:14:00,2017-11-03 17:58:00,15,"AATB,APTY,ATHN,BKSN,DRBS,FSMT,JUNG,JUNG1,KERG,LMKS,MXCO,NANM,NEWK,OULU,ROME",6,"APTY,ATHN,JUNG1,KERG,NANM,OULU",5.438575106009887,4.57684785283602,13.97383300928759,core,supported_multi_station_candidate,A,False,2017,-5.824916666666667,402.4625,12.196833333333334,12.451172123015873,True,-5.3,1.8,,422.0,12.6,False,True,False,True,True,-5.99,309.6,10.120000000000001,21.100000000000023,122.0,128.0
166,2017-11-04 22:16:00,2017-11-04 22:16:00,2017-11-04 22:16:00,2017-11-05 10:26:00,12.166666666666666,1,1,AATB,1.697375787738453,1.697375787738453,24.26189357916713,2017-11-04 22:16:00,2017-11-04 22:16:00,2017-11-05 10:26:00,2017-11-05 10:26:00,4,"AATB,DRBS,JUNG,JUNG1",3,"DRBS,JUNG,JUNG1",3.8023616959443096,3.556428489837901,6.399214016362984,core,supported_multi_station_candidate,A,True,2017,-5.1895,420.17833333333334,8.6175,5.493525132275131,False,,,,,,False,False,True,False,True,-3.23,437.8,5.825,60.400000000000034,2.0,0.0
167,2017-11-09 02:50:00,2017-11-09 02:50:00,2017-11-07 18:10:00,2017-11-10 23:30:00,77.33333333333333,7,7,"BKSN,DRBS,JUNG,JUNG1,LMKS,NEWK,ROME",5.733621430593497,11.042291174874237,6.404280737960674,2017-11-07 18:10:00,2017-11-09 13:44:00,2017-11-08 09:00:00,2017-11-10 23:30:00,11,"AATB,ATHN,BKSN,DRBS,JUNG,JUNG1,LMKS,MXCO,NANM,NEWK,ROME",4,"AATB,ATHN,MXCO,NANM",5.2174181757863165,4.261063835524404,11.042291174874237,core,supported_multi_station_candidate,A,False,2017,-10.163333333333332,682.1185185185185,15.493333333333334,8.03755006961849,False,,,,,,False,False,True,False,True,-6.125,644.2,7.105,81.79999999999995,36.0,0.0
168,2017-11-14 06:34:00,2017-11-14 06:34:00,2017-11-13 05:36:00,2017-11-15 17:36:00,60.0,5,5,"AATB,APTY,DRBS,FSMT,JUNG",4.309940195319461,8.11970765859192,7.419507102254045,2017-11-13 05:36:00,2017-11-14 10:38:00,2017-11-14 04:32:00,2017-11-15 17:36:00,7,"AATB,APTY,DRBS,FSMT,JUNG,KERG,ROME",2,"KERG,ROME",4.287378874147363,3.7715371405923284,8.11970765859192,core,supported_multi_station_candidate,A,False,2017,-5.5955,492.1983333333334,14.322166666666668,7.654208333333334,True,-4.566666666666666,0.86,,404.0,8.6,False,True,True,True,True,-7.1899999999999995,394.75,9.115,33.14999999999998,98.0,102.0
169,2017-11-18 04:43:00,2017-11-18 04:43:00,2017-11-18 00:20:00,2017-11-19 06:24:00,30.066666666666666,2,2,"JUNG,JUNG1",3.7654084262808065,4.031105886167409,9.081957424096057,2017-11-18 00:20:00,2017-11-18 09:06:00,2017-11-19 02:00:00,2017-11-19 06:24:00,2,"JUNG,JUNG1",0,,3.7654084262808065,3.7654084262808065,4.031105886167409,core,supported_multi_station_candidate,B,False,2017,-2.6285000000000003,497.96666666666664,7.657,6.416663194444443,True,15.283333333333333,0.33,,393.0,4.1,False,False,True,False,True,-3.49,438.20000000000005,5.16,50.950000000000045,24.0,0.0
170,2017-11-20 15:26:00,2017-11-20 15:26:00,2017-11-20 03:08:00,2017-11-22 04:14:00,49.1,4,4,"APTY,DRBS,FSMT,LMKS",4.804142189465674,7.676738772761512,5.36356630455259,2017-11-20 03:08:00,2017-11-21 10:40:00,2017-11-21 04:30:00,2017-11-22 04:14:00,5,"APTY,DRBS,FSMT,LMKS,OULU",1,OULU,4.830896384545541,4.90121402854648,7.676738772761512,core,supported_multi_station_candidate,A,False,2017,-5.7604999999999995,609.3050000000001,13.536833333333334,8.891114583333334,True,-0.43333333333333335,1.29,,611.0,13.1,False,False,True,True,True,-7.140000000000001,394.70000000000005,10.47,60.80000000000007,12.0,62.0
171,2017-11-24 21:10:00,2017-11-24 21:10:00,2017-11-22 20:24:00,2017-11-28 01:12:00,124.8,7,7,"AATB,APTY,JUNG,JUNG1,KERG,LMKS,NANM",3.8016063115017076,4.798367823635447,4.6573425232971415,2017-11-22 20:24:00,2017-11-27 06:14:00,2017-11-24 07:04:00,2017-11-28 01:12:00,11,"AATB,APTY,DRBS,FSMT,JUNG,JUNG1,KERG,LMKS,NANM,NEWK,OULU",4,"DRBS,FSMT,NEWK,OULU",4.634784535931462,3.907441330995984,9.707733789589211,core,supported_multi_station_candidate,A,False,2017,-5.271333333333333,463.1691666666667,9.085666666666667,6.750585069444445,True,3.4,0.52,SSC,439.0,7.8,True,True,True,True,True,-7.0600000000000005,446.65,9.575,81.79999999999995,70.0,178.0
172,2017-11-29 17:02:00,2017-11-29 17:02:00,2017-11-28 13:38:00,2017-12-01 02:42:00,61.06666666666667,3,3,"JUNG,JUNG1,LMKS",4.046474480690346,4.848698428198633,4.2977898573886195,2017-11-28 13:38:00,2017-11-30 10:12:00,2017-11-30 01:06:00,2017-12-01 02:42:00,4,"JUNG,JUNG1,KERG,LMKS",1,KERG,3.8930537724070846,3.8034887682104004,4.848698428198633,core,supported_multi_station_candidate,A,False,2017,-6.6385,496.31,9.183166666666667,6.444144965277778,True,3.966666666666667,1.05,,495.0,9.3,False,False,True,True,True,-6.425000000000001,449.6,8.91,77.20000000000005,42.0,128.0
173,2017-12-05 02:10:00,2017-12-05 02:10:00,2017-12-03 06:34:00,2017-12-06 21:08:00,86.56666666666666,6,6,"AATB,JUNG,JUNG1,KERG,LMKS,NEWK",3.8596555024731454,5.179156985988043,6.969257754257094,2017-12-03 06:34:00,2017-12-05 21:06:00,2017-12-03 18:40:00,2017-12-06 21:08:00,10,"AATB,APTY,FSMT,JUNG,JUNG1,KERG,LMKS,MXCO,NEWK,OULU",4,"APTY,FSMT,MXCO,OULU",4.173174810908103,3.9974771515890577,6.0822190018457984,core,supported_multi_station_candidate,A,False,2017,-10.946,622.785,12.370833333333334,9.537049317738791,True,-9.95,1.34,SSC,622.0,12.2,True,True,True,True,True,-12.995000000000001,537.0,13.52,136.5,306.0,194.0
174,2017-12-08 05:17:00,2017-12-08 05:17:00,2017-12-07 22:46:00,2017-12-08 21:38:00,22.866666666666667,2,2,"BKSN,MXCO",8.111395705833367,10.740207128764302,5.489791861542459,2017-12-07 22:46:00,2017-12-08 11:48:00,2017-12-08 10:30:00,2017-12-08 21:38:00,6,"BKSN,JUNG,JUNG1,KERG,MXCO,NANM",4,"JUNG,JUNG1,KERG,NANM",5.143372826393536,3.8595716252016365,10.740207128764302,core,supported_multi_station_candidate,A,False,2017,-2.467,581.755,5.251499999999999,4.546749131944444,False,,,,,,False,False,True,False,True,-2.965,512.3,4.305,57.19999999999999,0.0,0.0
175,2017-12-11 19:08:00,2017-12-11 19:08:00,2017-12-11 11:12:00,2017-12-12 20:36:00,33.4,3,3,"AATB,DRBS,FSMT",5.73466180313288,11.121427254370628,4.666473951072906,2017-12-11 11:12:00,2017-12-12 01:26:00,2017-12-12 13:30:00,2017-12-12 20:36:00,8,"AATB,APTY,DRBS,FSMT,JUNG1,LMKS,MXCO,OULU",5,"APTY,JUNG1,LMKS,MXCO,OULU",4.676234774274095,3.610256225457766,11.121427254370628,core,supported_multi_station_candidate,A,False,2017,-6.5175,509.57166666666666,10.7165,8.218263888888888,True,-16.133333333333333,0.76,,517.0,10.9,False,True,True,True,True,-10.91,497.9,12.559999999999999,145.69999999999993,60.0,256.0
176,2017-12-16 08:59:00,2017-12-16 08:59:00,2017-12-16 02:36:00,2017-12-17 08:36:00,30.0,2,2,"JUNG,JUNG1",5.057600463109619,5.568499137950578,7.573103144890408,2017-12-16 02:36:00,2017-12-16 15:22:00,2017-12-16 23:00:00,2017-12-17 08:36:00,4,"JUNG,JUNG1,KERG,LMKS",2,"KERG,LMKS",4.060155260278181,3.870787185680859,5.568499137950578,core,supported_multi_station_candidate,A,False,2017,-8.959833333333334,640.0949999999999,12.116833333333334,8.6724140625,True,13.016666666666667,0.45,,643.0,11.7,False,False,False,False,False,-4.08,361.9,4.605,24.69999999999999,20.0,0.0
177,2017-12-18 17:36:00,2017-12-18 17:36:00,2017-12-18 16:42:00,2017-12-18 20:32:00,3.8333333333333335,2,2,"DRBS,MXCO",10.771787051563546,11.966290589199453,4.197053751455343,2017-12-18 16:42:00,2017-12-18 18:30:00,2017-12-18 18:34:00,2017-12-18 20:32:00,2,"DRBS,MXCO",0,,10.771787051563546,10.771787051563546,11.966290589199453,core,supported_multi_station_candidate,B,False,2017,-8.959833333333334,640.0949999999999,12.116833333333334,6.358246393156805,True,7.4,0.4,,576.0,7.9,False,False,True,True,True,-5.6,645.3,10.295,74.89999999999998,24.0,126.0
178,2017-12-19 15:24:00,2017-12-19 15:24:00,2017-12-19 15:24:00,2017-12-20 19:16:00,27.866666666666667,1,1,KERG,3.5381589330980003,3.5381589330980003,8.023592504159021,2017-12-19 15:24:00,2017-12-19 15:24:00,2017-12-20 19:16:00,2017-12-20 19:16:00,3,"KERG,LMKS,MXCO",2,"LMKS,MXCO",3.8376531972098147,3.5381589330980003,6.041122792462874,core,supported_multi_station_candidate,B,True,2017,-4.8425,634.51,9.371833333333333,4.109531328320802,True,-14.4,0.4,,576.0,7.9,False,False,True,False,True,-2.48,583.1,8.739999999999998,89.50000000000006,0.0,36.0
179,2017-12-23 00:02:00,2017-12-23 00:02:00,2017-12-22 04:08:00,2017-12-24 22:54:00,66.76666666666667,6,6,"AATB,DRBS,FSMT,KERG,LMKS,OULU",5.3212209231178775,13.445425816571378,6.67257878229274,2017-12-22 04:08:00,2017-12-24 05:38:00,2017-12-22 13:16:00,2017-12-24 22:54:00,7,"AATB,APTY,DRBS,FSMT,KERG,LMKS,OULU",1,APTY,5.23080401606956,3.501669731166566,13.445425816571378,core,supported_multi_station_candidate,A,False,2017,-4.640166666666667,565.7183333333334,12.83,9.109421006944444,False,,,,,,False,True,True,False,True,-4.945,339.3,6.59,39.650000000000034,138.0,0.0
180,2017-12-25 17:23:00,2017-12-25 17:23:00,2017-12-25 15:36:00,2017-12-26 12:38:00,21.033333333333335,2,2,"MXCO,NANM",3.9760900386773494,4.049967264754741,4.2871368495910005,2017-12-25 15:36:00,2017-12-25 19:10:00,2017-12-25 16:24:00,2017-12-26 12:38:00,5,"BKSN,JUNG,JUNG1,MXCO,NANM",3,"BKSN,JUNG,JUNG1",4.608941700260127,3.9022128125999576,8.075881203642291,core,supported_multi_station_candidate,A,False,2017,-4.457166666666667,565.7183333333334,12.83,7.561790921496804,True,-4.383333333333334,0.62,,465.0,8.4,False,True,True,True,True,-6.165,511.20000000000005,8.59,54.85000000000002,148.0,186.0
181,2017-12-27 09:46:00,2017-12-27 09:46:00,2017-12-27 00:40:00,2017-12-28 07:30:00,30.833333333333332,2,2,"KERG,LMKS",3.654599787624532,3.712299382215374,6.030834627237478,2017-12-27 00:40:00,2017-12-27 18:52:00,2017-12-27 22:02:00,2017-12-28 07:30:00,5,"AATB,APTY,JUNG1,KERG,LMKS",3,"AATB,APTY,JUNG1",3.585150389053343,3.5969001930336906,4.2515376086393655,core,supported_multi_station_candidate,A,False,2017,-4.457166666666667,490.7633333333333,8.783,6.0344396580669475,True,-4.766666666666667,0.9,,451.0,8.8,False,False,True,False,True,-5.18,466.75,7.765000000000001,76.10000000000002,38.0,0.0
182,2018-01-01 02:54:00,2018-01-01 02:54:00,2017-12-31 13:32:00,2018-01-03 20:24:00,78.86666666666666,4,4,"FSMT,JUNG1,LMKS,NEWK",4.237666075095447,6.026074409785487,7.302650579594944,2017-12-31 13:32:00,2018-01-02 16:46:00,2018-01-01 12:34:00,2018-01-03 20:24:00,7,"AATB,FSMT,JUNG,JUNG1,LMKS,NEWK,OULU",3,"AATB,JUNG,OULU",3.8691283134782344,3.708734434940321,6.026074409785487,core,supported_multi_station_candidate,A,False,2018,-7.105,455.895,11.198833333333333,8.038456093189966,True,-10.9,0.77,,472.0,11.0,False,True,True,True,True,-9.34,462.5,12.42,100.39999999999998,134.0,254.0
184,2018-01-08 03:08:00,2018-01-08 03:08:00,2018-01-07 13:40:00,2018-01-10 03:48:00,62.13333333333333,6,6,"APTY,JUNG1,KERG,MXCO,NANM,NEWK",4.347760325702507,5.043901057445478,7.65538503089644,2018-01-07 13:40:00,2018-01-09 20:20:00,2018-01-08 03:18:00,2018-01-10 03:48:00,12,"AATB,APTY,DRBS,FSMT,JUNG,JUNG1,KERG,LMKS,MXCO,NANM,NEWK,OULU",6,"AATB,DRBS,FSMT,JUNG,LMKS,OULU",4.6734452465513865,4.3522399805298075,8.788525509058182,core,supported_multi_station_candidate,A,False,2018,-5.820666666666667,545.61,16.724833333333333,11.798632591505665,True,3.6666666666666665,1.1,SSC,542.0,17.6,True,False,True,True,True,-4.475,357.9,15.685,68.25,26.0,134.0
185,2018-01-15 17:49:00,2018-01-15 17:49:00,2018-01-13 12:46:00,2018-01-18 16:14:00,123.46666666666667,4,4,"JUNG1,KERG,LMKS,NANM",4.24532184496227,5.382238793332888,6.520681886955055,2018-01-13 12:46:00,2018-01-17 06:20:00,2018-01-14 21:54:00,2018-01-18 16:14:00,5,"JUNG,JUNG1,KERG,LMKS,NANM",1,JUNG,4.2203951738419265,4.120688489360551,5.382238793332888,core,supported_multi_station_candidate,A,False,2018,-6.186833333333333,580.7366666666666,11.632166666666667,5.548421908831909,True,-16.816666666666666,0.3,,509.0,6.6,False,False,True,False,True,-3.3099999999999996,525.75,4.515000000000001,45.69999999999999,4.0,0.0
186,2018-01-20 06:25:00,2018-01-20 06:25:00,2018-01-19 21:38:00,2018-01-22 02:36:00,52.96666666666667,2,2,"DRBS,LMKS",6.815208531861215,8.892609378233239,4.524070362982579,2018-01-19 21:38:00,2018-01-20 15:12:00,2018-01-20 02:34:00,2018-01-22 02:36:00,10,"APTY,DRBS,FSMT,JUNG,JUNG1,KERG,LMKS,NANM,NEWK,OULU",8,"APTY,FSMT,JUNG,JUNG1,KERG,NANM,NEWK,OULU",4.727306904639284,4.600101911543073,8.892609378233239,core,supported_multi_station_candidate,A,False,2018,-5.863833333333333,538.205,10.824333333333334,10.535172743055556,False,,,,,,False,True,True,False,True,-7.08,406.7,10.02,40.60000000000002,72.0,28.0
187,2018-01-25 02:06:00,2018-01-25 02:06:00,2018-01-24 01:42:00,2018-01-26 16:32:00,62.833333333333336,3,3,"AATB,APTY,LMKS",2.9824966801093757,3.457573681138861,7.875101195283851,2018-01-24 01:42:00,2018-01-25 05:00:00,2018-01-24 19:28:00,2018-01-26 16:32:00,6,"AATB,APTY,ATHN,JUNG,JUNG1,LMKS",3,"ATHN,JUNG,JUNG1",3.472966104380234,3.31503352832491,5.476835828618466,core,supported_multi_station_candidate,A,False,2018,-6.377666666666666,489.5477777777778,9.419,7.266131076388889,True,-12.1,0.69,,423.0,10.1,False,True,True,True,True,-8.43,419.15,10.47,51.64999999999998,138.0,112.0
189,2018-02-02 06:28:00,2018-02-02 06:28:00,2018-02-02 06:28:00,2018-02-02 16:14:00,9.766666666666667,1,1,LMKS,2.767625697029872,2.767625697029872,6.773357352531281,2018-02-02 06:28:00,2018-02-02 06:28:00,2018-02-02 16:14:00,2018-02-02 16:14:00,3,"BKSN,JUNG1,LMKS",2,"BKSN,JUNG1",3.5142583758856785,2.9020645094517694,4.873084921175394,core,supported_multi_station_candidate,B,True,2018,-4.759166666666667,419.6225,8.589833333333333,8.888205729166666,True,13.533333333333333,0.34,,334.0,4.2,False,False,True,False,True,-3.42,420.2,4.75,56.5,16.0,0.0
190,2018-02-06 10:46:00,2018-02-06 10:46:00,2018-02-03 20:08:00,2018-02-09 11:52:00,135.73333333333332,5,5,"AATB,BKSN,JUNG1,NEWK,OULU",4.580599204981203,6.493945048968586,7.941902912520095,2018-02-03 20:08:00,2018-02-09 05:42:00,2018-02-04 22:22:00,2018-02-09 11:52:00,6,"AATB,BKSN,JUNG1,LMKS,NEWK,OULU",1,LMKS,4.26113675797379,4.370219333107269,6.493945048968586,core,supported_multi_station_candidate,A,False,2018,-4.238666666666667,435.69,8.5085,7.106177290974529,False,,,,,,False,False,True,False,True,-4.08,443.6,6.715,69.70000000000005,44.0,0.0
192,2018-02-12 08:46:00,2018-02-12 08:46:00,2018-02-11 18:14:00,2018-02-13 19:58:00,49.733333333333334,3,3,"ATHN,FSMT,KERG",4.168967726159283,5.930838138056864,4.924055885301049,2018-02-11 18:14:00,2018-02-13 13:02:00,2018-02-13 04:00:00,2018-02-13 19:58:00,4,"ATHN,FSMT,KERG,LMKS",1,LMKS,3.648437891376929,3.2880325202104923,5.930838138056864,core,supported_multi_station_candidate,A,False,2018,-3.8578333333333332,379.365,7.334833333333334,10.336032118055556,True,1.2333333333333334,0.19,,342.0,4.8,False,False,False,False,False,-4.83,338.4,7.43,29.399999999999977,26.0,0.0
193,2018-02-16 04:56:00,2018-02-16 04:56:00,2018-02-15 13:56:00,2018-02-17 09:10:00,43.233333333333334,4,4,"ATHN,FSMT,KERG,ROME",5.171552944670523,7.543106881558039,5.773499299602785,2018-02-15 13:56:00,2018-02-16 15:36:00,2018-02-16 21:02:00,2018-02-17 09:10:00,14,"AATB,APTY,ATHN,BKSN,CALM,DRBS,FSMT,KERG,LMKS,MXCO,NANM,NEWK,OULU,ROME",10,"AATB,APTY,BKSN,CALM,DRBS,LMKS,MXCO,NANM,NEWK,OULU",5.0096702503383055,4.572951032154201,7.543106881558039,core,supported_multi_station_candidate,A,False,2018,-6.4395,518.3816666666667,13.852333333333332,9.49906423611111,False,,,,,,False,False,True,True,True,-8.17,399.8,15.09,56.55000000000001,50.0,298.0
195,2018-02-19 13:30:00,2018-02-19 13:30:00,2018-02-19 13:30:00,2018-02-20 08:32:00,19.033333333333335,1,1,JUNG,3.508652872985368,3.508652872985368,5.697086968881167,2018-02-19 13:30:00,2018-02-19 13:30:00,2018-02-20 08:32:00,2018-02-20 08:32:00,2,"JUNG,JUNG1",1,JUNG1,3.27114297222435,3.27114297222435,3.508652872985368,core,supported_multi_station_candidate,B,True,2018,-3.3483333333333336,609.9816666666667,8.558,3.8319521276595747,False,,,,,,False,False,True,False,True,-4.654999999999999,639.25,7.6899999999999995,73.04999999999995,32.0,0.0
196,2018-02-23 03:12:00,2018-02-23 03:12:00,2018-02-22 07:32:00,2018-02-23 23:12:00,39.666666666666664,5,5,"AATB,BKSN,JUNG,JUNG1,NEWK",4.182576526092387,5.2029065619507096,6.15241552956305,2018-02-22 07:32:00,2018-02-23 07:04:00,2018-02-23 08:24:00,2018-02-23 23:12:00,11,"AATB,APTY,BKSN,FSMT,JUNG,JUNG1,KERG,LMKS,MXCO,NEWK,ROME",6,"APTY,FSMT,KERG,LMKS,MXCO,ROME",3.986340100407917,3.765703083977602,5.2029065619507096,core,supported_multi_station_candidate,A,False,2018,-4.410833333333333,547.0316666666666,9.590499999999999,6.437228841334105,True,-9.2,1.19,,547.0,9.2,False,False,True,True,True,-6.02,544.2,10.42,94.40000000000003,42.0,160.0
197,2018-03-06 05:28:00,2018-03-06 05:28:00,2018-03-03 11:00:00,2018-03-09 18:26:00,151.43333333333334,6,6,"AATB,JUNG,KERG,LMKS,NEWK,ROME",3.9057786202585736,6.153864753896379,5.370136820368363,2018-03-03 11:00:00,2018-03-08 08:52:00,2018-03-04 08:18:00,2018-03-09 18:26:00,6,"AATB,JUNG,KERG,LMKS,NEWK,ROME",0,,3.905778620258573,3.46009031212471,6.153864753896379,core,supported_multi_station_candidate,A,False,2018,-4.148833333333333,407.5183333333333,6.979833333333334,8.06209375,True,8.533333333333333,0.36,,404.0,6.4,False,False,True,False,True,-3.88,389.5,6.55,30.05000000000001,28.0,0.0
198,2018-03-10 08:38:00,2018-03-10 08:38:00,2018-03-10 08:38:00,2018-03-11 03:04:00,18.433333333333334,1,1,JUNG,3.847716622690812,3.847716622690812,3.771975233385708,2018-03-10 08:38:00,2018-03-10 08:38:00,2018-03-11 03:04:00,2018-03-11 03:04:00,4,"AATB,JUNG,JUNG1,KERG",3,"AATB,JUNG1,KERG",2.9626336998966947,2.8890927216133235,3.847716622690812,core,supported_multi_station_candidate,A,True,2018,-10.128333333333334,453.71416666666664,15.544833333333333,8.261100877192982,True,-14.533333333333333,0.73,SSC,453.0,15.5,True,True,True,True,True,-11.43,462.9,15.515,43.5,482.0,474.0
199,2018-03-16 03:51:00,2018-03-16 03:51:00,2018-03-15 09:32:00,2018-03-18 08:44:00,71.2,8,8,"AATB,ATHN,BKSN,JUNG,JUNG1,KERG,LMKS,NEWK",4.18246911370087,5.906163810733781,6.795705788697633,2018-03-15 09:32:00,2018-03-17 17:38:00,2018-03-16 06:36:00,2018-03-18 08:44:00,11,"AATB,ATHN,BKSN,FSMT,JUNG,JUNG1,KERG,LMKS,NANM,NEWK,OULU",3,"FSMT,NANM,OULU",4.070786886596874,3.987584441223143,5.906163810733781,core,supported_multi_station_candidate,A,False,2018,-6.179333333333333,531.175,12.336833333333335,6.92887649122807,True,9.15,0.93,,529.0,12.4,False,False,True,False,True,-6.2,514.6,8.025,54.700000000000045,38.0,2.0
200,2018-03-22 20:13:00,2018-03-22 20:13:00,2018-03-22 01:44:00,2018-03-24 19:22:00,65.63333333333334,6,6,"AATB,BKSN,FSMT,JUNG,KERG,NEWK",4.330928230890913,6.039377488338398,5.38194801466911,2018-03-22 01:44:00,2018-03-23 21:52:00,2018-03-22 02:12:00,2018-03-24 19:22:00,12,"AATB,APTY,BKSN,FSMT,JUNG,JUNG1,KERG,LMKS,MXCO,NANM,NEWK,OULU",6,"APTY,JUNG1,LMKS,MXCO,NANM,OULU",4.245492552181045,4.366523633990806,6.039377488338398,core,supported_multi_station_candidate,A,False,2018,-4.343249999999999,490.275,9.681666666666667,8.014352951388888,True,-7.216666666666667,1.99,,485.0,9.5,False,False,True,True,True,-7.175000000000001,422.1,10.645,85.30000000000001,46.0,134.0
201,2018-03-25 15:02:00,2018-03-25 15:02:00,2018-03-25 15:02:00,2018-03-27 01:32:00,34.5,1,1,JUNG,3.5554165941186153,3.5554165941186153,5.189999036554759,2018-03-25 15:02:00,2018-03-25 15:02:00,2018-03-27 01:32:00,2018-03-27 01:32:00,2,"JUNG,JUNG1",1,JUNG1,3.4953854495342367,3.4953854495342367,3.5554165941186153,core,supported_multi_station_candidate,B,True,2018,-3.6373333333333333,543.245,8.620666666666667,5.8590651041666675,False,,,,,,False,False,True,False,True,-6.13,493.15,7.619999999999999,48.049999999999955,52.0,0.0
202,2018-03-29 19:27:00,2018-03-29 19:27:00,2018-03-28 09:30:00,2018-03-31 03:16:00,65.76666666666667,6,6,"AATB,JUNG,JUNG1,KERG,LMKS,OULU",3.9126321641282957,5.382188567273415,7.247011500233502,2018-03-28 09:30:00,2018-03-30 06:06:00,2018-03-29 02:38:00,2018-03-31 03:16:00,8,"AATB,APTY,BKSN,JUNG,JUNG1,KERG,LMKS,OULU",2,"APTY,BKSN",4.089445020031116,3.9562003605532103,5.694825946270902,core,supported_multi_station_candidate,A,False,2018,-4.3125,488.79833333333335,7.808833333333333,6.23915207856598,True,-3.45,0.79,,460.0,7.7,False,False,True,False,True,-4.705,436.0,8.66,82.64999999999998,50.0,16.0
203,2018-04-03 19:38:00,2018-04-03 19:38:00,2018-04-03 19:38:00,2018-04-04 04:00:00,8.366666666666667,1,1,JUNG,3.6022021598109375,3.6022021598109375,3.7492739783315345,2018-04-03 19:38:00,2018-04-03 19:38:00,2018-04-04 04:00:00,2018-04-04 04:00:00,5,"AATB,APTY,JUNG,JUNG1,LMKS",4,"AATB,APTY,JUNG1,LMKS",3.3692985970441827,3.359339626241293,3.6022021598109375,core,supported_multi_station_candidate,A,True,2018,-2.7118333333333333,456.99083333333334,6.675666666666667,7.400171006944444,False,,,,,,False,False,False,False,False,-1.51,379.7,4.9399999999999995,29.5,0.0,0.0
204,2018-04-05 01:20:00,2018-04-05 01:20:00,2018-04-05 01:20:00,2018-04-06 00:14:00,22.9,1,1,FSMT,2.9547725929250492,2.9547725929250492,6.718663435267359,2018-04-05 01:20:00,2018-04-05 01:20:00,2018-04-06 00:14:00,2018-04-06 00:14:00,4,"AATB,FSMT,KERG,LMKS",3,"AATB,KERG,LMKS",2.9389568548896854,2.86047773117769,3.272925624807434,core,supported_multi_station_candidate,A,True,2018,-2.7118333333333333,435.44666666666666,7.613666666666666,8.493991847826088,True,-2.3333333333333335,0.53,,435.0,7.4,False,False,False,False,False,-4.93,360.35,6.515000000000001,28.650000000000034,34.0,0.0
206,2018-04-09 09:26:00,2018-04-09 09:26:00,2018-04-08 18:28:00,2018-04-12 20:54:00,98.43333333333334,4,4,"AATB,DRBS,FSMT,JUNG1",3.838583138829643,5.619488028988257,6.444688627504242,2018-04-08 18:28:00,2018-04-11 10:44:00,2018-04-08 22:14:00,2018-04-12 20:54:00,5,"AATB,DRBS,FSMT,JUNG1,NEWK",1,NEWK,4.114549565685135,3.537497981517371,5.619488028988257,core,supported_multi_station_candidate,A,False,2018,-3.3491666666666666,587.2083333333334,8.689,7.2468391387559805,True,-3.433333333333333,0.66,,587.0,8.5,False,False,True,False,True,-4.78,480.6,8.68,116.75,12.0,42.0
208,2018-04-17 03:25:00,2018-04-17 03:25:00,2018-04-16 20:30:00,2018-04-18 05:44:00,33.233333333333334,4,4,"AATB,APTY,BKSN,LMKS",3.3930481844047904,4.903521376317331,8.872485675825844,2018-04-16 20:30:00,2018-04-17 23:44:00,2018-04-18 00:18:00,2018-04-18 05:44:00,7,"AATB,APTY,BKSN,JUNG,KERG,LMKS,OULU",3,"JUNG,KERG,OULU",3.6481662466602622,3.59173431902113,4.9554290437928765,core,supported_multi_station_candidate,A,False,2018,-3.3305000000000002,355.0133333333333,7.233333333333333,8.825318554205651,False,,,,,,False,False,True,False,True,-2.215,312.1,5.005000000000001,44.80000000000001,0.0,0.0
209,2018-04-22 00:54:00,2018-04-22 00:54:00,2018-04-20 03:18:00,2018-04-24 01:44:00,94.43333333333334,5,5,"DRBS,JUNG1,LMKS,MXCO,NANM",4.945761382172226,7.985581557894397,5.319309382808095,2018-04-20 03:18:00,2018-04-22 17:42:00,2018-04-21 06:14:00,2018-04-24 01:44:00,5,"DRBS,JUNG1,LMKS,MXCO,NANM",0,,4.945761382172226,4.389312256610941,7.985581557894397,core,supported_multi_station_candidate,A,False,2018,-16.409833333333335,639.0883333333334,19.462833333333332,7.612556852721746,False,,,,,,False,False,True,False,True,-3.135,636.4,6.605,95.95000000000005,4.0,0.0
212,2018-04-30 12:37:00,2018-04-30 12:37:00,2018-04-30 10:08:00,2018-05-01 23:40:00,37.53333333333333,2,2,"JUNG1,KERG",3.676098214227645,3.9277891740514903,3.398321452166803,2018-04-30 10:08:00,2018-04-30 15:06:00,2018-05-01 02:36:00,2018-05-01 23:40:00,5,"AATB,DRBS,JUNG,JUNG1,KERG",3,"AATB,DRBS,JUNG",4.304122259507445,3.6268909482596112,7.789257297365014,core,supported_multi_station_candidate,A,False,2018,-3.3406666666666665,442.98833333333334,7.318,5.506901041666666,True,-11.616666666666667,0.52,,440.0,7.5,False,False,True,False,True,-3.495,447.8,7.78,70.75,2.0,0.0
213,2018-05-04 14:30:00,2018-05-04 14:30:00,2018-05-04 14:30:00,2018-05-05 18:52:00,28.366666666666667,1,1,KERG,3.1843871121900413,3.1843871121900413,3.897266274173146,2018-05-04 14:30:00,2018-05-04 14:30:00,2018-05-05 18:52:00,2018-05-05 18:52:00,3,"AATB,DRBS,KERG",2,"AATB,DRBS",3.563616592783314,3.1843871121900413,5.298505488955087,core,supported_multi_station_candidate,B,True,2018,-7.438666666666666,671.0366666666666,15.690333333333333,7.703096354166667,False,,,,,,False,False,True,False,True,-3.305,366.85,3.975,36.30000000000001,6.0,0.0
214,2018-05-07 10:38:00,2018-05-07 10:38:00,2018-05-07 06:58:00,2018-05-08 13:36:00,30.633333333333333,2,2,"AATB,JUNG",2.932848056413032,3.489071639271344,3.406593396823811,2018-05-07 06:58:00,2018-05-07 14:18:00,2018-05-08 01:58:00,2018-05-08 13:36:00,5,"AATB,APTY,JUNG,JUNG1,LMKS",3,"APTY,JUNG1,LMKS",3.16273155999487,3.104500815507721,3.791194395047475,core,supported_multi_station_candidate,A,False,2018,-7.438666666666666,671.0366666666666,15.690333333333333,4.811625868055556,True,14.366666666666667,0.25,,667.0,8.0,False,False,True,False,True,-4.26,695.45,7.43,101.79999999999995,18.0,0.0
215,2018-05-10 11:14:00,2018-05-10 11:14:00,2018-05-10 02:00:00,2018-05-13 16:30:00,86.5,5,5,"AATB,DRBS,JUNG1,KERG,LMKS",4.084713339041997,8.716206217905174,7.334043380084185,2018-05-10 02:00:00,2018-05-12 07:04:00,2018-05-10 04:14:00,2018-05-13 16:30:00,6,"AATB,DRBS,JUNG,JUNG1,KERG,LMKS",1,JUNG,4.2083122021885595,3.4452858221572287,8.716206217905174,core,supported_multi_station_candidate,A,False,2018,-4.440333333333333,665.6741666666666,8.648666666666665,3.496820340501792,True,16.766666666666666,0.52,,496.0,8.6,False,False,True,False,True,-3.9,607.6,5.675000000000001,80.60000000000002,56.0,0.0
216,2018-05-15 06:42:00,2018-05-15 06:42:00,2018-05-15 06:42:00,2018-05-16 08:30:00,25.8,1,1,JUNG1,3.085131176354423,3.085131176354423,5.469341695983717,2018-05-15 06:42:00,2018-05-15 06:42:00,2018-05-16 08:30:00,2018-05-16 08:30:00,3,"JUNG1,LMKS,MXCO",2,"LMKS,MXCO",3.0636567819611127,3.085131176354423,3.1313578250888487,core,supported_multi_station_candidate,B,True,2018,-4.737833333333333,444.39833333333337,10.322833333333334,8.3568515625,True,11.3,0.19,,361.0,4.7,False,False,True,False,True,-3.08,378.8,5.484999999999999,48.900000000000034,2.0,0.0
217,2018-05-16 21:46:00,2018-05-16 21:46:00,2018-05-16 21:46:00,2018-05-18 01:12:00,27.433333333333334,1,1,KERG,3.80939013415687,3.80939013415687,7.866749174429018,2018-05-16 21:46:00,2018-05-16 21:46:00,2018-05-18 01:12:00,2018-05-18 01:12:00,6,"AATB,APTY,FSMT,KERG,LMKS,OULU",5,"AATB,APTY,FSMT,LMKS,OULU",3.987382928936865,4.211699952365988,4.882618258841634,core,supported_multi_station_candidate,A,True,2018,-6.5845,448.585,9.6775,8.265742359932087,True,-2.7666666666666666,1.23,,448.0,9.6,False,True,True,False,True,-6.925000000000001,375.8,9.28,55.900000000000034,174.0,54.0
219,2018-05-22 01:42:00,2018-05-22 01:42:00,2018-05-21 20:54:00,2018-05-22 22:28:00,25.566666666666666,3,3,"JUNG,KERG,LMKS",3.608681050769336,3.892085902383901,5.621564401940023,2018-05-21 20:54:00,2018-05-22 05:12:00,2018-05-22 13:12:00,2018-05-22 22:28:00,4,"AATB,JUNG,KERG,LMKS",1,AATB,3.4112031058652708,3.466978624962054,3.892085902383901,core,supported_multi_station_candidate,A,False,2018,-4.9505,522.2266666666667,10.351666666666667,8.101274044795785,True,10.6,0.53,SSC,520.0,10.3,True,True,False,False,True,-3.895,332.5,4.92,26.549999999999955,76.0,0.0
220,2018-05-28 05:04:00,2018-05-28 05:04:00,2018-05-28 05:04:00,2018-05-29 04:04:00,23.0,1,1,KERG,3.803724469666543,3.803724469666543,2.933399090240216,2018-05-28 05:04:00,2018-05-28 05:04:00,2018-05-29 04:04:00,2018-05-29 04:04:00,4,"AATB,FSMT,JUNG1,KERG",3,"AATB,FSMT,JUNG1",3.45226585288239,3.489953017424551,4.014914106060945,core,supported_multi_station_candidate,A,True,2018,-3.192,397.05333333333334,6.9863333333333335,7.989673611111112,True,-8.066666666666666,0.44,,393.0,7.0,False,False,True,False,True,-4.0,409.05,6.495,66.94999999999999,10.0,0.0
221,2018-06-01 21:04:00,2018-06-01 21:04:00,2018-05-31 22:26:00,2018-06-03 18:02:00,67.6,7,7,"AATB,BKSN,DRBS,LMKS,MXCO,NANM,ROME",5.736133423417507,13.155039799090815,6.853709320983194,2018-05-31 22:26:00,2018-06-02 23:14:00,2018-06-01 00:08:00,2018-06-03 18:02:00,9,"AATB,BKSN,DRBS,FSMT,JUNG,LMKS,MXCO,NANM,ROME",2,"FSMT,JUNG",5.365865641386947,4.037027426163522,13.155039799090815,core,supported_multi_station_candidate,A,False,2018,-6.4959999999999996,708.4583333333334,13.004833333333332,5.438769965277778,False,,,,,,False,False,True,False,True,-8.14,718.95,10.254999999999999,125.00000000000011,42.0,46.0
223,2018-06-06 09:50:00,2018-06-06 09:50:00,2018-06-06 09:50:00,2018-06-06 10:40:00,0.8333333333333334,1,1,LMKS,2.459490396343069,2.459490396343069,4.424348194037635,2018-06-06 09:50:00,2018-06-06 09:50:00,2018-06-06 10:40:00,2018-06-06 10:40:00,2,"KERG,LMKS",1,KERG,3.252317972488737,3.252317972488737,4.045145548634405,core,supported_multi_station_candidate,B,True,2018,-5.7995,591.6650000000001,10.882333333333333,5.23980615942029,True,1.1666666666666667,0.65,,442.0,10.9,False,False,True,False,True,-2.95,451.15,5.85,59.049999999999955,0.0,0.0
224,2018-06-11 11:31:00,2018-06-11 11:31:00,2018-06-09 17:38:00,2018-06-14 14:36:00,116.96666666666667,8,8,"AATB,APTY,CALM,DRBS,JUNG,KERG,LMKS,NANM",4.7505142313855275,9.552637263351112,6.222572422710014,2018-06-09 17:38:00,2018-06-13 14:26:00,2018-06-10 14:36:00,2018-06-14 14:36:00,9,"AATB,APTY,CALM,DRBS,JUNG,JUNG1,KERG,LMKS,NANM",1,JUNG1,4.620834204914406,3.583393993145423,9.552637263351112,core,supported_multi_station_candidate,A,False,2018,-2.5814999999999997,353.7675,5.127666666666666,8.344703993055555,False,,,,,,False,False,True,False,True,-3.335,322.5,5.905,31.5,8.0,0.0
225,2018-06-18 10:40:00,2018-06-18 10:40:00,2018-06-17 15:20:00,2018-06-20 19:48:00,76.46666666666667,4,4,"AATB,JUNG,KERG,NEWK",6.066556306491266,15.071574654624795,7.5107140402072945,2018-06-17 15:20:00,2018-06-19 13:04:00,2018-06-17 22:22:00,2018-06-20 19:48:00,7,"AATB,BKSN,JUNG,KERG,LMKS,NANM,NEWK",3,"BKSN,LMKS,NANM",5.129788774433115,3.664690391932127,15.071574654624795,core,supported_multi_station_candidate,A,False,2018,-13.537333333333333,531.8641666666666,19.159333333333333,8.118534996975196,False,,,,,,False,True,True,True,True,-15.675,577.3,20.009999999999998,189.5,104.0,890.0
226,2018-06-22 22:57:00,2018-06-22 22:57:00,2018-06-22 14:02:00,2018-06-23 20:34:00,30.533333333333335,4,4,"AATB,LMKS,NANM,NEWK",4.039493291176971,5.202221818521229,6.330200518792447,2018-06-22 14:02:00,2018-06-23 05:14:00,2018-06-23 09:52:00,2018-06-23 20:34:00,12,"AATB,APTY,BKSN,DRBS,FSMT,JUNG,JUNG1,KERG,LMKS,NANM,NEWK,OULU",8,"APTY,BKSN,DRBS,FSMT,JUNG,JUNG1,KERG,OULU",4.777910425071053,4.60438849378593,10.128956416112374,core,supported_multi_station_candidate,A,False,2018,-6.7284999999999995,497.8566666666666,13.924666666666667,5.698659939018669,True,-2.95,1.61,,497.0,14.0,False,True,True,True,True,-6.6850000000000005,384.45000000000005,9.42,62.75000000000006,290.0,70.0
227,2018-06-26 23:06:00,2018-06-26 23:06:00,2018-06-26 12:48:00,2018-06-27 19:00:00,30.2,2,2,"DRBS,LMKS",6.378854568180145,10.46058104088376,8.297863277513105,2018-06-26 12:48:00,2018-06-27 09:24:00,2018-06-27 15:22:00,2018-06-27 19:00:00,5,"DRBS,FSMT,JUNG,JUNG1,LMKS",3,"FSMT,JUNG,JUNG1",4.93036953795034,3.9221225262929353,10.46058104088376,core,supported_multi_station_candidate,A,False,2018,-7.754166666666666,621.895,13.512666666666666,5.228483662613982,True,-16.1,0.69,,626.0,11.5,False,False,True,True,True,-7.545,634.25,12.82,142.29999999999995,24.0,90.0
228,2018-06-30 05:10:00,2018-06-30 05:10:00,2018-06-30 05:10:00,2018-06-30 07:12:00,2.033333333333333,1,1,FSMT,2.799262358837529,2.799262358837529,3.4855947550067397,2018-06-30 05:10:00,2018-06-30 05:10:00,2018-06-30 07:12:00,2018-06-30 07:12:00,3,"APTY,FSMT,OULU",2,"APTY,OULU",3.8648583210483216,3.9212295178868315,4.874083086420604,core,supported_multi_station_candidate,B,True,2018,-2.478833333333333,511.70750000000004,5.351333333333333,2.908723479636764,True,7.833333333333333,0.48,,460.0,4.9,False,False,True,False,True,-4.055,464.7,4.95,38.75000000000006,24.0,0.0
229,2018-07-02 22:43:00,2018-07-02 22:43:00,2018-07-02 16:22:00,2018-07-04 14:38:00,46.266666666666666,2,2,"KERG,LMKS",4.211318720315534,5.937653231148032,5.441291814396102,2018-07-02 16:22:00,2018-07-03 05:04:00,2018-07-03 21:36:00,2018-07-04 14:38:00,2,"KERG,LMKS",0,,4.211318720315534,4.211318720315534,5.937653231148032,core,supported_multi_station_candidate,B,False,2018,-3.2776666666666667,426.40999999999997,7.134833333333333,7.149022926305354,True,16.283333333333335,0.41,,339.0,7.0,False,False,False,False,False,-0.93,345.9,3.625,21.0,0.0,0.0
230,2018-07-05 17:18:00,2018-07-05 17:18:00,2018-07-05 17:18:00,2018-07-05 22:16:00,4.966666666666667,1,1,FSMT,3.0913561872860575,3.0913561872860575,6.92016389239295,2018-07-05 17:18:00,2018-07-05 17:18:00,2018-07-05 22:16:00,2018-07-05 22:16:00,3,"FSMT,JUNG,JUNG1",2,"JUNG,JUNG1",3.7063998146045556,3.7312206109731774,4.296622645554431,core,supported_multi_station_candidate,B,True,2018,-6.03425,500.42333333333335,12.191666666666666,8.636938829787233,True,-6.3,0.42,,442.0,12.2,False,True,True,True,True,-7.8,459.45000000000005,12.73,118.30000000000001,174.0,238.0
231,2018-07-10 00:56:00,2018-07-10 00:56:00,2018-07-09 14:14:00,2018-07-10 15:34:00,25.333333333333332,2,2,"JUNG1,KERG",4.107273925411984,4.184848496783827,6.33868664805064,2018-07-09 14:14:00,2018-07-10 11:38:00,2018-07-10 13:20:00,2018-07-10 15:34:00,6,"JUNG,JUNG1,KERG,LMKS,OULU,ROME",4,"JUNG,LMKS,OULU,ROME",4.013395222191945,4.0682401473546985,4.324871651497113,core,supported_multi_station_candidate,A,False,2018,-6.371166666666666,456.12416666666667,10.617166666666666,7.1373676464437334,True,0.06666666666666667,0.93,,396.0,11.1,False,False,True,False,True,-3.465,391.8,5.585,31.746153846153845,10.0,0.0
232,2018-07-11 08:06:00,2018-07-11 08:06:00,2018-07-11 05:02:00,2018-07-11 19:04:00,14.033333333333333,2,2,"LMKS,NEWK",4.114420190566498,5.374270893228866,7.051594812758652,2018-07-11 05:02:00,2018-07-11 11:10:00,2018-07-11 13:54:00,2018-07-11 19:04:00,6,"AATB,JUNG,KERG,LMKS,NEWK,OULU",4,"AATB,JUNG,KERG,OULU",3.906867729596423,3.7867970207431316,5.376765479548464,core,supported_multi_station_candidate,A,False,2018,-6.371166666666666,480.19166666666666,10.617166666666666,8.216633424470267,True,13.9,0.47,,491.0,9.4,False,True,True,True,True,-7.455,354.2,10.629999999999999,48.400000000000034,128.0,674.0
233,2018-07-20 16:46:00,2018-07-20 16:46:00,2018-07-20 04:32:00,2018-07-22 12:10:00,55.63333333333333,5,5,"JUNG1,KERG,LMKS,MXCO,NANM",3.325749483462142,4.118142532912253,7.49079467485061,2018-07-20 04:32:00,2018-07-21 05:16:00,2018-07-21 05:06:00,2018-07-22 12:10:00,11,"AATB,APTY,BKSN,FSMT,JUNG,JUNG1,KERG,LMKS,MXCO,NANM,NEWK",6,"AATB,APTY,BKSN,FSMT,JUNG,NEWK",3.572543133956042,3.849952716589203,4.648334820666042,core,supported_multi_station_candidate,A,False,2018,-3.927333333333333,536.8383333333334,9.387166666666667,5.431439236111111,True,8.233333333333333,0.84,,535.0,9.5,False,False,True,False,True,-5.335,454.6,6.960000000000001,66.04999999999995,24.0,0.0
234,2018-07-25 05:27:00,2018-07-25 05:27:00,2018-07-24 07:04:00,2018-07-26 22:48:00,63.733333333333334,4,4,"APTY,JUNG1,KERG,MXCO",3.8434152200278175,4.46794488685906,5.608210258473273,2018-07-24 07:04:00,2018-07-26 18:36:00,2018-07-24 23:54:00,2018-07-26 22:48:00,4,"APTY,JUNG1,KERG,MXCO",0,,3.8434152200278175,3.7355425892153367,4.46794488685906,core,supported_multi_station_candidate,A,False,2018,-5.314000000000001,589.4325,12.504416666666666,4.465160429728318,False,,,,,,False,True,True,False,True,-4.96,607.8499999999999,5.404999999999999,75.59999999999991,64.0,0.0
235,2018-07-27 22:22:00,2018-07-27 22:22:00,2018-07-27 22:22:00,2018-07-28 04:10:00,5.8,1,1,KERG,3.1653081665235803,3.1653081665235803,5.87669499138041,2018-07-27 22:22:00,2018-07-27 22:22:00,2018-07-28 04:10:00,2018-07-28 04:10:00,3,"JUNG1,KERG,LMKS",2,"JUNG1,LMKS",2.8908224048415483,3.0582547092173735,3.1653081665235803,core,supported_multi_station_candidate,B,True,2018,-3.9633333333333334,537.2408333333334,6.408,4.141491162811419,False,,,,,,False,False,True,False,True,-2.14,424.7,5.300000000000001,52.69999999999999,0.0,0.0
236,2018-07-29 14:56:00,2018-07-29 14:56:00,2018-07-29 07:58:00,2018-07-31 02:52:00,42.9,2,2,"AATB,FSMT",2.939187304480831,3.5553118041062257,8.485915147712653,2018-07-29 07:58:00,2018-07-29 21:54:00,2018-07-30 06:52:00,2018-07-31 02:52:00,4,"AATB,BKSN,FSMT,KERG",2,"BKSN,KERG",3.2599187247339634,3.221768604327038,4.2730748854263405,core,supported_multi_station_candidate,A,False,2018,-5.273833333333333,410.4791666666667,8.921833333333332,6.908404628191856,True,6.066666666666666,0.48,,333.0,6.7,False,True,True,False,True,-4.255,357.54999999999995,6.3100000000000005,42.25,166.0,0.0
238,2018-08-06 00:16:00,2018-08-06 00:16:00,2018-08-06 00:16:00,2018-08-06 23:04:00,22.8,1,1,OULU,4.2420058616693765,4.2420058616693765,8.647612665239128,2018-08-06 00:16:00,2018-08-06 00:16:00,2018-08-06 23:04:00,2018-08-06 23:04:00,2,"AATB,OULU",1,AATB,3.310334165078812,3.310334165078812,4.2420058616693765,core,supported_multi_station_candidate,B,True,2018,-6.429333333333333,396.9428571428571,7.711833333333333,9.300840373889018,False,,,,,,False,False,True,False,True,-4.24,354.95000000000005,6.8,44.25000000000006,50.0,0.0
239,2018-08-07 20:56:00,2018-08-07 20:56:00,2018-08-07 12:42:00,2018-08-08 18:00:00,29.3,2,2,"BKSN,KERG",4.608659733027808,5.054404626764272,4.790695187018954,2018-08-07 12:42:00,2018-08-08 05:10:00,2018-08-08 00:56:00,2018-08-08 18:00:00,2,"BKSN,KERG",0,,4.608659733027808,4.608659733027808,5.054404626764272,core,supported_multi_station_candidate,B,False,2018,-6.429333333333333,424.42833333333334,7.711833333333333,7.45865404912751,True,-7.933333333333334,0.35,,439.0,7.8,False,True,True,False,True,-8.2,381.8,9.92,45.950000000000045,68.0,26.0
240,2018-08-10 20:49:00,2018-08-10 20:49:00,2018-08-10 00:32:00,2018-08-12 14:34:00,62.03333333333333,2,2,"AATB,NANM",3.218315927675233,3.9559439183544867,5.6289047084349715,2018-08-10 00:32:00,2018-08-11 17:06:00,2018-08-11 10:40:00,2018-08-12 14:34:00,3,"AATB,KERG,NANM",1,KERG,3.342298365357651,3.5902632407224857,3.9559439183544867,core,supported_multi_station_candidate,B,False,2018,-5.9825,412.0783333333333,10.946166666666667,7.969276523782181,True,6.183333333333334,0.46,,402.0,11.0,False,False,True,False,True,-4.22,387.3,7.755000000000001,36.80000000000001,4.0,0.0
241,2018-08-16 16:10:00,2018-08-16 16:10:00,2018-08-15 22:54:00,2018-08-17 17:38:00,42.733333333333334,3,3,"DRBS,FSMT,OULU",6.470767077224477,9.388378018621433,6.044136490079203,2018-08-15 22:54:00,2018-08-17 11:18:00,2018-08-16 04:48:00,2018-08-17 17:38:00,10,"AATB,APTY,BKSN,DRBS,FSMT,JUNG,JUNG1,KERG,NEWK,OULU",7,"AATB,APTY,BKSN,JUNG,JUNG1,KERG,NEWK",4.664752869566081,4.1874430199441495,9.388378018621433,core,supported_multi_station_candidate,A,False,2018,-7.755,541.7966666666666,9.827666666666666,8.058764756944443,True,2.8333333333333335,0.5,,543.0,7.0,False,True,True,True,True,-9.175,482.55,12.184999999999999,60.099999999999966,68.0,84.0
242,2018-08-25 11:38:00,2018-08-25 11:38:00,2018-08-21 16:04:00,2018-08-28 21:36:00,173.53333333333333,6,6,"AATB,BKSN,DRBS,JUNG1,LMKS,NEWK",4.693396617416342,7.2578086646708115,7.6509593199691155,2018-08-21 16:04:00,2018-08-28 09:56:00,2018-08-23 00:00:00,2018-08-28 21:36:00,11,"AATB,APTY,BKSN,DRBS,FSMT,JUNG,JUNG1,LMKS,NANM,NEWK,OULU",5,"APTY,FSMT,JUNG,NANM,OULU",4.389511660653558,4.057815245186357,7.2578086646708115,core,supported_multi_station_candidate,A,False,2018,-14.725166666666667,570.4666666666667,18.1155,7.969821180555556,True,-9.633333333333333,1.54,,444.0,18.2,False,False,True,True,True,-9.3,450.9,13.645,104.60000000000002,56.0,258.0
244,2018-09-05 04:26:00,2018-09-05 04:26:00,2018-09-05 04:26:00,2018-09-06 00:26:00,20.0,1,1,KERG,3.165003955681331,3.165003955681331,6.925507800727691,2018-09-05 04:26:00,2018-09-05 04:26:00,2018-09-06 00:26:00,2018-09-06 00:26:00,2,"JUNG1,KERG",1,JUNG1,2.991373057357824,2.991373057357824,3.165003955681331,core,supported_multi_station_candidate,B,True,2018,-4.812666666666667,485.40333333333336,7.9565,8.734874131944446,False,,,,,,False,False,True,False,True,-5.675000000000001,493.5,7.98,84.75,40.0,0.0
245,2018-09-06 20:56:00,2018-09-06 20:56:00,2018-09-06 20:56:00,2018-09-07 00:36:00,3.6666666666666665,1,1,JUNG,3.5757136897265913,3.5757136897265913,7.995426224620913,2018-09-06 20:56:00,2018-09-06 20:56:00,2018-09-07 00:36:00,2018-09-07 00:36:00,4,"AATB,JUNG,JUNG1,LMKS",3,"AATB,JUNG1,LMKS",3.30849351218747,3.26721151917552,4.007998816034354,core,supported_multi_station_candidate,A,True,2018,-3.4721666666666664,487.05,10.403833333333333,6.312727430555555,True,2.066666666666667,0.59,,488.0,10.5,False,False,True,False,True,-3.9050000000000002,405.6,5.64,38.80000000000007,12.0,0.0
246,2018-09-08 13:58:00,2018-09-08 13:58:00,2018-09-08 13:58:00,2018-09-08 21:50:00,7.866666666666666,1,1,KERG,3.4078270490301845,3.4078270490301845,12.42238696458843,2018-09-08 13:58:00,2018-09-08 13:58:00,2018-09-08 21:50:00,2018-09-08 21:50:00,2,"AATB,KERG",1,AATB,2.6727749303282065,2.6727749303282065,3.4078270490301845,core,supported_multi_station_candidate,B,True,2018,-6.918666666666667,487.05,10.403833333333333,7.159539596273293,True,8.033333333333333,0.41,,413.0,6.8,False,False,True,False,True,-2.995,401.3,7.2,48.10000000000002,0.0,0.0
247,2018-09-11 10:38:00,2018-09-11 10:38:00,2018-09-10 00:24:00,2018-09-12 10:46:00,58.36666666666667,5,5,"AATB,DRBS,FSMT,KERG,LMKS",4.190312351635208,7.623951734649852,8.332866421460029,2018-09-10 00:24:00,2018-09-11 12:34:00,2018-09-11 06:26:00,2018-09-12 10:46:00,10,"AATB,BKSN,DRBS,FSMT,JUNG,JUNG1,KERG,LMKS,NANM,ROME",5,"BKSN,JUNG,JUNG1,NANM,ROME",4.293028017472954,3.8736463715927547,7.623951734649852,core,supported_multi_station_candidate,A,False,2018,-6.918666666666667,572.3775,14.299166666666668,6.256497929606625,False,,,,,,False,False,True,True,True,-8.379999999999999,632.25,15.030000000000001,155.25,50.0,804.0
249,2018-09-21 02:58:00,2018-09-21 02:58:00,2018-09-18 10:20:00,2018-09-23 12:42:00,122.36666666666666,11,11,"AATB,APTY,BKSN,DRBS,FSMT,JUNG1,KERG,MXCO,NANM,NEWK,OULU",4.636530386754277,10.907860330545383,7.890254657388087,2018-09-18 10:20:00,2018-09-23 08:00:00,2018-09-18 20:18:00,2018-09-23 12:42:00,13,"AATB,APTY,BKSN,DRBS,FSMT,JUNG,JUNG1,KERG,LMKS,MXCO,NANM,NEWK,OULU",2,"JUNG,LMKS",4.4302292764548445,4.029126171859367,10.907860330545383,core,supported_multi_station_candidate,A,False,2018,-8.22,566.4666666666667,10.1345,5.697921701388889,True,13.033333333333333,0.81,,391.0,9.2,False,False,True,False,True,-1.81,360.05,3.7350000000000003,34.30000000000001,0.0,0.0
251,2018-09-27 17:26:00,2018-09-27 17:26:00,2018-09-27 17:26:00,2018-09-28 15:26:00,22.0,1,1,APTY,4.624161426370689,4.624161426370689,6.19429360949647,2018-09-27 17:26:00,2018-09-27 17:26:00,2018-09-28 15:26:00,2018-09-28 15:26:00,3,"AATB,APTY,DRBS",2,"AATB,DRBS",4.731726536142424,4.624161426370689,7.324108296764171,core,supported_multi_station_candidate,B,True,2018,-3.0551666666666666,470.31083333333333,7.12125,6.904114583333334,True,0.5666666666666667,0.34,,422.0,5.6,False,False,True,False,True,-4.3,453.25,5.4,46.25,10.0,0.0
252,2018-09-30 10:56:00,2018-09-30 10:56:00,2018-09-29 06:36:00,2018-10-02 10:00:00,75.4,3,3,"JUNG,KERG,LMKS",3.544276340769084,4.32916381618037,7.797525100819862,2018-09-29 06:36:00,2018-10-01 02:50:00,2018-09-30 16:06:00,2018-10-02 10:00:00,5,"DRBS,JUNG,JUNG1,KERG,LMKS",2,"DRBS,JUNG1",4.713845998200102,4.32916381618037,7.616991930464118,core,supported_multi_station_candidate,A,False,2018,-5.054,515.5316666666666,8.2815,7.175719022017411,False,,,,,,False,False,True,False,True,-2.685,489.0,7.3149999999999995,63.14999999999998,0.0,0.0
253,2018-10-06 18:16:00,2018-10-06 18:16:00,2018-10-06 01:40:00,2018-10-09 09:14:00,79.56666666666666,5,5,"AATB,APTY,FSMT,JUNG,LMKS",3.553632334480337,4.464935804778268,6.8399342608633065,2018-10-06 01:40:00,2018-10-08 19:10:00,2018-10-07 00:10:00,2018-10-09 09:14:00,10,"AATB,APTY,FSMT,JUNG,JUNG1,KERG,KIEL2,LMKS,NEWK,OULU",5,"JUNG1,KERG,KIEL2,NEWK,OULU",3.8539835269138814,3.914434663166265,5.78118549204087,core,supported_multi_station_candidate,A,False,2018,-4.056416666666666,567.5283333333333,16.245,9.774019097222222,True,13.733333333333333,1.42,,614.0,16.6,False,False,False,False,False,-3.175,372.0,3.625,20.400000000000034,2.0,0.0
254,2018-10-10 18:02:00,2018-10-10 18:02:00,2018-10-10 02:04:00,2018-10-11 16:22:00,38.3,3,3,"APTY,JUNG,JUNG1",3.519637038612258,4.140497103241996,4.366329577899552,2018-10-10 02:04:00,2018-10-11 00:44:00,2018-10-11 03:36:00,2018-10-11 16:22:00,3,"APTY,JUNG,JUNG1",0,,3.519637038612258,3.209951841278009,4.140497103241996,core,supported_multi_station_candidate,B,False,2018,-3.9233333333333333,609.5733333333334,6.988333333333333,3.6499140625,True,-6.033333333333333,0.57,,519.0,6.8,False,True,True,False,True,-6.625,529.1,7.605,80.20000000000005,62.0,0.0
255,2018-10-13 13:08:00,2018-10-13 13:08:00,2018-10-13 13:08:00,2018-10-13 15:24:00,2.2666666666666666,1,1,AATB,4.42229552437117,4.42229552437117,21.90437680623313,2018-10-13 13:08:00,2018-10-13 13:08:00,2018-10-13 15:24:00,2018-10-13 15:24:00,5,"AATB,DRBS,FSMT,JUNG,LMKS",4,"DRBS,FSMT,JUNG,LMKS",4.584854065650588,3.7510388013460294,9.348981774412795,core,supported_multi_station_candidate,A,True,2018,-8.598166666666666,615.4016666666666,10.831666666666667,5.204754340277777,True,-8.133333333333333,0.97,,616.0,11.3,False,True,True,True,True,-9.495000000000001,424.95,12.48,101.64999999999998,138.0,148.0
256,2018-10-14 08:54:00,2018-10-14 08:54:00,2018-10-14 08:54:00,2018-10-15 02:48:00,17.9,1,1,NEWK,5.383241211834858,5.383241211834858,7.623268549114113,2018-10-14 08:54:00,2018-10-14 08:54:00,2018-10-15 02:48:00,2018-10-15 02:48:00,5,"DRBS,FSMT,JUNG,LMKS,NEWK",4,"DRBS,FSMT,JUNG,LMKS",4.626362448816468,3.3251637981488407,8.599644854406243,core,supported_multi_station_candidate,A,True,2018,-8.598166666666666,615.55,10.831666666666667,5.115067708333334,False,,,,,,False,False,True,True,True,-7.99,607.3,9.82,147.79999999999995,38.0,76.0
258,2018-10-19 22:32:00,2018-10-19 22:32:00,2018-10-19 06:54:00,2018-10-20 17:40:00,34.766666666666666,2,2,"APTY,KERG",3.8738776629800156,4.112196829677385,6.582522257892925,2018-10-19 06:54:00,2018-10-20 14:10:00,2018-10-20 16:10:00,2018-10-20 17:40:00,4,"APTY,JUNG1,KERG,KIEL2",2,"JUNG1,KIEL2",3.5848535490550963,3.629128032365699,4.112196829677385,core,supported_multi_station_candidate,A,False,2018,-3.770166666666667,381.3941666666667,8.597833333333334,9.073751736111111,False,,,,,,False,False,False,False,False,-2.39,325.20000000000005,4.24,20.600000000000023,0.0,0.0
259,2018-10-22 20:44:00,2018-10-22 20:44:00,2018-10-21 17:50:00,2018-10-25 00:42:00,78.86666666666666,5,5,"AATB,BKSN,JUNG,JUNG1,KERG",4.2105446441857355,5.620702877337288,4.54977841178765,2018-10-21 17:50:00,2018-10-24 12:26:00,2018-10-22 03:30:00,2018-10-25 00:42:00,5,"AATB,BKSN,JUNG,JUNG1,KERG",0,,4.2105446441857355,4.883935480435659,5.620702877337288,core,supported_multi_station_candidate,A,False,2018,-3.770166666666667,392.22,8.597833333333334,11.166117678812416,True,14.266666666666667,0.29,,358.0,5.5,False,False,True,False,True,-4.5,393.5,4.85,41.0,52.0,0.0
260,2018-10-29 17:35:00,2018-10-29 17:35:00,2018-10-26 13:26:00,2018-10-30 21:30:00,104.06666666666666,4,4,"JUNG,KERG,KIEL2,OULU",4.369087177903227,4.793654710368366,4.5528093992792344,2018-10-26 13:26:00,2018-10-30 15:06:00,2018-10-28 00:26:00,2018-10-30 21:30:00,8,"CALM,DRBS,JUNG,KERG,KIEL2,LMKS,NEWK,OULU",4,"CALM,DRBS,LMKS,NEWK",5.196100480318158,4.572628185775745,8.59837112368775,core,supported_multi_station_candidate,A,False,2018,-3.2935833333333333,362.6894444444444,5.945833333333334,8.518230902777779,False,,,,,,False,False,True,False,True,-2.99,332.6,5.0600000000000005,30.25,0.0,0.0
261,2018-10-31 15:02:00,2018-10-31 15:02:00,2018-10-31 15:02:00,2018-10-31 22:38:00,7.6,1,1,JUNG,3.409348711072521,3.409348711072521,5.943437057121669,2018-10-31 15:02:00,2018-10-31 15:02:00,2018-10-31 22:38:00,2018-10-31 22:38:00,2,"JUNG,KERG",1,KERG,3.554989185343051,3.554989185343051,3.7006296596135813,core,supported_multi_station_candidate,B,True,2018,-3.2935833333333333,350.84797619047623,5.945833333333334,11.63745659722222,False,,,,,,False,False,True,False,True,-4.075,351.6,5.93,33.450000000000045,50.0,0.0
262,2018-11-05 15:12:00,2018-11-05 15:12:00,2018-11-03 15:34:00,2018-11-06 19:06:00,75.53333333333333,3,3,"JUNG,JUNG1,KERG",3.8330775627406197,4.73355493052831,6.867831138336837,2018-11-03 15:34:00,2018-11-05 17:22:00,2018-11-04 16:46:00,2018-11-06 19:06:00,6,"AATB,JUNG,JUNG1,KERG,LMKS,NANM",3,"AATB,LMKS,NANM",3.4032470112214583,3.3828388788467745,4.73355493052831,core,supported_multi_station_candidate,A,False,2018,-5.5895,603.9966666666667,11.360833333333334,8.195328993055556,False,,,,,,False,False,True,False,True,-9.739999999999998,638.5,10.825,114.10000000000002,52.0,50.0
263,2018-11-07 12:32:00,2018-11-07 12:32:00,2018-11-07 12:32:00,2018-11-08 08:56:00,20.4,1,1,KIEL2,3.7315642980769472,3.7315642980769472,9.112181379972814,2018-11-07 12:32:00,2018-11-07 12:32:00,2018-11-08 08:56:00,2018-11-08 08:56:00,4,"AATB,FSMT,KIEL2,LMKS",3,"AATB,FSMT,LMKS",3.0679530500367482,3.0761917874876135,3.810442958385851,core,supported_multi_station_candidate,A,True,2018,-4.4995,552.5033333333333,7.1225000000000005,4.450359375000001,True,-13.533333333333333,0.84,,491.0,7.3,False,False,True,False,True,-3.605,447.70000000000005,7.58,48.24999999999994,32.0,0.0
264,2018-11-11 08:20:00,2018-11-11 08:20:00,2018-11-11 04:16:00,2018-11-12 23:28:00,43.2,3,3,"JUNG,JUNG1,KERG",3.917773308133551,4.215142285613908,6.56886005390579,2018-11-11 04:16:00,2018-11-11 15:00:00,2018-11-12 01:04:00,2018-11-12 23:28:00,7,"AATB,JUNG,JUNG1,KERG,KIEL2,LMKS,ROME",4,"AATB,KIEL2,LMKS,ROME",3.7001990716417046,3.82342747102927,4.909682898387417,core,supported_multi_station_candidate,A,False,2018,-6.444166666666666,638.0416666666666,12.9,4.61699322169059,False,,,,,,False,False,True,False,True,-3.87,637.9,5.705,83.10000000000002,18.0,0.0
265,2018-11-14 23:27:00,2018-11-14 23:27:00,2018-11-14 05:30:00,2018-11-15 21:30:00,40.0,2,2,"AATB,NEWK",4.323564026359341,5.912598548087631,7.588610085444833,2018-11-14 05:30:00,2018-11-15 17:24:00,2018-11-15 12:48:00,2018-11-15 21:30:00,3,"AATB,APTY,NEWK",1,APTY,4.34912853511809,4.400257552635586,5.912598548087631,core,supported_multi_station_candidate,B,False,2018,-1.8521666666666665,607.1533333333333,5.283333333333333,4.439553227931489,True,-16.45,0.25,,443.0,5.4,False,False,True,False,True,-4.125,452.15,5.205,56.200000000000045,16.0,0.0
266,2018-11-17 02:46:00,2018-11-17 02:46:00,2018-11-16 09:58:00,2018-11-18 23:54:00,61.93333333333333,2,2,"APTY,KERG",3.9694704910030474,4.100727983713152,8.932225184682386,2018-11-16 09:58:00,2018-11-17 19:34:00,2018-11-17 21:26:00,2018-11-18 23:54:00,2,"APTY,KERG",0,,3.9694704910030474,3.9694704910030474,4.100727983713152,core,supported_multi_station_candidate,B,False,2018,-3.502333333333333,403.3816666666667,7.2909999999999995,7.5066794003868464,False,,,,,,False,False,True,False,True,-2.67,354.2,5.045,35.099999999999966,0.0,0.0
267,2018-11-23 08:46:00,2018-11-23 08:46:00,2018-11-22 13:22:00,2018-11-24 00:14:00,34.86666666666667,3,3,"JUNG,JUNG1,KERG",4.394169352966416,5.084319128596919,8.142262571355268,2018-11-22 13:22:00,2018-11-23 09:34:00,2018-11-23 20:12:00,2018-11-24 00:14:00,4,"AATB,JUNG,JUNG1,KERG",1,AATB,3.8933477212568826,4.049094465151164,5.084319128596919,core,supported_multi_station_candidate,A,False,2018,-2.4503333333333335,419.92333333333335,7.418666666666667,7.130849826388889,False,,,,,,False,False,True,False,True,-4.04,389.35,5.93,49.30000000000001,28.0,0.0
268,2018-11-27 04:36:00,2018-11-27 04:36:00,2018-11-26 14:24:00,2018-11-28 00:10:00,33.766666666666666,3,3,"APTY,JUNG1,KERG",3.6620929745323867,4.248109361702425,6.532138256135286,2018-11-26 14:24:00,2018-11-27 09:56:00,2018-11-27 10:40:00,2018-11-28 00:10:00,6,"APTY,JUNG,JUNG1,KERG,LMKS,NANM",3,"JUNG,LMKS,NANM",3.5577934076597977,3.618369936351728,4.248109361702425,core,supported_multi_station_candidate,A,False,2018,-3.5320000000000005,425.8666666666667,7.471,7.133736111111111,True,0.4,0.26,,427.0,7.5,False,False,True,False,True,-5.51,350.35,6.925,53.89999999999998,14.0,0.0
269,2018-12-02 01:02:00,2018-12-02 01:02:00,2018-11-30 21:30:00,2018-12-04 22:44:00,97.23333333333333,7,7,"AATB,FSMT,JUNG,JUNG1,KERG,LMKS,NANM",3.4917375264381896,3.886583791959612,7.850225069582024,2018-11-30 21:30:00,2018-12-04 05:02:00,2018-12-01 17:34:00,2018-12-04 22:44:00,7,"AATB,FSMT,JUNG,JUNG1,KERG,LMKS,NANM",0,,3.4917375264381896,3.534368293386247,3.886583791959612,core,supported_multi_station_candidate,A,False,2018,-5.116166666666667,473.03777777777776,9.573666666666666,9.452578993055557,False,,,,,,False,False,True,True,True,-7.93,435.04999999999995,10.780000000000001,64.30000000000001,48.0,92.0
270,2018-12-07 11:37:00,2018-12-07 11:37:00,2018-12-07 08:18:00,2018-12-10 01:16:00,64.96666666666667,4,4,"AATB,JUNG,JUNG1,KERG",3.973017844734601,4.948767760243945,7.970041075534351,2018-12-07 08:18:00,2018-12-09 01:08:00,2018-12-07 20:20:00,2018-12-10 01:16:00,5,"AATB,BKSN,JUNG,JUNG1,KERG",1,BKSN,4.060817550559461,4.405305727974697,4.948767760243945,core,supported_multi_station_candidate,A,False,2018,-4.4185,590.9791666666666,10.454333333333333,6.047289930555556,True,-6.616666666666666,0.74,,590.0,9.6,False,False,True,True,True,-8.195,497.5,11.274999999999999,95.10000000000002,46.0,288.0
271,2018-12-13 00:49:00,2018-12-13 00:49:00,2018-12-11 21:32:00,2018-12-14 04:04:00,54.53333333333333,4,4,"BKSN,JUNG1,KERG,LMKS",4.0098059128016885,4.842085832924532,6.405389703240946,2018-12-11 21:32:00,2018-12-13 14:48:00,2018-12-12 12:56:00,2018-12-14 04:04:00,6,"BKSN,JUNG,JUNG1,KERG,LMKS,NEWK",2,"JUNG,NEWK",4.11901106759875,4.095285356350594,4.842085832924532,core,supported_multi_station_candidate,A,False,2018,-2.025166666666667,587.5433333333333,5.606166666666667,3.524076535087719,False,,,,,,False,False,True,False,True,-2.855,475.95000000000005,4.365,59.35000000000002,0.0,0.0
272,2018-12-14 21:48:00,2018-12-14 21:48:00,2018-12-14 21:48:00,2018-12-16 02:46:00,28.966666666666665,1,1,JUNG1,4.052706526208347,4.052706526208347,4.694767018589261,2018-12-14 21:48:00,2018-12-14 21:48:00,2018-12-16 02:46:00,2018-12-16 02:46:00,2,"JUNG,JUNG1",1,JUNG,3.9679262168666916,3.9679262168666916,4.052706526208347,core,supported_multi_station_candidate,B,True,2018,-2.754833333333333,426.03633333333335,5.6693333333333324,5.358892982456141,False,,,,,,False,False,True,False,True,-3.185,366.15,5.59,34.700000000000045,6.0,0.0
273,2018-12-17 11:36:00,2018-12-17 11:36:00,2018-12-16 16:18:00,2018-12-19 05:16:00,60.96666666666667,6,6,"APTY,JUNG,JUNG1,KERG,KIEL2,LMKS",3.941722804409249,5.0043761077924165,6.082200422137713,2018-12-16 16:18:00,2018-12-17 21:22:00,2018-12-17 21:00:00,2018-12-19 05:16:00,7,"AATB,APTY,JUNG,JUNG1,KERG,KIEL2,LMKS",1,AATB,3.8334587572899963,3.4281333757864867,5.0043761077924165,core,supported_multi_station_candidate,A,False,2018,-5.003333333333333,491.7066666666667,11.119499999999999,7.118681073389804,True,-14.6,0.52,,447.0,10.6,False,False,True,True,True,-6.82,425.35,12.59,81.55000000000001,28.0,182.0
274,2018-12-20 06:22:00,2018-12-20 06:22:00,2018-12-20 01:38:00,2018-12-21 16:40:00,39.03333333333333,3,3,"JUNG,KERG,LMKS",3.3592995996063877,4.612211998158181,7.142692568767262,2018-12-20 01:38:00,2018-12-20 20:42:00,2018-12-20 04:10:00,2018-12-21 16:40:00,4,"JUNG,JUNG1,KERG,LMKS",1,JUNG1,3.673681936995818,3.755438729878069,4.616828949164108,core,supported_multi_station_candidate,A,False,2018,-3.8866666666666663,637.1333333333333,8.744499999999999,3.736256696792054,False,,,,,,False,False,True,False,True,-5.26,651.3,7.16,136.3,14.0,0.0
275,2018-12-30 03:21:00,2018-12-30 03:21:00,2018-12-29 16:42:00,2019-01-01 22:30:00,77.8,4,4,"JUNG,JUNG1,KERG,NANM",3.939905277851544,4.603060379136815,4.846808872519767,2018-12-29 16:42:00,2018-12-31 11:10:00,2018-12-30 02:14:00,2019-01-01 22:30:00,6,"AATB,JUNG,JUNG1,KERG,LMKS,NANM",2,"AATB,LMKS",3.5928883775675082,3.405048671663069,4.603060379136815,core,supported_multi_station_candidate,A,False,2018,-7.024666666666666,597.3610606060606,12.320833333333333,4.703575783475784,True,-2.35,0.61,,569.0,5.8,False,False,True,False,True,-5.29,567.05,5.955,82.94999999999993,26.0,0.0
276,2019-01-04 16:27:00,2019-01-04 16:27:00,2019-01-03 04:12:00,2019-01-06 18:04:00,85.86666666666666,8,8,"AATB,DRBS,FSMT,JUNG,JUNG1,KERG,LMKS,ROME",4.34898526768287,9.262595100904012,6.083545504613385,2019-01-03 04:12:00,2019-01-06 04:14:00,2019-01-03 19:54:00,2019-01-06 18:04:00,8,"AATB,DRBS,FSMT,JUNG,JUNG1,KERG,LMKS,ROME",0,,4.3489852676828695,3.7657388599520454,9.262595100904012,core,supported_multi_station_candidate,A,False,2019,-6.3775,552.6416666666667,11.467166666666666,8.149959463810143,True,-4.45,1.29,,554.0,11.4,False,True,True,True,True,-9.655000000000001,374.2,14.42,47.0,104.0,152.0
277,2019-01-08 07:38:00,2019-01-08 07:38:00,2019-01-08 07:38:00,2019-01-09 07:26:00,23.8,1,1,JUNG1,3.9858757581777526,3.9858757581777526,6.0999253305703744,2019-01-08 07:38:00,2019-01-08 07:38:00,2019-01-09 07:26:00,2019-01-09 07:26:00,4,"AATB,APTY,JUNG,JUNG1",3,"AATB,APTY,JUNG",3.6345416977315566,3.773421125989107,4.305370184503601,core,supported_multi_station_candidate,A,True,2019,-3.7591666666666663,556.5550000000001,6.108833333333333,4.719289649528754,True,-1.6333333333333333,0.44,,446.0,6.1,False,False,True,False,True,-4.09,478.8,5.640000000000001,57.30000000000001,10.0,0.0
278,2019-01-11 04:48:00,2019-01-11 04:48:00,2019-01-10 20:28:00,2019-01-11 22:30:00,26.033333333333335,2,2,"JUNG,KERG",4.774563417745107,5.078728056135339,7.543060186698352,2019-01-10 20:28:00,2019-01-11 13:08:00,2019-01-11 00:02:00,2019-01-11 22:30:00,5,"JUNG,JUNG1,KERG,LMKS,NEWK",3,"JUNG1,LMKS,NEWK",4.155741401935377,4.3949618927693,5.078728056135339,core,supported_multi_station_candidate,A,False,2019,-3.298666666666667,512.8341666666666,6.930499999999999,4.85009375,True,-14.8,0.55,,509.0,7.3,False,False,True,False,True,-5.775,524.4,7.48,154.25,24.0,0.0
279,2019-01-13 21:58:00,2019-01-13 21:58:00,2019-01-13 07:54:00,2019-01-16 00:46:00,64.86666666666666,3,3,"AATB,KERG,LMKS",3.035290606640307,3.527948653291865,5.393754077740219,2019-01-13 07:54:00,2019-01-14 12:52:00,2019-01-14 18:28:00,2019-01-16 00:46:00,4,"AATB,JUNG1,KERG,LMKS",1,JUNG1,3.069581024815162,3.2042622027839687,3.527948653291865,core,supported_multi_station_candidate,A,False,2019,-3.5343333333333335,410.2066666666667,10.272333333333334,8.020436631944444,True,1.0333333333333334,0.34,,403.0,10.2,False,False,True,True,True,-5.17,381.6,11.06,89.80000000000001,46.0,130.0
280,2019-01-17 14:07:00,2019-01-17 14:07:00,2019-01-17 08:02:00,2019-01-18 23:06:00,39.06666666666667,2,2,"JUNG,KIEL2",4.666959655376866,4.729266716137919,11.17379742019794,2019-01-17 08:02:00,2019-01-17 20:12:00,2019-01-17 20:24:00,2019-01-18 23:06:00,6,"AATB,JUNG,JUNG1,KERG,KIEL2,NANM",4,"AATB,JUNG1,KERG,NANM",3.864796454739853,4.086340150290832,4.729266716137919,core,supported_multi_station_candidate,A,False,2019,-6.2540000000000004,504.445,9.894499999999999,5.874428819444444,False,,,,,,False,False,True,True,True,-6.41,532.1,10.89,144.0,36.0,124.0
282,2019-01-24 09:42:00,2019-01-24 09:42:00,2019-01-22 16:32:00,2019-01-26 01:20:00,80.8,6,6,"BKSN,DRBS,JUNG,JUNG1,KERG,LMKS",5.061143338014158,8.472431405894769,5.5161351000273795,2019-01-22 16:32:00,2019-01-25 07:40:00,2019-01-24 04:00:00,2019-01-26 01:20:00,10,"AATB,BKSN,DRBS,FSMT,JUNG,JUNG1,KERG,KIEL2,LMKS,ROME",4,"AATB,FSMT,KIEL2,ROME",4.46957035710617,4.070358562344245,8.472431405894769,core,supported_multi_station_candidate,A,False,2019,-6.7325,619.0383333333334,9.355500000000001,6.203343096872617,False,,,,,,False,True,True,True,True,-9.18,644.0,11.07,127.99999999999994,66.0,78.0
283,2019-01-28 01:32:00,2019-01-28 01:32:00,2019-01-27 17:26:00,2019-01-28 14:00:00,20.566666666666666,2,2,"APTY,JUNG1",3.2676040219971814,3.6865287971143053,7.518296100622652,2019-01-27 17:26:00,2019-01-28 09:38:00,2019-01-28 02:26:00,2019-01-28 14:00:00,2,"APTY,JUNG1",0,,3.2676040219971814,3.2676040219971814,3.6865287971143053,core,supported_multi_station_candidate,B,False,2019,-3.2755,547.3483333333334,5.004666666666666,4.172495659722222,False,,,,,,False,False,True,False,True,-3.06,438.4,5.21,55.5,4.0,0.0
284,2019-01-29 17:10:00,2019-01-29 17:10:00,2019-01-29 15:32:00,2019-01-30 21:52:00,30.333333333333332,2,2,"DRBS,LMKS",5.044135288404846,7.851667444498639,5.530225320818165,2019-01-29 15:32:00,2019-01-29 18:48:00,2019-01-30 17:06:00,2019-01-30 21:52:00,2,"DRBS,LMKS",0,,5.044135288404846,5.044135288404846,7.851667444498639,core,supported_multi_station_candidate,B,False,2019,-4.444500000000001,421.1191666666667,14.662333333333333,8.534445312499999,True,-17.166666666666668,0.32,,368.0,4.5,False,False,True,False,True,-2.0,363.35,4.665,31.900000000000034,0.0,0.0
285,2019-02-01 09:36:00,2019-02-01 09:36:00,2019-01-31 17:56:00,2019-02-03 15:00:00,69.06666666666666,4,4,"APTY,DRBS,JUNG1,NEWK",8.105281670530509,20.801262484650103,5.5141397017806755,2019-01-31 17:56:00,2019-02-02 09:56:00,2019-02-01 02:52:00,2019-02-03 15:00:00,7,"AATB,APTY,DRBS,JUNG1,KERG,LMKS,NEWK",3,"AATB,KERG,LMKS",6.092636572300003,3.4543404390815273,20.801262484650103,core,supported_multi_station_candidate,A,False,2019,-10.719999999999999,622.0875,16.140833333333333,9.02293142361111,True,-15.6,0.83,,627.0,15.7,False,True,True,True,True,-12.02,637.5,14.68,219.5,88.0,210.0
287,2019-02-05 17:32:00,2019-02-05 17:32:00,2019-02-05 15:34:00,2019-02-06 23:26:00,31.866666666666667,2,2,"DRBS,KERG",5.43255178339421,5.953332443754299,7.047316541795382,2019-02-05 15:34:00,2019-02-05 19:30:00,2019-02-06 10:32:00,2019-02-06 23:26:00,3,"AATB,DRBS,KERG",1,AATB,4.8284614435647555,4.911771123034122,5.953332443754299,core,supported_multi_station_candidate,B,False,2019,-5.0713333333333335,538.9525,7.933833333333333,4.098584502923978,True,0.4666666666666667,0.42,,446.0,7.9,False,False,True,False,True,-4.41,392.6,8.280000000000001,53.049999999999955,8.0,16.0
288,2019-02-08 14:12:00,2019-02-08 14:12:00,2019-02-07 15:44:00,2019-02-09 23:00:00,55.266666666666666,3,3,"DRBS,JUNG1,KERG",6.5508846783224515,12.695546201363344,8.711438391162252,2019-02-07 15:44:00,2019-02-08 14:34:00,2019-02-08 15:36:00,2019-02-09 23:00:00,4,"DRBS,JUNG1,KERG,LMKS",1,LMKS,5.700359387930878,3.605420065843626,12.695546201363344,core,supported_multi_station_candidate,A,False,2019,-4.507000000000001,478.9066666666667,7.009166666666667,3.9737112888558204,True,-6.2,0.36,,477.0,7.0,False,False,True,False,True,-5.205,472.9,7.465,101.44999999999999,50.0,0.0
289,2019-02-11 16:10:00,2019-02-11 16:10:00,2019-02-11 16:10:00,2019-02-11 21:22:00,5.2,1,1,KERG,3.647056343388749,3.647056343388749,7.033798900578041,2019-02-11 16:10:00,2019-02-11 16:10:00,2019-02-11 21:22:00,2019-02-11 21:22:00,3,"DRBS,KERG,LMKS",2,"DRBS,LMKS",4.149524535827266,3.647056343388749,5.590158881891584,core,supported_multi_station_candidate,B,True,2019,-5.4815,469.2366666666667,9.000333333333334,5.866048195084486,True,-9.166666666666666,0.29,,406.0,8.1,False,True,True,False,True,-6.37,410.7,8.41,42.39999999999998,70.0,6.0
290,2019-02-14 22:10:00,2019-02-14 22:10:00,2019-02-13 17:32:00,2019-02-16 04:42:00,59.166666666666664,3,3,"AATB,APTY,NEWK",4.105118191701458,5.5171527232838065,6.565313772781255,2019-02-13 17:32:00,2019-02-15 07:46:00,2019-02-14 13:24:00,2019-02-16 04:42:00,4,"AATB,APTY,KERG,NEWK",1,KERG,3.759512829698542,3.5686702402954618,5.5171527232838065,core,supported_multi_station_candidate,A,False,2019,-5.4815,526.26,9.000333333333334,4.014957465277778,False,,,,,,False,False,True,False,True,-2.14,538.2,4.8100000000000005,64.0499999999999,0.0,0.0
291,2019-02-19 19:48:00,2019-02-19 19:48:00,2019-02-18 16:36:00,2019-02-21 09:16:00,64.66666666666667,4,4,"AATB,JUNG,LMKS,NEWK",3.944320496264214,5.702227619294988,3.937048833747958,2019-02-18 16:36:00,2019-02-20 09:28:00,2019-02-19 19:00:00,2019-02-21 09:16:00,6,"AATB,APTY,JUNG,KERG,LMKS,NEWK",2,"APTY,KERG",4.00626260237484,3.8026319722281814,5.702227619294988,core,supported_multi_station_candidate,A,False,2019,-5.4295,449.5861111111111,11.319833333333332,9.571419270833333,True,6.2,0.23,,326.0,3.2,False,False,False,False,False,-2.7800000000000002,338.95,3.95,28.19999999999999,0.0,0.0
293,2019-02-24 17:28:00,2019-02-24 17:28:00,2019-02-24 17:28:00,2019-02-24 19:58:00,2.5,1,1,KIEL2,16.68247017568494,16.68247017568494,5.915021617652369,2019-02-24 17:28:00,2019-02-24 17:28:00,2019-02-24 19:58:00,2019-02-24 19:58:00,2,"AATB,KIEL2",1,AATB,10.068414593180053,10.068414593180053,16.68247017568494,core,supported_multi_station_candidate,B,True,2019,-3.2816666666666667,437.0516666666666,5.019833333333334,5.757917534722222,False,,,,,,False,False,False,False,False,-3.21,345.4,4.1899999999999995,28.899999999999977,16.0,0.0
294,2019-02-26 07:24:00,2019-02-26 07:24:00,2019-02-26 07:24:00,2019-02-27 14:58:00,31.566666666666666,1,1,AATB,2.35900422583892,2.35900422583892,10.263988480132364,2019-02-26 07:24:00,2019-02-26 07:24:00,2019-02-27 14:58:00,2019-02-27 14:58:00,5,"AATB,KERG,KIEL2,LMKS,ROME",4,"KERG,KIEL2,LMKS,ROME",4.586478055421922,3.9138561274307393,9.534880275320088,core,supported_multi_station_candidate,A,True,2019,-3.2816666666666667,520.1633333333333,11.702166666666667,8.97823611111111,False,,,,,,False,False,False,False,False,-3.2350000000000003,349.4,3.98,21.69999999999999,28.0,0.0
295,2019-02-28 16:12:00,2019-02-28 16:12:00,2019-02-28 13:52:00,2019-03-01 21:44:00,31.866666666666667,3,3,"BKSN,JUNG,KIEL2",7.083236784091645,12.86625592875471,7.934586277330241,2019-02-28 13:52:00,2019-02-28 22:40:00,2019-02-28 16:20:00,2019-03-01 21:44:00,6,"APTY,BKSN,JUNG,JUNG1,KIEL2,LMKS",3,"APTY,JUNG1,LMKS",5.206618530213718,3.9221937313291164,12.86625592875471,core,supported_multi_station_candidate,A,False,2019,-5.192833333333334,594.7591666666667,11.702166666666667,7.629162326388889,False,,,,,,False,True,True,False,True,-7.725,594.8,8.125,78.89999999999998,64.0,4.0
296,2019-03-02 13:48:00,2019-03-02 13:48:00,2019-03-02 13:48:00,2019-03-03 19:12:00,29.4,1,1,KIEL2,3.64575757263517,3.64575757263517,7.484067515128953,2019-03-02 13:48:00,2019-03-02 13:48:00,2019-03-03 19:12:00,2019-03-03 19:12:00,2,"KIEL2,LMKS",1,LMKS,3.175618368424241,3.175618368424241,3.64575757263517,core,supported_multi_station_candidate,B,True,2019,-4.620833333333334,594.7591666666667,7.261666666666667,3.693520833333333,False,,,,,,False,False,True,False,True,-4.720000000000001,590.1,5.75,72.60000000000002,14.0,0.0
298,2019-03-05 14:50:00,2019-03-05 14:50:00,2019-03-05 14:50:00,2019-03-06 21:34:00,30.733333333333334,1,1,JUNG1,3.558689428930079,3.558689428930079,6.189339812176702,2019-03-05 14:50:00,2019-03-05 14:50:00,2019-03-06 21:34:00,2019-03-06 21:34:00,3,"JUNG,JUNG1,LMKS",2,"JUNG,LMKS",3.9083170648635104,3.558689428930079,5.2945445988982645,core,supported_multi_station_candidate,B,True,2019,-4.1725,490.6816666666667,9.917833333333334,4.500993055555555,True,15.166666666666666,0.6,,493.0,9.8,False,False,True,False,True,-4.37,428.7,6.145,86.89999999999998,2.0,0.0
299,2019-03-09 22:48:00,2019-03-09 22:48:00,2019-03-09 22:48:00,2019-03-11 00:48:00,26.0,1,1,LMKS,4.1049160234598725,4.1049160234598725,10.275095108241567,2019-03-09 22:48:00,2019-03-09 22:48:00,2019-03-11 00:48:00,2019-03-11 00:48:00,3,"AATB,KERG,LMKS",2,"AATB,KERG",3.2159858560309753,3.2633745599244612,4.1049160234598725,core,supported_multi_station_candidate,B,True,2019,-3.01525,451.555,7.771833333333333,4.165914186113761,False,,,,,,False,False,True,False,True,-4.5600000000000005,467.9,5.69,49.44999999999993,22.0,0.0
300,2019-03-13 07:32:00,2019-03-13 07:32:00,2019-03-13 07:32:00,2019-03-14 15:00:00,31.466666666666665,1,1,JUNG1,4.234488222385423,4.234488222385423,3.202660544698106,2019-03-13 07:32:00,2019-03-13 07:32:00,2019-03-14 15:00:00,2019-03-14 15:00:00,4,"AATB,JUNG,JUNG1,KERG",3,"AATB,JUNG,KERG",3.730022657482318,3.855685711230901,4.238719273416175,core,supported_multi_station_candidate,A,True,2019,-6.090166666666667,400.31166666666667,9.1395,7.217013237847222,True,11.466666666666667,0.28,,363.0,5.5,False,False,True,False,True,-3.815,371.5,4.6,39.5,26.0,0.0
301,2019-03-17 23:54:00,2019-03-17 23:54:00,2019-03-16 23:14:00,2019-03-18 18:52:00,43.63333333333333,3,3,"CALM,JUNG,JUNG1",4.489809659061365,6.349614162294899,5.173143066949771,2019-03-16 23:14:00,2019-03-18 05:46:00,2019-03-18 08:34:00,2019-03-18 18:52:00,3,"CALM,JUNG,JUNG1",0,,4.489809659061365,3.663938834048852,6.349614162294899,core,supported_multi_station_candidate,B,False,2019,-7.1161666666666665,443.2683333333333,8.4385,7.372623263888888,False,,,,,,False,True,True,True,True,-5.615,399.1,8.61,51.10000000000002,116.0,188.0
302,2019-03-20 17:48:00,2019-03-20 17:48:00,2019-03-20 15:20:00,2019-03-22 02:34:00,35.233333333333334,2,2,"KERG,LMKS",4.046050178598169,4.940587162635532,5.109460956068498,2019-03-20 15:20:00,2019-03-20 20:16:00,2019-03-21 10:06:00,2019-03-22 02:34:00,3,"KERG,LMKS,ROME",1,ROME,4.313432656955671,4.848197613670674,4.940587162635532,core,supported_multi_station_candidate,B,False,2019,-4.7155000000000005,407.05,7.154166666666667,6.950374131944444,False,,,,,,False,False,True,False,True,-3.615,417.05,4.029999999999999,30.000000000000057,14.0,0.0
303,2019-03-25 12:18:00,2019-03-25 12:18:00,2019-03-25 03:06:00,2019-03-27 05:26:00,50.333333333333336,3,3,"AATB,KERG,LMKS",3.4216397131844434,3.7028387803043645,5.944312380358629,2019-03-25 03:06:00,2019-03-26 18:56:00,2019-03-26 02:02:00,2019-03-27 05:26:00,10,"AATB,BKSN,FSMT,JUNG,JUNG1,KERG,KIEL2,LMKS,NEWK,ROME",7,"BKSN,FSMT,JUNG,JUNG1,KIEL2,NEWK,ROME",4.2133304136006675,3.9714313892447684,7.619765891821894,core,supported_multi_station_candidate,A,False,2019,-5.749833333333333,361.33583333333337,8.348,11.015826388888888,True,-13.3,0.7,,351.0,8.4,False,False,True,False,True,-5.795,342.9,8.445,39.64999999999998,14.0,4.0
304,2019-03-28 15:09:00,2019-03-28 15:09:00,2019-03-28 00:24:00,2019-03-30 05:58:00,53.56666666666667,2,2,"JUNG1,KERG",6.61660983783716,9.537886720167235,7.483022222721896,2019-03-28 00:24:00,2019-03-29 05:54:00,2019-03-29 08:48:00,2019-03-30 05:58:00,5,"AATB,JUNG,JUNG1,KERG,NANM",3,"AATB,JUNG,NANM",4.671880668116272,3.960723875586532,9.537886720167235,core,supported_multi_station_candidate,A,False,2019,-4.105166666666666,543.1825,13.7185,7.266034034024052,True,-11.15,0.76,,525.0,13.7,False,False,True,True,True,-7.35,561.2,13.94,142.20000000000005,46.0,546.0
306,2019-04-04 13:02:00,2019-04-04 13:02:00,2019-04-02 04:58:00,2019-04-08 06:32:00,145.56666666666666,5,5,"FSMT,JUNG1,KERG,LMKS,NANM",3.8395942437558346,5.030536521610238,6.9908364440585045,2019-04-02 04:58:00,2019-04-06 20:36:00,2019-04-03 02:14:00,2019-04-08 06:32:00,6,"AATB,FSMT,JUNG1,KERG,LMKS,NANM",1,AATB,3.507692168443393,3.7390876368905963,5.030536521610238,core,supported_multi_station_candidate,A,False,2019,-4.755833333333333,521.9716666666667,9.2295,5.1970509037745884,False,,,,,,False,True,True,True,True,-6.605,517.7,10.065,132.90000000000003,60.0,80.0
307,2019-04-09 11:01:00,2019-04-09 11:01:00,2019-04-09 08:12:00,2019-04-10 00:24:00,16.2,2,2,"AATB,JUNG",2.7511843400332534,3.3731588177288536,5.897594056711715,2019-04-09 08:12:00,2019-04-09 13:50:00,2019-04-09 20:04:00,2019-04-10 00:24:00,5,"AATB,BKSN,JUNG,JUNG1,LMKS",3,"BKSN,JUNG1,LMKS",2.9981732674241073,3.0636519794683754,3.8435935311633544,core,supported_multi_station_candidate,A,False,2019,-4.0395,464.44666666666666,8.502833333333333,5.668063368055556,True,10.983333333333333,0.67,,459.0,8.2,False,False,True,False,True,-4.949999999999999,443.4,6.055,68.09999999999997,44.0,0.0
308,2019-04-21 11:34:00,2019-04-21 11:34:00,2019-04-21 11:34:00,2019-04-22 17:38:00,30.066666666666666,1,1,AATB,2.5980416230502565,2.5980416230502565,9.560362003631807,2019-04-21 11:34:00,2019-04-21 11:34:00,2019-04-22 17:38:00,2019-04-22 17:38:00,4,"AATB,BKSN,KERG,LMKS",3,"BKSN,KERG,LMKS",3.6878265054887303,3.913320660314022,4.326623078276621,core,supported_multi_station_candidate,A,True,2019,-3.814,391.38666666666666,6.803333333333333,6.998473958333332,True,3.433333333333333,0.37,,393.0,6.6,False,False,True,False,True,-4.3149999999999995,347.85,6.16,34.75,12.0,0.0
309,2019-04-25 17:17:00,2019-04-25 17:17:00,2019-04-25 14:24:00,2019-04-26 19:20:00,28.933333333333334,2,2,"JUNG,JUNG1",3.6070476943421537,3.92423191186402,5.560125338327013,2019-04-25 14:24:00,2019-04-25 20:10:00,2019-04-25 19:06:00,2019-04-26 19:20:00,4,"FSMT,JUNG,JUNG1,KERG",2,"FSMT,KERG",3.5045561585619884,3.4727420546503422,3.92423191186402,core,supported_multi_station_candidate,A,False,2019,-5.5504999999999995,422.12833333333333,10.558833333333332,7.11436574074074,False,,,,,,False,False,True,False,True,-4.375,429.45000000000005,7.3,46.75000000000006,4.0,0.0
311,2019-05-02 05:26:00,2019-05-02 05:26:00,2019-05-01 19:00:00,2019-05-03 17:06:00,46.1,4,4,"FSMT,JUNG,JUNG1,KERG",3.465287516725486,3.8719189861226617,7.912232663169475,2019-05-01 19:00:00,2019-05-03 00:06:00,2019-05-01 20:52:00,2019-05-03 17:06:00,5,"AATB,FSMT,JUNG,JUNG1,KERG",1,AATB,3.1544803654878804,3.4622769853804733,3.8719189861226617,core,supported_multi_station_candidate,A,False,2019,-4.753166666666667,569.9369444444444,9.7065,6.389589409722222,True,-16.433333333333334,0.65,,569.0,9.1,False,False,True,False,True,-7.555,583.1,10.88,119.59999999999997,56.0,46.0
312,2019-05-06 17:04:00,2019-05-06 17:04:00,2019-05-05 01:38:00,2019-05-08 13:08:00,83.5,3,3,"AATB,LMKS,NEWK",3.810823707759054,5.004269591316309,8.068913443187961,2019-05-05 01:38:00,2019-05-07 13:38:00,2019-05-06 06:36:00,2019-05-08 13:08:00,7,"AATB,FSMT,JUNG,JUNG1,KERG,LMKS,NEWK",4,"FSMT,JUNG,JUNG1,KERG",3.619413888737332,3.472055353002908,5.004269591316309,core,supported_multi_station_candidate,A,False,2019,-2.0831666666666666,507.92333333333335,4.995500000000001,5.2176341269841275,False,,,,,,False,False,True,False,True,-3.3049999999999997,392.6,5.395,55.74999999999994,4.0,0.0
313,2019-05-10 03:26:00,2019-05-10 03:26:00,2019-05-09 18:54:00,2019-05-11 03:50:00,32.93333333333333,2,2,"KIEL2,NANM",5.950218211279623,7.857844812768875,4.257246225282751,2019-05-09 18:54:00,2019-05-10 11:58:00,2019-05-10 23:18:00,2019-05-11 03:50:00,5,"FSMT,KERG,KIEL2,NANM,OULU",3,"FSMT,KERG,OULU",4.880866572645784,4.574550166164532,7.857844812768875,core,supported_multi_station_candidate,A,False,2019,-10.452,380.21,11.8775,9.218253546099291,True,14.466666666666667,1.3,SSC,380.0,11.9,True,False,True,False,True,-3.7,385.8,6.205,30.55000000000001,24.0,0.0
314,2019-05-11 22:52:00,2019-05-11 22:52:00,2019-05-11 16:20:00,2019-05-12 16:08:00,23.8,3,3,"JUNG1,KIEL2,LMKS",5.931018111332102,8.737291888701735,4.6782366986176855,2019-05-11 16:20:00,2019-05-12 02:20:00,2019-05-11 21:02:00,2019-05-12 16:08:00,6,"AATB,JUNG,JUNG1,KIEL2,LMKS,NANM",3,"AATB,JUNG,NANM",4.674398946242738,3.9287506159810675,8.737291888701735,core,supported_multi_station_candidate,A,False,2019,-10.452,384.31166666666667,11.8775,7.181142928535731,False,,,,,,False,True,True,True,True,-10.29,369.6,10.895,33.30000000000001,546.0,654.0
315,2019-05-16 09:24:00,2019-05-16 09:24:00,2019-05-13 21:16:00,2019-05-17 18:48:00,93.53333333333333,7,7,"AATB,ATHN,JUNG,KERG,LMKS,NEWK,ROME",4.657945881805857,7.538851007063041,6.9536724560765295,2019-05-13 21:16:00,2019-05-17 11:04:00,2019-05-15 07:22:00,2019-05-17 18:48:00,9,"AATB,ATHN,FSMT,JUNG,JUNG1,KERG,LMKS,NEWK,ROME",2,"FSMT,JUNG1",4.3860880621909395,3.8491176232375075,7.538851007063041,core,supported_multi_station_candidate,A,False,2019,-4.093500000000001,548.995,9.806333333333333,4.848272569444444,True,-15.4,0.83,,480.0,9.8,False,False,True,True,True,-5.215,492.15,9.035,89.89999999999998,18.0,150.0
316,2019-05-19 20:50:00,2019-05-19 20:50:00,2019-05-19 06:52:00,2019-05-20 23:20:00,40.46666666666667,2,2,"KERG,ROME",6.5348384595521605,9.529059402749608,6.666440497117488,2019-05-19 06:52:00,2019-05-20 10:48:00,2019-05-20 12:10:00,2019-05-20 23:20:00,6,"JUNG,JUNG1,KERG,KIEL2,NANM,ROME",4,"JUNG,JUNG1,KIEL2,NANM",5.4702881964944865,5.123328533462006,9.529059402749608,core,supported_multi_station_candidate,A,False,2019,-6.073166666666666,424.44166666666666,8.0235,4.722542534722222,True,-1.8333333333333333,0.55,,414.0,8.2,False,True,True,False,True,-7.295,401.8,8.469999999999999,46.650000000000034,96.0,4.0
317,2019-05-22 17:58:00,2019-05-22 17:58:00,2019-05-22 13:10:00,2019-05-24 23:34:00,58.4,3,3,"JUNG,KIEL2,NEWK",7.261383716921402,12.898912946863542,7.19540437587397,2019-05-22 13:10:00,2019-05-23 18:38:00,2019-05-23 07:44:00,2019-05-24 23:34:00,5,"AATB,JUNG,KIEL2,LMKS,NEWK",2,"AATB,LMKS",5.759003753326153,4.549370861180686,12.898912946863542,core,supported_multi_station_candidate,A,False,2019,-4.01525,413.5883333333333,6.519833333333334,7.027961805555556,True,11.033333333333333,0.24,,357.0,6.5,False,False,False,False,False,-2.5,391.5,5.04,26.30000000000001,0.0,0.0
318,2019-05-27 02:28:00,2019-05-27 02:28:00,2019-05-26 20:22:00,2019-05-28 08:20:00,35.96666666666667,3,3,"JUNG1,LMKS,OULU",3.9136715052887503,4.902872528737497,9.780167896370834,2019-05-26 20:22:00,2019-05-27 04:38:00,2019-05-27 23:16:00,2019-05-28 08:20:00,6,"APTY,FSMT,JUNG,JUNG1,LMKS,OULU",3,"APTY,FSMT,JUNG",3.957499570410278,4.137532360822342,4.902872528737497,core,supported_multi_station_candidate,A,False,2019,-6.7255,481.00416666666666,11.858166666666667,8.650473958333334,True,-4.233333333333333,0.94,SSC,372.0,11.8,True,True,True,True,True,-8.68,380.25,11.435,74.34999999999997,82.0,116.0
319,2019-05-29 20:06:00,2019-05-29 20:06:00,2019-05-28 23:46:00,2019-05-30 19:04:00,43.3,3,3,"KIEL2,LMKS,MXCO",5.677431249882222,9.494915322584603,4.3891270709227,2019-05-28 23:46:00,2019-05-30 11:28:00,2019-05-30 00:40:00,2019-05-30 19:04:00,3,"KIEL2,LMKS,MXCO",0,,5.677431249882222,4.083619453083108,9.494915322584603,core,supported_multi_station_candidate,B,False,2019,-4.386166666666667,563.8958333333334,10.017,5.240883680555556,False,,,,,,False,False,True,False,True,-5.96,572.0,6.6,67.29999999999995,50.0,0.0
320,2019-05-31 21:12:00,2019-05-31 21:12:00,2019-05-31 20:04:00,2019-06-01 12:30:00,16.433333333333334,2,2,"AATB,KIEL2",5.395581315044551,8.15403243905665,4.210270771846675,2019-05-31 20:04:00,2019-05-31 22:20:00,2019-05-31 23:16:00,2019-06-01 12:30:00,2,"AATB,KIEL2",0,,5.395581315044551,5.395581315044551,8.15403243905665,core,supported_multi_station_candidate,B,False,2019,-2.94,549.8216666666667,4.664666666666666,3.842982638888889,False,,,,,,False,False,True,False,True,-2.475,434.85,3.12,53.85000000000002,0.0,0.0
322,2019-06-05 06:36:00,2019-06-05 06:36:00,2019-06-05 03:20:00,2019-06-06 17:44:00,38.4,4,4,"AATB,ATHN,JUNG,KERG",3.8561421433610525,6.332431011534303,12.837400815462939,2019-06-05 03:20:00,2019-06-06 05:14:00,2019-06-05 13:06:00,2019-06-06 17:44:00,6,"AATB,ATHN,JUNG,JUNG1,KERG,LMKS",2,"JUNG1,LMKS",3.656948345303442,3.558397514440774,6.332431011534303,core,supported_multi_station_candidate,A,False,2019,-6.694999999999999,344.35499999999996,7.6955,6.322861150086169,False,,,,,,False,False,True,False,True,-5.6850000000000005,353.75,8.235,42.14999999999998,56.0,10.0
323,2019-06-09 18:24:00,2019-06-09 18:24:00,2019-06-09 18:24:00,2019-06-09 22:28:00,4.066666666666666,1,1,KIEL2,7.801922977851416,7.801922977851416,3.777677146490068,2019-06-09 18:24:00,2019-06-09 18:24:00,2019-06-09 22:28:00,2019-06-09 22:28:00,4,"JUNG,JUNG1,KIEL2,NEWK",3,"JUNG,JUNG1,NEWK",5.0921719930516005,4.693194148272248,7.801922977851416,core,supported_multi_station_candidate,A,True,2019,-12.078000000000001,442.57666666666665,18.060166666666667,8.377345346334666,False,,,,,,False,False,True,False,True,-3.98,449.7,5.02,59.39999999999998,8.0,0.0
324,2019-06-12 18:01:00,2019-06-12 18:01:00,2019-06-10 21:48:00,2019-06-14 03:50:00,78.03333333333333,8,8,"APTY,FSMT,JUNG1,KERG,KIEL2,LMKS,MXCO,ROME",4.757793995109422,13.400568145283444,7.767943992223351,2019-06-10 21:48:00,2019-06-13 11:08:00,2019-06-12 00:52:00,2019-06-14 03:50:00,9,"APTY,FSMT,JUNG1,KERG,KIEL2,LMKS,MXCO,OULU,ROME",1,OULU,4.766471638224452,3.680990927240949,13.400568145283444,core,supported_multi_station_candidate,A,False,2019,-4.578333333333333,473.52000000000004,7.722333333333334,6.704664334982756,True,-12.016666666666667,0.61,,447.0,7.4,False,False,True,False,True,-3.9899999999999998,388.9625,7.585,77.21249999999998,30.0,0.0
325,2019-06-16 05:28:00,2019-06-16 05:28:00,2019-06-16 05:28:00,2019-06-17 17:18:00,35.833333333333336,1,1,KIEL2,8.56162271138454,8.56162271138454,4.186639945602738,2019-06-16 05:28:00,2019-06-16 05:28:00,2019-06-17 17:18:00,2019-06-17 17:18:00,2,"KERG,KIEL2",1,KERG,5.954894296261417,5.954894296261417,8.56162271138454,core,supported_multi_station_candidate,B,True,2019,-2.8756666666666666,467.5383333333333,5.5969999999999995,4.600727914614121,False,,,,,,False,False,True,False,True,-3.455,380.29999999999995,4.46,40.450000000000045,42.0,0.0
326,2019-06-19 14:28:00,2019-06-19 14:28:00,2019-06-19 09:04:00,2019-06-20 00:04:00,15.0,2,2,"DRBS,KERG",5.731773333630197,7.563960981180507,9.443899370134679,2019-06-19 09:04:00,2019-06-19 19:52:00,2019-06-19 22:00:00,2019-06-20 00:04:00,6,"AATB,APTY,DRBS,FSMT,JUNG1,KERG",4,"AATB,APTY,FSMT,JUNG1",4.120269174426031,3.7769240113263067,7.563960981180507,core,supported_multi_station_candidate,A,False,2019,-3.0758333333333336,397.09083333333336,7.902166666666667,9.584885001666747,True,-2.466666666666667,0.63,,371.0,7.8,False,False,False,False,False,-3.865,339.8,4.824999999999999,24.5,24.0,0.0
327,2019-06-21 06:34:00,2019-06-21 06:34:00,2019-06-20 16:28:00,2019-06-22 17:50:00,49.36666666666667,2,2,"FSMT,JUNG1",3.3313810137120505,3.646437097241399,7.601651701945341,2019-06-20 16:28:00,2019-06-21 20:40:00,2019-06-21 15:48:00,2019-06-22 17:50:00,2,"FSMT,JUNG1",0,,3.3313810137120505,3.3313810137120505,3.646437097241399,core,supported_multi_station_candidate,B,False,2019,-3.0758333333333336,413.43333333333334,7.902166666666667,8.084326011172168,True,-4.566666666666666,0.28,,412.0,7.8,False,False,True,False,True,-4.495,402.7,8.66,46.30000000000001,36.0,14.0
328,2019-06-26 07:23:00,2019-06-26 07:23:00,2019-06-26 06:34:00,2019-06-27 15:56:00,33.36666666666667,2,2,"JUNG,JUNG1",3.794788835720728,3.811918591215002,8.662570674914637,2019-06-26 06:34:00,2019-06-26 08:12:00,2019-06-27 15:10:00,2019-06-27 15:56:00,5,"BKSN,FSMT,JUNG,JUNG1,LMKS",3,"BKSN,FSMT,LMKS",3.769057505340771,3.777659080226454,5.53508919061213,core,supported_multi_station_candidate,A,False,2019,-3.7645,406.35833333333335,5.858666666666666,5.95991783793494,True,-11.383333333333333,0.42,,402.0,6.0,False,True,True,False,True,-5.3149999999999995,403.8,6.42,72.40000000000003,64.0,0.0
329,2019-07-07 08:24:00,2019-07-07 08:24:00,2019-07-04 15:20:00,2019-07-10 02:14:00,130.9,7,7,"AATB,DRBS,FSMT,JUNG,JUNG1,LMKS,NANM",3.764682937154512,5.29576134765037,6.210882757100177,2019-07-04 15:20:00,2019-07-08 20:44:00,2019-07-05 01:48:00,2019-07-10 02:14:00,8,"AATB,DRBS,FSMT,JUNG,JUNG1,KIEL2,LMKS,NANM",1,KIEL2,3.7398538023215844,3.6148772768553243,5.29576134765037,core,supported_multi_station_candidate,A,False,2019,-5.827,441.69666666666666,17.547,8.581904494382023,False,,,,,,False,False,False,False,False,-3.835,351.2,4.57,17.649999999999977,40.0,0.0
330,2019-07-12 06:54:00,2019-07-12 06:54:00,2019-07-12 06:54:00,2019-07-13 02:00:00,19.1,1,1,JUNG1,4.525278130797939,4.525278130797939,7.618220595575661,2019-07-12 06:54:00,2019-07-12 06:54:00,2019-07-13 02:00:00,2019-07-13 02:00:00,3,"BKSN,JUNG,JUNG1",2,"BKSN,JUNG",4.287793102512524,4.525278130797939,4.806075882182401,core,supported_multi_station_candidate,B,True,2019,-3.3335,646.5541666666667,7.507499999999999,3.442665338345864,True,15.1,0.67,,461.0,6.6,False,False,True,False,True,-3.62,531.7,6.165,66.50000000000006,4.0,0.0
331,2019-07-18 02:20:00,2019-07-18 02:20:00,2019-07-18 02:20:00,2019-07-18 02:22:00,0.03333333333333333,1,1,ATHN,6.857145469156283,6.857145469156283,4.306629150178493,2019-07-18 02:20:00,2019-07-18 02:20:00,2019-07-18 02:22:00,2019-07-18 02:22:00,2,"ATHN,CALM",1,CALM,7.033079579261771,7.033079579261771,7.209013689367259,core,supported_multi_station_candidate,B,True,2019,-2.862058823529412,471.02370370370375,6.092499999999999,4.187086665649165,False,,,,,,False,False,True,False,True,-2.74,448.85,4.55,52.55000000000001,0.0,0.0
332,2019-07-19 18:00:00,2019-07-19 18:00:00,2019-07-19 09:10:00,2019-07-21 14:28:00,53.3,3,3,"FSMT,JUNG1,LMKS",3.3570424217914585,3.764298632524743,5.945060956391907,2019-07-19 09:10:00,2019-07-20 12:38:00,2019-07-19 20:14:00,2019-07-21 14:28:00,3,"FSMT,JUNG1,LMKS",0,,3.3570424217914585,3.2225199195802054,3.764298632524743,core,supported_multi_station_candidate,B,False,2019,-2.5145,427.79,6.092499999999999,6.058803429063933,True,3.0,0.33,,341.0,4.9,False,False,False,False,False,-2.685,362.2,3.69,27.649999999999977,0.0,0.0
333,2019-07-22 17:16:00,2019-07-22 17:16:00,2019-07-22 17:16:00,2019-07-23 10:24:00,17.133333333333333,1,1,KERG,2.9415674858105403,2.9415674858105403,8.42488920728286,2019-07-22 17:16:00,2019-07-22 17:16:00,2019-07-23 10:24:00,2019-07-23 10:24:00,2,"KERG,LMKS",1,LMKS,2.5356300160517566,2.5356300160517566,2.9415674858105403,core,supported_multi_station_candidate,B,True,2019,-5.305833333333334,423.0783333333333,9.491666666666667,10.274914889032535,False,,,,,,False,False,True,True,True,-9.1,428.2,10.095,71.60000000000002,44.0,90.0
334,2019-07-28 21:08:00,2019-07-28 21:08:00,2019-07-28 21:08:00,2019-07-28 21:28:00,0.3333333333333333,1,1,JUNG1,4.2946169859434296,4.2946169859434296,10.058297086374578,2019-07-28 21:08:00,2019-07-28 21:08:00,2019-07-28 21:28:00,2019-07-28 21:28:00,3,"JUNG,JUNG1,KIEL2",2,"JUNG,KIEL2",3.8712037303957794,3.781431262836138,4.2946169859434296,core,supported_multi_station_candidate,B,True,2019,-4.811333333333334,403.1183333333333,9.484333333333332,8.322157706766918,False,,,,,,False,False,False,False,False,-3.3,360.4,5.109999999999999,28.350000000000023,16.0,0.0
335,2019-07-30 15:08:00,2019-07-30 15:08:00,2019-07-29 21:04:00,2019-08-02 08:22:00,83.3,6,6,"APTY,DRBS,JUNG1,KERG,LMKS,NANM",4.005384094664474,5.412418043683825,6.677547621690894,2019-07-29 21:04:00,2019-07-31 23:16:00,2019-07-30 22:38:00,2019-08-02 08:22:00,9,"AATB,APTY,DRBS,JUNG,JUNG1,KERG,LMKS,MXCO,NANM",3,"AATB,JUNG,MXCO",3.8314954922485804,3.8351909964995574,5.412418043683825,core,supported_multi_station_candidate,A,False,2019,-4.539333333333333,549.2541666666667,10.782,6.1599191362715295,True,-4.133333333333334,0.9,,553.0,10.7,False,True,True,True,True,-7.914999999999999,413.3,9.875,62.10000000000002,66.0,130.0
336,2019-08-04 06:24:00,2019-08-04 06:24:00,2019-08-03 10:14:00,2019-08-05 22:34:00,60.333333333333336,5,5,"APTY,BKSN,JUNG1,KERG,LMKS",3.693500991096477,4.896297018494342,6.481205514444275,2019-08-03 10:14:00,2019-08-04 11:16:00,2019-08-03 23:00:00,2019-08-05 22:34:00,6,"APTY,BKSN,FSMT,JUNG1,KERG,LMKS",1,FSMT,4.109300853191476,4.029166095008615,6.188300163666464,core,supported_multi_station_candidate,A,False,2019,-5.121833333333333,713.5366666666666,19.433,7.114421875000001,True,1.6,0.2,,369.0,5.0,False,False,True,False,True,-3.2800000000000002,380.3,5.109999999999999,43.650000000000034,4.0,0.0
337,2019-08-06 12:42:00,2019-08-06 12:42:00,2019-08-06 12:42:00,2019-08-07 05:28:00,16.766666666666666,1,1,NANM,3.7092912765589,3.7092912765589,11.51241281947362,2019-08-06 12:42:00,2019-08-06 12:42:00,2019-08-07 05:28:00,2019-08-07 05:28:00,3,"JUNG,JUNG1,NANM",2,"JUNG,JUNG1",3.5993788922715653,3.7092912765589,3.907955239721219,core,supported_multi_station_candidate,B,True,2019,-5.121833333333333,713.5366666666666,19.433,5.674648279671717,False,,,,,,False,False,True,False,True,-3.735,742.1,4.545,106.39999999999998,4.0,0.0
338,2019-08-08 20:17:00,2019-08-08 20:17:00,2019-08-08 16:04:00,2019-08-10 00:16:00,32.2,2,2,"APTY,KERG",4.2527960915427405,4.321735641717447,5.886176573407676,2019-08-08 16:04:00,2019-08-09 00:30:00,2019-08-09 21:56:00,2019-08-10 00:16:00,7,"AATB,APTY,DRBS,FSMT,JUNG,KERG,KIEL2",5,"AATB,DRBS,FSMT,JUNG,KIEL2",3.7127946254410658,4.172167407581266,4.767852184427885,core,supported_multi_station_candidate,A,False,2019,-4.0882499999999995,632.2333333333333,6.487333333333334,2.378964787137681,True,-6.283333333333333,0.75,,630.0,6.7,False,False,True,False,True,-5.465,562.2,6.035,136.55000000000007,10.0,0.0
339,2019-08-12 14:41:00,2019-08-12 14:41:00,2019-08-12 08:02:00,2019-08-13 07:08:00,23.1,4,4,"DRBS,JUNG,JUNG1,KERG",3.7178883576003114,5.1760622897323,6.142522593356637,2019-08-12 08:02:00,2019-08-12 20:32:00,2019-08-12 22:50:00,2019-08-13 07:08:00,4,"DRBS,JUNG,JUNG1,KERG",0,,3.7178883576003114,3.4044863216482923,5.1760622897323,core,supported_multi_station_candidate,A,False,2019,-3.1626666666666665,497.23333333333335,6.872,4.9202361111111115,True,-8.683333333333334,0.53,,491.0,6.8,False,False,True,False,True,-3.235,474.4,7.185,95.05000000000001,8.0,0.0
341,2019-08-17 05:44:00,2019-08-17 05:44:00,2019-08-16 13:12:00,2019-08-19 18:58:00,77.76666666666667,3,3,"APTY,JUNG,LMKS",3.4914160507476386,3.7259417073700494,4.934838189074266,2019-08-16 13:12:00,2019-08-19 00:22:00,2019-08-17 08:18:00,2019-08-19 18:58:00,5,"APTY,JUNG,JUNG1,LMKS,NANM",2,"JUNG1,NANM",3.551502169319882,3.4067231250007532,4.611284051713597,core,supported_multi_station_candidate,A,False,2019,-3.245833333333333,441.0091111111111,6.998833333333334,5.960333333333334,True,-3.7333333333333334,0.38,,374.0,7.8,False,False,True,False,True,-3.93,386.0,5.390000000000001,43.599999999999966,14.0,0.0
342,2019-08-20 16:50:00,2019-08-20 16:50:00,2019-08-20 16:50:00,2019-08-20 19:40:00,2.8333333333333335,1,1,JUNG,3.5575684026005416,3.5575684026005416,5.642449290866273,2019-08-20 16:50:00,2019-08-20 16:50:00,2019-08-20 19:40:00,2019-08-20 19:40:00,4,"APTY,JUNG,KERG,LMKS",3,"APTY,KERG,LMKS",3.398487423819639,3.609545516926432,3.7310015364831233,core,supported_multi_station_candidate,A,True,2019,-3.1431666666666667,418.62916666666666,9.994666666666665,7.947980492369361,True,-14.833333333333334,0.68,,415.0,9.7,False,False,True,True,True,-5.12,426.1,10.504999999999999,60.25,14.0,168.0
344,2019-08-27 20:56:00,2019-08-27 20:56:00,2019-08-25 00:08:00,2019-08-30 20:32:00,140.4,6,6,"AATB,APTY,FSMT,JUNG1,KERG,LMKS",3.356785672440209,4.069382227075284,6.154812429003087,2019-08-25 00:08:00,2019-08-30 07:34:00,2019-08-26 02:10:00,2019-08-30 20:32:00,7,"AATB,APTY,ATHN,FSMT,JUNG1,KERG,LMKS",1,ATHN,3.8911778778329515,3.651670344109407,7.0975311101894025,core,supported_multi_station_candidate,A,False,2019,-6.037333333333334,510.13666666666666,9.623166666666666,8.83140567765568,False,,,,,,False,False,True,False,True,-7.800000000000001,556.5,8.555,120.14999999999998,34.0,26.0
345,2019-09-01 17:30:00,2019-09-01 17:30:00,2019-09-01 17:30:00,2019-09-01 23:42:00,6.2,1,1,NANM,4.650074522003894,4.650074522003894,5.453796140256313,2019-09-01 17:30:00,2019-09-01 17:30:00,2019-09-01 23:42:00,2019-09-01 23:42:00,6,"AATB,ATHN,JUNG1,KERG,LMKS,NANM",5,"AATB,ATHN,JUNG1,KERG,LMKS",3.9150606294516503,3.390510843170931,6.4402160271226325,core,supported_multi_station_candidate,A,True,2019,-4.674833333333334,750.8991666666666,10.1325,3.675912326388889,True,-4.5,0.51,,728.0,7.5,False,False,True,False,True,-6.125,793.9000000000001,7.845,152.60000000000014,30.0,0.0
346,2019-09-05 12:54:00,2019-09-05 12:54:00,2019-09-05 12:54:00,2019-09-05 17:48:00,4.9,1,1,JUNG,3.63896784917925,3.63896784917925,6.375869700606426,2019-09-05 12:54:00,2019-09-05 12:54:00,2019-09-05 17:48:00,2019-09-05 17:48:00,3,"JUNG,JUNG1,LMKS",2,"JUNG1,LMKS",3.43329499798824,3.63896784917925,3.7792231481492924,core,supported_multi_station_candidate,B,True,2019,-4.2645,623.3483333333334,6.2735,2.9275740258541085,True,13.1,0.44,,541.0,5.7,False,True,True,False,True,-5.415,556.35,5.9,62.19999999999993,98.0,0.0
347,2019-09-09 13:00:00,2019-09-09 13:00:00,2019-09-09 02:50:00,2019-09-10 01:42:00,22.866666666666667,2,2,"LMKS,OULU",3.801103032945104,4.650133107381426,3.494642954116258,2019-09-09 02:50:00,2019-09-09 23:10:00,2019-09-09 11:48:00,2019-09-10 01:42:00,4,"FSMT,KERG,LMKS,OULU",2,"FSMT,KERG",3.455914100915697,3.1107251688862902,4.650133107381426,core,supported_multi_station_candidate,A,False,2019,-3.634666666666667,516.7716666666666,6.838833333333333,3.887142643261703,True,9.0,0.54,,509.0,6.3,False,False,True,False,True,-8.434999999999999,531.1,9.405000000000001,125.59999999999997,36.0,12.0
348,2019-09-11 10:17:00,2019-09-11 10:17:00,2019-09-11 01:40:00,2019-09-12 17:24:00,39.733333333333334,2,2,"FSMT,KIEL2",3.617777810452035,4.223006316027063,3.2345710447951657,2019-09-11 01:40:00,2019-09-11 18:54:00,2019-09-12 12:10:00,2019-09-12 17:24:00,3,"FSMT,KIEL2,LMKS",1,LMKS,3.3449941866466424,3.012549304877007,4.223006316027063,core,supported_multi_station_candidate,B,False,2019,-2.6671666666666667,516.7716666666666,8.062999999999999,4.181683578390068,False,,,,,,False,False,True,False,True,-2.8049999999999997,477.4,5.165,48.39999999999998,0.0,0.0
349,2019-09-14 06:24:00,2019-09-14 06:24:00,2019-09-14 00:08:00,2019-09-14 16:38:00,16.5,2,2,"OULU,ROME",6.9584443321443965,9.503480682360141,3.742484334000875,2019-09-14 00:08:00,2019-09-14 12:40:00,2019-09-14 14:56:00,2019-09-14 16:38:00,4,"AATB,KERG,OULU,ROME",2,"AATB,KERG",5.299954783175383,4.141758273126108,9.503480682360141,core,supported_multi_station_candidate,A,False,2019,-4.0873333333333335,536.18,8.523666666666665,5.206105034722222,True,-15.4,0.31,,541.0,8.1,False,False,True,False,True,-3.0,571.2,4.2,90.90000000000003,0.0,0.0
350,2019-09-17 08:40:00,2019-09-17 08:40:00,2019-09-16 22:24:00,2019-09-17 23:32:00,25.133333333333333,3,3,"AATB,KERG,ROME",5.67588921579582,8.384967962696248,6.532980051712323,2019-09-16 22:24:00,2019-09-17 19:02:00,2019-09-17 14:06:00,2019-09-17 23:32:00,3,"AATB,KERG,ROME",0,,5.67588921579582,4.982028584190653,8.384967962696248,core,supported_multi_station_candidate,B,False,2019,-4.0873333333333335,473.15333333333336,6.6195,6.273796006944444,True,9.333333333333334,0.42,,446.0,6.2,False,False,True,False,True,-3.55,437.4,6.6,49.89999999999998,6.0,0.0
351,2019-09-21 16:39:00,2019-09-21 16:39:00,2019-09-19 23:06:00,2019-09-23 12:54:00,85.8,8,8,"BKSN,JUNG,JUNG1,LMKS,NANM,NEWK,OULU,ROME",4.969866024724568,9.878608280164585,5.188103685326832,2019-09-19 23:06:00,2019-09-22 04:06:00,2019-09-21 04:08:00,2019-09-23 12:54:00,11,"APTY,BKSN,FSMT,JUNG,JUNG1,KERG,LMKS,NANM,NEWK,OULU,ROME",3,"APTY,FSMT,KERG",4.63361672102293,4.35937290282974,9.878608280164585,core,supported_multi_station_candidate,A,False,2019,-5.377,360.82767543859643,6.52,7.398450311360289,False,,,,,,False,True,True,False,True,-5.97,369.1,7.195,71.80000000000001,80.0,0.0
352,2019-09-24 18:10:00,2019-09-24 18:10:00,2019-09-24 18:10:00,2019-09-25 23:40:00,29.5,1,1,KERG,3.235891080814549,3.235891080814549,10.938228127870037,2019-09-24 18:10:00,2019-09-24 18:10:00,2019-09-25 23:40:00,2019-09-25 23:40:00,2,"KERG,ROME",1,ROME,4.972112641957822,4.972112641957822,6.708334203101096,core,supported_multi_station_candidate,B,True,2019,-5.961166666666667,490.52333333333337,15.479000000000001,7.090633540293565,True,-9.166666666666666,0.32,,499.0,14.7,False,True,True,True,True,-8.095,497.54999999999995,16.775,159.25,102.0,198.0
353,2019-10-02 02:03:00,2019-10-02 02:03:00,2019-10-01 05:06:00,2019-10-04 12:00:00,78.9,4,4,"BKSN,JUNG1,KERG,OULU",4.398128307591895,5.003393978032111,4.176943546826551,2019-10-01 05:06:00,2019-10-03 08:08:00,2019-10-02 04:54:00,2019-10-04 12:00:00,8,"AATB,APTY,BKSN,JUNG,JUNG1,KERG,LMKS,OULU",4,"AATB,APTY,JUNG,LMKS",4.344620145919727,4.664891463659748,5.108700842816399,core,supported_multi_station_candidate,A,False,2019,-3.8926666666666665,504.47833333333335,6.851833333333333,4.028624385886022,False,,,,,,False,False,True,False,True,-3.38,514.0,5.075,70.89999999999998,8.0,0.0
354,2019-10-05 19:48:00,2019-10-05 19:48:00,2019-10-05 19:48:00,2019-10-06 08:46:00,12.966666666666667,1,1,LMKS,3.7540062795657807,3.7540062795657807,3.3678148885058277,2019-10-05 19:48:00,2019-10-05 19:48:00,2019-10-06 08:46:00,2019-10-06 08:46:00,3,"AATB,JUNG1,LMKS",2,"AATB,JUNG1",3.729093972980246,3.7540062795657807,4.9361535313031135,core,supported_multi_station_candidate,B,True,2019,-3.7393333333333336,435.68461538461537,8.370333333333333,7.4365490094800695,True,-11.8,0.31,,445.0,6.8,False,False,True,False,True,-4.285,421.2,6.43,44.0,26.0,0.0
355,2019-10-06 22:38:00,2019-10-06 22:38:00,2019-10-06 22:38:00,2019-10-07 11:38:00,13.0,1,1,KERG,3.7305578200448717,3.7305578200448717,5.639902494559318,2019-10-06 22:38:00,2019-10-06 22:38:00,2019-10-07 11:38:00,2019-10-07 11:38:00,2,"JUNG1,KERG",1,JUNG1,3.5730871522777066,3.5730871522777066,3.7305578200448717,core,supported_multi_station_candidate,B,True,2019,-3.7393333333333336,435.68461538461537,6.029833333333333,5.3635998284273025,True,13.366666666666667,0.36,,410.0,5.6,False,False,True,False,True,-2.4,410.25,3.435,50.75000000000006,0.0,0.0
356,2019-10-09 16:28:00,2019-10-09 16:28:00,2019-10-09 08:18:00,2019-10-10 19:34:00,35.266666666666666,3,3,"APTY,FSMT,JUNG1",3.5311743222102288,3.7834176987597226,6.662116724453963,2019-10-09 08:18:00,2019-10-09 20:36:00,2019-10-09 16:42:00,2019-10-10 19:34:00,5,"APTY,FSMT,JUNG,JUNG1,KERG",2,"JUNG,KERG",3.49153781325069,3.510088334671975,3.801361400021647,core,supported_multi_station_candidate,A,False,2019,-7.807666666666666,499.1425,11.342333333333332,5.78531446105574,True,3.533333333333333,0.58,,516.0,11.4,False,True,True,True,True,-8.465,418.3,11.32,47.89999999999998,94.0,180.0
357,2019-10-12 20:04:00,2019-10-12 20:04:00,2019-10-12 07:22:00,2019-10-13 18:54:00,35.53333333333333,5,5,"AATB,BKSN,JUNG,JUNG1,KIEL2",4.499672363268718,5.005931763894514,6.659722586029164,2019-10-12 07:22:00,2019-10-13 08:42:00,2019-10-13 10:56:00,2019-10-13 18:54:00,11,"AATB,APTY,BKSN,DRBS,FSMT,JUNG,JUNG1,KERG,KIEL2,LMKS,NANM",6,"APTY,DRBS,FSMT,KERG,LMKS,NANM",4.186527380960187,4.2022753599109,5.026440798312986,core,supported_multi_station_candidate,A,False,2019,-5.181833333333333,499.1425,7.129333333333333,5.249392212885154,True,-1.0666666666666667,0.48,,378.0,4.1,False,False,True,False,True,-2.92,432.45,4.075,46.150000000000034,0.0,0.0
358,2019-10-15 03:28:00,2019-10-15 03:28:00,2019-10-15 03:28:00,2019-10-15 23:12:00,19.733333333333334,1,1,JUNG1,3.2423317536875116,3.2423317536875116,4.1003110290423574,2019-10-15 03:28:00,2019-10-15 03:28:00,2019-10-15 23:12:00,2019-10-15 23:12:00,2,"APTY,JUNG1",1,APTY,3.4415162486056903,3.4415162486056903,3.640700743523869,core,supported_multi_station_candidate,B,True,2019,-5.181833333333333,424.7866666666667,7.880333333333334,8.418079928315413,True,-13.466666666666667,0.7,,370.0,8.0,False,True,True,False,True,-6.37,377.15,8.21,58.549999999999955,82.0,22.0
359,2019-10-19 08:02:00,2019-10-19 08:02:00,2019-10-19 08:02:00,2019-10-20 12:18:00,28.266666666666666,1,1,KIEL2,3.7367334867272493,3.7367334867272493,5.175869392333498,2019-10-19 08:02:00,2019-10-19 08:02:00,2019-10-20 12:18:00,2019-10-20 12:18:00,2,"JUNG,KIEL2",1,JUNG,4.007305977997497,4.007305977997497,4.277878469267744,core,supported_multi_station_candidate,B,True,2019,-4.45,417.2191666666667,5.868333333333333,8.150691840277778,False,,,,,,False,False,True,False,True,-4.62,370.1,5.39,50.299999999999955,16.0,0.0
360,2019-10-22 16:06:00,2019-10-22 16:06:00,2019-10-22 16:06:00,2019-10-22 22:10:00,6.066666666666666,1,1,KERG,3.49878069509726,3.49878069509726,5.846247891859388,2019-10-22 16:06:00,2019-10-22 16:06:00,2019-10-22 22:10:00,2019-10-22 22:10:00,2,"AATB,KERG",1,AATB,3.92576956279862,3.92576956279862,4.35275843049998,core,supported_multi_station_candidate,B,True,2019,-7.392833333333333,498.4166666666667,11.525166666666667,10.190893834332833,False,,,,,,False,False,False,False,False,-3.35,361.95000000000005,4.585,18.400000000000034,32.0,0.0
361,2019-10-24 03:51:00,2019-10-24 03:51:00,2019-10-23 20:58:00,2019-10-24 22:14:00,25.266666666666666,2,2,"AATB,APTY",5.183760506954077,6.247581713340008,10.150912608413575,2019-10-23 20:58:00,2019-10-24 10:44:00,2019-10-24 09:16:00,2019-10-24 22:14:00,4,"AATB,APTY,FSMT,KERG",2,"FSMT,KERG",4.221727027747243,3.917357326110205,6.247581713340008,core,supported_multi_station_candidate,A,False,2019,-7.392833333333333,654.0666666666667,11.525166666666667,7.520565277777777,True,4.15,0.8,,650.0,11.7,False,False,True,False,True,-9.225,370.85,9.68,32.650000000000034,50.0,24.0
362,2019-10-26 21:10:00,2019-10-26 21:10:00,2019-10-26 21:10:00,2019-10-27 00:22:00,3.2,1,1,JUNG,3.878196786798365,3.878196786798365,5.742432183541513,2019-10-26 21:10:00,2019-10-26 21:10:00,2019-10-27 00:22:00,2019-10-27 00:22:00,2,"ATHN,JUNG",1,ATHN,4.827898176298762,4.827898176298762,5.777599565799158,core,supported_multi_station_candidate,B,True,2019,-3.7618333333333336,654.0666666666667,8.459333333333333,3.4267197916666667,True,-16.166666666666668,0.57,,650.0,8.2,False,False,True,False,True,-8.4,689.4,9.645,117.44999999999993,32.0,44.0
363,2019-10-30 08:06:00,2019-10-30 08:06:00,2019-10-28 16:56:00,2019-10-31 19:26:00,74.5,3,3,"ATHN,JUNG,KIEL2",4.859069635324586,7.178620623795822,5.635492681705713,2019-10-28 16:56:00,2019-10-31 00:58:00,2019-10-29 21:22:00,2019-10-31 19:26:00,9,"AATB,ATHN,BKSN,JUNG,KERG,KIEL2,LMKS,MXCO,NANM",6,"AATB,BKSN,KERG,LMKS,MXCO,NANM",4.5808525954868715,4.022899153287954,7.178620623795822,core,supported_multi_station_candidate,A,False,2019,-6.967666666666667,532.2566666666667,14.536,9.154948568088514,True,-13.1,0.45,,412.0,12.8,False,True,True,True,True,-7.835000000000001,412.70000000000005,13.19,35.75,280.0,774.0
364,2019-11-01 09:48:00,2019-11-01 09:48:00,2019-11-01 09:48:00,2019-11-02 16:34:00,30.766666666666666,1,1,BKSN,4.532421066613695,4.532421066613695,17.24044424198946,2019-11-01 09:48:00,2019-11-01 09:48:00,2019-11-02 16:34:00,2019-11-02 16:34:00,3,"BKSN,JUNG1,KIEL2",2,"JUNG1,KIEL2",4.722179003168851,4.532421066613695,6.23434769238529,core,supported_multi_station_candidate,B,True,2019,-6.967666666666667,437.81,14.536,8.765012352997879,False,,,,,,False,False,True,False,True,-2.9749999999999996,427.3,4.775,33.80000000000001,0.0,0.0
365,2019-11-03 05:14:00,2019-11-03 05:14:00,2019-11-03 05:14:00,2019-11-03 09:30:00,4.266666666666667,1,1,KIEL2,8.36896782978011,8.36896782978011,5.606510953319775,2019-11-03 05:14:00,2019-11-03 05:14:00,2019-11-03 09:30:00,2019-11-03 09:30:00,4,"AATB,KERG,KIEL2,LMKS",3,"AATB,KERG,LMKS",4.288627149476857,3.2435825637970996,8.36896782978011,core,supported_multi_station_candidate,A,True,2019,-2.7148333333333334,420.795,7.4175,8.232521701388889,True,-7.233333333333333,0.35,,347.0,6.4,False,False,False,False,False,-2.92,354.9,6.72,26.950000000000045,0.0,0.0
367,2019-11-07 13:14:00,2019-11-07 13:14:00,2019-11-06 20:54:00,2019-11-09 18:14:00,69.33333333333333,3,3,"AATB,KERG,NANM",4.65421000502949,5.605859562186907,11.981656507669046,2019-11-06 20:54:00,2019-11-08 21:50:00,2019-11-08 07:08:00,2019-11-09 18:14:00,5,"AATB,JUNG,JUNG1,KERG,NANM",2,"JUNG,JUNG1",4.018794230615039,3.971687927673968,5.605859562186907,core,supported_multi_station_candidate,A,False,2019,-2.662,427.74916666666667,5.3015215053763445,5.873479166666667,True,-15.233333333333333,0.36,,427.0,4.9,False,False,True,False,True,-4.074999999999999,433.4,5.6899999999999995,42.599999999999966,18.0,0.0
368,2019-11-12 01:38:00,2019-11-12 01:38:00,2019-11-12 00:10:00,2019-11-12 22:40:00,22.5,3,3,"AATB,JUNG,LMKS",3.7917344963894286,4.337167350516852,5.441339166110737,2019-11-12 00:10:00,2019-11-12 07:32:00,2019-11-12 15:06:00,2019-11-12 22:40:00,7,"AATB,APTY,JUNG,KERG,KIEL2,LMKS,NANM",4,"APTY,KERG,KIEL2,NANM",3.670435648550568,3.7576470435637086,4.337167350516852,core,supported_multi_station_candidate,A,False,2019,-9.748833333333332,373.76500000000004,12.147166666666667,8.188852430555556,False,,,,,,False,True,True,True,True,-10.035,388.8,13.04,43.69999999999999,190.0,1082.0
369,2019-11-16 20:26:00,2019-11-16 20:26:00,2019-11-15 21:48:00,2019-11-18 21:46:00,71.96666666666667,5,5,"JUNG,JUNG1,KERG,KIEL2,LMKS",3.826165011422816,5.025869603372813,6.725166018388345,2019-11-15 21:48:00,2019-11-18 14:48:00,2019-11-16 17:52:00,2019-11-18 21:46:00,7,"AATB,JUNG,JUNG1,KERG,KIEL2,LMKS,ROME",2,"AATB,ROME",3.9397716434547427,4.110807709266116,5.025869603372813,core,supported_multi_station_candidate,A,False,2019,-4.485333333333333,455.8883333333333,8.870166666666668,7.374845744680851,True,-7.433333333333334,0.43,,457.0,9.0,False,True,True,True,True,-8.175,434.15,9.93,59.799999999999955,84.0,62.0
370,2019-11-20 13:18:00,2019-11-20 13:18:00,2019-11-20 13:18:00,2019-11-21 23:34:00,34.266666666666666,1,1,LMKS,2.496366884081408,2.496366884081408,3.079104052811062,2019-11-20 13:18:00,2019-11-20 13:18:00,2019-11-21 23:34:00,2019-11-21 23:34:00,3,"AATB,FSMT,LMKS",2,"AATB,FSMT",3.539386243740864,3.4751166468984467,4.646675200242736,core,supported_multi_station_candidate,B,True,2019,-4.650166666666666,595.2483333333333,11.411333333333335,7.532304687499999,True,1.7,0.88,,483.0,9.0,False,False,True,False,True,-2.01,352.25,5.045,42.55000000000001,0.0,0.0
371,2019-11-24 17:43:00,2019-11-24 17:43:00,2019-11-23 22:08:00,2019-11-26 12:40:00,62.53333333333333,2,2,"KERG,KIEL2",3.715954759919517,4.157991056229096,5.863350188176801,2019-11-23 22:08:00,2019-11-25 13:18:00,2019-11-25 03:24:00,2019-11-26 12:40:00,3,"JUNG1,KERG,KIEL2",1,JUNG1,3.3800475313843212,3.273918463609938,4.157991056229096,core,supported_multi_station_candidate,B,False,2019,-2.335,554.26,8.702666666666666,3.6223229166666666,False,,,,,,False,False,True,False,True,-3.9850000000000003,504.0,5.890000000000001,75.30000000000001,4.0,0.0
372,2019-11-30 14:42:00,2019-11-30 14:42:00,2019-11-28 16:08:00,2019-12-01 15:52:00,71.73333333333333,3,3,"AATB,APTY,KIEL2",8.372383023098092,13.783492411816109,5.677292248063437,2019-11-28 16:08:00,2019-12-01 07:44:00,2019-11-30 02:30:00,2019-12-01 15:52:00,7,"AATB,APTY,BKSN,KERG,KIEL2,LMKS,OULU",4,"BKSN,KERG,LMKS,OULU",6.103541967311304,4.446278006625825,13.783492411816109,core,supported_multi_station_candidate,A,False,2019,-4.0985,404.12833333333333,6.708,9.16550035808209,False,,,,,,False,False,True,False,True,-4.48,407.20000000000005,7.035,72.25,36.0,0.0
373,2019-12-07 10:35:00,2019-12-07 10:35:00,2019-12-06 05:26:00,2019-12-08 19:24:00,61.96666666666667,6,6,"FSMT,JUNG,KERG,KIEL2,LMKS,NEWK",5.568297657571954,11.90198053088504,6.722689161478641,2019-12-06 05:26:00,2019-12-08 13:30:00,2019-12-06 05:38:00,2019-12-08 19:24:00,8,"AATB,APTY,FSMT,JUNG,KERG,KIEL2,LMKS,NEWK",2,"AATB,APTY",5.0136094104420685,4.015543613343866,11.90198053088504,core,supported_multi_station_candidate,A,False,2019,-3.254166666666667,385.72333333333336,5.882499999999999,5.621518229166665,True,-3.5833333333333335,0.83,,375.0,5.8,False,False,True,False,True,-3.045,383.20000000000005,5.02,33.85000000000002,2.0,0.0
374,2019-12-10 04:20:00,2019-12-10 04:20:00,2019-12-09 18:40:00,2019-12-11 09:08:00,38.46666666666667,4,4,"APTY,KIEL2,LMKS,OULU",5.04930208524438,6.785832493897384,6.823581513078955,2019-12-09 18:40:00,2019-12-11 06:50:00,2019-12-10 20:38:00,2019-12-11 09:08:00,6,"APTY,KERG,KIEL2,LMKS,NANM,OULU",2,"KERG,NANM",4.579954395216178,4.87843845614762,6.785832493897384,core,supported_multi_station_candidate,A,False,2019,-3.4765,456.08214285714286,8.220333333333334,5.776509540695712,True,-8.333333333333334,0.77,,450.0,8.0,False,False,True,False,True,-8.915,426.75,9.85,83.69999999999999,28.0,28.0
375,2019-12-13 12:48:00,2019-12-13 12:48:00,2019-12-13 05:56:00,2019-12-16 02:12:00,68.26666666666667,5,5,"AATB,APTY,JUNG1,KIEL2,LMKS",4.589539612344546,8.840197368902082,8.63888338853557,2019-12-13 05:56:00,2019-12-14 18:22:00,2019-12-14 00:44:00,2019-12-16 02:12:00,6,"AATB,APTY,JUNG,JUNG1,KIEL2,LMKS",1,JUNG,4.890808143390245,4.535745125087471,8.840197368902082,core,supported_multi_station_candidate,A,False,2019,-2.9153333333333333,434.97333333333336,7.895666666666667,5.013334077380953,False,,,,,,False,False,True,False,True,-4.125,406.8,5.265000000000001,38.69999999999999,26.0,0.0
376,2019-12-18 17:34:00,2019-12-18 17:34:00,2019-12-18 17:34:00,2019-12-18 23:14:00,5.666666666666667,1,1,KIEL2,8.2062149706107,8.2062149706107,3.115893261276695,2019-12-18 17:34:00,2019-12-18 17:34:00,2019-12-18 23:14:00,2019-12-18 23:14:00,5,"AATB,APTY,FSMT,KERG,KIEL2",4,"AATB,APTY,FSMT,KERG",4.1260278825105665,3.202897985985926,8.2062149706107,core,supported_multi_station_candidate,A,True,2019,-4.7125,537.975,9.490499999999999,6.062580369634078,False,,,,,,False,True,True,True,True,-6.52,559.9,11.27,136.39999999999998,138.0,64.0
377,2019-12-19 19:28:00,2019-12-19 19:28:00,2019-12-19 19:28:00,2019-12-21 03:28:00,32.0,1,1,KIEL2,5.386200709820857,5.386200709820857,9.433568091550708,2019-12-19 19:28:00,2019-12-19 19:28:00,2019-12-21 03:28:00,2019-12-21 03:28:00,3,"AATB,JUNG,KIEL2",2,"AATB,JUNG",3.9849328098225114,3.7224865381418653,5.386200709820857,core,supported_multi_station_candidate,B,True,2019,-4.7125,537.975,9.490499999999999,5.655305127334706,False,,,,,,False,False,True,False,True,-5.4350000000000005,543.1,5.845,60.299999999999955,40.0,0.0
378,2019-12-23 10:20:00,2019-12-23 10:20:00,2019-12-23 06:20:00,2019-12-24 02:38:00,20.3,2,2,"KIEL2,LMKS",8.316018781423592,14.018405163461612,5.140467423398664,2019-12-23 06:20:00,2019-12-23 14:20:00,2019-12-23 21:36:00,2019-12-24 02:38:00,3,"JUNG,KIEL2,LMKS",1,JUNG,6.953596279268367,4.228751274957914,14.018405163461612,core,supported_multi_station_candidate,B,False,2019,-2.9555000000000002,392.3333333333333,6.434333333333333,5.437872408461592,True,12.666666666666666,0.34,,350.0,5.4,False,True,True,False,True,-6.0649999999999995,388.8,6.855,44.10000000000002,60.0,0.0
380,2019-12-27 03:08:00,2019-12-27 03:08:00,2019-12-26 16:30:00,2019-12-28 18:44:00,50.233333333333334,3,3,"JUNG,KIEL2,LMKS",3.968390713457263,4.8614428867635135,7.171633884290699,2019-12-26 16:30:00,2019-12-27 19:58:00,2019-12-27 18:12:00,2019-12-28 18:44:00,4,"AATB,JUNG,KIEL2,LMKS",1,AATB,3.6812921076723315,3.5218646268041374,4.8614428867635135,core,supported_multi_station_candidate,A,False,2019,-3.202833333333333,407.14500000000004,8.718666666666667,7.301466767969517,False,,,,,,False,False,True,False,True,-4.3,412.3,5.66,49.80000000000001,32.0,0.0
381,2020-01-01 03:03:00,2020-01-01 03:03:00,2019-12-31 15:06:00,2020-01-03 23:08:00,80.03333333333333,4,4,"AATB,KIEL2,LMKS,NEWK",5.165769657424413,10.876135981473249,7.710723373938956,2019-12-31 15:06:00,2020-01-03 04:48:00,2020-01-01 00:12:00,2020-01-03 23:08:00,6,"AATB,APTY,KERG,KIEL2,LMKS,NEWK",2,"APTY,KERG",4.658402308112557,3.643667609488847,10.876135981473249,core,supported_multi_station_candidate,A,False,2020,-3.478,378.1983333333334,7.547833333333333,11.46002517361111,False,,,,,,False,True,True,False,True,-4.35,339.6,6.49,41.512500000000045,70.0,0.0
382,2020-01-04 23:56:00,2020-01-04 23:56:00,2020-01-04 21:46:00,2020-01-06 04:10:00,30.4,3,3,"FSMT,NANM,OULU",4.420497634502888,5.193933153859126,9.12419564238757,2020-01-04 21:46:00,2020-01-05 08:42:00,2020-01-05 11:32:00,2020-01-06 04:10:00,9,"APTY,BKSN,FSMT,KERG,KIEL2,LMKS,NANM,OULU,ROME",6,"APTY,BKSN,KERG,KIEL2,LMKS,ROME",4.628543989547815,4.779544322890371,5.355683436648287,core,supported_multi_station_candidate,A,False,2020,-8.926333333333334,533.9366666666667,12.123666666666667,6.858756011198946,True,-13.933333333333334,0.69,,395.0,10.3,False,True,True,True,True,-5.125,410.1,10.344999999999999,57.19999999999993,90.0,580.0
383,2020-01-10 08:56:00,2020-01-10 08:56:00,2020-01-10 08:56:00,2020-01-11 19:12:00,34.266666666666666,1,1,JUNG1,3.1693710486110938,3.1693710486110938,9.389361036394778,2020-01-10 08:56:00,2020-01-10 08:56:00,2020-01-11 19:12:00,2020-01-11 19:12:00,2,"AATB,JUNG1",1,AATB,3.399257028791247,3.399257028791247,3.629143008971401,core,supported_multi_station_candidate,B,True,2020,-6.303833333333333,542.0166666666667,10.226578947368422,4.52760564777328,False,,,,,,False,True,True,False,True,-3.9,575.6,7.73,109.90000000000003,64.0,0.0
384,2020-01-13 18:45:00,2020-01-13 18:45:00,2020-01-13 08:00:00,2020-01-15 14:00:00,54.0,2,2,"APTY,KERG",4.220414967250828,4.879102891955511,9.05537952483683,2020-01-13 08:00:00,2020-01-14 05:30:00,2020-01-14 13:20:00,2020-01-15 14:00:00,2,"APTY,KERG",0,,4.220414967250828,4.220414967250828,4.879102891955511,core,supported_multi_station_candidate,B,False,2020,-4.407666666666667,431.1875,5.314333333333334,5.829191840277777,True,-10.75,0.22,,386.0,5.3,False,False,True,False,True,-3.565,399.1,4.4350000000000005,53.80000000000001,4.0,0.0
385,2020-01-17 01:44:00,2020-01-17 01:44:00,2020-01-17 01:44:00,2020-01-17 07:12:00,5.466666666666667,1,1,OULU,4.459121450056859,4.459121450056859,5.931544430370512,2020-01-17 01:44:00,2020-01-17 01:44:00,2020-01-17 07:12:00,2020-01-17 07:12:00,2,"JUNG1,OULU",1,JUNG1,3.8614282828118447,3.8614282828118447,4.459121450056859,core,supported_multi_station_candidate,B,True,2020,-4.407666666666667,378.9683333333333,5.820833333333334,9.791514756944446,False,,,,,,False,False,True,False,True,-2.32,377.3,4.36,47.150000000000034,0.0,0.0
386,2020-01-19 01:34:00,2020-01-19 01:34:00,2020-01-19 01:34:00,2020-01-19 07:06:00,5.533333333333333,1,1,ROME,4.129485348427928,4.129485348427928,3.930988477900963,2020-01-19 01:34:00,2020-01-19 01:34:00,2020-01-19 07:06:00,2020-01-19 07:06:00,2,"LMKS,ROME",1,LMKS,3.474633663949284,3.474633663949284,4.129485348427928,core,supported_multi_station_candidate,B,True,2020,-3.6550000000000002,345.46000000000004,5.680499999999999,7.643177083333335,True,5.433333333333334,0.31,,345.0,3.7,False,False,True,False,True,-2.4,346.8,4.32,36.900000000000034,0.0,0.0
387,2020-01-19 20:40:00,2020-01-19 20:40:00,2020-01-19 20:40:00,2020-01-21 08:36:00,35.93333333333333,1,1,LMKS,2.999623799366666,2.999623799366666,5.03508157908452,2020-01-19 20:40:00,2020-01-19 20:40:00,2020-01-21 08:36:00,2020-01-21 08:36:00,4,"AATB,JUNG,LMKS,ROME",3,"AATB,JUNG,ROME",3.4339867497721537,3.201577382024155,4.672818799172597,core,supported_multi_station_candidate,A,True,2020,-6.586833333333333,346.3366666666667,9.1435,8.533673032407407,True,-13.666666666666666,0.31,,345.0,3.7,False,False,True,False,True,-2.4749999999999996,356.8,3.48,37.69999999999999,0.0,0.0
388,2020-01-22 01:14:00,2020-01-22 01:14:00,2020-01-22 01:10:00,2020-01-23 14:58:00,37.8,3,3,"AATB,MXCO,OULU",3.49614640730046,4.299400477151847,4.869105583437656,2020-01-22 01:10:00,2020-01-22 03:28:00,2020-01-23 01:58:00,2020-01-23 14:58:00,8,"AATB,APTY,FSMT,KERG,LMKS,MXCO,NEWK,OULU",5,"APTY,FSMT,KERG,LMKS,NEWK",3.6348908515708853,3.160148028054138,5.034773586478024,core,supported_multi_station_candidate,A,False,2020,-6.586833333333333,367.3491666666667,9.1435,8.484625892317,True,-13.233333333333333,0.99,,359.0,8.9,False,True,True,True,True,-8.76,363.9,9.805,39.0,88.0,84.0
389,2020-01-24 13:56:00,2020-01-24 13:56:00,2020-01-24 13:56:00,2020-01-25 10:18:00,20.366666666666667,1,1,BKSN,5.050050482845497,5.050050482845497,5.915403429439911,2020-01-24 13:56:00,2020-01-24 13:56:00,2020-01-25 10:18:00,2020-01-25 10:18:00,2,"BKSN,KERG",1,KERG,4.056469370793739,4.056469370793739,5.050050482845497,core,supported_multi_station_candidate,B,True,2020,-4.123166666666666,357.9377777777778,6.0248333333333335,9.046162734422262,False,,,,,,False,False,False,False,False,-2.41,330.55,4.265000000000001,22.69999999999999,0.0,0.0
390,2020-01-30 02:54:00,2020-01-30 02:54:00,2020-01-28 22:42:00,2020-01-31 03:10:00,52.46666666666667,3,3,"KERG,KIEL2,ROME",4.506195030593719,4.59098149318729,7.263077796755657,2020-01-28 22:42:00,2020-01-30 14:10:00,2020-01-30 03:28:00,2020-01-31 03:10:00,7,"AATB,JUNG1,KERG,KIEL2,LMKS,MXCO,ROME",4,"AATB,JUNG1,LMKS,MXCO",3.960675601956295,4.023184558319203,4.59098149318729,core,supported_multi_station_candidate,A,False,2020,-4.831083333333334,526.8461111111111,7.906666666666666,6.522571724079703,True,14.1,0.41,,517.0,7.3,False,True,True,False,True,-3.95,430.0,7.630000000000001,74.5,64.0,0.0
391,2020-02-02 09:48:00,2020-02-02 09:48:00,2020-02-02 09:48:00,2020-02-03 21:40:00,35.86666666666667,1,1,APTY,3.3480777559533688,3.3480777559533688,8.90094899106413,2020-02-02 09:48:00,2020-02-02 09:48:00,2020-02-03 21:40:00,2020-02-03 21:40:00,2,"APTY,JUNG1",1,JUNG1,3.3170362683551757,3.3170362683551757,3.3480777559533688,core,supported_multi_station_candidate,B,True,2020,-2.6141666666666667,526.8461111111111,6.047666666666667,4.831468864468865,False,,,,,,False,False,True,False,True,-2.86,459.45000000000005,5.375,47.650000000000034,0.0,0.0
392,2020-02-06 03:04:00,2020-02-06 03:04:00,2020-02-06 03:04:00,2020-02-06 17:08:00,14.066666666666666,1,1,ROME,5.135372143016567,5.135372143016567,9.37874381620465,2020-02-06 03:04:00,2020-02-06 03:04:00,2020-02-06 17:08:00,2020-02-06 17:08:00,6,"AATB,APTY,ATHN,DRBS,JUNG1,ROME",5,"AATB,APTY,ATHN,DRBS,JUNG1",4.413513227131205,4.437592455148531,6.350866342531275,core,supported_multi_station_candidate,A,True,2020,-6.362166666666667,636.5808333333333,9.445,6.080284722222221,True,-0.06666666666666667,0.82,,639.0,9.5,False,True,True,True,True,-9.09,447.35,11.135,114.5,76.0,84.0
393,2020-02-12 12:03:00,2020-02-12 12:03:00,2020-02-10 13:30:00,2020-02-15 05:16:00,111.76666666666667,6,6,"AATB,APTY,BKSN,JUNG1,LMKS,OULU",3.8262333411297607,5.364644662298507,5.9805581955206435,2020-02-10 13:30:00,2020-02-14 01:30:00,2020-02-11 04:46:00,2020-02-15 05:16:00,7,"AATB,APTY,BKSN,JUNG1,KERG,LMKS,OULU",1,KERG,3.815690764622231,3.7524353055770496,5.364644662298507,core,supported_multi_station_candidate,A,False,2020,-2.8673333333333333,427.49666666666667,5.6514999999999995,7.028409962406014,True,-7.05,0.28,,409.0,5.1,False,False,True,False,True,-4.805,421.2,6.97,55.299999999999955,20.0,0.0
394,2020-02-18 13:02:00,2020-02-18 13:02:00,2020-02-16 19:56:00,2020-02-19 20:50:00,72.9,7,7,"AATB,FSMT,JUNG,KERG,KIEL2,NANM,NEWK",3.9880996706804797,5.313535993547084,7.275810702665983,2020-02-16 19:56:00,2020-02-19 03:40:00,2020-02-18 02:56:00,2020-02-19 20:50:00,12,"AATB,APTY,DRBS,FSMT,JUNG,JUNG1,KERG,KIEL2,LMKS,NANM,NEWK,OULU",5,"APTY,DRBS,JUNG1,LMKS,OULU",4.2048555111029655,4.201258600696231,5.573978772905646,core,supported_multi_station_candidate,A,False,2020,-6.6055,499.93666666666667,12.2455,7.0093402777777785,True,11.966666666666667,0.62,,498.0,9.1,False,True,True,True,True,-9.52,415.0,12.715,59.25,332.0,346.0
395,2020-02-20 17:52:00,2020-02-20 17:52:00,2020-02-20 17:52:00,2020-02-21 14:48:00,20.933333333333334,1,1,LMKS,3.2489612434551467,3.2489612434551467,8.549168259788068,2020-02-20 17:52:00,2020-02-20 17:52:00,2020-02-21 14:48:00,2020-02-21 14:48:00,2,"JUNG1,LMKS",1,JUNG1,2.977904214790864,2.977904214790864,3.2489612434551467,core,supported_multi_station_candidate,B,True,2020,-5.112,499.93666666666667,10.962833333333332,5.727415798611111,True,4.133333333333334,0.5,,503.0,7.8,False,True,True,False,True,-5.705,426.4,7.93,63.35000000000002,64.0,0.0
396,2020-02-22 20:08:00,2020-02-22 20:08:00,2020-02-22 20:08:00,2020-02-23 14:40:00,18.533333333333335,1,1,JUNG1,3.5982654055726497,3.5982654055726497,6.493972680278928,2020-02-22 20:08:00,2020-02-22 20:08:00,2020-02-23 14:40:00,2020-02-23 14:40:00,4,"AATB,JUNG,JUNG1,LMKS",3,"AATB,JUNG,LMKS",2.9856730678797345,3.1110715757919003,3.8814105679149113,core,supported_multi_station_candidate,A,True,2020,-4.997166666666667,499.4558333333333,7.747333333333334,4.0135748188405795,False,,,,,,False,False,True,False,True,-3.52,517.1500000000001,4.92,73.05000000000007,18.0,0.0
398,2020-02-27 03:37:00,2020-02-27 03:37:00,2020-02-26 21:24:00,2020-02-27 18:34:00,21.166666666666668,2,2,"JUNG,LMKS",3.1294027713806942,3.5945707621306298,4.68077501254143,2020-02-26 21:24:00,2020-02-27 09:50:00,2020-02-27 05:22:00,2020-02-27 18:34:00,3,"JUNG,JUNG1,LMKS",1,JUNG1,3.1306716301059065,3.133209347556331,3.5945707621306298,core,supported_multi_station_candidate,B,False,2020,-3.1655,476.4316666666667,7.033333333333333,6.289794685990339,False,,,,,,False,False,False,False,False,-4.31,357.9,5.07,28.849999999999966,26.0,0.0
399,2020-02-28 14:24:00,2020-02-28 14:24:00,2020-02-28 10:08:00,2020-02-29 15:40:00,29.533333333333335,2,2,"KERG,LMKS",3.9522998443397297,4.112561420471029,3.5978233563989095,2020-02-28 10:08:00,2020-02-28 18:40:00,2020-02-28 19:56:00,2020-02-29 15:40:00,2,"KERG,LMKS",0,,3.9522998443397297,3.9522998443397297,4.112561420471029,core,supported_multi_station_candidate,B,False,2020,-3.1655,555.33,8.315999999999999,5.7990538194444445,True,-5.4,0.43,,479.0,7.1,False,False,True,False,True,-4.59,452.25,9.16,125.96428571428572,34.0,6.0
400,2020-03-01 14:32:00,2020-03-01 14:32:00,2020-03-01 14:32:00,2020-03-02 00:42:00,10.166666666666666,1,1,AATB,1.9127432897200944,1.9127432897200944,8.420117937912519,2020-03-01 14:32:00,2020-03-01 14:32:00,2020-03-02 00:42:00,2020-03-02 00:42:00,2,"AATB,JUNG1",1,JUNG1,2.6833810708003742,2.6833810708003742,3.4540188518806545,core,supported_multi_station_candidate,B,True,2020,-3.04875,555.33,8.315999999999999,4.903705729166667,False,,,,,,False,False,True,False,True,-3.325,501.65,5.14,84.10000000000002,4.0,0.0
401,2020-03-03 16:14:00,2020-03-03 16:14:00,2020-03-03 07:20:00,2020-03-04 21:00:00,37.666666666666664,2,2,"JUNG,LMKS",3.3796104286596775,3.8757560828308812,4.359340962326797,2020-03-03 07:20:00,2020-03-04 01:08:00,2020-03-04 18:24:00,2020-03-04 21:00:00,5,"APTY,BKSN,JUNG,JUNG1,LMKS",3,"APTY,BKSN,JUNG1",3.606723165699388,3.2449996033591635,5.0584439026290715,core,supported_multi_station_candidate,A,False,2020,-5.162999999999999,459.60833333333335,7.2011666666666665,6.221363715277778,True,12.766666666666667,0.53,,396.0,6.6,False,False,True,False,True,-4.15,440.5,5.455,40.10000000000002,32.0,0.0
402,2020-03-09 10:14:00,2020-03-09 10:14:00,2020-03-07 14:42:00,2020-03-11 19:08:00,100.43333333333334,5,5,"APTY,JUNG1,KERG,LMKS,NEWK",3.837787902469003,5.338980771674451,5.287511633890366,2020-03-07 14:42:00,2020-03-11 05:24:00,2020-03-08 08:54:00,2020-03-11 19:08:00,7,"APTY,JUNG,JUNG1,KERG,LMKS,MXCO,NEWK",2,"JUNG,MXCO",3.693954494432842,3.6052302587689358,5.338980771674451,core,supported_multi_station_candidate,A,False,2020,-3.5548333333333333,384.9683333333333,6.471333333333333,9.320716294458231,True,-5.233333333333333,0.31,,365.0,6.5,False,False,False,False,False,-3.7299999999999995,357.2,6.619999999999999,20.05000000000001,16.0,0.0
403,2020-03-13 00:28:00,2020-03-13 00:28:00,2020-03-13 00:28:00,2020-03-13 11:36:00,11.133333333333333,1,1,LMKS,2.8081106008345804,2.8081106008345804,9.438897231242784,2020-03-13 00:28:00,2020-03-13 00:28:00,2020-03-13 11:36:00,2020-03-13 11:36:00,2,"APTY,LMKS",1,APTY,3.28005761794745,3.28005761794745,3.7520046350603193,core,supported_multi_station_candidate,B,True,2020,-4.563999999999999,442.9216666666667,7.067833333333334,7.259735277542969,False,,,,,,False,True,True,False,True,-5.87,407.8,7.68,67.80000000000001,126.0,0.0
404,2020-03-16 05:22:00,2020-03-16 05:22:00,2020-03-14 20:44:00,2020-03-18 10:46:00,86.03333333333333,3,3,"AATB,LMKS,NANM",2.918556565705741,3.325546604619439,6.278248062345554,2020-03-14 20:44:00,2020-03-17 20:04:00,2020-03-15 20:22:00,2020-03-18 10:46:00,5,"AATB,APTY,KERG,LMKS,NANM",2,"APTY,KERG",3.1577618349533383,3.10398296169891,3.929156515950557,core,supported_multi_station_candidate,A,False,2020,-3.6170833333333334,434.98833333333334,8.109,7.031082966079059,True,-14.366666666666667,0.43,,381.0,6.2,False,False,False,False,False,-3.605,383.7,6.17,28.099999999999966,10.0,0.0
405,2020-03-22 21:28:00,2020-03-22 21:28:00,2020-03-22 21:28:00,2020-03-24 06:50:00,33.36666666666667,1,1,LMKS,18.51121757614459,18.51121757614459,4.825714527933109,2020-03-22 21:28:00,2020-03-22 21:28:00,2020-03-24 06:50:00,2020-03-24 06:50:00,2,"KERG,LMKS",1,KERG,11.043458145851346,11.043458145851346,18.51121757614459,core,supported_multi_station_candidate,B,True,2020,-3.677,515.935,5.983833333333333,4.069056075533662,True,13.533333333333333,0.34,,514.0,5.5,False,False,True,False,True,-4.904999999999999,494.0,5.675,44.950000000000045,10.0,0.0
406,2020-03-26 14:52:00,2020-03-26 14:52:00,2020-03-26 14:52:00,2020-03-26 15:16:00,0.4,1,1,APTY,3.5787120292024737,3.5787120292024737,4.9328686996943425,2020-03-26 14:52:00,2020-03-26 14:52:00,2020-03-26 15:16:00,2020-03-26 15:16:00,2,"APTY,KERG",1,KERG,3.494697116583189,3.494697116583189,3.5787120292024737,core,supported_multi_station_candidate,B,True,2020,-2.7841666666666667,419.08916666666664,5.841666666666667,4.452196886446886,False,,,,,,False,False,True,False,True,-3.495,420.75,5.905,43.299999999999955,8.0,0.0
409,2020-04-09 13:58:00,2020-04-09 13:58:00,2020-04-09 13:58:00,2020-04-10 02:48:00,12.833333333333334,1,1,LMKS,2.6150480829683573,2.6150480829683573,10.889687100174063,2020-04-09 13:58:00,2020-04-09 13:58:00,2020-04-10 02:48:00,2020-04-10 02:48:00,2,"AATB,LMKS",1,AATB,2.5722929674425163,2.5722929674425163,2.6150480829683573,core,supported_multi_station_candidate,B,True,2020,-5.2075,487.78333333333336,9.492166666666666,6.758322435012651,False,,,,,,False,False,True,False,True,-3.605,457.4,5.1850000000000005,52.349999999999966,4.0,0.0
410,2020-04-17 01:48:00,2020-04-17 01:48:00,2020-04-17 01:48:00,2020-04-17 18:42:00,16.9,1,1,AATB,2.2091799514859813,2.2091799514859813,5.853690054046436,2020-04-17 01:48:00,2020-04-17 01:48:00,2020-04-17 18:42:00,2020-04-17 18:42:00,3,"AATB,APTY,KERG",2,"APTY,KERG",3.023977832156293,3.184464649660684,3.6782888953222157,core,supported_multi_station_candidate,B,True,2020,-2.9565833333333336,428.6625,6.244666666666666,5.117219618055556,True,5.2,0.64,,334.0,6.2,False,False,True,False,True,-3.1100000000000003,357.95,4.61,50.10000000000002,2.0,0.0
411,2020-04-20 15:40:00,2020-04-20 15:40:00,2020-04-20 00:32:00,2020-04-21 05:24:00,28.866666666666667,3,3,"APTY,FSMT,LMKS",8.245064961917045,18.790089626193307,8.48762909381836,2020-04-20 00:32:00,2020-04-20 15:54:00,2020-04-20 15:28:00,2020-04-21 05:24:00,5,"APTY,FSMT,JUNG1,KERG,LMKS",2,"JUNG1,KERG",6.148024376304628,3.218555242480224,18.790089626193307,core,supported_multi_station_candidate,A,False,2020,-14.539416666666666,491.685,15.9195,7.69990017361111,True,-13.116666666666667,0.87,SSC,371.0,15.9,True,True,True,True,True,-15.309999999999999,376.85,16.15,42.55000000000001,260.0,788.0
412,2020-04-22 20:57:00,2020-04-22 20:57:00,2020-04-22 17:12:00,2020-04-23 06:00:00,12.8,2,2,"BKSN,LMKS",10.84680938999415,17.859012605132353,12.088279453627624,2020-04-22 17:12:00,2020-04-23 00:42:00,2020-04-23 01:32:00,2020-04-23 06:00:00,3,"BKSN,LMKS,NEWK",1,NEWK,8.857489356404384,4.878849289224853,17.859012605132353,core,supported_multi_station_candidate,B,False,2020,-5.039666666666666,491.685,15.1,6.480556352050976,False,,,,,,False,False,True,False,True,-3.455,464.25,4.475,53.25,14.0,0.0
414,2020-04-28 10:17:00,2020-04-28 10:17:00,2020-04-27 13:58:00,2020-04-30 16:02:00,74.06666666666666,4,4,"BKSN,JUNG,JUNG1,KERG",4.4784216281852975,5.43782038676668,4.718627356013341,2020-04-27 13:58:00,2020-04-29 13:14:00,2020-04-28 21:20:00,2020-04-30 16:02:00,7,"BKSN,FSMT,JUNG,JUNG1,KERG,LMKS,NEWK",3,"FSMT,LMKS,NEWK",4.119683275307426,4.353354303076376,5.43782038676668,core,supported_multi_station_candidate,A,False,2020,-4.124833333333333,428.1983333333334,5.891166666666666,4.600645614035088,False,,,,,,False,False,True,False,True,-4.1899999999999995,427.5,6.195,55.5,14.0,0.0
415,2020-05-01 23:36:00,2020-05-01 23:36:00,2020-05-01 23:36:00,2020-05-02 16:28:00,16.866666666666667,1,1,JUNG1,3.0598494591385856,3.0598494591385856,8.474136853954592,2020-05-01 23:36:00,2020-05-01 23:36:00,2020-05-02 16:28:00,2020-05-02 16:28:00,2,"JUNG,JUNG1",1,JUNG,3.210746126838894,3.210746126838894,3.3616427945392022,core,supported_multi_station_candidate,B,True,2020,-5.8515,340.48833333333334,8.442166666666667,8.239331560283688,False,,,,,,False,False,True,False,True,-6.324999999999999,348.1,7.385,59.25,54.0,0.0
416,2020-05-03 12:20:00,2020-05-03 12:20:00,2020-05-03 12:20:00,2020-05-03 19:36:00,7.266666666666667,1,1,LMKS,3.50660244682638,3.50660244682638,4.8830151853921855,2020-05-03 12:20:00,2020-05-03 12:20:00,2020-05-03 19:36:00,2020-05-03 19:36:00,2,"AATB,LMKS",1,AATB,2.6872796418948464,2.6872796418948464,3.50660244682638,core,supported_multi_station_candidate,B,True,2020,-3.9178333333333333,340.48833333333334,8.442166666666667,8.093320035460993,True,6.666666666666667,0.27,,334.0,8.5,False,False,True,False,True,-2.335,340.4,4.415,31.700000000000045,0.0,0.0
417,2020-05-06 05:28:00,2020-05-06 05:28:00,2020-05-06 05:28:00,2020-05-06 12:30:00,7.033333333333333,1,1,MXCO,4.01096397221385,4.01096397221385,7.17788638111262,2020-05-06 05:28:00,2020-05-06 05:28:00,2020-05-06 12:30:00,2020-05-06 12:30:00,3,"KERG,LMKS,MXCO",2,"KERG,LMKS",3.7937921332718507,4.01096397221385,4.496550783061503,core,supported_multi_station_candidate,B,True,2020,-4.871333333333334,336.87166666666667,7.491666666666666,6.517369791666667,True,-16.466666666666665,0.37,,334.0,7.5,False,True,True,False,True,-5.98,344.9,7.994999999999999,54.700000000000045,118.0,0.0
418,2020-05-08 18:52:00,2020-05-08 18:52:00,2020-05-08 18:52:00,2020-05-09 20:50:00,25.966666666666665,1,1,KERG,3.214824609158617,3.214824609158617,7.497067853296992,2020-05-08 18:52:00,2020-05-08 18:52:00,2020-05-09 20:50:00,2020-05-09 20:50:00,2,"APTY,KERG",1,APTY,3.165139786278645,3.165139786278645,3.214824609158617,core,supported_multi_station_candidate,B,True,2020,-3.6446666666666667,350.2433333333333,5.207833333333332,7.386863715277777,False,,,,,,False,False,True,False,True,-4.055,358.85,4.975,35.39999999999998,10.0,0.0
419,2020-05-16 11:50:00,2020-05-16 11:50:00,2020-05-16 06:02:00,2020-05-17 00:14:00,18.2,2,2,"JUNG,JUNG1",3.518715681888245,3.7704176073565496,6.2951485076604214,2020-05-16 06:02:00,2020-05-16 17:38:00,2020-05-16 21:12:00,2020-05-17 00:14:00,2,"JUNG,JUNG1",0,,3.518715681888245,3.518715681888245,3.7704176073565496,core,supported_multi_station_candidate,B,False,2020,-2.545166666666667,321.6058333333333,6.181166666666667,8.574896701388889,False,,,,,,False,False,True,False,True,-2.92,335.85,4.38,40.5,0.0,0.0
420,2020-05-20 08:56:00,2020-05-20 08:56:00,2020-05-20 02:00:00,2020-05-22 02:50:00,48.833333333333336,3,3,"AATB,JUNG1,KERG",3.7859582098388898,4.930693746238649,7.567187339689434,2020-05-20 02:00:00,2020-05-20 18:54:00,2020-05-20 12:12:00,2020-05-22 02:50:00,5,"AATB,BKSN,FSMT,JUNG1,KERG",2,"BKSN,FSMT",3.7877338544449337,4.235704265413019,4.930693746238649,core,supported_multi_station_candidate,A,False,2020,-3.463833333333333,393.6166666666667,8.163166666666667,7.029037326388888,False,,,,,,False,False,True,False,True,-1.365,407.35,5.3,45.0,0.0,0.0
421,2020-05-23 18:50:00,2020-05-23 18:50:00,2020-05-23 18:50:00,2020-05-24 04:14:00,9.4,1,1,JUNG1,3.89717609219825,3.89717609219825,4.214622929314102,2020-05-23 18:50:00,2020-05-23 18:50:00,2020-05-24 04:14:00,2020-05-24 04:14:00,3,"JUNG,JUNG1,LMKS",2,"JUNG,LMKS",3.3850299686284266,3.2600910766500615,3.89717609219825,core,supported_multi_station_candidate,B,True,2020,-5.0205,360.1633333333333,6.596666666666667,8.313916956018518,True,16.166666666666668,0.63,,344.0,6.6,False,False,False,False,False,-3.9850000000000003,361.2,4.465,22.399999999999977,26.0,0.0
422,2020-05-26 01:20:00,2020-05-26 01:20:00,2020-05-25 14:52:00,2020-05-27 01:14:00,34.36666666666667,3,3,"JUNG1,KIEL2,LMKS",3.6705279550056567,3.91690214750039,5.5467213125355554,2020-05-25 14:52:00,2020-05-26 18:00:00,2020-05-26 08:30:00,2020-05-27 01:14:00,3,"JUNG1,KIEL2,LMKS",0,,3.6705279550056567,3.662510709120795,3.91690214750039,core,supported_multi_station_candidate,B,False,2020,-5.0205,344.25333333333333,6.596666666666667,8.873039930555557,False,,,,,,False,False,False,False,False,-2.9050000000000002,336.25,6.08,26.80000000000001,0.0,0.0
423,2020-05-27 14:16:00,2020-05-27 14:16:00,2020-05-27 14:16:00,2020-05-29 00:52:00,34.6,1,1,JUNG1,3.8398111209001557,3.8398111209001557,2.91903942101041,2020-05-27 14:16:00,2020-05-27 14:16:00,2020-05-29 00:52:00,2020-05-29 00:52:00,2,"JUNG1,KERG",1,KERG,3.9650180247204543,3.9650180247204543,4.090224928540753,core,supported_multi_station_candidate,B,True,2020,-3.640333333333333,333.00166666666667,4.666833333333333,8.122486979166668,False,,,,,,False,False,True,False,True,-2.195,338.1,4.26,35.900000000000034,0.0,0.0
424,2020-05-30 22:04:00,2020-05-30 22:04:00,2020-05-30 11:32:00,2020-06-01 09:50:00,46.3,3,3,"AATB,KIEL2,LMKS",3.475117440965972,4.180116565134192,4.631459261498686,2020-05-30 11:32:00,2020-05-31 01:00:00,2020-05-31 09:02:00,2020-06-01 09:50:00,6,"AATB,DRBS,FSMT,JUNG1,KIEL2,LMKS",3,"DRBS,FSMT,JUNG1",3.5991830643207146,3.28892373423827,4.946044446364389,core,supported_multi_station_candidate,A,False,2020,-10.082166666666666,413.6191666666667,13.910666666666666,8.51349402628435,False,,,,,,False,True,True,True,True,-9.355,424.2,13.96,74.49999999999994,62.0,484.0
425,2020-06-03 19:06:00,2020-06-03 19:06:00,2020-06-02 20:16:00,2020-06-04 17:46:00,45.5,3,3,"BKSN,JUNG1,KERG",3.6497910641229154,4.288734318968174,6.732437216749162,2020-06-02 20:16:00,2020-06-04 14:52:00,2020-06-04 00:26:00,2020-06-04 17:46:00,4,"BKSN,JUNG,JUNG1,KERG",1,JUNG,3.766420101672905,3.9108095727670884,4.288734318968174,core,supported_multi_station_candidate,A,False,2020,-5.873666666666667,372.28999999999996,7.5144166666666665,7.168269965277777,False,,,,,,False,False,True,False,True,-4.02,347.0,4.18,45.69999999999999,26.0,0.0
426,2020-06-08 05:52:00,2020-06-08 05:52:00,2020-06-08 00:30:00,2020-06-08 21:18:00,20.8,2,2,"JUNG,JUNG1",3.6360941994750116,3.723668448202073,7.075672539080548,2020-06-08 00:30:00,2020-06-08 11:14:00,2020-06-08 18:34:00,2020-06-08 21:18:00,2,"JUNG,JUNG1",0,,3.6360941994750116,3.6360941994750116,3.723668448202073,core,supported_multi_station_candidate,B,False,2020,-7.015083333333334,481.19166666666666,9.482083333333332,7.971531141373247,False,,,,,,False,True,True,False,True,-8.775,486.2,10.370000000000001,103.04999999999995,96.0,42.0
427,2020-06-11 14:50:00,2020-06-11 14:50:00,2020-06-11 14:50:00,2020-06-12 13:02:00,22.2,1,1,JUNG,3.5454432906471482,3.5454432906471482,7.261684885830692,2020-06-11 14:50:00,2020-06-11 14:50:00,2020-06-12 13:02:00,2020-06-12 13:02:00,4,"JUNG,KERG,LMKS,ROME",3,"KERG,LMKS,ROME",3.618259665173043,3.334442934296649,4.838163180596903,core,supported_multi_station_candidate,A,True,2020,-4.6866666666666665,479.7133333333333,6.1874,3.1972814631349618,False,,,,,,False,False,True,False,True,-3.0,440.9,4.470000000000001,49.0,0.0,0.0
428,2020-06-18 11:38:00,2020-06-18 11:38:00,2020-06-18 00:32:00,2020-06-19 17:12:00,40.666666666666664,3,3,"JUNG,JUNG1,LMKS",3.2785720573441695,3.5695236590729715,7.526021985123407,2020-06-18 00:32:00,2020-06-19 02:36:00,2020-06-19 02:46:00,2020-06-19 17:12:00,4,"AATB,JUNG,JUNG1,LMKS",1,AATB,3.073888205487756,3.133096256479769,3.5695236590729715,core,supported_multi_station_candidate,A,False,2020,-5.576333333333333,355.10166666666663,7.092333333333333,9.815630208333333,True,-1.6333333333333333,0.75,,355.0,7.0,False,True,False,False,True,-4.8,313.7,4.890000000000001,25.599999999999966,78.0,0.0
431,2020-06-26 19:54:00,2020-06-26 19:54:00,2020-06-26 19:54:00,2020-06-28 02:06:00,30.2,1,1,JUNG1,3.6445609468451776,3.6445609468451776,8.37730334992956,2020-06-26 19:54:00,2020-06-26 19:54:00,2020-06-28 02:06:00,2020-06-28 02:06:00,5,"AATB,FSMT,JUNG1,KERG,ROME",4,"AATB,FSMT,KERG,ROME",3.400972078502849,3.5013598598869926,4.553299724632011,core,supported_multi_station_candidate,A,True,2020,-5.292666666666666,410.10568181818184,8.661666666666667,7.061265485529149,True,-1.9,0.21,,338.0,8.5,False,True,True,False,True,-6.23,346.1,7.99,42.599999999999966,70.0,0.0
432,2020-06-29 07:04:00,2020-06-29 07:04:00,2020-06-29 07:04:00,2020-06-29 08:36:00,1.5333333333333334,1,1,JUNG1,3.016827854660163,3.016827854660163,6.132111611549759,2020-06-29 07:04:00,2020-06-29 07:04:00,2020-06-29 08:36:00,2020-06-29 08:36:00,2,"JUNG1,KERG",1,KERG,3.2704419105718947,3.2704419105718947,3.5240559664836266,core,supported_multi_station_candidate,B,True,2020,-5.292666666666666,410.10568181818184,8.661666666666667,5.7479778309409895,False,,,,,,False,False,True,False,True,-3.3,359.6,3.8449999999999998,35.700000000000045,6.0,0.0
433,2020-07-01 03:04:00,2020-07-01 03:04:00,2020-06-30 20:14:00,2020-07-03 02:58:00,54.733333333333334,3,3,"JUNG,KIEL2,LMKS",3.4735238765890046,4.005188132489956,6.736427106406498,2020-06-30 20:14:00,2020-07-01 20:50:00,2020-07-01 14:00:00,2020-07-03 02:58:00,7,"APTY,BKSN,CALM,JUNG,JUNG1,KIEL2,LMKS",4,"APTY,BKSN,CALM,JUNG1",4.510316986469365,3.804788406443609,9.374221879961791,core,supported_multi_station_candidate,A,False,2020,-4.550333333333333,372.35433333333333,6.215,7.726444765649091,True,-2.066666666666667,0.75,,353.0,6.3,False,False,True,False,True,-3.73,360.75,6.415,42.400000000000034,24.0,0.0
434,2020-07-05 22:54:00,2020-07-05 22:54:00,2020-07-05 22:54:00,2020-07-06 21:46:00,22.866666666666667,1,1,LMKS,3.0849349186787225,3.0849349186787225,3.7253815016094305,2020-07-05 22:54:00,2020-07-05 22:54:00,2020-07-06 21:46:00,2020-07-06 21:46:00,4,"AATB,JUNG,JUNG1,LMKS",3,"AATB,JUNG,JUNG1",2.9915721761360627,2.9875893140004424,3.393010059250328,core,supported_multi_station_candidate,A,True,2020,-4.386666666666667,516.6691666666667,9.713166666666666,5.118187719298246,True,-0.9,0.38,,516.0,6.3,False,False,True,False,True,-5.25,525.0,7.215,90.30000000000001,40.0,0.0
436,2020-07-09 23:02:00,2020-07-09 23:02:00,2020-07-09 23:02:00,2020-07-11 06:46:00,31.733333333333334,1,1,JUNG1,4.5101014751672155,4.5101014751672155,4.243293981948083,2020-07-09 23:02:00,2020-07-09 23:02:00,2020-07-11 06:46:00,2020-07-11 06:46:00,2,"JUNG1,MXCO",1,MXCO,3.907496056456175,3.907496056456175,4.5101014751672155,core,supported_multi_station_candidate,B,True,2020,-2.372,396.38666666666666,4.569166666666666,5.139562152777778,True,11.966666666666667,0.42,,351.0,4.6,False,False,True,False,True,-2.1500000000000004,334.75,4.285,35.55000000000001,0.0,0.0
437,2020-07-14 03:20:00,2020-07-14 03:20:00,2020-07-14 03:20:00,2020-07-14 20:08:00,16.8,1,1,FSMT,3.0280971164045116,3.0280971164045116,6.993121030785226,2020-07-14 03:20:00,2020-07-14 03:20:00,2020-07-14 20:08:00,2020-07-14 20:08:00,4,"BKSN,FSMT,JUNG1,KERG",3,"BKSN,JUNG1,KERG",3.976049826867631,3.7394969745606508,5.39710824194471,core,supported_multi_station_candidate,A,True,2020,-8.186416666666666,413.1383333333333,9.544166666666666,10.340062586838448,False,,,,,,False,True,True,True,True,-8.774999999999999,398.2,9.24,94.10000000000002,500.0,210.0
438,2020-07-15 17:04:00,2020-07-15 17:04:00,2020-07-15 17:04:00,2020-07-17 04:48:00,35.733333333333334,1,1,LMKS,3.491866704059238,3.491866704059238,7.0678900924109005,2020-07-15 17:04:00,2020-07-15 17:04:00,2020-07-17 04:48:00,2020-07-17 04:48:00,3,"JUNG,JUNG1,LMKS",2,"JUNG,JUNG1",3.441011249789099,3.491866704059238,3.7596719946735093,core,supported_multi_station_candidate,B,True,2020,-8.186416666666666,425.5383333333333,8.929,5.811993905519767,True,-14.066666666666666,0.38,,426.0,8.2,False,False,True,False,True,-3.9850000000000003,425.1,8.89,56.0,44.0,34.0
439,2020-07-25 02:02:00,2020-07-25 02:02:00,2020-07-23 09:00:00,2020-07-26 12:44:00,75.73333333333333,5,5,"APTY,DRBS,JUNG1,LMKS,ROME",7.756312621370779,23.07197387920891,9.579665260436055,2020-07-23 09:00:00,2020-07-25 22:02:00,2020-07-24 14:58:00,2020-07-26 12:44:00,7,"AATB,APTY,BKSN,DRBS,JUNG1,LMKS,ROME",2,"AATB,BKSN",6.545806591092395,4.1076070782485905,23.07197387920891,core,supported_multi_station_candidate,A,False,2020,-8.175333333333333,414.3016666666666,10.329166666666667,9.751547807017543,False,,,,,,False,True,True,True,True,-9.23,395.8,9.940000000000001,45.00000000000006,482.0,408.0
440,2020-07-27 05:46:00,2020-07-27 05:46:00,2020-07-27 01:20:00,2020-07-28 07:34:00,30.233333333333334,2,2,"DRBS,LMKS",3.7963333934278936,5.066473060430726,4.181647427729238,2020-07-27 01:20:00,2020-07-27 10:12:00,2020-07-27 19:52:00,2020-07-28 07:34:00,8,"DRBS,FSMT,JUNG,JUNG1,KIEL2,LMKS,MXCO,NEWK",6,"FSMT,JUNG,JUNG1,KIEL2,MXCO,NEWK",3.7692138657983163,3.584402367743954,5.066473060430726,core,supported_multi_station_candidate,A,False,2020,-3.6799999999999997,416.8308333333333,9.365166666666665,6.703876408010013,True,-4.766666666666667,0.84,,411.0,6.3,False,False,True,False,True,-4.095000000000001,428.6,5.390000000000001,54.150000000000034,28.0,0.0
441,2020-08-01 14:22:00,2020-08-01 14:22:00,2020-08-01 14:22:00,2020-08-02 19:34:00,29.2,1,1,JUNG1,3.1903072581698746,3.1903072581698746,10.411934085884551,2020-08-01 14:22:00,2020-08-01 14:22:00,2020-08-02 19:34:00,2020-08-02 19:34:00,5,"JUNG,JUNG1,KERG,LMKS,OULU",4,"JUNG,KERG,LMKS,OULU",3.66638058364914,3.2769337707306043,5.11726676762029,core,supported_multi_station_candidate,A,True,2020,-5.850499999999999,659.1941666666667,11.248,6.949190476190477,True,14.633333333333333,0.58,,701.0,10.9,False,False,False,False,False,-2.62,359.1,4.29,28.599999999999966,0.0,0.0
443,2020-08-10 19:12:00,2020-08-10 19:12:00,2020-08-09 22:12:00,2020-08-12 11:24:00,61.2,4,4,"AATB,FSMT,JUNG,JUNG1",3.41992117376795,4.452216401155881,5.70513968638038,2020-08-09 22:12:00,2020-08-11 15:24:00,2020-08-11 01:26:00,2020-08-12 11:24:00,11,"AATB,APTY,BKSN,CALM,DRBS,FSMT,JUNG,JUNG1,KERG,LMKS,OULU",7,"APTY,BKSN,CALM,DRBS,KERG,LMKS,OULU",4.764164827467163,4.263624250512783,12.05115363158363,core,supported_multi_station_candidate,A,False,2020,-2.0785,378.7291666666667,5.180666666666667,5.230685763888888,True,3.8,1.7,,325.0,4.5,False,False,False,False,False,-2.86,328.8,3.98,27.5,0.0,0.0
446,2020-08-25 12:28:00,2020-08-25 12:28:00,2020-08-25 12:28:00,2020-08-26 23:24:00,34.93333333333333,1,1,JUNG,3.5063702175744633,3.5063702175744633,25.09176436506276,2020-08-25 12:28:00,2020-08-25 12:28:00,2020-08-26 23:24:00,2020-08-26 23:24:00,2,"JUNG,JUNG1",1,JUNG1,3.2614412926756198,3.2614412926756198,3.5063702175744633,core,supported_multi_station_candidate,B,True,2020,-6.2044999999999995,478.5783333333333,7.731666666666667,6.835741319444445,True,-2.466666666666667,0.62,,478.0,7.5,False,False,True,False,True,-4.54,374.85,6.245,41.25,16.0,0.0
447,2020-08-29 17:30:00,2020-08-29 17:30:00,2020-08-29 17:30:00,2020-08-30 00:52:00,7.366666666666666,1,1,KERG,3.5411819920630645,3.5411819920630645,3.147777932688665,2020-08-29 17:30:00,2020-08-29 17:30:00,2020-08-30 00:52:00,2020-08-30 00:52:00,2,"JUNG1,KERG",1,JUNG1,3.9123103433148256,3.9123103433148256,4.283438694566587,core,supported_multi_station_candidate,B,True,2020,-5.208166666666667,615.2900000000001,9.195,4.307365372474748,False,,,,,,False,False,True,False,True,-5.215,539.8,5.875,65.19999999999999,18.0,0.0
448,2020-09-02 18:12:00,2020-09-02 18:12:00,2020-09-02 18:12:00,2020-09-03 19:40:00,25.466666666666665,1,1,JUNG,4.21397855210416,4.21397855210416,8.534336321274024,2020-09-02 18:12:00,2020-09-02 18:12:00,2020-09-03 19:40:00,2020-09-03 19:40:00,3,"JUNG,JUNG1,LMKS",2,"JUNG1,LMKS",3.4204056033852965,3.4512903858948465,4.21397855210416,core,supported_multi_station_candidate,B,True,2020,-4.392166666666666,637.8449999999999,5.868333333333334,3.223441565452092,False,,,,,,False,False,True,False,True,-4.34,532.45,4.855,55.10000000000008,26.0,0.0
449,2020-09-08 16:18:00,2020-09-08 16:18:00,2020-09-08 02:58:00,2020-09-11 11:24:00,80.43333333333334,4,4,"AATB,APTY,JUNG,LMKS",3.3102789555166323,4.318844282503737,4.26666843608762,2020-09-08 02:58:00,2020-09-10 06:00:00,2020-09-08 05:28:00,2020-09-11 11:24:00,6,"AATB,APTY,JUNG,JUNG1,KERG,LMKS",2,"JUNG1,KERG",3.392397572270499,3.2515037644077474,4.318844282503737,core,supported_multi_station_candidate,A,False,2020,-2.7,378.65999999999997,5.066999999999999,6.4225546875,True,11.7,0.61,,316.0,4.8,False,False,False,False,False,-2.785,328.7,4.345,18.900000000000034,0.0,0.0
450,2020-09-12 18:16:00,2020-09-12 18:16:00,2020-09-12 18:16:00,2020-09-13 19:40:00,25.4,1,1,DRBS,5.317620970666878,5.317620970666878,4.545187504682087,2020-09-12 18:16:00,2020-09-12 18:16:00,2020-09-13 19:40:00,2020-09-13 19:40:00,2,"DRBS,KERG",1,KERG,4.379274807240335,4.379274807240335,5.317620970666878,core,supported_multi_station_candidate,B,True,2020,-6.894,428.29833333333335,9.2295,10.682353411306043,False,,,,,,False,False,True,False,True,-4.485,350.5,6.99,38.450000000000045,20.0,0.0
451,2020-09-17 05:13:00,2020-09-17 05:13:00,2020-09-16 20:40:00,2020-09-18 08:54:00,36.233333333333334,2,2,"FSMT,KERG",3.4550822261429537,3.702174224725505,5.885473697850154,2020-09-16 20:40:00,2020-09-17 13:46:00,2020-09-18 08:06:00,2020-09-18 08:54:00,2,"FSMT,KERG",0,,3.4550822261429537,3.4550822261429537,3.702174224725505,core,supported_multi_station_candidate,B,False,2020,-3.496666666666667,395.27333333333337,6.058000000000001,7.759194275161588,False,,,,,,False,False,True,False,True,-4.57,340.5,5.675,35.89999999999998,48.0,0.0
452,2020-09-21 10:18:00,2020-09-21 10:18:00,2020-09-21 05:58:00,2020-09-22 03:26:00,21.466666666666665,2,2,"JUNG,KERG",3.4736595752258133,3.789932582466038,5.265351745929066,2020-09-21 05:58:00,2020-09-21 14:38:00,2020-09-22 02:36:00,2020-09-22 03:26:00,4,"JUNG,JUNG1,KERG,LMKS",2,"JUNG1,LMKS",3.2699369362221455,3.1803150518027072,3.789932582466038,core,supported_multi_station_candidate,A,False,2020,-6.162000000000001,369.45,8.606333333333334,8.495489583333333,True,-11.3,0.56,,363.0,8.8,False,False,True,True,True,-2.8600000000000003,323.9,9.045,44.35000000000002,0.0,118.0
453,2020-09-27 20:59:00,2020-09-27 20:59:00,2020-09-27 11:46:00,2020-09-29 05:20:00,41.56666666666667,2,2,"JUNG,JUNG1",3.985512503156076,4.462927103463889,6.097552376941824,2020-09-27 11:46:00,2020-09-28 06:12:00,2020-09-28 23:34:00,2020-09-29 05:20:00,4,"FSMT,JUNG,JUNG1,LMKS",2,"FSMT,LMKS",3.735929561751182,3.769947247893311,4.462927103463889,core,supported_multi_station_candidate,A,False,2020,-6.206,673.9975,8.780333333333335,3.30153326585695,True,-3.9833333333333334,0.97,,669.0,8.1,False,False,True,False,True,-8.629999999999999,670.0,9.735,155.3499999999999,52.0,18.0
454,2020-09-30 01:12:00,2020-09-30 01:12:00,2020-09-29 17:54:00,2020-09-30 08:34:00,14.666666666666666,2,2,"KERG,LMKS",2.8008641115760637,3.201476889563884,5.822189256983876,2020-09-29 17:54:00,2020-09-30 08:30:00,2020-09-30 08:12:00,2020-09-30 08:34:00,2,"KERG,LMKS",0,,2.8008641115760637,2.8008641115760637,3.201476889563884,core,supported_multi_station_candidate,B,False,2020,-2.144833333333333,673.9975,6.6975,2.4612765572541075,False,,,,,,False,False,True,False,True,-4.4,704.1,4.955,112.0,18.0,0.0
455,2020-10-04 16:57:00,2020-10-04 16:57:00,2020-10-02 09:54:00,2020-10-06 02:36:00,88.7,6,6,"APTY,FSMT,JUNG1,KERG,KIEL2,LMKS",4.106205499125071,4.72407170968638,7.018551519058584,2020-10-02 09:54:00,2020-10-05 15:26:00,2020-10-03 20:14:00,2020-10-06 02:36:00,8,"APTY,FSMT,JUNG,JUNG1,KERG,KIEL2,LMKS,OULU",2,"JUNG,OULU",4.118421864524889,4.231480678284475,5.1411772123652515,core,supported_multi_station_candidate,A,False,2020,-7.949166666666667,484.72999999999996,10.647166666666667,5.155631076388889,True,15.15,1.04,,366.0,10.6,False,False,True,False,True,-2.24,390.0,3.255,50.10000000000002,0.0,0.0
456,2020-10-06 15:52:00,2020-10-06 15:52:00,2020-10-06 15:52:00,2020-10-07 19:04:00,27.2,1,1,ROME,4.653216204793572,4.653216204793572,5.804371311903207,2020-10-06 15:52:00,2020-10-06 15:52:00,2020-10-07 19:04:00,2020-10-07 19:04:00,9,"APTY,BKSN,FSMT,JUNG,JUNG1,KERG,KIEL2,LMKS,ROME",8,"APTY,BKSN,FSMT,JUNG,JUNG1,KERG,KIEL2,LMKS",4.084373949239756,3.9697649904132257,5.115661292646167,core,supported_multi_station_candidate,A,True,2020,-7.949166666666667,396.89000000000004,10.647166666666667,10.252137152777777,True,15.133333333333333,0.5,,396.0,9.5,False,False,True,True,True,-2.1,356.7,10.945,30.55000000000001,0.0,576.0
457,2020-10-11 07:40:00,2020-10-11 07:40:00,2020-10-11 07:40:00,2020-10-11 22:12:00,14.533333333333333,1,1,JUNG,3.033527922406902,3.033527922406902,9.2589337399943,2020-10-11 07:40:00,2020-10-11 07:40:00,2020-10-11 22:12:00,2020-10-11 22:12:00,2,"JUNG,LMKS",1,LMKS,3.1241796086685416,3.1241796086685416,3.2148312949301814,core,supported_multi_station_candidate,B,True,2020,-4.894833333333334,326.01,7.686833333333334,11.148335069444443,False,,,,,,False,False,False,False,False,-2.995,307.79999999999995,5.890000000000001,20.899999999999977,0.0,0.0
458,2020-10-13 01:48:00,2020-10-13 01:48:00,2020-10-12 17:02:00,2020-10-13 14:32:00,21.5,2,2,"KERG,LMKS",4.6113298449431985,5.809781280198399,9.906711379569241,2020-10-12 17:02:00,2020-10-13 10:34:00,2020-10-13 11:32:00,2020-10-13 14:32:00,5,"APTY,FSMT,JUNG1,KERG,LMKS",3,"APTY,FSMT,JUNG1",3.7348396561836084,3.4128784096879983,5.809781280198399,core,supported_multi_station_candidate,A,False,2020,-4.894833333333334,309.9288888888889,7.686833333333334,12.611282118055556,True,-13.8,0.37,,309.0,7.7,False,True,False,False,True,-6.8100000000000005,316.2,8.23,29.30000000000001,124.0,10.0
459,2020-10-18 00:08:00,2020-10-18 00:08:00,2020-10-17 08:16:00,2020-10-19 08:56:00,48.666666666666664,5,5,"FSMT,JUNG,KERG,NEWK,OULU",4.322438467070515,5.124058786116767,5.962732104088188,2020-10-17 08:16:00,2020-10-19 00:16:00,2020-10-18 02:58:00,2020-10-19 08:56:00,10,"AATB,APTY,FSMT,JUNG,JUNG1,KERG,KIEL2,MXCO,NEWK,OULU",5,"AATB,APTY,JUNG1,KIEL2,MXCO",3.965561445808267,4.025121971120907,5.124058786116767,core,supported_multi_station_candidate,A,False,2020,-4.190666666666667,416.93833333333333,9.089666666666666,9.74012326388889,False,,,,,,False,False,True,True,True,-4.12,333.7,9.105,44.05000000000001,8.0,146.0
460,2020-10-22 04:26:00,2020-10-22 04:26:00,2020-10-21 09:50:00,2020-10-25 04:56:00,91.1,4,4,"AATB,ATHN,KERG,LMKS",4.10012018340037,5.8201304914004375,6.189913268909075,2020-10-21 09:50:00,2020-10-23 22:24:00,2020-10-21 15:42:00,2020-10-25 04:56:00,4,"AATB,ATHN,KERG,LMKS",0,,4.100120183400371,3.905828612953083,5.8201304914004375,core,supported_multi_station_candidate,A,False,2020,-7.647166666666666,536.3166666666667,13.191166666666668,7.280788120567376,False,,,,,,False,False,True,True,True,-5.295,400.9,9.295,60.549999999999955,58.0,190.0
462,2020-10-29 05:02:00,2020-10-29 05:02:00,2020-10-28 23:58:00,2020-10-30 21:08:00,45.166666666666664,2,2,"APTY,KERG",3.8169949597693167,3.9259587492102144,4.291311328304993,2020-10-28 23:58:00,2020-10-29 10:06:00,2020-10-30 10:22:00,2020-10-30 21:08:00,3,"APTY,JUNG,KERG",1,JUNG,3.7856603072454096,3.7229910021975954,3.9259587492102144,core,supported_multi_station_candidate,B,False,2020,-4.4783333333333335,581.505,5.732,3.2452956140350877,False,,,,,,False,True,True,False,True,-5.005,546.6,5.85,80.30000000000001,68.0,0.0
463,2020-10-31 09:58:00,2020-10-31 09:58:00,2020-10-31 09:58:00,2020-10-31 15:26:00,5.466666666666667,1,1,LMKS,2.70585576723244,2.70585576723244,6.550956839743652,2020-10-31 09:58:00,2020-10-31 09:58:00,2020-10-31 15:26:00,2020-10-31 15:26:00,3,"AATB,APTY,LMKS",2,"AATB,APTY",3.0593477561318636,2.70585576723244,3.8194949506448177,core,supported_multi_station_candidate,B,True,2020,-5.316,472.9116666666667,8.4575,5.607333059660647,True,-11.966666666666667,0.55,,414.0,6.2,False,True,True,False,True,-5.365,426.9,6.63,47.39999999999998,228.0,0.0
464,2020-11-08 14:18:00,2020-11-08 14:18:00,2020-11-05 17:46:00,2020-11-10 03:20:00,105.56666666666666,7,7,"AATB,APTY,JUNG1,KERG,LMKS,OULU,ROME",3.7947991343079477,5.179219583757225,6.534812349353564,2020-11-05 17:46:00,2020-11-09 21:50:00,2020-11-06 23:54:00,2020-11-10 03:20:00,8,"AATB,APTY,JUNG,JUNG1,KERG,LMKS,OULU,ROME",1,JUNG,3.7346582623754765,3.535662252485065,5.179219583757225,core,supported_multi_station_candidate,A,False,2020,-1.933,499.8641666666666,6.652,3.628596565698913,True,-0.3,0.63,,448.0,5.2,False,False,True,False,True,-3.66,470.7,5.395,49.349999999999966,8.0,0.0
465,2020-11-19 00:18:00,2020-11-19 00:18:00,2020-11-18 10:38:00,2020-11-20 11:08:00,48.5,2,2,"AATB,APTY",3.7161038331342326,4.370587021480981,10.097349285776511,2020-11-18 10:38:00,2020-11-19 13:58:00,2020-11-19 14:28:00,2020-11-20 11:08:00,3,"AATB,APTY,JUNG1",1,JUNG1,3.389689751362839,3.0616206447874843,4.370587021480981,core,supported_multi_station_candidate,B,False,2020,-5.412166666666667,384.9766666666667,7.132000000000001,9.601530381944444,True,10.7,0.39,,384.0,7.3,False,False,False,False,False,-3.285,307.1,4.95,28.25,6.0,0.0
466,2020-11-22 16:52:00,2020-11-22 16:52:00,2020-11-22 13:34:00,2020-11-23 22:24:00,32.833333333333336,3,3,"AATB,BKSN,KERG",3.8435683049991076,4.424124224076271,6.486995594903529,2020-11-22 13:34:00,2020-11-22 23:18:00,2020-11-23 19:20:00,2020-11-23 22:24:00,6,"AATB,BKSN,CALM,JUNG1,KERG,LMKS",3,"CALM,JUNG1,LMKS",4.724187859550992,3.5532903454605247,10.842849263545457,core,supported_multi_station_candidate,A,False,2020,-5.165,632.4127777777777,10.521166666666666,4.2909713541666665,False,,,,,,False,False,True,True,True,-7.965,668.4,10.995000000000001,158.89999999999998,46.0,98.0
467,2020-11-26 15:26:00,2020-11-26 15:26:00,2020-11-26 15:26:00,2020-11-27 04:02:00,12.6,1,1,JUNG1,3.281538282028687,3.281538282028687,5.800881830601243,2020-11-26 15:26:00,2020-11-26 15:26:00,2020-11-27 04:02:00,2020-11-27 04:02:00,6,"AATB,APTY,FSMT,JUNG1,KIEL2,LMKS",5,"AATB,APTY,FSMT,KIEL2,LMKS",3.2954671872636685,3.022278575754447,4.247549934314417,core,supported_multi_station_candidate,A,True,2020,-3.887,452.6683333333333,7.973333333333333,4.718102412280701,True,-1.4333333333333333,0.62,,454.0,8.0,False,False,True,False,True,-5.54,463.7,8.455,94.0,8.0,32.0
468,2020-11-29 07:12:00,2020-11-29 07:12:00,2020-11-28 12:18:00,2020-12-01 04:38:00,64.33333333333333,3,3,"JUNG1,LMKS,NEWK",3.3364484265231056,4.70460232120571,5.317205198285463,2020-11-28 12:18:00,2020-11-29 18:04:00,2020-11-29 22:16:00,2020-12-01 04:38:00,4,"JUNG1,KERG,LMKS,NEWK",1,KERG,3.282169284777273,2.89475906191904,4.70460232120571,core,supported_multi_station_candidate,A,False,2020,-5.018666666666666,507.3191666666667,8.976166666666668,4.549321103320438,True,-11.2,0.4,,423.0,7.9,False,True,True,False,True,-6.915,428.4,8.245000000000001,51.69999999999993,286.0,12.0
469,2020-12-03 01:18:00,2020-12-03 01:18:00,2020-12-02 07:58:00,2020-12-04 00:42:00,40.733333333333334,2,2,"BKSN,JUNG",4.86912656658639,5.729176883266018,11.046372420543232,2020-12-02 07:58:00,2020-12-03 18:38:00,2020-12-03 17:46:00,2020-12-04 00:42:00,11,"AATB,APTY,BKSN,FSMT,JUNG,JUNG1,KERG,KIEL2,LMKS,MXCO,NEWK",9,"AATB,APTY,FSMT,JUNG1,KERG,KIEL2,LMKS,MXCO,NEWK",4.0380419858519785,3.852887704590896,5.729176883266018,core,supported_multi_station_candidate,A,False,2020,-3.368666666666667,441.9633333333333,6.59,2.018221901227428,False,,,,,,False,False,True,False,True,-3.5999999999999996,438.2,7.17,72.80000000000001,20.0,0.0
470,2020-12-09 10:50:00,2020-12-09 10:50:00,2020-12-08 23:02:00,2020-12-12 17:02:00,90.0,9,9,"APTY,DRBS,FSMT,JUNG,JUNG1,KERG,KIEL2,LMKS,OULU",4.426026207083414,6.270459979691639,6.1948457687916845,2020-12-08 23:02:00,2020-12-11 07:22:00,2020-12-10 01:48:00,2020-12-12 17:02:00,15,"AATB,APTY,ATHN,BKSN,CALM,DRBS,FSMT,JUNG,JUNG1,KERG,KIEL2,LMKS,NEWK,OULU,ROME",6,"AATB,ATHN,BKSN,CALM,NEWK,ROME",5.036382423924047,4.400065902635329,10.168068451494126,core,supported_multi_station_candidate,A,False,2020,-4.5855,558.8141666666667,12.458166666666667,6.462048071009092,True,-7.833333333333333,0.34,,431.0,9.0,False,True,True,True,True,-6.3,427.45714285714286,9.31,64.20714285714286,80.0,84.0
471,2020-12-16 15:56:00,2020-12-16 15:56:00,2020-12-16 02:14:00,2020-12-17 17:16:00,39.03333333333333,3,3,"AATB,KERG,NEWK",4.602275930969695,6.482060220101681,5.1983677368142045,2020-12-16 02:14:00,2020-12-17 01:12:00,2020-12-16 17:24:00,2020-12-17 17:16:00,5,"AATB,APTY,FSMT,KERG,NEWK",2,"APTY,FSMT",4.079975560253413,3.6536820359231412,6.482060220101681,core,supported_multi_station_candidate,A,False,2020,-3.0095,364.54583333333335,6.322666666666667,10.430904513888889,True,6.066666666666666,0.61,,294.0,6.5,False,False,False,False,False,-2.66,294.55,4.9399999999999995,25.899999999999977,0.0,0.0
472,2020-12-22 00:10:00,2020-12-22 00:10:00,2020-12-22 00:10:00,2020-12-23 11:46:00,35.6,1,1,KERG,3.306294294387492,3.306294294387492,9.045657130701954,2020-12-22 00:10:00,2020-12-22 00:10:00,2020-12-23 11:46:00,2020-12-23 11:46:00,3,"JUNG,KERG,LMKS",2,"JUNG,LMKS",3.408251545696828,3.4117974413098593,3.5066629013931325,core,supported_multi_station_candidate,B,True,2020,-7.926166666666666,628.9544444444444,11.7105,6.222491540020264,True,0.8333333333333334,0.34,,603.0,7.2,False,True,True,True,True,-11.75,581.8,18.18,181.09999999999997,62.0,126.0
474,2020-12-26 17:46:00,2020-12-26 17:46:00,2020-12-26 17:46:00,2020-12-26 18:56:00,1.1666666666666667,1,1,KERG,3.451192975235255,3.451192975235255,9.484156861207758,2020-12-26 17:46:00,2020-12-26 17:46:00,2020-12-26 18:56:00,2020-12-26 18:56:00,5,"JUNG,JUNG1,KERG,LMKS,NEWK",4,"JUNG,JUNG1,LMKS,NEWK",3.7395017327703512,3.55197343242744,5.393755955914309,core,supported_multi_station_candidate,A,True,2020,-2.402833333333333,544.16,7.2218333333333335,3.9473111964020773,True,10.233333333333333,0.42,,553.0,7.2,False,False,True,False,True,-3.2,439.6,4.39,36.900000000000034,4.0,0.0
475,2020-12-28 03:26:00,2020-12-28 03:26:00,2020-12-27 23:30:00,2020-12-30 02:12:00,50.7,5,5,"AATB,APTY,KERG,KIEL2,LMKS",3.7023181753004324,4.731529728452466,8.700142936924923,2020-12-27 23:30:00,2020-12-29 22:10:00,2020-12-28 06:48:00,2020-12-30 02:12:00,5,"AATB,APTY,KERG,KIEL2,LMKS",0,,3.7023181753004324,3.9673617662838265,4.731529728452466,core,supported_multi_station_candidate,A,False,2020,-3.5076666666666667,527.6397959183674,7.2218333333333335,4.319244306769971,True,14.566666666666666,0.61,,509.0,6.8,False,False,True,False,True,-5.970000000000001,540.8,7.654999999999999,66.59999999999997,14.0,0.0
476,2020-12-30 18:26:00,2020-12-30 18:26:00,2020-12-30 18:26:00,2020-12-31 19:12:00,24.766666666666666,1,1,ROME,8.336521688848592,8.336521688848592,3.119231354560405,2020-12-30 18:26:00,2020-12-30 18:26:00,2020-12-31 19:12:00,2020-12-31 19:12:00,4,"JUNG,JUNG1,KERG,ROME",3,"JUNG,JUNG1,KERG",4.362424838250008,3.1497669264903,8.336521688848592,core,supported_multi_station_candidate,A,True,2020,-3.5076666666666667,510.16833333333335,6.816666666666666,3.799653643724696,True,17.566666666666666,0.48,,398.0,3.4,False,False,True,False,True,-5.734999999999999,527.0,6.3100000000000005,62.15000000000009,26.0,0.0
477,2021-01-02 19:03:00,2021-01-02 19:03:00,2021-01-02 17:08:00,2021-01-04 02:04:00,32.93333333333333,2,2,"KERG,ROME",5.853835441840932,7.4637575134303304,4.808164260631827,2021-01-02 17:08:00,2021-01-02 20:58:00,2021-01-03 23:18:00,2021-01-04 02:04:00,3,"KERG,LMKS,ROME",1,LMKS,4.703223454811941,4.243913370251534,7.4637575134303304,core,supported_multi_station_candidate,B,False,2021,-2.531833333333333,368.44166666666666,6.824333333333333,6.375370175438598,False,,,,,,False,False,False,False,False,-2.3899999999999997,341.9,3.8449999999999998,22.600000000000023,0.0,0.0
478,2021-01-04 22:32:00,2021-01-04 22:32:00,2021-01-04 19:58:00,2021-01-06 10:52:00,38.9,3,3,"AATB,KERG,LMKS",3.0127732560837472,4.185914457932819,7.193913390565231,2021-01-04 19:58:00,2021-01-06 07:00:00,2021-01-05 21:12:00,2021-01-06 10:52:00,4,"AATB,FSMT,KERG,LMKS",1,FSMT,2.966084626102109,2.6624807081140864,4.185914457932819,core,supported_multi_station_candidate,A,False,2021,-4.454259259259259,607.85,16.208000000000002,10.053806335282651,True,13.466666666666667,0.41,,453.0,16.2,False,False,True,True,True,-7.08,323.15,9.21,37.14999999999998,44.0,182.0
479,2021-01-08 06:00:00,2021-01-08 06:00:00,2021-01-08 06:00:00,2021-01-09 15:20:00,33.333333333333336,1,1,AATB,3.243659073263359,3.243659073263359,5.259249574381457,2021-01-08 06:00:00,2021-01-08 06:00:00,2021-01-09 15:20:00,2021-01-09 15:20:00,3,"AATB,CALM,KERG",2,"CALM,KERG",5.553989732254444,3.243659073263359,10.764781103315658,core,supported_multi_station_candidate,B,True,2021,-3.2165000000000004,607.85,12.0145,4.494555883742912,False,,,,,,False,False,True,False,True,-2.92,428.0,4.295,61.14999999999998,0.0,0.0
480,2021-01-13 21:36:00,2021-01-13 21:36:00,2021-01-12 06:06:00,2021-01-15 23:26:00,89.33333333333333,7,7,"AATB,DRBS,JUNG,JUNG1,KERG,KIEL2,LMKS",3.798490440890998,4.857256976058933,7.631700515653007,2021-01-12 06:06:00,2021-01-15 08:18:00,2021-01-12 19:20:00,2021-01-15 23:26:00,7,"AATB,DRBS,JUNG,JUNG1,KERG,KIEL2,LMKS",0,,3.7984904408909976,3.8215839346770495,4.857256976058933,core,supported_multi_station_candidate,A,False,2021,-3.730739130434783,459.12166666666667,7.976898550724638,7.000169452260032,False,,,,,,False,False,True,False,True,-1.77,399.54999999999995,4.654999999999999,34.14999999999998,0.0,0.0
481,2021-01-18 10:48:00,2021-01-18 10:48:00,2021-01-18 10:48:00,2021-01-19 18:36:00,31.8,1,1,LMKS,2.9065575004890256,2.9065575004890256,7.80168167385118,2021-01-18 10:48:00,2021-01-18 10:48:00,2021-01-19 18:36:00,2021-01-19 18:36:00,2,"AATB,LMKS",1,AATB,2.6026406299144065,2.6026406299144065,2.9065575004890256,core,supported_multi_station_candidate,B,True,2021,-4.258166666666666,345.97166666666664,8.5605,11.557647291911321,True,7.2,0.45,,339.0,8.6,False,True,False,False,True,-4.03,288.4,4.390000000000001,13.249999999999943,68.0,0.0
482,2021-01-20 11:22:00,2021-01-20 11:22:00,2021-01-20 06:48:00,2021-01-21 23:56:00,41.13333333333333,3,3,"AATB,JUNG,KERG",3.6998770989452843,3.9242427034999148,4.48643399272686,2021-01-20 06:48:00,2021-01-20 14:48:00,2021-01-20 20:46:00,2021-01-21 23:56:00,7,"AATB,FSMT,JUNG,JUNG1,KERG,KIEL2,OULU",4,"FSMT,JUNG1,KIEL2,OULU",3.746335918844186,3.8103545080127112,4.7217886649828325,core,supported_multi_station_candidate,A,False,2021,-4.258166666666666,352.12166666666667,8.5605,11.616686631944447,True,8.633333333333333,0.44,,351.0,5.3,False,False,True,False,True,-6.105,352.5,9.1,49.5,58.0,26.0
483,2021-01-23 03:44:00,2021-01-23 03:44:00,2021-01-23 03:44:00,2021-01-23 05:14:00,1.5,1,1,JUNG1,3.3243613698808305,3.3243613698808305,3.376812956676941,2021-01-23 03:44:00,2021-01-23 03:44:00,2021-01-23 05:14:00,2021-01-23 05:14:00,2,"JUNG1,KIEL2",1,KIEL2,3.526321772974713,3.526321772974713,3.728282176068595,core,supported_multi_station_candidate,B,True,2021,-4.058833333333333,400.93416666666667,8.2165,10.312848958333333,True,-11.733333333333333,0.64,,342.0,7.3,False,True,False,False,True,-5.42,347.5,7.545,27.350000000000023,120.0,0.0
484,2021-01-25 11:52:00,2021-01-25 11:52:00,2021-01-25 11:52:00,2021-01-26 14:14:00,26.366666666666667,1,1,BKSN,4.769408404231843,4.769408404231843,7.278175887359971,2021-01-25 11:52:00,2021-01-25 11:52:00,2021-01-26 14:14:00,2021-01-26 14:14:00,5,"BKSN,JUNG,JUNG1,KIEL2,LMKS",4,"JUNG,JUNG1,KIEL2,LMKS",3.658882499710444,3.6114412728486203,4.769408404231843,core,supported_multi_station_candidate,A,True,2021,-7.060666666666666,629.6550000000001,10.382583333333335,6.635901041666667,False,,,,,,False,True,True,True,True,-9.47,524.75,12.129999999999999,133.70000000000005,90.0,216.0
485,2021-01-27 20:16:00,2021-01-27 20:16:00,2021-01-27 20:16:00,2021-01-28 07:54:00,11.633333333333333,1,1,JUNG1,5.257911893943953,5.257911893943953,6.261896424435943,2021-01-27 20:16:00,2021-01-27 20:16:00,2021-01-28 07:54:00,2021-01-28 07:54:00,6,"AATB,APTY,JUNG,JUNG1,OULU,ROME",5,"AATB,APTY,JUNG,OULU,ROME",4.038564990727804,4.10538532148101,5.257911893943953,core,supported_multi_station_candidate,A,True,2021,-5.751,629.6550000000001,10.058666666666666,2.867243923611111,False,,,,,,False,False,True,False,True,-3.875,589.1,5.869999999999999,77.20000000000005,42.0,0.0
486,2021-01-31 09:24:00,2021-01-31 09:24:00,2021-01-30 05:16:00,2021-02-02 03:34:00,70.3,6,6,"AATB,APTY,JUNG,JUNG1,KERG,LMKS",3.3939159602935667,4.418879770645999,7.393545798831982,2021-01-30 05:16:00,2021-02-01 05:06:00,2021-01-31 02:38:00,2021-02-02 03:34:00,8,"AATB,APTY,FSMT,JUNG,JUNG1,KERG,LMKS,OULU",2,"FSMT,OULU",3.5773610885202554,3.3492970482080646,5.020480726678565,core,supported_multi_station_candidate,A,False,2021,-4.935333333333333,509.45166666666665,16.97383333333333,9.704412526449541,True,-9.4,0.59,,332.0,4.9,False,False,False,False,False,-2.02,316.0,4.905,18.19999999999999,0.0,0.0
487,2021-02-03 14:02:00,2021-02-03 14:02:00,2021-02-02 22:06:00,2021-02-05 02:12:00,52.1,2,2,"JUNG,LMKS",3.057411110335757,3.6995773455573024,4.950663312710224,2021-02-02 22:06:00,2021-02-04 05:58:00,2021-02-03 02:30:00,2021-02-05 02:12:00,5,"AATB,JUNG,JUNG1,KIEL2,LMKS",3,"AATB,JUNG1,KIEL2",2.974573393269508,2.801452986407025,3.903424256395675,core,supported_multi_station_candidate,A,False,2021,-4.935333333333333,596.1775,16.97383333333333,7.144844088482076,False,,,,,,False,False,True,True,True,-7.57,626.4,9.95,106.29999999999995,44.0,316.0
488,2021-02-06 20:29:00,2021-02-06 20:29:00,2021-02-05 23:22:00,2021-02-08 17:46:00,66.4,4,4,"AATB,KERG,NEWK,OULU",5.888227903815768,10.320147592132395,5.011731183865665,2021-02-05 23:22:00,2021-02-07 21:40:00,2021-02-06 04:00:00,2021-02-08 17:46:00,5,"AATB,KERG,LMKS,NEWK,OULU",1,LMKS,5.1546184278941665,4.10910107263715,10.320147592132395,core,supported_multi_station_candidate,A,False,2021,-8.238833333333334,543.9866666666666,11.471666666666666,5.6427690972222235,True,-6.483333333333333,0.55,,545.0,10.8,False,True,True,True,True,-10.58,507.5,12.765,100.09999999999997,86.0,130.0
489,2021-02-13 14:16:00,2021-02-13 14:16:00,2021-02-13 14:16:00,2021-02-13 15:20:00,1.0666666666666667,1,1,KERG,4.525859838508552,4.525859838508552,7.900210808546868,2021-02-13 14:16:00,2021-02-13 14:16:00,2021-02-13 15:20:00,2021-02-13 15:20:00,2,"AATB,KERG",1,AATB,3.792311125665165,3.792311125665165,4.525859838508552,core,supported_multi_station_candidate,B,True,2021,-4.694833333333333,529.6933333333333,11.425999999999998,7.165338541666666,True,-13.266666666666667,0.61,,524.0,10.9,False,True,True,True,True,-8.905000000000001,549.4,14.86,180.29999999999995,88.0,106.0
490,2021-02-16 00:15:00,2021-02-16 00:15:00,2021-02-15 23:02:00,2021-02-16 19:40:00,20.633333333333333,2,2,"BKSN,KERG",4.800683258889272,5.424515102447264,5.996371834540147,2021-02-15 23:02:00,2021-02-16 01:28:00,2021-02-16 18:58:00,2021-02-16 19:40:00,3,"APTY,BKSN,KERG",1,APTY,4.4743237290426565,4.176851415331279,5.424515102447264,core,supported_multi_station_candidate,B,False,2021,-6.507499999999999,459.18416666666667,10.535333333333334,7.138786458333333,True,-6.25,0.5,,431.0,10.6,False,True,True,False,True,-8.065,371.8,10.100000000000001,44.25000000000006,76.0,48.0
491,2021-02-19 17:40:00,2021-02-19 17:40:00,2021-02-19 02:30:00,2021-02-21 18:36:00,64.1,3,3,"JUNG,KERG,KIEL2",4.261229323110334,4.553441537778199,7.4564401986640005,2021-02-19 02:30:00,2021-02-20 11:20:00,2021-02-20 08:46:00,2021-02-21 18:36:00,12,"AATB,APTY,CALM,DRBS,FSMT,JUNG,JUNG1,KERG,KIEL2,LMKS,MXCO,OULU",9,"AATB,APTY,CALM,DRBS,FSMT,JUNG1,LMKS,MXCO,OULU",4.322271197330212,4.0927735509314545,9.426424436735198,core,supported_multi_station_candidate,A,False,2021,-8.1745,601.7566666666667,11.745666666666667,6.246149305555555,True,-6.666666666666667,1.67,,603.0,12.0,False,True,True,True,True,-9.385,523.2,14.11,139.55000000000007,130.0,650.0
492,2021-02-22 19:47:00,2021-02-22 19:47:00,2021-02-22 08:30:00,2021-02-24 16:40:00,56.166666666666664,6,6,"BKSN,FSMT,JUNG1,KERG,LMKS,ROME",3.7727991920702504,4.310080388610597,6.1114387501265774,2021-02-22 08:30:00,2021-02-24 11:42:00,2021-02-22 22:28:00,2021-02-24 16:40:00,10,"AATB,BKSN,FSMT,JUNG1,KERG,KIEL2,LMKS,NEWK,OULU,ROME",4,"AATB,KIEL2,NEWK,OULU",4.000631154263436,4.000021628098505,5.14022370558175,core,supported_multi_station_candidate,A,False,2021,-5.281666666666666,601.7566666666667,9.115833333333335,3.9647760416666666,True,6.216666666666667,0.45,,597.0,6.3,False,False,True,False,True,-4.32,605.5,5.890000000000001,69.5,12.0,0.0
494,2021-03-01 03:28:00,2021-03-01 03:28:00,2021-02-28 07:22:00,2021-03-03 18:48:00,83.43333333333334,3,3,"FSMT,JUNG1,KERG",3.4355415574647785,3.760452373028384,9.057048056584723,2021-02-28 07:22:00,2021-03-02 07:10:00,2021-02-28 22:06:00,2021-03-03 18:48:00,4,"BKSN,FSMT,JUNG1,KERG",1,BKSN,3.7777499004372466,3.563841713126831,4.804374929354651,core,supported_multi_station_candidate,A,False,2021,-10.691333333333334,660.9074999999999,13.139333333333333,7.644020833333333,True,-4.466666666666667,1.23,,500.0,13.3,False,True,True,True,True,-13.690000000000001,509.45,14.254999999999999,137.75,126.0,206.0
495,2021-03-06 15:58:00,2021-03-06 15:58:00,2021-03-05 14:32:00,2021-03-10 21:22:00,126.83333333333333,5,5,"AATB,JUNG1,KIEL2,LMKS,OULU",3.544105667739617,4.438396130804982,9.565581858510035,2021-03-05 14:32:00,2021-03-09 13:40:00,2021-03-05 16:44:00,2021-03-10 21:22:00,7,"AATB,APTY,JUNG1,KERG,KIEL2,LMKS,OULU",2,"APTY,KERG",3.5929812799628684,3.5176633207586847,4.438396130804982,core,supported_multi_station_candidate,A,False,2021,-3.48075,582.215,10.124833333333333,5.705769649122806,True,-14.966666666666667,0.88,,581.0,10.1,False,False,True,True,True,-9.365,605.0,11.885,173.04999999999995,52.0,146.0
496,2021-03-13 11:14:00,2021-03-13 11:14:00,2021-03-13 01:50:00,2021-03-15 04:24:00,50.56666666666667,3,3,"AATB,JUNG1,LMKS",3.6112465880960554,4.707581693117801,6.921328437991252,2021-03-13 01:50:00,2021-03-13 20:44:00,2021-03-13 15:46:00,2021-03-15 04:24:00,8,"AATB,DRBS,FSMT,JUNG,JUNG1,KERG,KIEL2,LMKS",5,"DRBS,FSMT,JUNG,KERG,KIEL2",3.773291855778932,3.4195146292382903,5.19963107865251,core,supported_multi_station_candidate,A,False,2021,-7.5455000000000005,579.4033333333333,12.746,8.116583333333333,True,-13.233333333333333,0.91,,580.0,12.5,False,False,True,True,True,-11.059999999999999,494.70000000000005,14.41,122.20000000000005,38.0,458.0
497,2021-03-20 14:34:00,2021-03-20 14:34:00,2021-03-19 04:48:00,2021-03-22 19:26:00,86.63333333333334,9,9,"APTY,BKSN,DRBS,FSMT,JUNG,JUNG1,KERG,NEWK,OULU",4.350961882922394,5.354205744875338,6.180698000292107,2021-03-19 04:48:00,2021-03-21 16:08:00,2021-03-20 01:38:00,2021-03-22 19:26:00,11,"AATB,APTY,BKSN,DRBS,FSMT,JUNG,JUNG1,KERG,LMKS,NEWK,OULU",2,"AATB,LMKS",4.133145796027471,4.03670025636056,5.354205744875338,core,supported_multi_station_candidate,A,False,2021,-10.226750000000001,673.2216666666667,21.04175,8.16998256501182,True,-13.566666666666666,1.63,,653.0,17.5,False,True,True,True,True,-14.79,677.7,22.995,222.59999999999997,68.0,530.0
498,2021-03-26 05:25:00,2021-03-26 05:25:00,2021-03-26 04:00:00,2021-03-27 17:48:00,37.8,2,2,"BKSN,LMKS",4.14245723181207,4.908530090062091,3.7222846095967843,2021-03-26 04:00:00,2021-03-26 06:50:00,2021-03-26 18:24:00,2021-03-27 17:48:00,2,"BKSN,LMKS",0,,4.14245723181207,4.14245723181207,4.908530090062091,core,supported_multi_station_candidate,B,False,2021,-6.762666666666666,468.56083333333333,8.165166666666668,6.219320760233919,True,-8.416666666666666,0.42,,469.0,6.0,False,True,True,False,True,-6.02,479.75,7.0600000000000005,95.94999999999999,68.0,0.0
499,2021-03-30 19:14:00,2021-03-30 19:14:00,2021-03-30 15:42:00,2021-03-31 20:54:00,29.2,2,2,"DRBS,NEWK",5.52678051721483,5.646704633638023,10.695299766124169,2021-03-30 15:42:00,2021-03-30 22:46:00,2021-03-30 20:46:00,2021-03-31 20:54:00,6,"AATB,APTY,DRBS,FSMT,KERG,NEWK",4,"AATB,APTY,FSMT,KERG",4.2056864317058,4.252300764085213,5.646704633638023,core,supported_multi_station_candidate,A,False,2021,-4.071666666666667,412.2896666666667,8.1485,6.773874999999999,True,-1.2333333333333334,0.55,,412.0,8.2,False,False,True,False,True,-4.02,393.79999999999995,6.74,87.39999999999998,20.0,0.0
500,2021-04-02 11:44:00,2021-04-02 11:44:00,2021-04-02 11:44:00,2021-04-03 00:02:00,12.3,1,1,JUNG,3.145609987518478,3.145609987518478,9.265023388508348,2021-04-02 11:44:00,2021-04-02 11:44:00,2021-04-03 00:02:00,2021-04-03 00:02:00,5,"FSMT,JUNG,JUNG1,KIEL2,LMKS",4,"FSMT,JUNG1,KIEL2,LMKS",3.601414693591104,3.67012217292489,3.9938534817451754,core,supported_multi_station_candidate,A,True,2021,-3.869666666666667,412.2896666666667,9.083833333333333,6.17809468482906,True,-1.7333333333333334,0.73,,392.0,8.9,False,False,True,True,True,-5.96,402.3,8.995000000000001,60.60000000000002,20.0,74.0
501,2021-04-05 00:34:00,2021-04-05 00:34:00,2021-04-04 18:36:00,2021-04-06 13:52:00,43.266666666666666,2,2,"DRBS,KERG",4.0322827856902705,4.634401980957277,3.7527985648902016,2021-04-04 18:36:00,2021-04-05 06:32:00,2021-04-06 04:32:00,2021-04-06 13:52:00,5,"AATB,DRBS,JUNG,JUNG1,KERG",3,"AATB,JUNG,JUNG1",3.5582561519937728,3.4558804426982395,4.634401980957277,core,supported_multi_station_candidate,A,False,2021,-7.411166666666667,389.09083333333336,8.777166666666666,8.268175347222222,True,-6.566666666666666,0.73,,337.0,8.8,False,False,False,False,False,-5.12,315.3,5.745,19.69999999999999,8.0,0.0
502,2021-04-12 22:54:00,2021-04-12 22:54:00,2021-04-12 22:54:00,2021-04-13 00:38:00,1.7333333333333334,1,1,LMKS,3.1001115510510706,3.1001115510510706,11.483796548129089,2021-04-12 22:54:00,2021-04-12 22:54:00,2021-04-13 00:38:00,2021-04-13 00:38:00,2,"BKSN,LMKS",1,BKSN,4.248391783607191,4.248391783607191,5.396672016163311,core,supported_multi_station_candidate,B,True,2021,-3.9556666666666667,450.435,7.001,7.310839930555555,True,-10.9,0.41,,379.0,4.5,False,False,True,False,True,-3.48,383.75,5.79,33.55000000000001,18.0,0.0
503,2021-04-17 00:18:00,2021-04-17 00:18:00,2021-04-15 22:00:00,2021-04-20 00:18:00,98.3,5,5,"APTY,ATHN,BKSN,FSMT,LMKS",4.440804831399502,6.28871614114327,7.06094184788877,2021-04-15 22:00:00,2021-04-18 13:24:00,2021-04-16 17:30:00,2021-04-20 00:18:00,6,"APTY,ATHN,BKSN,FSMT,KERG,LMKS",1,KERG,4.287533683877516,4.009799176143876,6.28871614114327,core,supported_multi_station_candidate,A,False,2021,-8.160166666666667,671.9216666666667,12.181666666666667,6.550044270833333,True,-13.3,1.12,,654.0,12.2,False,True,True,True,True,-9.825,588.4,12.7,147.39999999999998,86.0,634.0
504,2021-04-23 00:08:00,2021-04-23 00:08:00,2021-04-22 03:04:00,2021-04-25 17:16:00,86.2,4,4,"APTY,DRBS,KERG,LMKS",7.984314592786103,22.137164904807477,14.578514083359124,2021-04-22 03:04:00,2021-04-24 15:14:00,2021-04-22 12:48:00,2021-04-25 17:16:00,4,"APTY,DRBS,KERG,LMKS",0,,7.984314592786103,3.6327749833952403,22.137164904807477,core,supported_multi_station_candidate,A,False,2021,-6.673500000000001,573.0266666666666,9.614833333333333,4.794193115707822,True,16.866666666666667,0.36,,489.0,9.8,False,False,True,False,True,-3.815,426.4,4.49,37.69999999999993,20.0,0.0
505,2021-04-30 13:02:00,2021-04-30 13:02:00,2021-04-30 08:54:00,2021-05-01 16:12:00,31.3,4,4,"AATB,DRBS,KERG,KIEL2",8.106696966190531,21.75950177008266,13.66953568718041,2021-04-30 08:54:00,2021-05-01 00:26:00,2021-04-30 11:48:00,2021-05-01 16:12:00,5,"AATB,DRBS,KERG,KIEL2,LMKS",1,LMKS,6.9466697613259,3.5905637581282366,21.75950177008266,core,supported_multi_station_candidate,A,False,2021,-5.9485,376.4483333333334,10.482833333333334,9.144556591321564,True,2.966666666666667,0.54,,351.0,8.4,False,True,True,True,True,-6.575,361.45,8.95,62.150000000000034,90.0,120.0
507,2021-05-06 14:40:00,2021-05-06 14:40:00,2021-05-05 14:04:00,2021-05-08 06:00:00,63.93333333333333,5,5,"APTY,DRBS,KERG,LMKS,NEWK",7.010311846010143,22.728643936759305,7.996681380340368,2021-05-05 14:04:00,2021-05-07 16:52:00,2021-05-05 18:16:00,2021-05-08 06:00:00,9,"AATB,APTY,DRBS,JUNG1,KERG,KIEL2,LMKS,NEWK,OULU",4,"AATB,JUNG1,KIEL2,OULU",5.46089551401879,3.3698819925287395,22.728643936759305,core,supported_multi_station_candidate,A,False,2021,-3.5223333333333335,430.8883333333333,6.298333333333333,5.009837673611112,False,,,,,,False,False,False,False,False,-4.2,354.35,6.105,28.850000000000023,48.0,0.0
508,2021-05-12 03:28:00,2021-05-12 03:28:00,2021-05-08 23:30:00,2021-05-14 23:30:00,144.0,5,5,"FSMT,JUNG,JUNG1,LMKS,NEWK",3.820017185604739,4.986517997461472,6.051481590376268,2021-05-08 23:30:00,2021-05-14 02:44:00,2021-05-10 06:16:00,2021-05-14 23:30:00,6,"FSMT,JUNG,JUNG1,KERG,LMKS,NEWK",1,KERG,3.7192077276420896,3.669843146185257,4.986517997461472,core,supported_multi_station_candidate,A,False,2021,-17.631083333333333,512.5675,20.203333333333333,7.063608506944443,True,3.15,1.24,SSC,511.0,20.6,True,False,True,True,True,-11.094999999999999,459.2,22.98,143.3,26.0,90.0
509,2021-05-17 17:32:00,2021-05-17 17:32:00,2021-05-17 07:00:00,2021-05-19 04:02:00,45.03333333333333,7,7,"AATB,APTY,BKSN,FSMT,JUNG,JUNG1,OULU",4.2103045184602,5.316878572693501,7.2634366360774845,2021-05-17 07:00:00,2021-05-18 08:04:00,2021-05-17 21:36:00,2021-05-19 04:02:00,13,"AATB,APTY,BKSN,DRBS,FSMT,JUNG,JUNG1,KERG,KIEL2,LMKS,MXCO,NANM,OULU",6,"DRBS,KERG,KIEL2,LMKS,MXCO,NANM",5.153498831855984,4.578148322869822,12.233195373299269,core,supported_multi_station_candidate,A,False,2021,-6.426,428.06166666666667,9.349250000000001,7.231117491827169,True,-0.5333333333333333,0.61,,396.0,9.1,False,False,True,False,True,-6.63,411.5,8.18,77.70000000000005,56.0,6.0
510,2021-05-20 05:54:00,2021-05-20 05:54:00,2021-05-20 05:54:00,2021-05-20 07:36:00,1.7,1,1,ROME,5.931041494069246,5.931041494069246,5.257418144355671,2021-05-20 05:54:00,2021-05-20 05:54:00,2021-05-20 07:36:00,2021-05-20 07:36:00,2,"NANM,ROME",1,NANM,5.847515056546385,5.847515056546385,5.931041494069246,core,supported_multi_station_candidate,B,True,2021,-9.456999999999999,579.3583333333333,13.506666666666666,8.15229532967033,True,4.1,0.5,,577.0,13.9,False,True,True,True,True,-14.245000000000001,410.3,17.725,68.75000000000006,106.0,124.0
512,2021-05-23 00:21:00,2021-05-23 00:21:00,2021-05-22 13:24:00,2021-05-25 01:04:00,59.666666666666664,6,6,"AATB,APTY,JUNG,JUNG1,LMKS,OULU",4.069383986847012,5.411750689600899,5.4069637579226795,2021-05-22 13:24:00,2021-05-24 06:06:00,2021-05-23 20:34:00,2021-05-25 01:04:00,7,"AATB,APTY,JUNG,JUNG1,KIEL2,LMKS,OULU",1,KIEL2,4.120363386749882,4.041588664173173,5.411750689600899,core,supported_multi_station_candidate,A,False,2021,-1.5598333333333334,579.1304166666666,4.2603333333333335,2.587762544622476,False,,,,,,False,False,True,False,True,-2.95,454.7,3.795,43.849999999999966,0.0,0.0
513,2021-05-26 11:26:00,2021-05-26 11:26:00,2021-05-26 05:44:00,2021-05-28 04:16:00,46.53333333333333,5,5,"AATB,BKSN,LMKS,OULU,ROME",4.8230235223862925,5.537350682585024,6.846538072475612,2021-05-26 05:44:00,2021-05-27 04:34:00,2021-05-27 13:40:00,2021-05-28 04:16:00,15,"AATB,APTY,ATHN,BKSN,CALM,DRBS,FSMT,JUNG,JUNG1,KERG,KIEL2,LMKS,NEWK,OULU,ROME",10,"APTY,ATHN,CALM,DRBS,FSMT,JUNG,JUNG1,KERG,KIEL2,NEWK",5.364972538471615,5.00983398562043,10.501156830522826,core,supported_multi_station_candidate,A,False,2021,-8.340833333333332,426.9522222222222,15.273666666666665,9.089613907888717,True,1.3,1.71,SSC,433.0,15.2,True,False,True,True,True,-6.84,375.725,13.26,85.125,10.0,64.0
514,2021-05-29 05:27:00,2021-05-29 05:27:00,2021-05-29 02:22:00,2021-05-30 16:32:00,38.166666666666664,2,2,"APTY,LMKS",3.0696749469464426,3.308970350628569,4.574259694791066,2021-05-29 02:22:00,2021-05-29 08:32:00,2021-05-30 00:14:00,2021-05-30 16:32:00,2,"APTY,LMKS",0,,3.0696749469464426,3.0696749469464426,3.308970350628569,core,supported_multi_station_candidate,B,False,2021,-7.8955,477.5833333333333,11.355666666666668,3.9850381944444444,True,6.55,0.36,,482.0,7.7,False,False,True,False,True,-5.6,444.7,8.575,84.80000000000001,28.0,30.0
515,2021-06-01 17:36:00,2021-06-01 17:36:00,2021-06-01 17:36:00,2021-06-01 20:06:00,2.5,1,1,BKSN,4.188939106164228,4.188939106164228,12.772001448290032,2021-06-01 17:36:00,2021-06-01 17:36:00,2021-06-01 20:06:00,2021-06-01 20:06:00,5,"ATHN,BKSN,JUNG,JUNG1,KERG",4,"ATHN,JUNG,JUNG1,KERG",4.145081306253985,3.9973089097576042,5.90457080400401,core,supported_multi_station_candidate,A,True,2021,-3.9685,432.25333333333333,10.119666666666667,10.466901909722223,False,,,,,,False,False,False,False,False,-1.5550000000000002,327.6,2.8049999999999997,21.44999999999999,0.0,0.0
516,2021-06-02 19:31:00,2021-06-02 19:31:00,2021-06-02 15:46:00,2021-06-04 00:24:00,32.63333333333333,4,4,"BKSN,KERG,MXCO,OULU",4.462073504600321,5.405328660938067,5.455529407139076,2021-06-02 15:46:00,2021-06-03 03:10:00,2021-06-02 21:30:00,2021-06-04 00:24:00,10,"AATB,BKSN,DRBS,FSMT,JUNG,JUNG1,KERG,KIEL2,MXCO,OULU",6,"AATB,DRBS,FSMT,JUNG,JUNG1,KIEL2",4.068238951266046,4.073068896497729,5.405328660938067,core,supported_multi_station_candidate,A,False,2021,-3.9685,439.6433333333333,10.119666666666667,11.389961805555556,True,-6.016666666666667,0.65,SSC,329.0,10.5,True,False,True,False,True,-4.285,334.0,7.425000000000001,45.80000000000001,12.0,0.0
518,2021-06-07 04:04:00,2021-06-07 04:04:00,2021-06-07 00:06:00,2021-06-08 15:00:00,38.9,2,2,"JUNG,NEWK",4.245709447805127,5.068032709386724,4.854300872007681,2021-06-07 00:06:00,2021-06-07 08:02:00,2021-06-08 02:46:00,2021-06-08 15:00:00,5,"AATB,FSMT,JUNG,KERG,NEWK",3,"AATB,FSMT,KERG",3.933881853042101,3.7391803541023076,5.068032709386724,core,supported_multi_station_candidate,A,False,2021,-5.11425,512.1,10.724833333333333,6.934152355072463,True,-4.066666666666666,0.98,,520.0,11.4,False,False,True,True,True,-3.89,370.35,10.364999999999998,62.25,14.0,144.0
519,2021-06-12 00:08:00,2021-06-12 00:08:00,2021-06-11 22:30:00,2021-06-13 08:20:00,33.833333333333336,3,3,"BKSN,LMKS,ROME",4.546710471609752,4.705750440730292,6.984296543188928,2021-06-11 22:30:00,2021-06-12 02:42:00,2021-06-12 12:38:00,2021-06-13 08:20:00,7,"AATB,BKSN,FSMT,JUNG,JUNG1,LMKS,ROME",4,"AATB,FSMT,JUNG,JUNG1",3.939428415052693,4.244926585213831,4.705750440730292,core,supported_multi_station_candidate,A,False,2021,-7.485666666666666,493.685,9.298833333333333,6.5228802083333335,True,11.866666666666667,0.56,,488.0,8.5,False,True,False,True,True,-7.795,359.25,9.075,29.149999999999977,192.0,82.0
520,2021-06-15 07:36:00,2021-06-15 07:36:00,2021-06-15 07:36:00,2021-06-15 07:50:00,0.23333333333333334,1,1,JUNG1,2.883561035215811,2.883561035215811,5.490526033911478,2021-06-15 07:36:00,2021-06-15 07:36:00,2021-06-15 07:50:00,2021-06-15 07:50:00,2,"JUNG1,KERG",1,KERG,3.081056776218002,3.081056776218002,3.2785525172201937,core,supported_multi_station_candidate,B,True,2021,-4.327166666666667,621.207,12.989166666666668,5.970563368055555,True,5.4,0.45,,614.0,14.7,False,False,True,True,True,-9.719999999999999,509.5,15.485,155.2,44.0,140.0
521,2021-06-17 21:20:00,2021-06-17 21:20:00,2021-06-17 21:20:00,2021-06-18 05:06:00,7.766666666666667,1,1,NEWK,5.231179713323017,5.231179713323017,6.376322620336944,2021-06-17 21:20:00,2021-06-17 21:20:00,2021-06-18 05:06:00,2021-06-18 05:06:00,5,"DRBS,JUNG,KERG,LMKS,NEWK",4,"DRBS,JUNG,KERG,LMKS",4.481741856427206,4.375012154022821,6.464933796502946,core,supported_multi_station_candidate,A,True,2021,-3.6053333333333333,621.207,8.425083333333333,2.4394800347222225,True,-7.333333333333333,0.74,,531.0,5.0,False,False,True,False,True,-3.54,572.3,4.75,74.25,8.0,0.0
522,2021-06-21 14:56:00,2021-06-21 14:56:00,2021-06-21 01:10:00,2021-06-23 01:26:00,48.266666666666666,2,2,"JUNG1,KERG",3.6076811529223702,4.063482522340845,4.307246374292781,2021-06-21 01:10:00,2021-06-22 04:42:00,2021-06-21 21:44:00,2021-06-23 01:26:00,5,"DRBS,JUNG,JUNG1,KERG,LMKS",3,"DRBS,JUNG,LMKS",3.7463316498526353,3.549304055529899,5.524326081097788,core,supported_multi_station_candidate,A,False,2021,-4.131333333333333,438.5833333333333,8.312666666666667,5.262071180555556,True,8.066666666666666,0.44,,386.0,8.3,False,False,True,False,True,-3.465,385.25,5.345000000000001,42.200000000000045,2.0,0.0
523,2021-06-26 17:45:00,2021-06-26 17:45:00,2021-06-26 11:34:00,2021-06-27 14:56:00,27.366666666666667,2,2,"JUNG,KERG",3.635413566254269,4.085847706139848,8.5350744392323,2021-06-26 11:34:00,2021-06-26 23:56:00,2021-06-27 03:04:00,2021-06-27 14:56:00,4,"APTY,JUNG,KERG,LMKS",2,"APTY,LMKS",3.306826664795346,3.2051679192046434,4.085847706139848,core,supported_multi_station_candidate,A,False,2021,-2.8001666666666667,410.1978571428571,7.425666666666667,5.1125765123456794,False,,,,,,False,False,True,False,True,-3.52,398.3,5.8,41.400000000000034,6.0,0.0
524,2021-07-01 05:52:00,2021-07-01 05:52:00,2021-06-29 03:22:00,2021-07-02 20:16:00,88.9,5,5,"AATB,JUNG1,KIEL2,LMKS,NEWK",3.7696088020492433,5.54934411408785,5.028157468709443,2021-06-29 03:22:00,2021-07-02 16:40:00,2021-06-29 16:04:00,2021-07-02 20:16:00,11,"AATB,BKSN,DRBS,JUNG1,KERG,KIEL2,LMKS,MXCO,NEWK,OULU,ROME",6,"BKSN,DRBS,KERG,MXCO,OULU,ROME",4.270301723945656,4.536568310573045,5.54934411408785,core,supported_multi_station_candidate,A,False,2021,-7.854833333333334,539.5408333333334,12.202833333333333,5.772342881944444,False,,,,,,False,True,True,True,True,-10.54,529.9,12.95,68.89999999999998,134.0,294.0
526,2021-07-08 23:54:00,2021-07-08 23:54:00,2021-07-08 09:02:00,2021-07-10 16:08:00,55.1,4,4,"JUNG,JUNG1,KERG,NEWK",6.211391992689163,11.4327600542565,7.998999374082359,2021-07-08 09:02:00,2021-07-09 17:28:00,2021-07-09 01:44:00,2021-07-10 16:08:00,4,"JUNG,JUNG1,KERG,NEWK",0,,6.211391992689164,4.978592592213825,11.4327600542565,core,supported_multi_station_candidate,A,False,2021,-6.940333333333333,447.77750000000003,11.55475,8.022114864864866,False,,,,,,False,False,False,False,False,-2.7,341.4,4.355,23.099999999999966,0.0,0.0
527,2021-07-14 23:52:00,2021-07-14 23:52:00,2021-07-12 15:34:00,2021-07-17 00:34:00,105.0,5,5,"JUNG,JUNG1,KERG,NEWK,OULU",4.320712923496642,5.575303276526647,9.324821666519792,2021-07-12 15:34:00,2021-07-15 13:20:00,2021-07-13 14:20:00,2021-07-17 00:34:00,9,"APTY,FSMT,JUNG,JUNG1,KERG,KIEL2,LMKS,NEWK,OULU",4,"APTY,FSMT,KIEL2,LMKS",4.014770536619053,4.140132686975955,5.575303276526647,core,supported_multi_station_candidate,A,False,2021,-10.403666666666668,505.67833333333334,11.92,6.729601633215269,True,-13.8,1.22,SSC,506.0,11.5,True,True,True,True,True,-11.739999999999998,443.9,13.015,68.79999999999995,178.0,264.0
528,2021-07-17 19:37:00,2021-07-17 19:37:00,2021-07-17 17:52:00,2021-07-18 09:28:00,15.6,2,2,"KERG,NEWK",4.184857797475161,5.404945626483249,5.1058941619529,2021-07-17 17:52:00,2021-07-17 21:22:00,2021-07-17 20:22:00,2021-07-18 09:28:00,2,"KERG,NEWK",0,,4.184857797475161,4.184857797475161,5.404945626483249,core,supported_multi_station_candidate,B,False,2021,-3.672166666666667,505.67833333333334,7.134,5.183331597222222,False,,,,,,False,True,True,False,True,-3.92,419.5,5.9,45.69999999999999,60.0,0.0
529,2021-07-19 14:50:00,2021-07-19 14:50:00,2021-07-19 09:48:00,2021-07-21 01:08:00,39.333333333333336,3,3,"FSMT,KERG,OULU",4.066736968595944,4.777134223177169,7.318780008234934,2021-07-19 09:48:00,2021-07-20 06:10:00,2021-07-20 12:38:00,2021-07-21 01:08:00,4,"APTY,FSMT,KERG,OULU",1,APTY,3.8678244621700646,3.7115383413053307,4.777134223177169,core,supported_multi_station_candidate,A,False,2021,-4.794,504.51500000000004,7.210666666666667,4.9889166666666656,True,-8.833333333333334,0.97,,505.0,7.2,False,True,True,False,True,-4.12,447.4,7.41,90.29999999999995,62.0,0.0
531,2021-07-27 17:58:00,2021-07-27 17:58:00,2021-07-27 02:30:00,2021-07-28 13:36:00,35.1,3,3,"AATB,LMKS,NEWK",8.798680749730833,17.71297681365946,28.972385780939707,2021-07-27 02:30:00,2021-07-27 20:44:00,2021-07-27 23:52:00,2021-07-28 13:36:00,7,"AATB,FSMT,JUNG1,KIEL2,LMKS,MXCO,NEWK",4,"FSMT,JUNG1,KIEL2,MXCO",5.868116438605034,3.7948635060927964,17.71297681365946,core,supported_multi_station_candidate,A,False,2021,-6.289666666666666,569.8883333333332,15.584666666666667,8.772838541666667,True,2.033333333333333,1.34,,567.0,15.3,False,True,False,True,True,-7.885,340.45000000000005,14.045,27.249999999999943,66.0,114.0
532,2021-08-02 02:56:00,2021-08-02 02:56:00,2021-08-01 23:46:00,2021-08-03 04:42:00,28.933333333333334,3,3,"ATHN,FSMT,KIEL2",4.91466811623355,7.265095028448134,4.792195363628859,2021-08-01 23:46:00,2021-08-02 09:44:00,2021-08-02 19:48:00,2021-08-03 04:42:00,10,"APTY,ATHN,BKSN,CALM,FSMT,KERG,KIEL2,LMKS,NEWK,OULU",7,"APTY,BKSN,CALM,KERG,LMKS,NEWK,OULU",5.1310844186310165,4.897536229218595,9.862059531957007,core,supported_multi_station_candidate,A,False,2021,-9.620333333333333,430.03421052631575,12.4745,6.644531578947368,True,7.066666666666666,1.2,,409.0,12.5,False,False,True,False,True,-3.04,396.6,3.86,39.60000000000002,2.0,0.0
534,2021-08-12 01:06:00,2021-08-12 01:06:00,2021-08-10 16:16:00,2021-08-12 23:22:00,55.1,3,3,"FSMT,JUNG1,KERG",3.693528998349151,4.118593316070711,6.281503928170224,2021-08-10 16:16:00,2021-08-12 01:42:00,2021-08-11 21:56:00,2021-08-12 23:22:00,4,"FSMT,JUNG1,KERG,LMKS",1,LMKS,3.4610958464339614,3.4809968394883706,4.118593316070711,core,supported_multi_station_candidate,A,False,2021,-3.978666666666667,477.99833333333333,7.576666666666666,5.895151213857065,False,,,,,,False,False,True,False,True,-3.425,464.75,4.49,38.60000000000002,4.0,0.0
535,2021-08-15 10:36:00,2021-08-15 10:36:00,2021-08-15 10:36:00,2021-08-16 15:08:00,28.533333333333335,1,1,KERG,3.6891768096410424,3.6891768096410424,5.6359867701994,2021-08-15 10:36:00,2021-08-15 10:36:00,2021-08-16 15:08:00,2021-08-16 15:08:00,4,"JUNG,JUNG1,KERG,ROME",3,"JUNG,JUNG1,ROME",3.8095921629063296,3.6542830052208854,4.41144149327694,core,supported_multi_station_candidate,A,True,2021,-5.941333333333334,474.6316666666667,7.532333333333333,3.8738993055555557,True,-5.6,0.55,,476.0,7.5,False,True,True,False,True,-7.75,443.3,8.04,68.64999999999998,66.0,4.0
536,2021-08-20 23:22:00,2021-08-20 23:22:00,2021-08-20 11:32:00,2021-08-24 22:10:00,106.63333333333334,7,7,"APTY,FSMT,JUNG1,LMKS,MXCO,NEWK,OULU",4.228985443361987,5.019531190092328,5.867543609724557,2021-08-20 11:32:00,2021-08-23 18:22:00,2021-08-21 03:00:00,2021-08-24 22:10:00,13,"AATB,APTY,BKSN,DRBS,FSMT,JUNG,JUNG1,KERG,KIEL2,LMKS,MXCO,NEWK,OULU",6,"AATB,BKSN,DRBS,JUNG,KERG,KIEL2",4.454011106924309,4.7453190788861415,5.868238755050552,core,supported_multi_station_candidate,A,False,2021,-6.7642500000000005,361.625,7.5767500000000005,7.462654082491581,True,3.6333333333333333,0.46,,358.0,7.5,False,True,True,False,True,-7.4,353.15,7.92,59.39999999999998,172.0,0.0
537,2021-08-26 23:32:00,2021-08-26 23:32:00,2021-08-26 23:32:00,2021-08-27 15:38:00,16.1,1,1,KERG,4.135052577154613,4.135052577154613,5.7784555734464105,2021-08-26 23:32:00,2021-08-26 23:32:00,2021-08-27 15:38:00,2021-08-27 15:38:00,2,"KERG,LMKS",1,LMKS,3.3351231040033387,3.3351231040033387,4.135052577154613,core,supported_multi_station_candidate,B,True,2021,-13.923333333333334,415.84833333333336,15.796,5.451637152777778,True,1.7,1.79,SSC,415.0,15.8,True,False,True,False,True,-3.325,415.45,7.04,58.400000000000034,14.0,0.0
538,2021-08-28 18:56:00,2021-08-28 18:56:00,2021-08-28 14:34:00,2021-08-30 08:58:00,42.4,2,2,"FSMT,KIEL2",4.018034081922882,4.611448767080166,6.044364214494081,2021-08-28 14:34:00,2021-08-28 23:18:00,2021-08-29 12:12:00,2021-08-30 08:58:00,13,"AATB,APTY,BKSN,DRBS,FSMT,JUNG,JUNG1,KERG,KIEL2,LMKS,MXCO,NEWK,ROME",11,"AATB,APTY,BKSN,DRBS,JUNG,JUNG1,KERG,LMKS,MXCO,NEWK,ROME",4.8495386635976026,4.878280031064645,6.2071336667044035,core,supported_multi_station_candidate,A,False,2021,-13.923333333333334,415.84833333333336,15.796,6.9094982638888895,False,,,,,,False,False,True,True,True,-6.15,387.65,10.695,31.899999999999977,42.0,248.0
539,2021-09-04 08:18:00,2021-09-04 08:18:00,2021-09-03 13:20:00,2021-09-05 14:16:00,48.93333333333333,3,3,"APTY,BKSN,NEWK",4.718582593231255,5.675559433168023,5.220973496518405,2021-09-03 13:20:00,2021-09-04 14:48:00,2021-09-04 13:38:00,2021-09-05 14:16:00,8,"AATB,APTY,BKSN,CALM,JUNG1,KERG,LMKS,NEWK",5,"AATB,CALM,JUNG1,KERG,LMKS",5.070972833499484,4.132941933701069,11.936560105584071,core,supported_multi_station_candidate,A,False,2021,-4.7156666666666665,431.96583333333336,6.5085,7.183518229166666,False,,,,,,False,False,True,False,True,-3.4850000000000003,446.5,5.99,66.39999999999998,14.0,0.0
540,2021-09-06 15:58:00,2021-09-06 15:58:00,2021-09-06 15:58:00,2021-09-07 22:58:00,31.0,1,1,FSMT,3.302347720933125,3.302347720933125,8.603031584166212,2021-09-06 15:58:00,2021-09-06 15:58:00,2021-09-07 22:58:00,2021-09-07 22:58:00,3,"FSMT,KERG,LMKS",2,"KERG,LMKS",3.2693719937590693,3.302347720933125,3.6903198560334687,core,supported_multi_station_candidate,B,True,2021,-6.934666666666667,419.2708333333333,9.657166666666667,9.6873203125,False,,,,,,False,True,True,False,True,-5.045,339.35,5.525,33.80000000000001,172.0,0.0
541,2021-09-11 06:58:00,2021-09-11 06:58:00,2021-09-11 00:24:00,2021-09-12 20:28:00,44.06666666666667,4,4,"AATB,BKSN,KIEL2,LMKS",3.6679326478936884,5.0571752542868795,9.281680564173652,2021-09-11 00:24:00,2021-09-11 15:18:00,2021-09-12 00:42:00,2021-09-12 20:28:00,7,"AATB,BKSN,FSMT,KERG,KIEL2,LMKS,NEWK",3,"FSMT,KERG,NEWK",3.799918559647775,3.813574155363353,5.0571752542868795,core,supported_multi_station_candidate,A,False,2021,-5.395833333333333,462.545,14.576666666666666,8.25179609929078,False,,,,,,False,True,True,True,True,-8.945,364.65,14.655000000000001,39.30000000000001,70.0,432.0
542,2021-09-16 21:31:00,2021-09-16 21:31:00,2021-09-14 00:26:00,2021-09-19 00:52:00,120.43333333333334,8,8,"AATB,APTY,CALM,FSMT,JUNG1,KERG,LMKS,OULU",4.9332908169704925,8.893334148341708,5.8552979055424945,2021-09-14 00:26:00,2021-09-18 21:46:00,2021-09-15 09:06:00,2021-09-19 00:52:00,9,"AATB,APTY,CALM,FSMT,JUNG1,KERG,KIEL2,LMKS,OULU",1,KIEL2,4.803474105733362,3.955732753164137,8.893334148341708,core,supported_multi_station_candidate,A,False,2021,-11.432500000000001,438.5833333333333,14.929833333333333,8.74041267372978,True,4.483333333333333,1.66,,425.0,14.8,False,False,True,False,True,-3.8649999999999998,367.6,6.685,47.10000000000002,4.0,0.0
543,2021-09-19 18:02:00,2021-09-19 18:02:00,2021-09-19 18:02:00,2021-09-19 21:58:00,3.933333333333333,1,1,JUNG1,4.99846076972994,4.99846076972994,6.961354893967453,2021-09-19 18:02:00,2021-09-19 18:02:00,2021-09-19 21:58:00,2021-09-19 21:58:00,2,"JUNG,JUNG1",1,JUNG,4.263552879907746,4.263552879907746,4.99846076972994,core,supported_multi_station_candidate,B,True,2021,-11.432500000000001,417.26160714285714,14.929833333333333,10.284164428115744,False,,,,,,False,False,True,False,True,-3.21,365.0,5.119999999999999,42.400000000000034,6.0,0.0
544,2021-09-22 16:26:00,2021-09-22 16:26:00,2021-09-22 13:52:00,2021-09-22 22:28:00,8.6,2,2,"BKSN,JUNG",4.366224605720979,4.7059082646739565,7.829982982904582,2021-09-22 13:52:00,2021-09-22 19:00:00,2021-09-22 16:10:00,2021-09-22 22:28:00,4,"BKSN,JUNG,KERG,LMKS",2,"KERG,LMKS",3.8056031411684668,3.692765683377734,4.7059082646739565,core,supported_multi_station_candidate,A,False,2021,-6.16,486.03,8.7395,10.675362991887853,False,,,,,,False,False,True,False,True,-5.62,408.4,7.57,55.80000000000001,26.0,0.0
545,2021-09-24 04:10:00,2021-09-24 04:10:00,2021-09-23 14:10:00,2021-09-25 21:22:00,55.2,4,4,"APTY,BKSN,JUNG1,KERG",4.0702293624971375,5.100608939065942,6.136828145003848,2021-09-23 14:10:00,2021-09-24 21:48:00,2021-09-23 15:52:00,2021-09-25 21:22:00,9,"AATB,APTY,BKSN,FSMT,JUNG,JUNG1,KERG,KIEL2,LMKS",5,"AATB,FSMT,JUNG,KIEL2,LMKS",3.524389991237772,3.322875047264473,5.100608939065942,core,supported_multi_station_candidate,A,False,2021,-3.5888333333333335,559.2233333333334,8.4905,6.254565119547427,True,-15.166666666666666,0.85,,554.0,8.8,False,False,True,True,True,-7.42,510.1,9.33,130.40000000000003,26.0,156.0
546,2021-09-29 19:52:00,2021-09-29 19:52:00,2021-09-28 08:16:00,2021-10-03 05:54:00,117.63333333333334,4,4,"JUNG,LMKS,NEWK,OULU",6.0013908723750315,11.214851107392326,9.907423342951635,2021-09-28 08:16:00,2021-10-02 14:04:00,2021-09-28 16:44:00,2021-10-03 05:54:00,4,"JUNG,LMKS,NEWK,OULU",0,,6.0013908723750315,5.083800348817867,11.214851107392326,core,supported_multi_station_candidate,A,False,2021,-6.7635,563.4937037037037,14.025833333333333,7.2773429776974075,False,,,,,,False,False,True,False,True,-1.51,421.2,4.4,32.30000000000001,0.0,0.0
547,2021-10-05 16:12:00,2021-10-05 16:12:00,2021-10-04 16:06:00,2021-10-07 04:18:00,60.2,5,5,"DRBS,FSMT,JUNG,KERG,LMKS",3.964393796139641,6.154788481262864,6.266855201407902,2021-10-04 16:06:00,2021-10-06 19:56:00,2021-10-05 13:08:00,2021-10-07 04:18:00,8,"AATB,APTY,DRBS,FSMT,JUNG,KERG,LMKS,OULU",3,"AATB,APTY,OULU",4.247565995313092,3.8648776001127105,6.3692308417702925,core,supported_multi_station_candidate,A,False,2021,-5.2885,393.8991666666667,12.116666666666667,8.996853298611112,True,-1.2,0.79,,337.0,12.1,False,False,True,False,True,-2.77,317.3,6.68,31.69999999999999,0.0,0.0
548,2021-10-11 10:55:00,2021-10-11 10:55:00,2021-10-09 13:56:00,2021-10-13 08:10:00,90.23333333333333,8,8,"APTY,BKSN,DRBS,FSMT,JUNG1,KIEL2,LMKS,ROME",4.374730083936432,6.239459001541707,6.462435709379817,2021-10-09 13:56:00,2021-10-12 19:00:00,2021-10-10 03:54:00,2021-10-13 08:10:00,14,"AATB,APTY,BKSN,DRBS,FSMT,JUNG,JUNG1,KERG,KIEL2,LMKS,MXCO,NEWK,OULU,ROME",6,"AATB,JUNG,KERG,MXCO,NEWK,OULU",4.460825726309887,4.3093701455430065,6.239459001541707,core,supported_multi_station_candidate,A,False,2021,-9.025833333333335,485.65,15.127999999999998,11.621381944444446,True,15.516666666666667,1.1,SSC,485.0,15.1,True,True,True,True,True,-8.91,413.3,12.329999999999998,75.84999999999997,148.0,120.0
549,2021-10-16 03:21:00,2021-10-16 03:21:00,2021-10-15 06:04:00,2021-10-18 09:20:00,75.26666666666667,10,10,"AATB,APTY,FSMT,JUNG,KERG,KIEL2,LMKS,NEWK,OULU,ROME",4.669661833936537,5.636634861748429,6.292918748765498,2021-10-15 06:04:00,2021-10-17 01:34:00,2021-10-16 17:46:00,2021-10-18 09:20:00,15,"AATB,APTY,ATHN,BKSN,DRBS,FSMT,JUNG,JUNG1,KERG,KIEL2,LMKS,MXCO,NEWK,OULU,ROME",5,"ATHN,BKSN,DRBS,JUNG1,MXCO",5.080836843325303,5.117964411528648,6.9973633018856,core,supported_multi_station_candidate,A,False,2021,-7.4415000000000004,408.4875,12.1745,7.863427951388888,True,-2.35,1.92,,410.0,9.8,False,False,True,True,True,-8.235,415.75,9.754999999999999,108.25,36.0,106.0
550,2021-10-23 09:48:00,2021-10-23 09:48:00,2021-10-20 07:46:00,2021-10-25 23:02:00,135.26666666666668,9,9,"AATB,APTY,ATHN,FSMT,JUNG,JUNG1,KERG,KIEL2,MXCO",4.079719675537494,6.076947074666239,6.240868460957419,2021-10-20 07:46:00,2021-10-24 19:46:00,2021-10-20 14:08:00,2021-10-25 23:02:00,11,"AATB,APTY,ATHN,FSMT,JUNG,JUNG1,KERG,KIEL2,LMKS,MXCO,OULU",2,"LMKS,OULU",4.005958688405308,3.9166528228593167,6.076947074666239,core,supported_multi_station_candidate,A,False,2021,-3.655333333333333,522.495,6.474666666666667,4.355526909722222,True,14.2,0.5,,366.0,5.3,False,False,True,False,True,-2.065,466.0,3.575,83.05000000000001,0.0,0.0
551,2021-10-31 03:26:00,2021-10-31 03:26:00,2021-10-30 03:24:00,2021-11-02 04:00:00,72.6,4,4,"APTY,KERG,KIEL2,NEWK",4.306506445870873,5.580144557082232,7.033179279355666,2021-10-30 03:24:00,2021-11-01 06:14:00,2021-10-31 04:32:00,2021-11-02 04:00:00,6,"APTY,FSMT,KERG,KIEL2,NEWK,OULU",2,"FSMT,OULU",4.448181587699886,4.350468985859801,5.580144557082232,core,supported_multi_station_candidate,A,False,2021,-8.2405,531.0191666666666,13.551833333333333,12.883689295004512,True,7.566666666666666,0.7,,445.0,11.1,False,True,True,True,True,-9.14,392.3,10.965,51.80000000000001,92.0,114.0
552,2021-11-03 16:50:00,2021-11-03 16:50:00,2021-11-02 22:06:00,2021-11-04 21:48:00,47.7,9,9,"BKSN,DRBS,FSMT,JUNG,JUNG1,KIEL2,LMKS,NEWK,ROME",9.358419468762005,14.296352136231839,6.218589426940067,2021-11-02 22:06:00,2021-11-04 21:44:00,2021-11-03 22:28:00,2021-11-04 21:48:00,16,"AATB,APTY,ATHN,BKSN,CALM,DRBS,FSMT,JUNG,JUNG1,KERG,KIEL2,LMKS,MXCO,NEWK,OULU,ROME",7,"AATB,APTY,ATHN,CALM,KERG,MXCO,OULU",10.118739954803587,10.72046010544246,16.323820028674792,core,supported_multi_station_candidate,A,False,2021,-15.123166666666666,762.9583333333334,22.2815,5.297413194444444,True,2.8666666666666667,9.7,SSC,762.0,22.3,True,False,True,True,True,-16.18,757.55,24.115000000000002,298.24999999999994,46.0,148.0
553,2021-11-08 12:59:00,2021-11-08 12:59:00,2021-11-07 06:18:00,2021-11-10 13:10:00,78.86666666666666,6,6,"AATB,APTY,BKSN,JUNG1,LMKS,OULU",4.009024754890649,6.4172779966633735,7.64087140098608,2021-11-07 06:18:00,2021-11-09 02:36:00,2021-11-08 01:24:00,2021-11-10 13:10:00,11,"AATB,APTY,BKSN,FSMT,JUNG,JUNG1,KERG,KIEL2,LMKS,OULU,ROME",5,"FSMT,JUNG,KERG,KIEL2,ROME",4.739177365311218,4.153108568894052,11.240443345327654,core,supported_multi_station_candidate,A,False,2021,-4.698166666666666,569.5875,5.800666666666667,4.97435712863401,False,,,,,,False,False,True,False,True,-3.465,451.4,5.15,68.04999999999995,2.0,0.0
554,2021-11-13 15:28:00,2021-11-13 15:28:00,2021-11-12 04:50:00,2021-11-15 00:50:00,68.0,3,3,"AATB,KERG,KIEL2",3.532510578541699,4.158091353397697,6.617032502335914,2021-11-12 04:50:00,2021-11-13 20:52:00,2021-11-13 13:26:00,2021-11-15 00:50:00,6,"AATB,FSMT,KERG,KIEL2,LMKS,ROME",3,"FSMT,LMKS,ROME",3.5708822240087166,3.4342104219610166,5.18314386732218,core,supported_multi_station_candidate,A,False,2021,-3.6719999999999997,408.9633333333333,6.530833333333334,8.745496948893972,True,3.533333333333333,0.37,,348.0,4.9,False,False,True,False,True,-3.83,361.75,4.96,38.900000000000034,6.0,0.0
556,2021-11-18 23:10:00,2021-11-18 23:10:00,2021-11-18 08:20:00,2021-11-20 21:12:00,60.86666666666667,2,2,"KERG,LMKS",4.558116841938087,5.196137179866917,5.784868944823371,2021-11-18 08:20:00,2021-11-19 14:00:00,2021-11-19 18:48:00,2021-11-20 21:12:00,4,"JUNG,JUNG1,KERG,LMKS",2,"JUNG,JUNG1",3.9346242754761613,3.8628902427861336,5.196137179866917,core,supported_multi_station_candidate,A,False,2021,-4.208166666666667,629.0816666666667,8.500666666666667,4.011155790384377,False,,,,,,False,False,True,False,True,-2.515,550.5,4.055,62.35000000000002,0.0,0.0
557,2021-11-21 10:06:00,2021-11-21 10:06:00,2021-11-21 09:48:00,2021-11-22 05:00:00,19.2,2,2,"BKSN,KERG",4.378187248109226,5.811424253065403,6.049824327277435,2021-11-21 09:48:00,2021-11-21 10:24:00,2021-11-21 20:44:00,2021-11-22 05:00:00,2,"BKSN,KERG",0,,4.378187248109226,4.378187248109226,5.811424253065403,core,supported_multi_station_candidate,B,False,2021,-4.208166666666667,684.8808333333333,8.532,4.001917534722222,False,,,,,,False,False,True,True,True,-5.57,698.9000000000001,9.19,120.80000000000007,20.0,70.0
558,2021-11-27 05:58:00,2021-11-27 05:58:00,2021-11-26 07:26:00,2021-11-29 02:40:00,67.23333333333333,5,5,"BKSN,JUNG1,KERG,KIEL2,LMKS",4.021080990920969,4.917179760397702,7.190320395728446,2021-11-26 07:26:00,2021-11-27 21:12:00,2021-11-27 05:16:00,2021-11-29 02:40:00,14,"AATB,APTY,BKSN,CALM,FSMT,JUNG,JUNG1,KERG,KIEL2,LMKS,MXCO,NEWK,OULU,ROME",9,"AATB,APTY,CALM,FSMT,JUNG,MXCO,NEWK,OULU,ROME",4.436120275535228,4.175235257920468,10.22350282967097,core,supported_multi_station_candidate,A,False,2021,-9.241333333333333,462.89666666666665,15.132666666666667,7.728375868055555,True,16.883333333333333,0.96,SSC,402.0,15.4,True,False,False,False,False,-3.88,362.2,6.16,26.900000000000034,20.0,0.0
559,2021-11-30 20:04:00,2021-11-30 20:04:00,2021-11-30 10:54:00,2021-12-03 09:30:00,70.6,3,3,"BKSN,KERG,LMKS",4.1575652825368925,5.554986200481725,6.99043746784304,2021-11-30 10:54:00,2021-12-02 05:16:00,2021-12-01 03:56:00,2021-12-03 09:30:00,3,"BKSN,KERG,LMKS",0,,4.1575652825368925,3.8047818185427875,5.554986200481725,core,supported_multi_station_candidate,B,False,2021,-8.366166666666667,541.5866666666667,13.001,6.931840277777778,True,-4.066666666666666,1.48,,542.0,13.0,False,True,True,True,True,-9.92,476.9,14.265,113.19999999999999,108.0,250.0
560,2021-12-06 03:32:00,2021-12-06 03:32:00,2021-12-06 02:50:00,2021-12-07 00:46:00,21.933333333333334,2,2,"JUNG,KERG",4.404097042371685,5.206859080894825,7.197524265614453,2021-12-06 02:50:00,2021-12-06 04:14:00,2021-12-06 14:52:00,2021-12-07 00:46:00,4,"JUNG,JUNG1,KERG,LMKS",2,"JUNG1,LMKS",3.7678567007103783,3.8414396052184854,5.206859080894825,core,supported_multi_station_candidate,A,False,2021,-3.9608333333333334,527.4116666666666,6.8095,3.4371484375,True,-2.533333333333333,0.47,,509.0,5.8,False,True,True,False,True,-5.09,526.75,6.225,82.85000000000002,62.0,0.0
561,2021-12-10 12:13:00,2021-12-10 12:13:00,2021-12-08 10:34:00,2021-12-12 06:56:00,92.36666666666666,8,8,"AATB,APTY,DRBS,FSMT,JUNG,JUNG1,KERG,KIEL2",4.276008865696577,6.372606809426135,6.360519984191721,2021-12-08 10:34:00,2021-12-11 09:10:00,2021-12-09 07:18:00,2021-12-12 06:56:00,12,"AATB,APTY,BKSN,CALM,DRBS,FSMT,JUNG,JUNG1,KERG,KIEL2,LMKS,OULU",4,"BKSN,CALM,LMKS,OULU",4.794744727334327,4.325236793261491,9.09980835002408,core,supported_multi_station_candidate,A,False,2021,-2.5588333333333333,418.34666666666664,7.921000000000001,7.679618993993994,True,-8.216666666666667,1.51,,329.0,8.0,False,False,False,False,False,-3.6,334.5,5.83,20.80000000000001,2.0,0.0
562,2021-12-16 02:04:00,2021-12-16 02:04:00,2021-12-16 02:04:00,2021-12-16 22:02:00,19.966666666666665,1,1,JUNG,3.392378237515344,3.392378237515344,4.737486650901407,2021-12-16 02:04:00,2021-12-16 02:04:00,2021-12-16 22:02:00,2021-12-16 22:02:00,3,"CALM,JUNG,LMKS",2,"CALM,LMKS",4.968919926736839,3.510763863915093,8.00361767878008,core,supported_multi_station_candidate,B,True,2021,-3.3056666666666668,554.63,8.141166666666667,6.451688157894737,False,,,,,,False,False,True,False,True,-6.365,581.0,8.68,73.69999999999999,30.0,46.0
563,2021-12-18 01:10:00,2021-12-18 01:10:00,2021-12-17 12:28:00,2021-12-20 23:24:00,82.93333333333334,7,7,"AATB,JUNG,JUNG1,KIEL2,LMKS,MXCO,NEWK",3.517104113610165,4.895744100138705,5.625540109556982,2021-12-17 12:28:00,2021-12-19 12:12:00,2021-12-18 03:36:00,2021-12-20 23:24:00,7,"AATB,JUNG,JUNG1,KIEL2,LMKS,MXCO,NEWK",0,,3.517104113610164,3.107915747408105,4.895744100138705,core,supported_multi_station_candidate,A,False,2021,-11.197833333333334,548.8416666666667,17.793666666666663,7.462662896825397,True,-4.166666666666667,0.54,,368.0,5.6,False,False,True,False,True,-2.15,382.6,3.915,32.89999999999998,0.0,0.0
564,2021-12-27 11:06:00,2021-12-27 11:06:00,2021-12-26 18:56:00,2021-12-28 21:54:00,50.96666666666667,3,3,"JUNG,KERG,LMKS",4.671963548014468,6.823125334506454,7.33807768261303,2021-12-26 18:56:00,2021-12-28 06:26:00,2021-12-28 03:48:00,2021-12-28 21:54:00,9,"AATB,APTY,FSMT,JUNG,JUNG1,KERG,LMKS,NEWK,OULU",6,"AATB,APTY,FSMT,JUNG1,NEWK,OULU",4.463838888509299,4.086400868462748,6.823125334506454,core,supported_multi_station_candidate,A,False,2021,-7.087833333333333,444.41083333333336,13.2485,4.713335069444445,True,-1.5,1.19,SSC,439.0,13.3,True,True,True,True,True,-10.225000000000001,424.35,14.525,80.94999999999999,98.0,280.0
565,2022-01-01 17:16:00,2022-01-01 17:16:00,2022-01-01 04:42:00,2022-01-03 06:00:00,49.3,4,4,"JUNG,JUNG1,MXCO,NEWK",3.806047355895953,4.771513254156486,4.3810771892610525,2022-01-01 04:42:00,2022-01-02 01:14:00,2022-01-02 02:50:00,2022-01-03 06:00:00,7,"BKSN,FSMT,JUNG,JUNG1,KERG,MXCO,NEWK",3,"BKSN,FSMT,KERG",3.709811141559969,3.554783770831014,4.771513254156486,core,supported_multi_station_candidate,A,False,2022,-7.633166666666667,604.1616666666666,9.745833333333334,3.483703993055555,True,-17.266666666666666,1.07,,582.0,9.8,False,False,True,True,True,-6.31,607.9,10.19,162.29999999999995,42.0,602.0
566,2022-01-08 00:33:00,2022-01-08 00:33:00,2022-01-05 06:02:00,2022-01-09 21:46:00,111.73333333333333,8,8,"AATB,APTY,JUNG,JUNG1,KIEL2,LMKS,MXCO,OULU",3.9661815200803785,4.977166142397333,6.05694875816572,2022-01-05 06:02:00,2022-01-09 19:32:00,2022-01-06 16:56:00,2022-01-09 21:46:00,11,"AATB,APTY,FSMT,JUNG,JUNG1,KERG,KIEL2,LMKS,MXCO,NEWK,OULU",3,"FSMT,KERG,NEWK",4.133238982916354,4.1472457928650535,5.9116135755265935,core,supported_multi_station_candidate,A,False,2022,-10.306000000000001,521.8716666666667,18.3715,8.290149305555556,True,17.466666666666665,2.03,SSC,520.0,18.4,True,False,True,False,True,-2.045,330.4,4.22,35.5,0.0,0.0
568,2022-01-16 08:32:00,2022-01-16 08:32:00,2022-01-14 05:38:00,2022-01-19 20:18:00,134.66666666666666,9,9,"APTY,DRBS,FSMT,JUNG,JUNG1,KERG,LMKS,OULU,ROME",4.444537325636338,7.060841872375473,5.973246531849933,2022-01-14 05:38:00,2022-01-18 17:10:00,2022-01-14 21:34:00,2022-01-19 20:18:00,13,"APTY,BKSN,DRBS,FSMT,JUNG,JUNG1,KERG,KIEL2,LMKS,MXCO,NEWK,OULU,ROME",4,"BKSN,KIEL2,MXCO,NEWK",4.475947733430529,4.206604969246055,7.060841872375473,core,supported_multi_station_candidate,A,False,2022,-12.7465,625.7800000000001,16.06566666666667,6.121191840277777,True,10.616666666666667,0.47,SI,619.0,6.2,True,False,True,True,True,-7.915000000000001,658.3,11.04,137.79999999999995,38.0,118.0
569,2022-01-21 09:11:00,2022-01-21 09:11:00,2022-01-20 23:26:00,2022-01-23 12:00:00,60.56666666666667,6,6,"AATB,BKSN,KERG,KIEL2,LMKS,OULU",3.903286423388302,4.861123893141344,7.268148671902178,2022-01-20 23:26:00,2022-01-22 02:42:00,2022-01-21 03:54:00,2022-01-23 12:00:00,7,"AATB,APTY,BKSN,KERG,KIEL2,LMKS,OULU",1,APTY,3.964413085110543,4.305798798726143,4.861123893141344,core,supported_multi_station_candidate,A,False,2022,-4.284000000000001,646.99,6.677833333333334,3.4479583333333332,True,4.45,0.63,SSC,476.0,6.8,True,False,True,False,True,-4.37,490.2,7.29,89.89999999999998,28.0,0.0
570,2022-01-26 12:02:00,2022-01-26 12:02:00,2022-01-24 22:30:00,2022-01-27 23:52:00,73.36666666666666,9,9,"AATB,APTY,BKSN,JUNG,JUNG1,KERG,KIEL2,LMKS,OULU",4.092950440915529,5.077287061565941,5.559001351808617,2022-01-24 22:30:00,2022-01-27 14:12:00,2022-01-25 20:50:00,2022-01-27 23:52:00,9,"AATB,APTY,BKSN,JUNG,JUNG1,KERG,KIEL2,LMKS,OULU",0,,4.092950440915529,4.056665826955506,5.077287061565941,core,supported_multi_station_candidate,A,False,2022,-7.62,506.6141666666666,11.456833333333332,9.970917534722222,True,6.966666666666667,0.56,,504.0,5.5,False,False,True,False,True,-5.9399999999999995,494.9,8.425,78.5,50.0,26.0
571,2022-01-29 20:10:00,2022-01-29 20:10:00,2022-01-29 12:54:00,2022-01-30 22:30:00,33.6,2,2,"APTY,LMKS",3.001584971441121,3.3261148382641865,8.436869426044677,2022-01-29 12:54:00,2022-01-30 03:26:00,2022-01-30 17:26:00,2022-01-30 22:30:00,3,"APTY,KERG,LMKS",1,KERG,3.064616087796635,3.1906783205076628,3.3261148382641865,core,supported_multi_station_candidate,B,False,2022,-6.376083333333333,540.5183333333333,8.147083333333333,3.3069050925925922,True,0.8333333333333334,0.46,,540.0,6.3,False,False,True,False,True,-6.414999999999999,557.5,7.3149999999999995,86.15000000000003,44.0,0.0
572,2022-02-01 18:44:00,2022-02-01 18:44:00,2022-01-31 17:20:00,2022-02-02 21:48:00,52.46666666666667,10,10,"AATB,APTY,DRBS,FSMT,JUNG,JUNG1,KERG,KIEL2,NEWK,OULU",4.775743518755673,6.586670579141421,6.453610368919489,2022-01-31 17:20:00,2022-02-02 06:14:00,2022-02-02 03:00:00,2022-02-02 21:48:00,13,"AATB,APTY,BKSN,DRBS,FSMT,JUNG,JUNG1,KERG,KIEL2,LMKS,MXCO,NEWK,OULU",3,"BKSN,LMKS,MXCO",4.842186317173732,4.807058325950475,6.586670579141421,core,supported_multi_station_candidate,A,False,2022,-17.615000000000002,572.985,19.086666666666666,4.878701704545455,True,3.6,1.7,SSC,573.0,19.1,True,False,True,True,True,-12.34,521.9,13.355,183.89999999999998,58.0,136.0
573,2022-02-05 05:32:00,2022-02-05 05:32:00,2022-02-04 12:04:00,2022-02-06 16:56:00,52.86666666666667,5,5,"AATB,BKSN,JUNG1,KIEL2,LMKS",5.608522139230563,13.173902249676464,7.78895996213158,2022-02-04 12:04:00,2022-02-05 21:24:00,2022-02-04 12:06:00,2022-02-06 16:56:00,6,"AATB,BKSN,JUNG,JUNG1,KIEL2,LMKS",1,JUNG,5.398789383220486,4.002197172771575,13.173902249676464,core,supported_multi_station_candidate,A,False,2022,-17.615000000000002,601.9466666666667,19.086666666666666,4.254395833333334,True,2.466666666666667,0.43,,587.0,8.4,False,True,True,True,True,-9.965,526.0,10.275,79.79999999999995,120.0,204.0
574,2022-02-09 13:04:00,2022-02-09 13:04:00,2022-02-07 22:52:00,2022-02-10 04:40:00,53.8,6,6,"DRBS,JUNG,JUNG1,KERG,LMKS,OULU",4.528973358468153,6.339787281160574,8.32819525093476,2022-02-07 22:52:00,2022-02-09 22:36:00,2022-02-08 23:30:00,2022-02-10 04:40:00,11,"AATB,APTY,BKSN,DRBS,FSMT,JUNG,JUNG1,KERG,LMKS,NEWK,OULU",5,"AATB,APTY,BKSN,FSMT,NEWK",4.504121937036406,4.2516520674805784,6.339787281160574,core,supported_multi_station_candidate,A,False,2022,-11.6855,469.8625,17.808833333333332,4.700491319444445,True,7.933333333333334,0.79,SSC,429.0,14.1,True,False,True,False,True,-1.37,396.8,4.1899999999999995,44.35000000000002,0.0,0.0
575,2022-02-11 13:21:00,2022-02-11 13:21:00,2022-02-10 23:26:00,2022-02-13 10:14:00,58.8,4,4,"BKSN,JUNG,JUNG1,LMKS",4.110326516754916,4.655642496039536,6.615628607554051,2022-02-10 23:26:00,2022-02-12 20:34:00,2022-02-11 17:30:00,2022-02-13 10:14:00,9,"AATB,APTY,BKSN,DRBS,JUNG,JUNG1,KERG,LMKS,MXCO",5,"AATB,APTY,DRBS,KERG,MXCO",4.3677444252327104,4.076538285536126,7.115642981978403,core,supported_multi_station_candidate,A,False,2022,-11.6855,573.87,18.2795,6.355635069444445,True,-2.8666666666666667,1.26,SI,576.0,18.4,True,False,True,True,True,-9.82,465.1,20.46,67.0,26.0,1080.0
576,2022-02-16 10:28:00,2022-02-16 10:28:00,2022-02-16 10:28:00,2022-02-16 20:00:00,9.533333333333333,1,1,KERG,3.7257199397356473,3.7257199397356473,5.534529262552912,2022-02-16 10:28:00,2022-02-16 10:28:00,2022-02-16 20:00:00,2022-02-16 20:00:00,3,"JUNG,KERG,LMKS",2,"JUNG,LMKS",3.5815162618425425,3.7257199397356473,4.347540614581831,core,supported_multi_station_candidate,B,True,2022,-3.8248333333333333,482.72999999999996,7.550833333333333,5.102508193819757,True,3.533333333333333,0.6,,382.0,6.9,False,False,True,False,True,-5.35,398.6,7.46,58.60000000000002,26.0,0.0
577,2022-02-21 07:05:00,2022-02-21 07:05:00,2022-02-20 00:52:00,2022-02-23 05:08:00,76.26666666666667,8,8,"AATB,APTY,JUNG,JUNG1,KERG,LMKS,NEWK,ROME",4.201794215260871,5.024909120130641,5.14231440692908,2022-02-20 00:52:00,2022-02-22 14:58:00,2022-02-20 04:00:00,2022-02-23 05:08:00,9,"AATB,APTY,DRBS,JUNG,JUNG1,KERG,LMKS,NEWK,ROME",1,DRBS,4.431864107856409,4.472699340778237,6.272423248620716,core,supported_multi_station_candidate,A,False,2022,-6.153666666666667,557.0033333333333,10.327333333333334,5.471259548611111,False,,,,,,False,False,True,False,True,-7.13,550.7,8.5,74.85000000000002,38.0,28.0
578,2022-02-24 04:48:00,2022-02-24 04:48:00,2022-02-24 04:48:00,2022-02-24 20:22:00,15.566666666666666,1,1,KERG,4.29571397136017,4.29571397136017,4.948380063699844,2022-02-24 04:48:00,2022-02-24 04:48:00,2022-02-24 20:22:00,2022-02-24 20:22:00,3,"JUNG,JUNG1,KERG",2,"JUNG,JUNG1",3.6048450636302896,3.5993108749318625,4.29571397136017,core,supported_multi_station_candidate,B,True,2022,-6.060666666666666,557.0033333333333,7.572500000000001,3.411881944444445,True,11.2,0.66,,450.0,7.5,False,False,True,False,True,-4.02,529.5,6.85,87.59999999999997,24.0,0.0
579,2022-02-28 16:40:00,2022-02-28 16:40:00,2022-02-26 04:10:00,2022-03-03 08:16:00,124.1,5,5,"FSMT,JUNG,JUNG1,KERG,LMKS",3.6663151095004416,4.177727451838065,5.083118518955193,2022-02-26 04:10:00,2022-03-02 01:12:00,2022-02-26 22:12:00,2022-03-03 08:16:00,5,"FSMT,JUNG,JUNG1,KERG,LMKS",0,,3.6663151095004416,3.6150940019137567,4.177727451838065,core,supported_multi_station_candidate,A,False,2022,-10.210666666666667,544.27,13.391333333333334,5.440634987193258,False,,,,,,False,False,True,True,True,-6.720000000000001,555.3,9.43,92.89999999999998,44.0,70.0
580,2022-03-05 09:58:00,2022-03-05 09:58:00,2022-03-04 22:42:00,2022-03-07 06:28:00,55.766666666666666,2,2,"JUNG1,KERG",3.3780597616626706,3.9320025983105813,7.7415264668614565,2022-03-04 22:42:00,2022-03-05 21:14:00,2022-03-06 04:12:00,2022-03-07 06:28:00,3,"FSMT,JUNG1,KERG",1,FSMT,3.299238757900053,3.1415967503748163,3.9320025983105813,core,supported_multi_station_candidate,B,False,2022,-8.279833333333334,576.6655555555556,10.948333333333332,5.368939732142856,True,-3.966666666666667,1.35,,580.0,11.0,False,True,True,True,True,-10.094999999999999,509.5,11.54,110.0,98.0,320.0
581,2022-03-10 22:39:00,2022-03-10 22:39:00,2022-03-10 20:20:00,2022-03-11 20:36:00,24.266666666666666,2,2,"APTY,JUNG1",3.472332468276665,4.056662463848323,4.559069350917169,2022-03-10 20:20:00,2022-03-11 00:58:00,2022-03-11 08:56:00,2022-03-11 20:36:00,7,"AATB,APTY,BKSN,FSMT,JUNG1,KERG,KIEL2",5,"AATB,BKSN,FSMT,KERG,KIEL2",3.9311491278682347,4.056662463848323,4.910725374474496,core,supported_multi_station_candidate,A,False,2022,-9.848333333333333,409.9008333333333,16.113833333333336,6.514126736111112,True,-5.65,1.06,,405.0,16.1,False,True,True,True,True,-11.25,395.0,17.225,68.39999999999998,244.0,666.0
582,2022-03-12 22:50:00,2022-03-12 22:50:00,2022-03-12 19:10:00,2022-03-14 07:38:00,36.46666666666667,5,5,"APTY,CALM,KIEL2,MXCO,ROME",7.583412008480423,9.076249672492025,8.036986744903619,2022-03-12 19:10:00,2022-03-13 10:12:00,2022-03-14 00:30:00,2022-03-14 07:38:00,16,"AATB,APTY,ATHN,BKSN,CALM,DRBS,FSMT,JUNG,JUNG1,KERG,KIEL2,LMKS,MXCO,NEWK,OULU,ROME",11,"AATB,ATHN,BKSN,DRBS,FSMT,JUNG,JUNG1,KERG,LMKS,NEWK,OULU",7.3944679070919355,7.486864005892029,9.076249672492025,core,supported_multi_station_candidate,A,False,2022,-19.289166666666667,532.6156666666667,25.631500000000003,8.82461111111111,True,11.95,5.89,SSC,535.0,25.9,True,False,True,False,True,-2.88,392.95,4.325,38.650000000000034,0.0,0.0
583,2022-03-20 22:16:00,2022-03-20 22:16:00,2022-03-19 12:06:00,2022-03-22 00:26:00,60.333333333333336,7,7,"ATHN,FSMT,JUNG,JUNG1,KIEL2,LMKS,OULU",4.456540058481186,7.924450349817633,5.374372786945737,2022-03-19 12:06:00,2022-03-21 05:52:00,2022-03-20 21:24:00,2022-03-22 00:26:00,11,"AATB,APTY,ATHN,DRBS,FSMT,JUNG,JUNG1,KERG,KIEL2,LMKS,OULU",4,"AATB,APTY,DRBS,KERG",4.42960850962649,3.847009971144752,7.924450349817633,core,supported_multi_station_candidate,A,False,2022,-7.736666666666666,372.1666666666667,9.925833333333333,9.974464756944444,True,-8.266666666666667,0.64,,334.0,10.1,False,True,True,True,True,-6.645,341.85,10.42,36.200000000000045,110.0,222.0
584,2022-03-25 07:38:00,2022-03-25 07:38:00,2022-03-25 01:50:00,2022-03-26 00:14:00,22.4,2,2,"BKSN,KERG",4.032401683086261,4.588033532255654,4.54899293435927,2022-03-25 01:50:00,2022-03-25 13:26:00,2022-03-25 20:10:00,2022-03-26 00:14:00,4,"AATB,BKSN,KERG,LMKS",2,"AATB,LMKS",3.781092620886586,3.6058923489984593,4.588033532255654,core,supported_multi_station_candidate,A,False,2022,-7.979666666666668,576.09,12.487833333333333,6.123737847222221,False,,,,,,False,False,True,False,True,-3.585,511.6,4.97,50.650000000000034,38.0,0.0
585,2022-03-26 22:50:00,2022-03-26 22:50:00,2022-03-26 14:28:00,2022-03-28 18:18:00,51.833333333333336,3,3,"JUNG,NEWK,OULU",5.256439840782544,5.806051290093257,6.135592377464536,2022-03-26 14:28:00,2022-03-27 11:50:00,2022-03-27 15:12:00,2022-03-28 18:18:00,11,"APTY,ATHN,FSMT,JUNG,JUNG1,KERG,KIEL2,LMKS,MXCO,NEWK,OULU",8,"APTY,ATHN,FSMT,JUNG1,KERG,KIEL2,LMKS,MXCO",4.529076263909143,4.324603828391048,6.906615667684823,core,supported_multi_station_candidate,A,False,2022,-7.979666666666668,546.6616666666666,12.487833333333333,5.614661111111111,True,6.166666666666667,1.27,,548.0,12.4,False,True,True,True,True,-8.365,445.1,11.129999999999999,46.60000000000002,216.0,78.0
586,2022-03-30 22:36:00,2022-03-30 22:36:00,2022-03-30 03:56:00,2022-04-01 22:40:00,66.73333333333333,10,10,"AATB,APTY,BKSN,DRBS,FSMT,JUNG,LMKS,NEWK,OULU,ROME",6.602961607401366,22.733251644823856,6.3363330303477685,2022-03-30 03:56:00,2022-03-31 23:50:00,2022-03-31 06:52:00,2022-04-01 22:40:00,14,"AATB,APTY,BKSN,DRBS,FSMT,JUNG,JUNG1,KERG,KIEL2,LMKS,MXCO,NEWK,OULU,ROME",4,"JUNG1,KERG,KIEL2,MXCO",6.266315005614151,5.026436095225234,22.733251644823856,core,supported_multi_station_candidate,A,False,2022,-11.339666666666666,599.5266666666666,23.374000000000002,6.420058159722221,True,3.8,2.57,SSC,595.0,23.4,True,False,True,True,True,-14.18,525.9,18.175,138.5,52.0,96.0
587,2022-04-03 16:20:00,2022-04-03 16:20:00,2022-04-03 16:20:00,2022-04-05 02:52:00,34.53333333333333,1,1,JUNG,3.868468468615964,3.868468468615964,9.5450402957065,2022-04-03 16:20:00,2022-04-03 16:20:00,2022-04-05 02:52:00,2022-04-05 02:52:00,6,"AATB,APTY,ATHN,JUNG,JUNG1,KERG",5,"AATB,APTY,ATHN,JUNG1,KERG",4.22084794004457,3.710742851055566,7.784578132421566,core,supported_multi_station_candidate,A,True,2022,-5.1754999999999995,571.0400000000001,10.976666666666667,3.037349826388889,True,-2.3333333333333335,0.54,,511.0,7.3,False,False,True,False,True,-1.745,530.2,7.785,88.60000000000002,0.0,0.0
588,2022-04-07 21:50:00,2022-04-07 21:50:00,2022-04-07 03:06:00,2022-04-08 20:00:00,40.9,7,7,"BKSN,FSMT,JUNG,JUNG1,KERG,KIEL2,OULU",5.149350254610702,6.000884289693077,6.742866917661453,2022-04-07 03:06:00,2022-04-08 16:30:00,2022-04-07 12:34:00,2022-04-08 20:00:00,13,"AATB,APTY,BKSN,DRBS,FSMT,JUNG,JUNG1,KERG,KIEL2,LMKS,MXCO,OULU,ROME",6,"AATB,APTY,DRBS,LMKS,MXCO,ROME",4.973932612015233,4.94052536288445,6.000884289693077,core,supported_multi_station_candidate,A,False,2022,-9.56,431.89666666666665,13.619666666666665,7.781194444444445,True,7.166666666666667,0.58,,386.0,9.6,False,True,True,False,True,-6.73,423.9,7.145,38.69999999999999,202.0,0.0
589,2022-04-09 23:20:00,2022-04-09 23:20:00,2022-04-09 19:24:00,2022-04-10 23:00:00,27.6,3,3,"ATHN,JUNG1,LMKS",4.127578025113339,6.937065225374171,4.767123014545378,2022-04-09 19:24:00,2022-04-10 08:32:00,2022-04-10 00:58:00,2022-04-10 23:00:00,4,"AATB,ATHN,JUNG1,LMKS",1,AATB,3.8896926338897635,3.1179338078986087,6.937065225374171,core,supported_multi_station_candidate,A,False,2022,-9.56,558.9897222222222,17.834333333333333,7.782940104166667,True,-0.3333333333333333,1.12,,496.0,17.8,False,True,True,True,True,-14.364999999999998,484.75,18.59,122.20000000000005,114.0,868.0
590,2022-04-14 10:33:00,2022-04-14 10:33:00,2022-04-13 20:44:00,2022-04-17 05:24:00,80.66666666666667,4,4,"APTY,FSMT,KERG,LMKS",4.492301063387537,5.125760053751578,6.72343197009518,2022-04-13 20:44:00,2022-04-15 21:16:00,2022-04-14 21:42:00,2022-04-17 05:24:00,7,"AATB,APTY,FSMT,JUNG1,KERG,LMKS,OULU",3,"AATB,JUNG1,OULU",4.32106695190567,4.153998791373854,5.651557167808407,core,supported_multi_station_candidate,A,False,2022,-11.637666666666666,675.7225,20.505333333333333,5.353578949052739,True,-6.55,1.43,,546.0,20.5,False,True,True,True,True,-12.075,558.9,15.64,123.0,186.0,474.0
592,2022-04-21 04:18:00,2022-04-21 04:18:00,2022-04-20 19:36:00,2022-04-22 23:00:00,51.4,6,6,"AATB,APTY,JUNG,LMKS,MXCO,NEWK",5.169625344242581,7.278016006662776,6.740918606852122,2022-04-20 19:36:00,2022-04-21 12:22:00,2022-04-21 19:18:00,2022-04-22 23:00:00,15,"AATB,APTY,BKSN,CALM,DRBS,FSMT,JUNG,JUNG1,KERG,KIEL2,LMKS,MXCO,NEWK,OULU,ROME",9,"BKSN,CALM,DRBS,FSMT,JUNG1,KERG,KIEL2,OULU,ROME",5.404101178266644,5.269309104101058,8.943640540399358,core,supported_multi_station_candidate,A,False,2022,-5.286666666666666,501.9633333333333,10.417166666666667,6.131367577597841,True,6.7,1.46,,464.0,10.4,False,False,True,False,True,-7.095000000000001,420.3,8.54,36.10000000000002,50.0,16.0
594,2022-04-28 08:42:00,2022-04-28 08:42:00,2022-04-26 14:08:00,2022-04-30 03:30:00,85.36666666666666,5,5,"APTY,JUNG,JUNG1,KERG,LMKS",5.203754869916805,9.9302643621019,5.544723499219069,2022-04-26 14:08:00,2022-04-28 22:20:00,2022-04-27 12:26:00,2022-04-30 03:30:00,10,"AATB,APTY,FSMT,JUNG,JUNG1,KERG,KIEL2,LMKS,MXCO,NEWK",5,"AATB,FSMT,KIEL2,MXCO,NEWK",4.718883688189287,4.282015806404052,9.9302643621019,core,supported_multi_station_candidate,A,False,2022,-9.675999999999998,530.2925,10.8995,4.562663194444444,True,-9.7,1.43,,535.0,9.5,False,False,True,True,True,-5.279999999999999,514.5999999999999,10.075,65.34999999999991,54.0,228.0
595,2022-04-30 17:28:00,2022-04-30 17:28:00,2022-04-30 17:28:00,2022-04-30 22:30:00,5.033333333333333,1,1,JUNG,4.31118013702905,4.31118013702905,5.033620998060783,2022-04-30 17:28:00,2022-04-30 17:28:00,2022-04-30 22:30:00,2022-04-30 22:30:00,3,"JUNG,JUNG1,KERG",2,"JUNG1,KERG",3.571423175995538,3.3624222643181922,4.31118013702905,core,supported_multi_station_candidate,B,True,2022,-4.585166666666667,530.2925,10.315833333333334,3.2661452546296297,True,-17.466666666666665,0.7,,507.0,10.8,False,False,True,False,True,-5.949999999999999,545.05,7.51,104.14999999999998,12.0,0.0
596,2022-05-04 17:16:00,2022-05-04 17:16:00,2022-05-04 17:16:00,2022-05-06 00:18:00,31.033333333333335,1,1,AATB,3.2823720116756516,3.2823720116756516,4.3253322938274,2022-05-04 17:16:00,2022-05-04 17:16:00,2022-05-06 00:18:00,2022-05-06 00:18:00,2,"AATB,KERG",1,KERG,3.410907872710334,3.410907872710334,3.539443733745016,core,supported_multi_station_candidate,B,True,2022,-3.7180000000000004,458.2644444444444,5.50175,3.0063113425925927,False,,,,,,False,False,True,False,True,-3.925,392.7,5.145,56.650000000000034,34.0,0.0
597,2022-05-08 11:32:00,2022-05-08 11:32:00,2022-05-08 10:36:00,2022-05-09 23:00:00,36.4,2,2,"JUNG,KERG",4.856302706512807,5.003156477136368,12.542580945714713,2022-05-08 10:36:00,2022-05-08 12:28:00,2022-05-09 00:44:00,2022-05-09 23:00:00,9,"AATB,APTY,BKSN,FSMT,JUNG,JUNG1,KERG,KIEL2,OULU",7,"AATB,APTY,BKSN,FSMT,JUNG1,KIEL2,OULU",4.210937056025674,4.4260986514495455,5.571055310031412,core,supported_multi_station_candidate,A,False,2022,-4.5873333333333335,378.29583333333335,8.0555,7.220602430555556,True,-10.533333333333333,1.1,,346.0,8.2,False,False,True,False,True,-3.3,352.7,8.665,52.26666666666671,2.0,58.0
598,2022-05-13 23:32:00,2022-05-13 23:32:00,2022-05-11 17:18:00,2022-05-15 21:54:00,100.6,6,6,"AATB,ATHN,BKSN,JUNG,JUNG1,LMKS",4.579359002700851,7.1761299831157075,7.333979183413479,2022-05-11 17:18:00,2022-05-14 18:58:00,2022-05-12 12:10:00,2022-05-15 21:54:00,9,"AATB,ATHN,BKSN,JUNG,JUNG1,KERG,KIEL2,LMKS,NEWK",3,"KERG,KIEL2,NEWK",4.521292307166861,4.270451252460505,7.1761299831157075,core,supported_multi_station_candidate,A,False,2022,-6.536666666666666,598.1233333333333,18.25316666666667,11.14749045138889,True,8.466666666666667,1.16,,601.0,18.5,False,True,True,True,True,-6.825,352.2,9.655000000000001,34.5,554.0,150.0
599,2022-05-16 19:02:00,2022-05-16 19:02:00,2022-05-16 19:02:00,2022-05-17 03:34:00,8.533333333333333,1,1,JUNG1,3.28200770341473,3.28200770341473,7.8192594782021905,2022-05-16 19:02:00,2022-05-16 19:02:00,2022-05-17 03:34:00,2022-05-17 03:34:00,2,"JUNG1,LMKS",1,LMKS,2.9161997215564806,2.9161997215564806,3.28200770341473,core,supported_multi_station_candidate,B,True,2022,-5.517833333333333,603.7986111111111,16.512833333333333,5.048285590277778,True,8.966666666666667,0.4,,606.0,8.7,False,False,True,True,True,-3.815,581.3499999999999,9.59,111.7999999999999,4.0,84.0
600,2022-05-19 06:00:00,2022-05-19 06:00:00,2022-05-18 10:06:00,2022-05-21 01:00:00,62.9,9,9,"AATB,FSMT,JUNG,JUNG1,KERG,LMKS,MXCO,NEWK,ROME",5.019654439336892,6.6241850036054135,6.3099421383962415,2022-05-18 10:06:00,2022-05-20 05:58:00,2022-05-19 20:48:00,2022-05-21 01:00:00,14,"AATB,APTY,BKSN,DRBS,FSMT,JUNG,JUNG1,KERG,KIEL2,LMKS,MXCO,NEWK,OULU,ROME",5,"APTY,BKSN,DRBS,KIEL2,OULU",5.757790528238979,5.139804972767946,13.244060465040436,core,supported_multi_station_candidate,A,False,2022,-5.1080000000000005,603.7986111111111,9.777833333333332,3.6495137457044673,True,8.0,2.38,,602.0,9.3,False,False,True,False,True,-5.765000000000001,520.45,6.755,74.55000000000001,24.0,0.0
601,2022-05-25 21:24:00,2022-05-25 21:24:00,2022-05-24 12:28:00,2022-05-29 00:00:00,107.53333333333333,13,13,"AATB,ATHN,BKSN,DRBS,JUNG,JUNG1,KERG,KIEL2,LMKS,MXCO,NEWK,OULU,ROME",4.781274297578507,7.245672759179011,6.866711730316364,2022-05-24 12:28:00,2022-05-28 13:24:00,2022-05-25 22:16:00,2022-05-29 00:00:00,14,"AATB,ATHN,BKSN,DRBS,FSMT,JUNG,JUNG1,KERG,KIEL2,LMKS,MXCO,NEWK,OULU,ROME",1,FSMT,4.681880683008976,4.438206150690721,7.245672759179011,core,supported_multi_station_candidate,A,False,2022,-9.146166666666666,472.2483333333333,14.012666666666666,9.801638888888888,True,-14.4,0.67,,378.0,8.0,False,False,True,False,True,-3.2,384.1,8.665,50.85000000000002,16.0,26.0
603,2022-06-02 09:50:00,2022-06-02 09:50:00,2022-06-02 09:50:00,2022-06-02 23:36:00,13.766666666666667,1,1,KERG,2.4640083276219973,2.4640083276219973,6.639744802617668,2022-06-02 09:50:00,2022-06-02 09:50:00,2022-06-02 23:36:00,2022-06-02 23:36:00,2,"ATHN,KERG",1,ATHN,4.319224639606781,4.319224639606781,6.174440951591564,core,supported_multi_station_candidate,B,True,2022,-3.592833333333333,525.6925,5.020333333333332,3.6082222222222224,True,11.166666666666666,0.49,,357.0,3.9,False,False,True,False,True,-4.43,400.7,5.09,45.0,32.0,0.0
604,2022-06-06 08:26:00,2022-06-06 08:26:00,2022-06-06 05:52:00,2022-06-07 05:26:00,23.566666666666666,2,2,"DRBS,JUNG1",5.188305567590028,6.663463548162329,4.803626765232751,2022-06-06 05:52:00,2022-06-06 11:00:00,2022-06-07 04:00:00,2022-06-07 05:26:00,10,"AATB,APTY,DRBS,FSMT,JUNG,JUNG1,KIEL2,LMKS,NEWK,OULU",8,"AATB,APTY,FSMT,JUNG,KIEL2,LMKS,NEWK,OULU",4.311319288632027,3.9100339221258054,6.663463548162329,core,supported_multi_station_candidate,A,False,2022,-6.765,337.73499999999996,12.296666666666665,11.877165426587302,True,2.1,1.51,SSC,337.0,11.7,True,True,True,False,True,-9.13,321.55,10.345,60.35000000000002,266.0,12.0
605,2022-06-10 22:34:00,2022-06-10 22:34:00,2022-06-08 15:48:00,2022-06-13 14:12:00,118.4,7,7,"DRBS,FSMT,JUNG1,KERG,LMKS,NEWK,OULU",5.081327495229231,7.661678328831517,5.548229155151572,2022-06-08 15:48:00,2022-06-12 03:02:00,2022-06-10 01:34:00,2022-06-13 14:12:00,15,"AATB,APTY,BKSN,CALM,DRBS,FSMT,JUNG,JUNG1,KERG,KIEL2,LMKS,MXCO,NEWK,OULU,ROME",8,"AATB,APTY,BKSN,CALM,JUNG,KIEL2,MXCO,ROME",5.558404159281411,5.114071012056238,9.470368308369446,core,supported_multi_station_candidate,A,False,2022,-4.635833333333333,467.4191666666667,14.864166666666668,11.279101562499998,True,-8.566666666666666,0.93,,328.0,6.8,False,True,True,False,True,-4.97,328.45000000000005,7.67,51.35000000000002,78.0,0.0
606,2022-06-14 19:41:00,2022-06-14 19:41:00,2022-06-14 11:20:00,2022-06-16 06:40:00,43.333333333333336,8,8,"AATB,BKSN,DRBS,FSMT,JUNG1,KIEL2,MXCO,ROME",5.507308673840897,7.276100601432767,6.270009557172852,2022-06-14 11:20:00,2022-06-16 02:30:00,2022-06-15 10:00:00,2022-06-16 06:40:00,14,"AATB,APTY,BKSN,DRBS,FSMT,JUNG,JUNG1,KERG,KIEL2,LMKS,MXCO,NEWK,OULU,ROME",6,"APTY,JUNG,KERG,LMKS,NEWK,OULU",5.757101780045906,5.87399191666533,7.276100601432767,core,supported_multi_station_candidate,A,False,2022,-6.797333333333333,617.3566666666667,14.078333333333331,3.8682977430555554,True,8.883333333333333,2.96,SSC,617.0,12.5,True,False,True,False,True,-4.6,524.7,8.2,96.20000000000005,24.0,22.0
608,2022-06-23 16:00:00,2022-06-23 16:00:00,2022-06-22 06:46:00,2022-06-26 06:34:00,95.8,10,10,"AATB,BKSN,DRBS,JUNG1,KERG,KIEL2,LMKS,MXCO,NEWK,OULU",5.0713960204538235,11.616375140573338,6.824517624943671,2022-06-22 06:46:00,2022-06-25 19:52:00,2022-06-23 13:00:00,2022-06-26 06:34:00,14,"AATB,APTY,ATHN,BKSN,DRBS,FSMT,JUNG1,KERG,KIEL2,LMKS,MXCO,NEWK,OULU,ROME",4,"APTY,ATHN,FSMT,ROME",5.092178517129085,4.435115056881843,11.616375140573338,core,supported_multi_station_candidate,A,False,2022,-8.526833333333334,545.8399999999999,13.030333333333335,3.677617925981341,False,,,,,,False,False,True,False,True,-4.525,531.1,8.75,100.59999999999991,14.0,40.0
609,2022-06-30 14:06:00,2022-06-30 14:06:00,2022-06-30 14:06:00,2022-07-01 09:16:00,19.166666666666668,1,1,FSMT,3.349561889260347,3.349561889260347,3.91991774952969,2022-06-30 14:06:00,2022-06-30 14:06:00,2022-07-01 09:16:00,2022-07-01 09:16:00,2,"FSMT,JUNG1",1,JUNG1,3.003901051191672,3.003901051191672,3.349561889260347,core,supported_multi_station_candidate,B,True,2022,-11.998166666666666,520.0658333333333,13.712,6.233036458333334,False,,,,,,False,False,True,False,True,-3.475,445.7,4.87,57.19999999999999,8.0,0.0
610,2022-07-02 18:10:00,2022-07-02 18:10:00,2022-07-02 09:54:00,2022-07-04 10:00:00,48.1,6,6,"AATB,FSMT,JUNG,KERG,MXCO,NEWK",4.290457237713351,5.708435901809467,6.712000602038942,2022-07-02 09:54:00,2022-07-02 22:10:00,2022-07-03 01:44:00,2022-07-04 10:00:00,11,"AATB,BKSN,FSMT,JUNG,JUNG1,KERG,KIEL2,LMKS,MXCO,NEWK,ROME",5,"BKSN,JUNG1,KIEL2,LMKS,ROME",4.285546288408709,4.072882623665178,5.708435901809467,core,supported_multi_station_candidate,A,False,2022,-11.998166666666666,453.8333333333333,18.168166666666664,15.58145920138889,True,7.833333333333333,0.75,,349.0,14.1,False,True,True,True,True,-12.29,352.85,13.91,52.700000000000045,358.0,930.0
611,2022-07-06 16:00:00,2022-07-06 16:00:00,2022-07-06 00:36:00,2022-07-08 21:46:00,69.16666666666667,6,6,"AATB,BKSN,FSMT,KERG,LMKS,NEWK",4.141082397912431,5.785954369402514,5.802379470539887,2022-07-06 00:36:00,2022-07-07 13:02:00,2022-07-06 19:30:00,2022-07-08 21:46:00,13,"AATB,APTY,BKSN,DRBS,FSMT,JUNG,JUNG1,KERG,KIEL2,LMKS,MXCO,NEWK,OULU",7,"APTY,DRBS,JUNG,JUNG1,KIEL2,MXCO,OULU",4.590246501388471,4.403963266358434,6.7953819301577845,core,supported_multi_station_candidate,A,False,2022,-16.790333333333333,453.8333333333333,21.992833333333333,11.869079896907214,True,14.933333333333334,1.82,SSC,404.0,20.9,True,False,True,False,True,-5.945,350.2,7.82,30.600000000000023,36.0,0.0
612,2022-07-11 06:46:00,2022-07-11 06:46:00,2022-07-09 19:34:00,2022-07-13 04:50:00,81.26666666666667,9,9,"APTY,DRBS,JUNG1,KIEL2,LMKS,MXCO,NEWK,OULU,ROME",4.962732740576419,6.504658931584873,6.14348946757028,2022-07-09 19:34:00,2022-07-12 07:10:00,2022-07-10 19:14:00,2022-07-13 04:50:00,15,"APTY,ATHN,BKSN,CALM,DRBS,FSMT,JUNG,JUNG1,KERG,KIEL2,LMKS,MXCO,NEWK,OULU,ROME",6,"ATHN,BKSN,CALM,FSMT,JUNG,KERG",5.6935157717034,5.456938163778607,9.124895658320803,core,supported_multi_station_candidate,A,False,2022,-6.687833333333333,499.7,15.168000000000001,8.38768991902834,True,10.233333333333333,0.29,SI,360.0,15.5,True,False,True,False,True,-4.365,384.4,12.29,58.89999999999998,14.0,50.0
613,2022-07-14 19:00:00,2022-07-14 19:00:00,2022-07-14 19:00:00,2022-07-14 22:02:00,3.033333333333333,1,1,APTY,3.803083106325894,3.803083106325894,4.599912024555882,2022-07-14 19:00:00,2022-07-14 19:00:00,2022-07-14 22:02:00,2022-07-14 22:02:00,3,"APTY,KERG,LMKS",2,"KERG,LMKS",3.3743171972690322,3.1762591145782837,3.803083106325894,core,supported_multi_station_candidate,B,True,2022,-4.998166666666666,560.6550000000001,9.424166666666668,0.9645153765774455,True,-7.0,0.44,,463.0,9.4,False,False,True,True,True,-4.85,508.3,9.61,193.10000000000002,48.0,596.0
614,2022-07-18 08:34:00,2022-07-18 08:34:00,2022-07-17 01:10:00,2022-07-20 12:38:00,83.46666666666667,13,13,"AATB,APTY,ATHN,BKSN,FSMT,JUNG,JUNG1,KERG,KIEL2,LMKS,MXCO,OULU,ROME",5.616813239327692,12.19662971139835,6.794690101811858,2022-07-17 01:10:00,2022-07-19 06:56:00,2022-07-17 03:22:00,2022-07-20 12:38:00,15,"AATB,APTY,ATHN,BKSN,DRBS,FSMT,JUNG,JUNG1,KERG,KIEL2,LMKS,MXCO,NEWK,OULU,ROME",2,"DRBS,NEWK",5.728378656864085,5.1016344882507205,12.19662971139835,core,supported_multi_station_candidate,A,False,2022,-10.860833333333334,489.53499999999997,15.318833333333334,3.953910590277778,True,12.75,3.08,SI,488.0,15.3,True,True,True,False,True,-5.54,408.7,9.004999999999999,61.099999999999966,70.0,34.0
615,2022-07-22 12:52:00,2022-07-22 12:52:00,2022-07-21 23:28:00,2022-07-23 23:02:00,47.56666666666667,9,9,"AATB,DRBS,JUNG,KERG,KIEL2,LMKS,MXCO,NEWK,OULU",6.731113132332289,10.322991188325592,6.05793483132086,2022-07-21 23:28:00,2022-07-23 07:26:00,2022-07-23 06:52:00,2022-07-23 23:02:00,15,"AATB,APTY,ATHN,BKSN,CALM,DRBS,FSMT,JUNG,JUNG1,KERG,KIEL2,LMKS,MXCO,NEWK,OULU",6,"APTY,ATHN,BKSN,CALM,FSMT,JUNG1",6.872850252781206,6.520953322784682,10.322991188325592,core,supported_multi_station_candidate,A,False,2022,-9.6615,650.6550000000001,19.62183333333333,7.805402777777776,True,14.083333333333334,3.82,SSC,649.0,13.0,True,False,True,True,True,-10.21,595.1,14.055,180.50000000000006,22.0,560.0
616,2022-07-27 07:42:00,2022-07-27 07:42:00,2022-07-26 14:04:00,2022-07-29 19:54:00,77.83333333333333,5,5,"AATB,JUNG,JUNG1,KIEL2,NEWK",4.082854610781571,5.324991803447842,5.5551587848242,2022-07-26 14:04:00,2022-07-28 18:06:00,2022-07-27 15:58:00,2022-07-29 19:54:00,7,"AATB,FSMT,JUNG,JUNG1,KIEL2,LMKS,NEWK",2,"FSMT,LMKS",3.7965519921772204,3.7403390151469758,5.324991803447842,core,supported_multi_station_candidate,A,False,2022,-5.3515,454.96666666666664,9.181833333333334,4.606518229166666,True,-8.7,0.33,,457.0,7.0,False,False,True,False,True,-5.52,475.0,7.14,116.0,46.0,0.0
618,2022-08-02 16:45:00,2022-08-02 16:45:00,2022-08-02 01:54:00,2022-08-03 09:32:00,31.633333333333333,2,2,"JUNG1,NEWK",3.96588738395368,4.584345627180065,6.13047197404931,2022-08-02 01:54:00,2022-08-03 07:36:00,2022-08-03 09:10:00,2022-08-03 09:32:00,6,"APTY,FSMT,JUNG1,KIEL2,LMKS,NEWK",4,"APTY,FSMT,KIEL2,LMKS",3.655714727990956,3.715364772424577,4.584345627180065,core,supported_multi_station_candidate,A,False,2022,-3.4861666666666666,550.0516666666666,13.206166666666666,6.358748263888889,True,7.25,0.66,,557.0,7.5,False,False,True,False,True,-7.21,545.7,8.315000000000001,85.80000000000007,20.0,52.0
619,2022-08-07 16:52:00,2022-08-07 16:52:00,2022-08-06 14:22:00,2022-08-10 12:48:00,94.43333333333334,9,9,"AATB,APTY,BKSN,DRBS,FSMT,JUNG,MXCO,NEWK,ROME",5.373420771053343,9.154496775608347,6.537004015511763,2022-08-06 14:22:00,2022-08-10 12:18:00,2022-08-07 23:58:00,2022-08-10 12:48:00,14,"AATB,APTY,BKSN,DRBS,FSMT,JUNG,JUNG1,KERG,KIEL2,LMKS,MXCO,NEWK,OULU,ROME",5,"JUNG1,KERG,KIEL2,LMKS,OULU",5.096063172624554,4.813777069795241,9.154496775608347,core,supported_multi_station_candidate,A,False,2022,-8.975833333333332,648.7,13.3355,7.170981770833333,True,1.1333333333333333,1.56,,620.0,13.0,False,True,True,True,True,-10.79,639.5,14.41,209.2,148.0,658.0
620,2022-08-12 17:58:00,2022-08-12 17:58:00,2022-08-12 11:50:00,2022-08-13 12:54:00,25.066666666666666,2,2,"BKSN,KERG",4.055255854059347,4.108982088463965,6.131536311925236,2022-08-12 11:50:00,2022-08-13 00:06:00,2022-08-12 22:26:00,2022-08-13 12:54:00,2,"BKSN,KERG",0,,4.055255854059347,4.055255854059347,4.108982088463965,core,supported_multi_station_candidate,B,False,2022,-4.6695,632.9741666666666,10.0645,2.5493524305555555,True,6.033333333333333,0.31,,543.0,6.6,False,False,True,False,True,-4.04,627.4,8.245000000000001,142.25,12.0,14.0
621,2022-08-16 23:56:00,2022-08-16 23:56:00,2022-08-16 05:08:00,2022-08-19 03:38:00,70.5,9,9,"APTY,CALM,DRBS,FSMT,JUNG,KIEL2,LMKS,OULU,ROME",6.041046473419136,8.989147889163478,6.226406541537076,2022-08-16 05:08:00,2022-08-18 08:52:00,2022-08-17 15:28:00,2022-08-19 03:38:00,15,"AATB,APTY,BKSN,CALM,DRBS,FSMT,JUNG,JUNG1,KERG,KIEL2,LMKS,MXCO,NEWK,OULU,ROME",6,"AATB,BKSN,JUNG1,KERG,MXCO,NEWK",5.763218599956168,5.4294551119656855,8.989147889163478,core,supported_multi_station_candidate,A,False,2022,-13.495333333333333,603.8366666666667,17.203333333333333,5.856915798611111,True,3.033333333333333,2.59,SSC,608.0,17.2,True,False,True,True,True,-9.084999999999999,506.7,18.189999999999998,147.49999999999994,12.0,176.0
622,2022-08-20 05:27:00,2022-08-20 05:27:00,2022-08-19 23:04:00,2022-08-20 21:30:00,22.433333333333334,4,4,"APTY,FSMT,JUNG1,KIEL2",4.745050534024149,4.99913088793103,8.526414914446088,2022-08-19 23:04:00,2022-08-20 14:36:00,2022-08-20 02:56:00,2022-08-20 21:30:00,8,"AATB,APTY,FSMT,JUNG1,KERG,KIEL2,LMKS,OULU",4,"AATB,KERG,LMKS,OULU",4.566727033604698,4.753966894218939,5.598203700794926,core,supported_multi_station_candidate,A,False,2022,-5.974666666666667,707.7341666666667,11.583166666666667,3.7805,True,-11.933333333333334,1.89,SSC,705.0,9.7,True,True,True,True,True,-10.685,732.7,10.875,197.1500000000001,70.0,164.0
623,2022-08-25 10:33:00,2022-08-25 10:33:00,2022-08-24 14:30:00,2022-08-26 18:20:00,51.833333333333336,4,4,"AATB,JUNG,JUNG1,KERG",4.327618238608405,5.4566287725687985,4.914473461284251,2022-08-24 14:30:00,2022-08-26 04:24:00,2022-08-25 15:34:00,2022-08-26 18:20:00,5,"AATB,CALM,JUNG,JUNG1,KERG",1,CALM,4.992446668773908,4.986217564458846,7.65176038943592,core,supported_multi_station_candidate,A,False,2022,-6.8845,470.99666666666667,10.059500000000002,5.213870411706349,True,14.45,0.45,,354.0,7.1,False,False,True,False,True,-3.44,397.35,6.515000000000001,51.19999999999999,4.0,0.0
624,2022-08-28 13:40:00,2022-08-28 13:40:00,2022-08-28 01:14:00,2022-08-31 21:16:00,92.03333333333333,7,7,"AATB,APTY,FSMT,JUNG,JUNG1,KERG,LMKS",3.7587850057333165,4.714345782436874,11.775945359026176,2022-08-28 01:14:00,2022-08-31 09:10:00,2022-08-29 00:28:00,2022-08-31 21:16:00,10,"AATB,APTY,BKSN,FSMT,JUNG,JUNG1,KERG,KIEL2,LMKS,OULU",3,"BKSN,KIEL2,OULU",4.022957052155812,4.424286723968228,5.069502033488443,core,supported_multi_station_candidate,A,False,2022,-9.263666666666667,610.0825,12.7265,9.150720486111112,True,14.016666666666667,0.56,SSC,530.0,11.4,True,False,True,True,True,-7.975,485.85,9.61,92.60000000000002,48.0,64.0
625,2022-09-02 10:16:00,2022-09-02 10:16:00,2022-09-01 22:06:00,2022-09-06 06:22:00,104.26666666666667,11,11,"AATB,ATHN,BKSN,CALM,DRBS,FSMT,JUNG,KIEL2,MXCO,NEWK,ROME",5.5270682492212835,9.844218551565818,6.12651886970755,2022-09-01 22:06:00,2022-09-05 04:14:00,2022-09-03 01:02:00,2022-09-06 06:22:00,16,"AATB,APTY,ATHN,BKSN,CALM,DRBS,FSMT,JUNG,JUNG1,KERG,KIEL2,LMKS,MXCO,NEWK,OULU,ROME",5,"APTY,JUNG1,KERG,LMKS,OULU",5.281415140177025,4.881538399565077,9.844218551565818,core,supported_multi_station_candidate,A,False,2022,-5.188166666666667,712.5516666666666,10.6995,6.293126754385964,True,-4.266666666666667,0.73,,459.0,8.2,False,False,True,False,True,-4.48,488.5,6.005,59.80000000000001,16.0,0.0
626,2022-09-09 09:00:00,2022-09-09 09:00:00,2022-09-08 21:00:00,2022-09-10 09:04:00,36.06666666666667,4,4,"ATHN,DRBS,JUNG1,MXCO",5.162496012681767,7.193566237180266,6.320200477956039,2022-09-08 21:00:00,2022-09-09 12:18:00,2022-09-09 16:08:00,2022-09-10 09:04:00,12,"AATB,ATHN,DRBS,FSMT,JUNG,JUNG1,KERG,LMKS,MXCO,NEWK,OULU,ROME",8,"AATB,FSMT,JUNG,KERG,LMKS,NEWK,OULU,ROME",4.666381526451925,4.862399482427151,7.193566237180266,core,supported_multi_station_candidate,A,False,2022,-4.548166666666666,605.1022222222222,6.296666666666667,3.030063573883161,True,-10.0,0.61,,517.0,6.3,False,False,True,False,True,-5.535,544.45,6.605,83.39999999999998,58.0,0.0
627,2022-09-15 00:09:00,2022-09-15 00:09:00,2022-09-13 09:26:00,2022-09-17 00:44:00,87.3,8,8,"BKSN,FSMT,JUNG,JUNG1,KERG,LMKS,MXCO,OULU",3.9399213279006116,5.129153528985913,5.852627006116165,2022-09-13 09:26:00,2022-09-16 00:44:00,2022-09-14 16:12:00,2022-09-17 00:44:00,10,"AATB,BKSN,FSMT,JUNG,JUNG1,KERG,LMKS,MXCO,NEWK,OULU",2,"AATB,NEWK",4.01903413980546,3.821096684758193,5.8507683857943515,core,supported_multi_station_candidate,A,False,2022,-4.069583333333333,361.8183333333333,16.124333333333333,15.06130983997276,True,-3.15,1.82,,349.0,16.0,False,False,True,True,True,-14.01,356.7,16.335,67.19999999999999,28.0,436.0
628,2022-09-18 10:21:00,2022-09-18 10:21:00,2022-09-17 17:52:00,2022-09-20 14:24:00,68.53333333333333,8,8,"AATB,APTY,JUNG,KERG,KIEL2,LMKS,NEWK,OULU",4.302757710335978,6.376029801692421,6.199787988452583,2022-09-17 17:52:00,2022-09-19 18:04:00,2022-09-18 20:00:00,2022-09-20 14:24:00,10,"AATB,APTY,FSMT,JUNG,KERG,KIEL2,LMKS,NEWK,OULU,ROME",2,"FSMT,ROME",4.342588677157415,4.109711522487024,6.376029801692421,core,supported_multi_station_candidate,A,False,2022,-5.367999999999999,516.7958333333333,10.621166666666666,7.014598958333334,True,-11.35,2.1,,520.0,10.9,False,True,True,True,True,-7.48,514.8,11.605,123.44999999999993,60.0,372.0
629,2022-09-26 16:16:00,2022-09-26 16:16:00,2022-09-23 07:38:00,2022-09-27 22:10:00,110.53333333333333,8,8,"AATB,APTY,ATHN,BKSN,LMKS,MXCO,OULU,ROME",5.556564847601062,7.54279142620123,7.316070354998573,2022-09-23 07:38:00,2022-09-27 15:16:00,2022-09-24 12:40:00,2022-09-27 22:10:00,16,"AATB,APTY,ATHN,BKSN,CALM,DRBS,FSMT,JUNG,JUNG1,KERG,KIEL2,LMKS,MXCO,NEWK,OULU,ROME",8,"CALM,DRBS,FSMT,JUNG,JUNG1,KERG,KIEL2,NEWK",5.929141546579306,5.649404440443844,7.757734202012266,core,supported_multi_station_candidate,A,False,2022,-15.967,660.2025,24.7715,10.945764652014653,True,6.733333333333333,2.51,,657.0,25.0,False,False,True,False,True,-2.24,341.6,6.98,50.200000000000045,0.0,0.0
630,2022-09-30 10:40:00,2022-09-30 10:40:00,2022-09-29 19:36:00,2022-10-01 20:44:00,49.13333333333333,9,9,"AATB,APTY,BKSN,FSMT,JUNG1,KERG,KIEL2,LMKS,MXCO",4.375149711128247,6.128851070740726,7.993361622082137,2022-09-29 19:36:00,2022-10-01 18:56:00,2022-09-30 17:42:00,2022-10-01 20:44:00,14,"AATB,APTY,BKSN,DRBS,FSMT,JUNG,JUNG1,KERG,KIEL2,LMKS,MXCO,NEWK,OULU,ROME",5,"DRBS,JUNG,NEWK,OULU,ROME",5.01127183152522,5.147014898315343,7.937536799180374,core,supported_multi_station_candidate,A,False,2022,-4.359666666666667,591.4391666666667,11.955,2.2891231204710145,True,-5.4,1.28,SSC,590.0,11.7,True,True,True,True,True,-9.385000000000002,627.1,14.925,201.35000000000002,100.0,368.0
631,2022-10-03 09:06:00,2022-10-03 09:06:00,2022-10-03 03:28:00,2022-10-04 15:00:00,35.53333333333333,3,3,"BKSN,KIEL2,LMKS",5.0238894911044705,6.270493941743634,5.904685645619942,2022-10-03 03:28:00,2022-10-03 23:14:00,2022-10-04 03:06:00,2022-10-04 15:00:00,8,"AATB,APTY,BKSN,FSMT,KIEL2,LMKS,OULU,ROME",5,"AATB,APTY,FSMT,OULU,ROME",4.476198445524917,4.522773444523732,6.270493941743634,core,supported_multi_station_candidate,A,False,2022,-7.428833333333333,595.4783333333332,13.961666666666668,2.6438876811594203,True,-13.1,0.83,,556.0,14.4,False,True,True,True,True,-8.594999999999999,599.0,13.184999999999999,150.55,180.0,296.0
633,2022-10-07 16:10:00,2022-10-07 16:10:00,2022-10-07 08:04:00,2022-10-09 04:50:00,44.766666666666666,7,7,"APTY,BKSN,FSMT,JUNG1,KIEL2,NEWK,OULU",4.993742599203687,5.759520219082923,8.217296552456729,2022-10-07 08:04:00,2022-10-08 06:40:00,2022-10-08 13:34:00,2022-10-09 04:50:00,12,"AATB,APTY,BKSN,DRBS,FSMT,JUNG,JUNG1,KERG,KIEL2,LMKS,NEWK,OULU",5,"AATB,DRBS,JUNG,KERG,LMKS",4.79359423445996,4.7041857511083585,6.112550891976255,core,supported_multi_station_candidate,A,False,2022,-4.481333333333334,636.2691666666667,7.442333333333334,3.322182291666666,True,-4.166666666666667,0.4,,539.0,7.3,False,False,True,False,True,-5.415,612.1,7.72,132.10000000000002,8.0,0.0
634,2022-10-09 21:08:00,2022-10-09 21:08:00,2022-10-09 19:46:00,2022-10-10 15:54:00,20.133333333333333,3,3,"LMKS,MXCO,NEWK",5.405618027453154,7.815682607120289,5.088193851505436,2022-10-09 19:46:00,2022-10-10 03:48:00,2022-10-09 23:34:00,2022-10-10 15:54:00,5,"JUNG,JUNG1,LMKS,MXCO,NEWK",2,"JUNG,JUNG1",4.587552887382044,3.632610697698545,7.815682607120289,core,supported_multi_station_candidate,A,False,2022,-3.4863333333333335,649.8349999999999,6.6946666666666665,2.5243247847011148,True,-3.1333333333333333,0.34,,647.0,5.2,False,False,True,False,True,-5.2,666.8,6.52,115.39999999999998,32.0,0.0
635,2022-10-14 14:30:00,2022-10-14 14:30:00,2022-10-13 11:58:00,2022-10-16 04:26:00,64.46666666666667,8,8,"APTY,BKSN,DRBS,JUNG,KIEL2,LMKS,MXCO,NEWK",6.245166115199728,6.714894954713579,6.5920762355435,2022-10-13 11:58:00,2022-10-15 01:32:00,2022-10-14 23:00:00,2022-10-16 04:26:00,15,"AATB,APTY,ATHN,BKSN,DRBS,FSMT,JUNG,JUNG1,KERG,KIEL2,LMKS,MXCO,NEWK,OULU,ROME",7,"AATB,ATHN,FSMT,JUNG1,KERG,OULU,ROME",6.287947070096921,6.467900064902933,8.195410055018897,core,supported_multi_station_candidate,A,False,2022,-11.507833333333334,621.9583333333334,16.270833333333332,6.88940798611111,True,5.5,1.73,,548.0,13.1,False,True,True,True,True,-16.28,411.25,17.729999999999997,87.64999999999998,188.0,716.0
636,2022-10-20 18:09:00,2022-10-20 18:09:00,2022-10-19 17:58:00,2022-10-22 07:52:00,61.9,4,4,"APTY,FSMT,JUNG,ROME",4.421688898906101,4.935199066309157,5.101113180279536,2022-10-19 17:58:00,2022-10-21 16:24:00,2022-10-21 05:04:00,2022-10-22 07:52:00,12,"AATB,APTY,ATHN,DRBS,FSMT,JUNG,JUNG1,KERG,LMKS,NEWK,OULU,ROME",8,"AATB,ATHN,DRBS,JUNG1,KERG,LMKS,NEWK,OULU",4.6490040525202065,4.45251167992506,8.337672163152494,core,supported_multi_station_candidate,A,False,2022,-9.262333333333334,491.81,11.581833333333332,8.118123229847495,True,-8.15,0.42,,452.0,6.6,False,False,True,False,True,-4.735,463.5,6.795,77.39999999999998,44.0,0.0
637,2022-10-23 08:56:00,2022-10-23 08:56:00,2022-10-23 02:50:00,2022-10-24 12:02:00,33.2,2,2,"FSMT,JUNG",4.060595701442249,4.577031301118085,4.854366886651643,2022-10-23 02:50:00,2022-10-23 15:02:00,2022-10-24 01:08:00,2022-10-24 12:02:00,7,"AATB,APTY,FSMT,JUNG,JUNG1,LMKS,MXCO",5,"AATB,APTY,JUNG1,LMKS,MXCO",3.704085495180648,3.578634363712311,4.577031301118085,core,supported_multi_station_candidate,A,False,2022,-9.262333333333334,555.42,11.581833333333332,8.476808159722223,True,-1.9333333333333333,0.63,,558.0,11.8,False,True,True,True,True,-9.350000000000001,579.5,11.385000000000002,179.50000000000006,88.0,726.0
638,2022-10-30 00:40:00,2022-10-30 00:40:00,2022-10-29 13:18:00,2022-10-31 16:32:00,51.233333333333334,4,4,"AATB,APTY,JUNG1,KERG",3.863689036842752,4.497465604898902,6.553586198735577,2022-10-29 13:18:00,2022-10-31 10:42:00,2022-10-30 22:14:00,2022-10-31 16:32:00,6,"AATB,APTY,JUNG,JUNG1,KERG,LMKS",2,"JUNG,LMKS",3.691431773942776,3.897186307525751,4.497465604898902,core,supported_multi_station_candidate,A,False,2022,-5.535666666666667,560.3541666666666,11.520666666666667,4.5085963541666665,False,,,,,,False,False,True,False,True,-5.880000000000001,602.3,6.52,92.04999999999995,22.0,0.0
639,2022-11-02 19:46:00,2022-11-02 19:46:00,2022-11-02 12:36:00,2022-11-03 20:44:00,32.13333333333333,2,2,"FSMT,KERG",3.737445453414502,3.964046227326608,7.069115424700238,2022-11-02 12:36:00,2022-11-03 02:56:00,2022-11-03 10:58:00,2022-11-03 20:44:00,8,"BKSN,FSMT,JUNG,JUNG1,KERG,KIEL2,LMKS,MXCO",6,"BKSN,JUNG,JUNG1,KIEL2,LMKS,MXCO",3.6070757916537626,3.5387351857153195,4.846510490006137,core,supported_multi_station_candidate,A,False,2022,-7.329166666666667,639.5433333333333,9.9985,2.992204861111111,True,-16.766666666666666,0.84,,513.0,10.0,False,True,True,True,True,-8.095,518.75,9.64,116.30000000000001,98.0,266.0
640,2022-11-06 19:24:00,2022-11-06 19:24:00,2022-11-04 10:28:00,2022-11-08 20:24:00,105.93333333333334,13,13,"AATB,ATHN,BKSN,DRBS,FSMT,JUNG,KERG,KIEL2,LMKS,MXCO,NEWK,OULU,ROME",6.019948941711693,15.15084087253875,7.517626796088725,2022-11-04 10:28:00,2022-11-08 05:16:00,2022-11-05 04:30:00,2022-11-08 20:24:00,16,"AATB,APTY,ATHN,BKSN,CALM,DRBS,FSMT,JUNG,JUNG1,KERG,KIEL2,LMKS,MXCO,NEWK,OULU,ROME",3,"APTY,CALM,JUNG1",6.064413321229102,5.1488347306724975,15.15084087253875,core,supported_multi_station_candidate,A,False,2022,-9.912333333333333,532.8216666666666,13.919166666666666,5.417630208333333,True,4.6,3.19,,406.0,14.2,False,False,True,False,True,-2.4450000000000003,406.5,5.32,45.900000000000034,0.0,0.0
641,2022-11-11 10:50:00,2022-11-11 10:50:00,2022-11-10 17:16:00,2022-11-12 13:14:00,43.96666666666667,9,9,"ATHN,FSMT,JUNG,KERG,LMKS,MXCO,NEWK,OULU,ROME",4.852716692270297,6.861466884419797,7.0962048161323565,2022-11-10 17:16:00,2022-11-11 17:40:00,2022-11-11 16:50:00,2022-11-12 13:14:00,14,"AATB,APTY,ATHN,BKSN,FSMT,JUNG,JUNG1,KERG,KIEL2,LMKS,MXCO,NEWK,OULU,ROME",5,"AATB,APTY,BKSN,JUNG1,KIEL2",4.652953307463789,4.506182654703528,6.861466884419797,core,supported_multi_station_candidate,A,False,2022,-7.9286666666666665,483.03583333333336,12.568666666666667,7.564437030925731,True,3.1666666666666665,1.32,,481.0,12.8,False,True,True,True,True,-10.2,364.5,13.385,59.50000000000006,92.0,170.0
643,2022-11-19 22:06:00,2022-11-19 22:06:00,2022-11-18 15:02:00,2022-11-22 02:34:00,83.53333333333333,5,5,"DRBS,JUNG,KERG,KIEL2,NEWK",4.778123235592676,6.3692681892261325,5.25498587609236,2022-11-18 15:02:00,2022-11-20 18:04:00,2022-11-19 09:58:00,2022-11-22 02:34:00,10,"AATB,DRBS,FSMT,JUNG,JUNG1,KERG,KIEL2,MXCO,NEWK,OULU",5,"AATB,FSMT,JUNG1,MXCO,OULU",4.3526271608722995,4.087322545470245,6.3692681892261325,core,supported_multi_station_candidate,A,False,2022,-7.704833333333334,441.92249999999996,11.4435,10.998807291666667,True,12.9,1.01,,450.0,10.3,False,False,True,True,True,-6.35,396.4,11.71,74.89999999999998,12.0,448.0
644,2022-11-25 22:52:00,2022-11-25 22:52:00,2022-11-25 18:36:00,2022-11-26 16:08:00,21.533333333333335,3,3,"DRBS,JUNG,LMKS",4.446570240666385,6.207277684032207,7.343364036293569,2022-11-25 18:36:00,2022-11-26 04:04:00,2022-11-26 01:58:00,2022-11-26 16:08:00,5,"DRBS,JUNG,JUNG1,KIEL2,LMKS",2,"JUNG1,KIEL2",4.60610459858387,4.788804912407428,6.207277684032207,core,supported_multi_station_candidate,A,False,2022,-7.522666666666667,629.5583333333333,14.694833333333332,9.744526041666665,True,13.133333333333333,0.47,,621.0,8.6,False,False,True,True,True,-7.07,582.2,13.08,147.40000000000003,18.0,122.0
645,2022-11-27 08:06:00,2022-11-27 08:06:00,2022-11-27 08:06:00,2022-11-28 18:20:00,34.233333333333334,1,1,FSMT,3.342781153382433,3.342781153382433,3.557625287683954,2022-11-27 08:06:00,2022-11-27 08:06:00,2022-11-28 18:20:00,2022-11-28 18:20:00,3,"AATB,BKSN,FSMT",2,"AATB,BKSN",4.18280965282686,3.342781153382433,6.079055861914815,core,supported_multi_station_candidate,B,True,2022,-5.8355,651.4599999999999,13.992666666666667,4.673105034722222,True,10.9,1.28,,682.0,10.6,False,True,True,False,True,-4.16,647.4,7.175,133.80000000000007,70.0,0.0
646,2022-12-02 07:02:00,2022-12-02 07:02:00,2022-12-01 17:04:00,2022-12-05 00:12:00,79.13333333333334,9,9,"AATB,APTY,BKSN,DRBS,JUNG1,KERG,LMKS,OULU,ROME",4.822318674773971,6.830172847983059,9.352334225147969,2022-12-01 17:04:00,2022-12-04 08:46:00,2022-12-02 03:00:00,2022-12-05 00:12:00,13,"AATB,APTY,BKSN,DRBS,FSMT,JUNG,JUNG1,KERG,KIEL2,LMKS,NEWK,OULU,ROME",4,"FSMT,JUNG,KIEL2,NEWK",4.767470284220848,4.4301309036948595,6.830172847983059,core,supported_multi_station_candidate,A,False,2022,-5.086666666666667,828.0333333333333,11.424333333333333,2.382910014619883,True,2.966666666666667,0.78,,691.0,4.9,False,False,True,False,True,-4.85,881.9,5.619999999999999,151.29999999999995,16.0,0.0
647,2022-12-06 22:04:00,2022-12-06 22:04:00,2022-12-06 12:02:00,2022-12-09 00:20:00,60.3,6,6,"AATB,FSMT,KERG,KIEL2,NEWK,ROME",4.158338836377692,5.039561241837311,6.989085226073883,2022-12-06 12:02:00,2022-12-07 18:54:00,2022-12-06 21:30:00,2022-12-09 00:20:00,11,"AATB,APTY,FSMT,JUNG,JUNG1,KERG,KIEL2,LMKS,NEWK,OULU,ROME",5,"APTY,JUNG,JUNG1,LMKS,OULU",4.093067578152712,4.381120217419712,5.244305597795869,core,supported_multi_station_candidate,A,False,2022,-10.585166666666668,595.7358333333334,17.353166666666667,7.764557291666667,True,10.933333333333334,1.52,,588.0,17.6,False,False,True,False,True,-3.59,377.8,5.095000000000001,32.75,20.0,0.0
648,2022-12-17 13:52:00,2022-12-17 13:52:00,2022-12-12 22:06:00,2022-12-19 22:56:00,168.83333333333334,9,9,"AATB,APTY,DRBS,FSMT,JUNG1,KERG,KIEL2,LMKS,OULU",4.187971850186029,5.689058952439242,6.009176055989465,2022-12-12 22:06:00,2022-12-19 04:22:00,2022-12-14 03:08:00,2022-12-19 22:56:00,12,"AATB,APTY,DRBS,FSMT,JUNG,JUNG1,KERG,KIEL2,LMKS,MXCO,NEWK,OULU",3,"JUNG,MXCO,NEWK",4.13255051464574,4.0453338997959145,5.689058952439242,core,supported_multi_station_candidate,A,False,2022,-11.029666666666666,345.6116666666667,14.281666666666666,9.767353298611111,True,-17.866666666666667,0.57,,318.0,6.5,False,False,True,False,True,-5.0649999999999995,333.1,6.16,44.900000000000034,16.0,0.0
649,2022-12-22 06:53:00,2022-12-22 06:53:00,2022-12-21 17:58:00,2022-12-23 12:48:00,42.833333333333336,4,4,"AATB,FSMT,JUNG1,KIEL2",3.689990654864405,4.235586039744361,6.697067388531835,2022-12-21 17:58:00,2022-12-22 18:06:00,2022-12-22 22:48:00,2022-12-23 12:48:00,6,"AATB,FSMT,JUNG,JUNG1,KIEL2,LMKS",2,"JUNG,LMKS",3.63288662592551,3.6512965401567845,4.4397787242226405,core,supported_multi_station_candidate,A,False,2022,-11.048,611.3758333333334,15.103666666666667,6.569386284722223,True,3.1166666666666667,0.41,,441.0,10.1,False,True,True,False,True,-7.0600000000000005,417.5,7.875,58.10000000000002,96.0,0.0
650,2022-12-25 23:23:00,2022-12-25 23:23:00,2022-12-25 00:20:00,2022-12-27 08:30:00,56.166666666666664,10,10,"AATB,ATHN,CALM,DRBS,JUNG,JUNG1,LMKS,MXCO,NEWK,ROME",5.789717219452937,9.259363400456548,6.423884388708781,2022-12-25 00:20:00,2022-12-27 00:40:00,2022-12-26 11:24:00,2022-12-27 08:30:00,16,"AATB,APTY,ATHN,BKSN,CALM,DRBS,FSMT,JUNG,JUNG1,KERG,KIEL2,LMKS,MXCO,NEWK,OULU,ROME",6,"APTY,BKSN,FSMT,KERG,KIEL2,OULU",5.862958166365839,5.597902046740908,9.259363400456548,core,supported_multi_station_candidate,A,False,2022,-10.1765,721.66,10.334333333333332,1.5436944444444443,True,5.616666666666666,2.86,,635.0,10.3,False,True,True,True,True,-6.335000000000001,565.9,8.73,178.29999999999995,124.0,178.0
651,2022-12-30 14:42:00,2022-12-30 14:42:00,2022-12-30 14:42:00,2022-12-31 03:20:00,12.633333333333333,1,1,KIEL2,4.831631069798452,4.831631069798452,3.132135531551365,2022-12-30 14:42:00,2022-12-30 14:42:00,2022-12-31 03:20:00,2022-12-31 03:20:00,7,"AATB,BKSN,JUNG,JUNG1,KERG,KIEL2,LMKS",6,"AATB,BKSN,JUNG,JUNG1,KERG,LMKS",4.440766483258292,4.109676996530127,6.120970270409424,core,supported_multi_station_candidate,A,True,2022,-8.027333333333333,611.8425000000001,12.049000000000001,4.5928671875000004,True,-16.7,1.16,,612.0,12.2,False,True,True,True,True,-10.68,581.9,13.175,100.30000000000007,84.0,818.0
652,2023-01-02 05:28:00,2023-01-02 05:28:00,2023-01-01 14:10:00,2023-01-03 02:14:00,36.06666666666667,3,3,"APTY,JUNG,MXCO",3.7678138750259342,4.180827394682189,4.777809051147886,2023-01-01 14:10:00,2023-01-02 08:06:00,2023-01-02 21:08:00,2023-01-03 02:14:00,6,"AATB,APTY,FSMT,JUNG,LMKS,MXCO",3,"AATB,FSMT,LMKS",3.4684252097635198,3.5613071151978066,4.180827394682189,core,supported_multi_station_candidate,A,False,2023,-11.965166666666667,611.8425000000001,14.366333333333333,4.011657118055555,False,,,,,,False,False,True,False,True,-4.555,544.0,5.135,78.69999999999999,40.0,0.0
653,2023-01-03 16:22:00,2023-01-03 16:22:00,2023-01-03 14:40:00,2023-01-04 20:26:00,29.766666666666666,7,7,"ATHN,FSMT,JUNG,JUNG1,KERG,KIEL2,LMKS",5.614128116454782,7.739988324086658,6.805486587870322,2023-01-03 14:40:00,2023-01-04 13:46:00,2023-01-04 14:36:00,2023-01-04 20:26:00,15,"AATB,APTY,ATHN,BKSN,DRBS,FSMT,JUNG,JUNG1,KERG,KIEL2,LMKS,MXCO,NEWK,OULU,ROME",8,"AATB,APTY,BKSN,DRBS,MXCO,NEWK,OULU,ROME",5.613115588226545,5.476037315526028,8.237371991960577,core,supported_multi_station_candidate,A,False,2023,-11.965166666666667,525.4566666666667,19.906333333333336,7.222874999999999,True,-0.36666666666666664,2.47,,433.0,20.0,False,False,True,False,True,-5.3,434.9,8.399999999999999,65.10000000000002,44.0,8.0
654,2023-01-06 19:46:00,2023-01-06 19:46:00,2023-01-06 19:46:00,2023-01-06 23:00:00,3.2333333333333334,1,1,KIEL2,3.5738981616420893,3.5738981616420893,5.3369597518947565,2023-01-06 19:46:00,2023-01-06 19:46:00,2023-01-06 23:00:00,2023-01-06 23:00:00,6,"BKSN,JUNG1,KERG,KIEL2,LMKS,OULU",5,"BKSN,JUNG1,KERG,LMKS,OULU",3.640460880225192,3.77210761309286,4.638991949563635,core,supported_multi_station_candidate,A,True,2023,-8.45,457.4458333333333,19.906333333333336,6.382472979695202,False,,,,,,False,False,True,True,True,-4.07,466.15,11.86,106.05000000000001,6.0,796.0
655,2023-01-10 20:34:00,2023-01-10 20:34:00,2023-01-09 05:54:00,2023-01-13 23:32:00,113.63333333333334,9,9,"AATB,APTY,JUNG,JUNG1,KERG,KIEL2,LMKS,OULU,ROME",3.9522763549992224,4.993105313760099,6.818815806557687,2023-01-09 05:54:00,2023-01-13 13:28:00,2023-01-10 02:08:00,2023-01-13 23:32:00,10,"AATB,APTY,FSMT,JUNG,JUNG1,KERG,KIEL2,LMKS,OULU,ROME",1,FSMT,3.9074696973635774,3.7504231271516506,4.993105313760099,core,supported_multi_station_candidate,A,False,2023,-5.874,426.4933333333333,8.805833333333334,8.660937784275504,True,-17.566666666666666,1.26,,426.0,8.8,False,True,True,True,True,-7.205,412.8,9.21,57.599999999999966,84.0,150.0
656,2023-01-18 02:35:00,2023-01-18 02:35:00,2023-01-16 22:50:00,2023-01-19 20:08:00,69.3,8,8,"AATB,APTY,FSMT,JUNG,KERG,KIEL2,LMKS,MXCO",4.106204986315051,5.215209019452035,6.838895518801232,2023-01-16 22:50:00,2023-01-18 12:38:00,2023-01-17 23:50:00,2023-01-19 20:08:00,14,"AATB,APTY,BKSN,DRBS,FSMT,JUNG,JUNG1,KERG,KIEL2,LMKS,MXCO,NEWK,OULU,ROME",6,"BKSN,DRBS,JUNG1,NEWK,OULU,ROME",4.7045100712814,4.418526675448812,7.360774059201582,core,supported_multi_station_candidate,A,False,2023,-10.490833333333335,523.5616666666667,14.9605,6.284805006587614,True,-4.616666666666666,1.62,SSC,445.0,14.9,True,True,True,True,True,-14.370000000000001,470.20000000000005,15.29,115.80000000000007,294.0,506.0
657,2023-01-25 08:02:00,2023-01-25 08:02:00,2023-01-24 14:08:00,2023-01-26 18:42:00,52.56666666666667,4,4,"AATB,BKSN,KERG,LMKS",4.500266182740921,8.13709887416831,6.182700660635448,2023-01-24 14:08:00,2023-01-26 18:40:00,2023-01-25 21:46:00,2023-01-26 18:42:00,9,"AATB,APTY,BKSN,FSMT,KERG,KIEL2,LMKS,MXCO,NEWK",5,"APTY,FSMT,KIEL2,MXCO,NEWK",4.434767274371682,4.005811829453437,8.13709887416831,core,supported_multi_station_candidate,A,False,2023,-7.072166666666666,561.3033333333333,9.428833333333333,3.8643793402777775,True,8.966666666666667,0.8,,574.0,9.4,False,False,True,False,True,-7.175,453.7,7.895,79.30000000000001,40.0,0.0
658,2023-02-02 09:14:00,2023-02-02 09:14:00,2023-02-01 16:28:00,2023-02-04 02:36:00,58.13333333333333,7,7,"AATB,BKSN,DRBS,FSMT,JUNG,KERG,KIEL2",5.131839528594377,6.40240953654959,6.351889834665053,2023-02-01 16:28:00,2023-02-03 13:12:00,2023-02-02 23:06:00,2023-02-04 02:36:00,14,"AATB,APTY,BKSN,DRBS,FSMT,JUNG,JUNG1,KERG,KIEL2,LMKS,MXCO,NEWK,OULU,ROME",7,"APTY,JUNG1,LMKS,MXCO,NEWK,OULU,ROME",4.844913555616751,4.538180337268563,6.40240953654959,core,supported_multi_station_candidate,A,False,2023,-5.256833333333334,479.4733333333333,9.832833333333333,6.086029710144928,True,-16.233333333333334,0.75,,413.0,9.8,False,True,True,True,True,-5.515000000000001,421.35,9.27,64.80000000000001,92.0,130.0
659,2023-02-07 13:42:00,2023-02-07 13:42:00,2023-02-06 13:12:00,2023-02-08 17:58:00,52.766666666666666,5,5,"AATB,BKSN,DRBS,KERG,ROME",5.004396596654691,8.540108297200264,9.827314327303004,2023-02-06 13:12:00,2023-02-08 16:54:00,2023-02-08 00:14:00,2023-02-08 17:58:00,10,"AATB,BKSN,DRBS,FSMT,JUNG,JUNG1,KERG,KIEL2,LMKS,ROME",5,"FSMT,JUNG,JUNG1,KIEL2,LMKS",4.529418817236573,4.359617107120633,8.540108297200264,core,supported_multi_station_candidate,A,False,2023,-7.054333333333333,609.895,12.075833333333332,6.755418958706022,False,,,,,,False,False,True,True,True,-7.95,584.3499999999999,9.379999999999999,106.24999999999989,52.0,72.0
661,2023-02-15 09:28:00,2023-02-15 09:28:00,2023-02-12 18:02:00,2023-02-18 05:38:00,131.6,6,6,"BKSN,FSMT,KERG,LMKS,MXCO,ROME",4.696663997643488,5.902054371897169,5.068022404408507,2023-02-12 18:02:00,2023-02-17 07:24:00,2023-02-14 04:10:00,2023-02-18 05:38:00,10,"AATB,BKSN,DRBS,FSMT,JUNG,JUNG1,KERG,LMKS,MXCO,ROME",4,"AATB,DRBS,JUNG,JUNG1",4.474077122466102,4.2851069845321135,6.692503696233227,core,supported_multi_station_candidate,A,False,2023,-15.794999999999998,528.7666666666667,21.884999999999998,11.58851224712107,True,-10.45,1.79,SSC,354.0,12.8,True,True,True,True,True,-12.875,358.0,13.08,39.35000000000002,340.0,642.0
662,2023-02-20 02:23:00,2023-02-20 02:23:00,2023-02-19 21:38:00,2023-02-21 04:32:00,30.9,4,4,"CALM,KERG,LMKS,ROME",6.223810003832724,10.233866122592758,6.848194170226316,2023-02-19 21:38:00,2023-02-20 04:50:00,2023-02-20 22:12:00,2023-02-21 04:32:00,14,"AATB,APTY,BKSN,CALM,DRBS,FSMT,JUNG1,KERG,KIEL2,LMKS,MXCO,NEWK,OULU,ROME",10,"AATB,APTY,BKSN,DRBS,FSMT,JUNG1,KIEL2,MXCO,NEWK,OULU",5.516954242913295,5.264032237794039,10.233866122592758,core,supported_multi_station_candidate,A,False,2023,-12.026833333333334,460.3566666666667,14.440833333333334,6.613144965277779,True,8.2,1.95,SSC,459.0,14.3,True,True,True,False,True,-5.775,387.2,6.64,71.39999999999998,84.0,0.0
663,2023-02-24 10:40:00,2023-02-24 10:40:00,2023-02-24 10:40:00,2023-02-24 17:56:00,7.266666666666667,1,1,DRBS,6.669886690852088,6.669886690852088,5.958654422925257,2023-02-24 10:40:00,2023-02-24 10:40:00,2023-02-24 17:56:00,2023-02-24 17:56:00,10,"AATB,APTY,BKSN,DRBS,JUNG,JUNG1,KERG,KIEL2,LMKS,ROME",9,"AATB,APTY,BKSN,JUNG,JUNG1,KERG,KIEL2,LMKS,ROME",4.376497351709004,3.817288467808636,6.669886690852088,core,supported_multi_station_candidate,A,True,2023,-4.931166666666667,662.8266666666666,10.201500000000001,6.807450983679858,True,-13.666666666666666,0.89,,661.0,9.9,False,False,True,True,True,-3.8,625.4,10.309999999999999,108.79999999999995,6.0,234.0
664,2023-02-26 23:32:00,2023-02-26 23:32:00,2023-02-26 05:52:00,2023-02-28 18:08:00,60.266666666666666,9,9,"AATB,APTY,BKSN,JUNG,JUNG1,KERG,KIEL2,LMKS,NEWK",5.436570053357578,7.1238882238444345,7.534133972634176,2023-02-26 05:52:00,2023-02-27 21:00:00,2023-02-27 14:22:00,2023-02-28 18:08:00,15,"AATB,APTY,BKSN,CALM,DRBS,FSMT,JUNG,JUNG1,KERG,KIEL2,LMKS,MXCO,NEWK,OULU,ROME",6,"CALM,DRBS,FSMT,MXCO,OULU,ROME",6.08352352263414,5.574667806278228,9.580508281317554,core,supported_multi_station_candidate,A,False,2023,-13.435714285714285,852.5324999999999,15.696339285714286,7.060594103713178,True,-4.15,1.52,SSC,683.0,15.7,True,True,True,True,True,-12.780000000000001,711.95,21.78,264.6500000000001,70.0,464.0
665,2023-03-03 08:04:00,2023-03-03 08:04:00,2023-03-02 19:12:00,2023-03-05 05:44:00,58.53333333333333,5,5,"APTY,BKSN,JUNG,LMKS,OULU",4.582502305017264,5.745915885248749,7.5390617323483955,2023-03-02 19:12:00,2023-03-04 18:14:00,2023-03-04 01:38:00,2023-03-05 05:44:00,13,"AATB,APTY,ATHN,BKSN,FSMT,JUNG,JUNG1,KERG,KIEL2,LMKS,MXCO,NEWK,OULU",8,"AATB,ATHN,FSMT,JUNG1,KERG,KIEL2,MXCO,NEWK",4.681646767970259,4.704512072635366,6.839109453697997,core,supported_multi_station_candidate,A,False,2023,-4.955,729.7166666666667,9.9645,3.1886371527777775,False,,,,,,False,False,True,True,True,-7.34,732.6,10.405,201.80000000000007,46.0,258.0
666,2023-03-08 00:54:00,2023-03-08 00:54:00,2023-03-08 00:54:00,2023-03-08 07:58:00,7.066666666666666,1,1,JUNG1,3.766360210546888,3.766360210546888,9.795704517547524,2023-03-08 00:54:00,2023-03-08 00:54:00,2023-03-08 07:58:00,2023-03-08 07:58:00,3,"JUNG1,KERG,LMKS",2,"KERG,LMKS",3.4738906853335565,3.766360210546888,3.8296747158483564,core,supported_multi_station_candidate,B,True,2023,-8.176,680.4383333333334,8.335666666666667,3.347877604166667,False,,,,,,False,False,True,False,True,-4.005,620.05,4.14,136.45000000000005,18.0,0.0
667,2023-03-09 21:02:00,2023-03-09 21:02:00,2023-03-08 20:14:00,2023-03-11 12:34:00,64.33333333333333,5,5,"AATB,BKSN,FSMT,JUNG1,KERG",4.1719560039584955,5.328523773225461,5.3083425108915465,2023-03-08 20:14:00,2023-03-10 10:10:00,2023-03-09 01:10:00,2023-03-11 12:34:00,8,"AATB,APTY,ATHN,BKSN,FSMT,JUNG,JUNG1,KERG",3,"APTY,ATHN,JUNG",4.4449114644980074,4.405584783569679,5.888342129052226,core,supported_multi_station_candidate,A,False,2023,-8.176,485.3140909090909,8.335666666666667,4.896225694444445,True,8.966666666666667,0.64,,403.0,8.2,False,True,True,False,True,-7.305,438.6,7.695,45.700000000000045,62.0,0.0
668,2023-03-14 13:18:00,2023-03-14 13:18:00,2023-03-13 16:44:00,2023-03-16 05:12:00,60.46666666666667,9,9,"APTY,BKSN,DRBS,FSMT,JUNG1,KERG,KIEL2,LMKS,OULU",6.0015641126798815,8.259598873496614,7.442232108996276,2023-03-13 16:44:00,2023-03-15 12:02:00,2023-03-15 03:50:00,2023-03-16 05:12:00,15,"AATB,APTY,ATHN,BKSN,DRBS,FSMT,JUNG,JUNG1,KERG,KIEL2,LMKS,MXCO,NEWK,OULU,ROME",6,"AATB,ATHN,JUNG,MXCO,NEWK,ROME",6.02363047416404,6.109433062481586,8.259598873496614,core,supported_multi_station_candidate,A,False,2023,-10.318166666666666,568.6991666666667,23.226499999999998,11.147854853479853,True,-8.3,0.48,,425.0,13.8,False,True,True,True,True,-11.79,437.1,16.27,118.40000000000003,158.0,340.0
669,2023-03-19 01:31:00,2023-03-19 01:31:00,2023-03-18 16:58:00,2023-03-20 07:20:00,38.36666666666667,2,2,"AATB,KERG",3.689394972437628,4.772309643728552,7.156694634830652,2023-03-18 16:58:00,2023-03-19 10:04:00,2023-03-19 22:14:00,2023-03-20 07:20:00,5,"AATB,JUNG,JUNG1,KERG,LMKS",3,"JUNG,JUNG1,LMKS",3.5996529524022494,3.9674412963240315,4.772309643728552,core,supported_multi_station_candidate,A,False,2023,-5.507000000000001,435.0875,9.779666666666666,4.309814525462962,False,,,,,,False,True,True,False,True,-6.005,439.4,6.76,66.0,118.0,0.0
670,2023-03-22 09:44:00,2023-03-22 09:44:00,2023-03-22 05:24:00,2023-03-23 20:48:00,39.4,7,7,"ATHN,JUNG,JUNG1,KERG,MXCO,NEWK,OULU",5.191118999696814,6.517897033209138,6.484608180373523,2023-03-22 05:24:00,2023-03-23 02:38:00,2023-03-22 22:34:00,2023-03-23 20:48:00,16,"AATB,APTY,ATHN,BKSN,CALM,DRBS,FSMT,JUNG,JUNG1,KERG,KIEL2,LMKS,MXCO,NEWK,OULU,ROME",9,"AATB,APTY,BKSN,CALM,DRBS,FSMT,KIEL2,LMKS,ROME",5.2276523773181,4.9520053308533925,9.724783624941738,core,supported_multi_station_candidate,A,False,2023,-17.9405,553.8738888888889,20.623,7.428793402777778,True,10.266666666666667,0.56,,516.0,7.2,False,True,True,False,True,-7.125,584.3,8.175,106.49999999999994,60.0,18.0
672,2023-03-26 04:54:00,2023-03-26 04:54:00,2023-03-26 04:54:00,2023-03-27 04:26:00,23.533333333333335,1,1,JUNG1,3.5285670869906705,3.5285670869906705,9.37230398304383,2023-03-26 04:54:00,2023-03-26 04:54:00,2023-03-27 04:26:00,2023-03-27 04:26:00,2,"JUNG1,LMKS",1,LMKS,3.3870856647182217,3.3870856647182217,3.5285670869906705,core,supported_multi_station_candidate,B,True,2023,-5.702333333333333,589.6283333333333,17.180166666666665,3.4595178649237477,False,,,,,,False,False,True,False,True,-3.0300000000000002,637.3,8.219999999999999,115.14999999999998,2.0,8.0
673,2023-03-28 16:58:00,2023-03-28 16:58:00,2023-03-28 02:12:00,2023-03-30 03:04:00,48.86666666666667,6,6,"AATB,APTY,JUNG,LMKS,NEWK,ROME",4.470390233246186,5.711267956000921,9.905624005092113,2023-03-28 02:12:00,2023-03-29 11:28:00,2023-03-29 01:22:00,2023-03-30 03:04:00,14,"AATB,APTY,ATHN,BKSN,CALM,FSMT,JUNG,KERG,KIEL2,LMKS,MXCO,NEWK,OULU,ROME",8,"ATHN,BKSN,CALM,FSMT,KERG,KIEL2,MXCO,OULU",5.31354024742285,4.845476067263082,9.191890485133573,core,supported_multi_station_candidate,A,False,2023,-3.7595,582.3669444444444,9.207666666666666,1.951280864197531,True,15.033333333333333,0.39,,488.0,9.2,False,False,True,False,True,-3.6,466.05,5.995,140.89999999999998,6.0,0.0
674,2023-04-04 20:20:00,2023-04-04 20:20:00,2023-04-04 04:04:00,2023-04-07 17:02:00,84.96666666666667,3,3,"AATB,BKSN,JUNG1",4.316085025707456,6.670083220649601,4.125583466610116,2023-04-04 04:04:00,2023-04-06 12:46:00,2023-04-04 16:50:00,2023-04-07 17:02:00,3,"AATB,BKSN,JUNG1",0,,4.316085025707456,3.369368085982722,6.670083220649601,core,supported_multi_station_candidate,B,False,2023,-3.706166666666667,528.9208333333333,6.325,4.380491319444444,False,,,,,,False,False,True,False,True,-4.125,537.0,6.0600000000000005,77.80000000000001,12.0,0.0
675,2023-04-10 08:06:00,2023-04-10 08:06:00,2023-04-08 06:30:00,2023-04-11 23:40:00,89.16666666666667,6,6,"AATB,BKSN,JUNG1,LMKS,NEWK,OULU",4.436534134193286,5.498993682985644,5.772953832766778,2023-04-08 06:30:00,2023-04-11 05:16:00,2023-04-09 18:16:00,2023-04-11 23:40:00,12,"AATB,APTY,BKSN,FSMT,JUNG,JUNG1,KERG,LMKS,MXCO,NEWK,OULU,ROME",6,"APTY,FSMT,JUNG,KERG,MXCO,ROME",4.377401980033761,4.661381371744371,5.498993682985644,core,supported_multi_station_candidate,A,False,2023,-7.185833333333333,534.58,12.5035,7.321806423611111,True,-0.1,0.67,,536.0,12.3,False,True,True,True,True,-9.780000000000001,537.9,13.115,196.30000000000007,88.0,302.0
676,2023-04-17 02:43:00,2023-04-17 02:43:00,2023-04-13 07:02:00,2023-04-18 21:48:00,134.76666666666668,12,12,"AATB,APTY,BKSN,CALM,DRBS,JUNG,JUNG1,KERG,KIEL2,LMKS,OULU,ROME",5.733925067517199,9.342436236038328,5.501726051695793,2023-04-13 07:02:00,2023-04-18 10:58:00,2023-04-14 03:10:00,2023-04-18 21:48:00,12,"AATB,APTY,BKSN,CALM,DRBS,JUNG,JUNG1,KERG,KIEL2,LMKS,OULU,ROME",0,,5.733925067517199,5.2100540806842055,9.342436236038328,core,supported_multi_station_candidate,A,False,2023,-5.947166666666666,621.535,17.575666666666667,7.548696180555556,True,-0.7166666666666667,0.83,,365.0,8.6,False,False,True,False,True,-3.92,365.4,8.1,46.799999999999955,6.0,6.0
677,2023-04-23 17:26:00,2023-04-23 17:26:00,2023-04-22 17:44:00,2023-04-24 17:50:00,48.1,9,9,"BKSN,DRBS,FSMT,KERG,KIEL2,LMKS,MXCO,OULU,ROME",6.204370611659567,8.833725109522494,8.015906169953636,2023-04-22 17:44:00,2023-04-24 06:36:00,2023-04-24 00:16:00,2023-04-24 17:50:00,15,"AATB,APTY,ATHN,BKSN,DRBS,FSMT,JUNG,JUNG1,KERG,KIEL2,LMKS,MXCO,NEWK,OULU,ROME",6,"AATB,APTY,ATHN,JUNG,JUNG1,NEWK",6.168563590846366,5.632206013432228,8.833725109522494,core,supported_multi_station_candidate,A,False,2023,-28.2575,708.1883333333334,33.597166666666666,4.440321180555555,True,0.2,6.28,SSC,711.0,33.6,True,True,True,True,True,-21.435000000000002,747.5,32.14,399.4,262.0,850.0
678,2023-04-28 05:50:00,2023-04-28 05:50:00,2023-04-26 23:58:00,2023-04-30 10:10:00,82.2,8,8,"AATB,DRBS,JUNG,LMKS,MXCO,NEWK,OULU,ROME",4.7781948942854715,7.620853320421135,6.625177948219521,2023-04-26 23:58:00,2023-04-29 06:04:00,2023-04-27 05:46:00,2023-04-30 10:10:00,12,"AATB,DRBS,FSMT,JUNG,JUNG1,KERG,KIEL2,LMKS,MXCO,NEWK,OULU,ROME",4,"FSMT,JUNG1,KERG,KIEL2",4.768358485141891,4.823430946485125,7.620853320421135,core,supported_multi_station_candidate,A,False,2023,-4.953666666666667,698.0633333333334,9.518666666666666,2.6804053819444444,True,3.1666666666666665,0.47,,696.0,5.8,False,False,True,False,True,-5.63,712.95,6.175,140.85000000000002,42.0,0.0
679,2023-05-02 02:26:00,2023-05-02 02:26:00,2023-05-01 17:02:00,2023-05-03 12:52:00,43.833333333333336,4,4,"JUNG,JUNG1,KERG,LMKS",3.917466481610796,4.700124702309877,7.359739564419423,2023-05-01 17:02:00,2023-05-02 14:12:00,2023-05-02 04:16:00,2023-05-03 12:52:00,5,"JUNG,JUNG1,KERG,LMKS,NEWK",1,NEWK,4.055492663081116,4.335128959499175,4.700124702309877,core,supported_multi_station_candidate,A,False,2023,-4.3405000000000005,551.0583333333333,5.624,2.410533386864032,False,,,,,,False,True,True,False,True,-5.385,582.15,5.45,88.84999999999997,96.0,0.0
680,2023-05-07 06:22:00,2023-05-07 06:22:00,2023-05-06 20:32:00,2023-05-08 16:58:00,44.43333333333333,9,9,"APTY,ATHN,BKSN,CALM,JUNG,JUNG1,KIEL2,MXCO,OULU",7.22679505358715,9.86929538433793,6.255970040550985,2023-05-06 20:32:00,2023-05-08 00:28:00,2023-05-07 22:24:00,2023-05-08 16:58:00,16,"AATB,APTY,ATHN,BKSN,CALM,DRBS,FSMT,JUNG,JUNG1,KERG,KIEL2,LMKS,MXCO,NEWK,OULU,ROME",7,"AATB,DRBS,FSMT,KERG,LMKS,NEWK,ROME",7.0149401659289,7.199515197185891,9.86929538433793,core,supported_multi_station_candidate,A,False,2023,-12.144499999999999,540.9216666666666,18.345166666666668,8.220970486111112,True,9.383333333333333,2.62,SI,502.0,17.1,True,False,True,True,True,-4.59,562.8,9.85,105.79999999999995,28.0,232.0
681,2023-05-09 23:53:00,2023-05-09 23:53:00,2023-05-09 17:46:00,2023-05-11 01:08:00,31.366666666666667,4,4,"DRBS,JUNG,JUNG1,KIEL2",5.688862165678714,6.3769918889936,5.540200986656278,2023-05-09 17:46:00,2023-05-10 08:38:00,2023-05-10 04:16:00,2023-05-11 01:08:00,14,"AATB,APTY,BKSN,DRBS,FSMT,JUNG,JUNG1,KERG,KIEL2,LMKS,MXCO,NEWK,OULU,ROME",10,"AATB,APTY,BKSN,FSMT,KERG,LMKS,MXCO,NEWK,OULU,ROME",5.502365330363978,5.419311692088414,6.6028061417563215,core,supported_multi_station_candidate,A,False,2023,-5.109333333333334,677.9466666666667,17.847166666666666,5.573982142857144,True,-1.1,4.3,SSC,668.0,18.5,True,True,True,True,True,-12.879999999999999,678.05,20.0,302.44999999999993,68.0,344.0
682,2023-05-15 03:32:00,2023-05-15 03:32:00,2023-05-14 18:24:00,2023-05-18 00:58:00,78.56666666666666,5,5,"KERG,KIEL2,LMKS,NEWK,OULU",5.051690153272059,5.4666320221025995,7.607276722537236,2023-05-14 18:24:00,2023-05-16 13:26:00,2023-05-15 06:58:00,2023-05-18 00:58:00,10,"AATB,BKSN,FSMT,JUNG,JUNG1,KERG,KIEL2,LMKS,NEWK,OULU",5,"AATB,BKSN,FSMT,JUNG,JUNG1",4.662465892114935,4.797408274944105,5.836702930080634,core,supported_multi_station_candidate,A,False,2023,-4.207166666666667,497.2183333333333,12.3125,3.8778576388888886,True,-16.533333333333335,0.42,,498.0,6.2,False,True,True,False,True,-4.35,520.95,6.4350000000000005,86.35000000000002,64.0,0.0
683,2023-05-19 16:37:00,2023-05-19 16:37:00,2023-05-18 13:22:00,2023-05-21 13:50:00,72.46666666666667,8,8,"AATB,APTY,DRBS,KERG,KIEL2,LMKS,NEWK,OULU",4.928139715063676,7.247166311864138,6.0607756086193145,2023-05-18 13:22:00,2023-05-20 11:08:00,2023-05-19 17:00:00,2023-05-21 13:50:00,12,"AATB,APTY,DRBS,FSMT,JUNG,JUNG1,KERG,KIEL2,LMKS,MXCO,NEWK,OULU",4,"FSMT,JUNG,JUNG1,MXCO",4.821694682050925,4.665623012845325,7.247166311864138,core,supported_multi_station_candidate,A,False,2023,-13.8735,578.67,16.458333333333332,6.2799703912733795,True,2.3833333333333333,1.85,,586.0,16.3,False,True,True,False,True,-13.31,373.79999999999995,14.465,58.0,136.0,56.0
684,2023-05-28 14:18:00,2023-05-28 14:18:00,2023-05-27 05:12:00,2023-05-30 10:58:00,77.76666666666667,8,8,"APTY,BKSN,FSMT,JUNG,JUNG1,LMKS,MXCO,ROME",4.167772342266762,5.954592348983901,6.326695075672644,2023-05-27 05:12:00,2023-05-29 21:04:00,2023-05-27 18:14:00,2023-05-30 10:58:00,11,"AATB,APTY,BKSN,FSMT,JUNG,JUNG1,KERG,KIEL2,LMKS,MXCO,ROME",3,"AATB,KERG,KIEL2",4.114853056165409,4.02422498230452,5.954592348983901,core,supported_multi_station_candidate,A,False,2023,-4.664333333333333,481.935,7.398166666666667,1.962545138888889,True,-16.3,0.34,,476.0,5.6,False,True,True,False,True,-5.255000000000001,469.8,5.765000000000001,64.60000000000002,198.0,0.0
685,2023-06-02 01:40:00,2023-06-02 01:40:00,2023-06-02 01:40:00,2023-06-02 04:28:00,2.8,1,1,LMKS,2.4239719291923505,2.4239719291923505,5.688535300072748,2023-06-02 01:40:00,2023-06-02 01:40:00,2023-06-02 04:28:00,2023-06-02 04:28:00,3,"AATB,APTY,LMKS",2,"AATB,APTY",3.0708095790544143,3.165249552253307,3.6232072557175856,core,supported_multi_station_candidate,B,True,2023,-6.982666666666666,482.08,8.902333333333333,6.0753984375,False,,,,,,False,False,True,False,True,-6.17,518.6,6.56,91.40000000000003,40.0,0.0
686,2023-06-03 19:21:00,2023-06-03 19:21:00,2023-06-03 15:20:00,2023-06-05 02:50:00,35.5,2,2,"AATB,FSMT",3.459873652014391,3.6715969487243987,6.2926206518852235,2023-06-03 15:20:00,2023-06-03 23:22:00,2023-06-04 17:32:00,2023-06-05 02:50:00,7,"AATB,FSMT,JUNG,JUNG1,KERG,LMKS,OULU",5,"JUNG,JUNG1,KERG,LMKS,OULU",3.657314188521589,3.6715969487243987,4.529190959646333,core,supported_multi_station_candidate,A,False,2023,-7.7844999999999995,438.78416666666664,11.298833333333333,7.802703993055555,True,5.65,1.42,,352.0,11.5,False,False,True,True,True,-3.33,360.95,9.489999999999998,37.89999999999998,2.0,80.0
687,2023-06-05 18:02:00,2023-06-05 18:02:00,2023-06-05 18:02:00,2023-06-06 00:08:00,6.1,1,1,LMKS,2.661960085184542,2.661960085184542,6.6406150829229045,2023-06-05 18:02:00,2023-06-05 18:02:00,2023-06-06 00:08:00,2023-06-06 00:08:00,2,"JUNG1,LMKS",1,JUNG1,2.911937319224565,2.911937319224565,3.1619145532645883,core,supported_multi_station_candidate,B,True,2023,-7.7844999999999995,417.7191666666667,11.298833333333333,8.198547743055556,True,-12.033333333333333,0.53,,424.0,9.9,False,False,True,True,True,-3.6550000000000002,446.05,10.3,71.09999999999997,6.0,494.0
688,2023-06-07 03:08:00,2023-06-07 03:08:00,2023-06-07 03:08:00,2023-06-08 02:06:00,22.966666666666665,1,1,KERG,3.2041626009024418,3.2041626009024418,11.488889466428333,2023-06-07 03:08:00,2023-06-07 03:08:00,2023-06-08 02:06:00,2023-06-08 02:06:00,3,"AATB,JUNG,KERG",2,"AATB,JUNG",3.4547404322819584,3.2041626009024418,4.015112094335567,core,supported_multi_station_candidate,B,True,2023,-5.9625,417.7191666666667,9.880166666666666,6.409160756501183,False,,,,,,False,False,True,False,True,-4.045,391.9,6.109999999999999,59.0,34.0,0.0
689,2023-06-10 16:10:00,2023-06-10 16:10:00,2023-06-09 20:28:00,2023-06-12 03:42:00,55.233333333333334,7,7,"AATB,APTY,BKSN,JUNG1,KERG,LMKS,OULU",4.607359367441593,7.4379766200344415,6.934010255998335,2023-06-09 20:28:00,2023-06-10 19:56:00,2023-06-09 21:26:00,2023-06-12 03:42:00,12,"AATB,APTY,ATHN,BKSN,DRBS,FSMT,JUNG,JUNG1,KERG,LMKS,NEWK,OULU",5,"ATHN,DRBS,FSMT,JUNG,NEWK",4.67424551985778,4.581577861556616,7.4379766200344415,core,supported_multi_station_candidate,A,False,2023,-4.752,444.7808333333333,14.366999999999999,10.614935283687943,True,6.833333333333333,0.96,,468.0,14.4,False,False,False,False,False,-4.265,321.5,5.869999999999999,20.19999999999999,18.0,0.0
690,2023-06-16 07:22:00,2023-06-16 07:22:00,2023-06-14 09:46:00,2023-06-18 02:56:00,89.16666666666667,7,7,"APTY,JUNG,JUNG1,KIEL2,LMKS,NEWK,ROME",4.235085042025488,6.137038093182165,5.0870360424874494,2023-06-14 09:46:00,2023-06-17 07:06:00,2023-06-14 11:00:00,2023-06-18 02:56:00,10,"AATB,APTY,DRBS,FSMT,JUNG,JUNG1,KIEL2,LMKS,NEWK,ROME",3,"AATB,DRBS,FSMT",4.318803181551828,3.848058977952573,6.73719779881117,core,supported_multi_station_candidate,A,False,2023,-10.525833333333333,695.4516666666666,17.168333333333333,4.891014756944444,False,,,,,,False,True,True,True,True,-11.5,752.3,18.884999999999998,219.0,82.0,490.0
691,2023-06-20 01:32:00,2023-06-20 01:32:00,2023-06-20 01:32:00,2023-06-20 03:50:00,2.3,1,1,KIEL2,6.694743651845448,6.694743651845448,7.883156430211161,2023-06-20 01:32:00,2023-06-20 01:32:00,2023-06-20 03:50:00,2023-06-20 03:50:00,2,"BKSN,KIEL2",1,BKSN,5.529705005407362,5.529705005407362,6.694743651845448,core,supported_multi_station_candidate,B,True,2023,-5.68625,489.0433333333333,7.908666666666666,4.2743038194444445,False,,,,,,False,False,True,False,True,-6.38,477.35,7.85,106.95000000000005,42.0,0.0
692,2023-06-20 20:14:00,2023-06-20 20:14:00,2023-06-20 20:14:00,2023-06-21 02:50:00,6.6,1,1,KERG,3.6511781718166363,3.6511781718166363,3.864736238679968,2023-06-20 20:14:00,2023-06-20 20:14:00,2023-06-21 02:50:00,2023-06-21 02:50:00,2,"BKSN,KERG",1,BKSN,4.476854854669858,4.476854854669858,5.302531537523079,core,supported_multi_station_candidate,B,True,2023,-5.761166666666667,460.725,7.908666666666666,4.408822048611111,True,14.766666666666667,0.6,,454.0,7.4,False,True,True,False,True,-7.07,452.29999999999995,7.945,96.69999999999999,90.0,0.0
693,2023-06-25 02:06:00,2023-06-25 02:06:00,2023-06-22 20:36:00,2023-06-27 05:22:00,104.76666666666667,11,11,"AATB,APTY,ATHN,BKSN,FSMT,JUNG,KERG,KIEL2,LMKS,MXCO,NEWK",4.751890823588557,6.640691330226063,8.460862639990564,2023-06-22 20:36:00,2023-06-26 01:24:00,2023-06-24 04:58:00,2023-06-27 05:22:00,12,"AATB,APTY,ATHN,BKSN,FSMT,JUNG,JUNG1,KERG,KIEL2,LMKS,MXCO,NEWK",1,JUNG1,4.623258690463511,4.392005230784783,6.640691330226063,core,supported_multi_station_candidate,A,False,2023,-8.864333333333333,591.2958333333333,11.0335,3.576071180555555,True,-8.1,0.71,,545.0,11.5,False,True,True,True,True,-11.875,561.8,12.265,114.80000000000001,232.0,342.0
694,2023-06-30 06:15:00,2023-06-30 06:15:00,2023-06-29 19:54:00,2023-07-01 12:04:00,40.166666666666664,6,6,"AATB,FSMT,JUNG1,KIEL2,NEWK,ROME",4.559650361532951,6.109093489097941,4.986023685751466,2023-06-29 19:54:00,2023-07-01 08:02:00,2023-06-30 21:22:00,2023-07-01 12:04:00,10,"AATB,BKSN,FSMT,JUNG,JUNG1,KIEL2,LMKS,MXCO,NEWK,ROME",4,"BKSN,JUNG,LMKS,MXCO",4.512743478696557,4.314189730070471,6.109093489097941,core,supported_multi_station_candidate,A,False,2023,-5.861000000000001,567.9091666666667,7.554,3.1080758426966297,True,-3.25,0.52,,577.0,7.4,False,True,True,False,True,-4.66,560.75,8.085,124.69999999999999,120.0,6.0
695,2023-07-03 10:55:00,2023-07-03 10:55:00,2023-07-03 05:04:00,2023-07-03 17:34:00,12.5,2,2,"BKSN,LMKS",3.643334442997829,4.553969370803145,5.393139140631586,2023-07-03 05:04:00,2023-07-03 16:46:00,2023-07-03 08:50:00,2023-07-03 17:34:00,6,"AATB,BKSN,KERG,KIEL2,LMKS,OULU",4,"AATB,KERG,KIEL2,OULU",3.9865851768815435,3.8649643060218866,5.649889135094471,core,supported_multi_station_candidate,A,False,2023,-2.2365,497.68500000000006,7.115833333333333,4.209159498207885,True,-7.916666666666667,0.77,,400.0,7.1,False,False,True,False,True,-3.965,415.1,7.515000000000001,57.0,6.0,0.0
697,2023-07-08 08:09:00,2023-07-08 08:09:00,2023-07-07 22:38:00,2023-07-09 12:26:00,37.8,4,4,"AATB,JUNG,LMKS,MXCO",3.506995223472747,4.271692634272654,6.479039002717934,2023-07-07 22:38:00,2023-07-08 13:26:00,2023-07-08 21:00:00,2023-07-09 12:26:00,4,"AATB,JUNG,LMKS,MXCO",0,,3.506995223472747,3.5183390099524683,4.271692634272654,core,supported_multi_station_candidate,A,False,2023,-6.804666666666666,503.87,10.439833333333333,5.7084496527777775,False,,,,,,False,True,True,False,True,-6.04,503.5,6.7,57.94999999999999,102.0,0.0
698,2023-07-11 06:12:00,2023-07-11 06:12:00,2023-07-10 19:28:00,2023-07-12 08:56:00,37.46666666666667,4,4,"BKSN,JUNG1,KERG,LMKS",3.763205296522056,4.959746555158094,6.801078733426925,2023-07-10 19:28:00,2023-07-11 07:26:00,2023-07-10 22:52:00,2023-07-12 08:56:00,5,"BKSN,JUNG,JUNG1,KERG,LMKS",1,JUNG,3.935056179584797,4.1147822347202245,4.959746555158094,core,supported_multi_station_candidate,A,False,2023,-4.649500000000001,388.7034444444444,9.237333333333334,7.180094618055556,True,9.8,0.82,,345.0,9.3,False,True,False,False,True,-5.675,337.95000000000005,6.0,28.400000000000034,126.0,0.0
699,2023-07-13 14:50:00,2023-07-13 14:50:00,2023-07-13 14:50:00,2023-07-13 22:36:00,7.766666666666667,1,1,NEWK,6.543692156046065,6.543692156046065,6.154875495024677,2023-07-13 14:50:00,2023-07-13 14:50:00,2023-07-13 22:36:00,2023-07-13 22:36:00,11,"AATB,APTY,DRBS,JUNG,JUNG1,KERG,KIEL2,LMKS,MXCO,NEWK,OULU",10,"AATB,APTY,DRBS,JUNG,JUNG1,KERG,KIEL2,LMKS,MXCO,OULU",4.755153866275708,4.173595875004935,6.543692156046065,core,supported_multi_station_candidate,A,True,2023,-8.673666666666666,346.725,12.554499999999999,11.63486328125,True,1.9333333333333333,0.46,SSC,356.0,12.3,True,False,True,True,True,-5.744999999999999,348.7,14.325,47.35000000000002,14.0,238.0
700,2023-07-15 10:50:00,2023-07-15 10:50:00,2023-07-14 17:22:00,2023-07-17 07:10:00,61.8,9,9,"AATB,APTY,ATHN,DRBS,JUNG,KERG,KIEL2,NEWK,ROME",5.8349902131651525,8.573471228916471,6.475934181942677,2023-07-14 17:22:00,2023-07-15 23:46:00,2023-07-15 08:36:00,2023-07-17 07:10:00,15,"AATB,APTY,ATHN,CALM,DRBS,FSMT,JUNG,JUNG1,KERG,KIEL2,LMKS,MXCO,NEWK,OULU,ROME",6,"CALM,FSMT,JUNG1,LMKS,MXCO,OULU",5.582486036518325,4.99350684778121,8.871764202365963,core,supported_multi_station_candidate,A,False,2023,-8.673666666666666,346.725,12.554499999999999,14.294625000000002,False,,,,,,False,False,False,False,False,,,,,0.0,0.0
701,2023-07-21 14:52:00,2023-07-21 14:52:00,2023-07-19 22:40:00,2023-07-23 19:04:00,92.4,9,9,"AATB,BKSN,DRBS,FSMT,JUNG,KIEL2,LMKS,MXCO,ROME",4.632565816599255,6.789614267717735,6.462064520327448,2023-07-19 22:40:00,2023-07-23 00:16:00,2023-07-21 01:14:00,2023-07-23 19:04:00,13,"AATB,APTY,BKSN,DRBS,FSMT,JUNG,JUNG1,KERG,KIEL2,LMKS,MXCO,OULU,ROME",4,"APTY,JUNG1,KERG,OULU",4.603864621178501,4.35586353691801,6.789614267717735,core,supported_multi_station_candidate,A,False,2023,,,,,True,4.133333333333334,0.72,,419.0,12.8,False,False,False,False,False,,,,,0.0,0.0
702,2023-07-26 15:54:00,2023-07-26 15:54:00,2023-07-26 00:10:00,2023-07-27 20:40:00,44.5,2,2,"BKSN,OULU",5.37485544104088,5.597606413334379,5.867446677760419,2023-07-26 00:10:00,2023-07-27 07:38:00,2023-07-26 22:52:00,2023-07-27 20:40:00,9,"AATB,APTY,BKSN,DRBS,KERG,KIEL2,LMKS,OULU,ROME",7,"AATB,APTY,DRBS,KERG,KIEL2,LMKS,ROME",5.0879961906505855,5.152104468747382,6.3134436148140125,core,supported_multi_station_candidate,A,False,2023,-4.055526315789474,567.4658333333333,7.091833333333333,4.46850084254196,True,-17.4,1.6,SSC,574.0,11.3,True,False,True,False,True,-4.38,600.8,6.805,111.09999999999997,54.0,0.0
704,2023-08-01 01:54:00,2023-08-01 01:54:00,2023-07-31 11:48:00,2023-08-02 13:40:00,49.86666666666667,11,11,"AATB,APTY,ATHN,BKSN,JUNG,JUNG1,KERG,KIEL2,LMKS,MXCO,NEWK",5.842433375114647,7.841882956008671,5.563073505196236,2023-07-31 11:48:00,2023-08-02 00:42:00,2023-08-01 21:24:00,2023-08-02 13:40:00,14,"AATB,APTY,ATHN,BKSN,FSMT,JUNG,JUNG1,KERG,KIEL2,LMKS,MXCO,NEWK,OULU,ROME",3,"FSMT,OULU,ROME",5.878122748895704,6.578877441468277,7.841882956008671,core,supported_multi_station_candidate,A,False,2023,-8.788833333333335,518.8733333333333,12.376333333333333,6.7574138576779035,True,4.1,0.7,,391.0,10.8,False,False,True,False,True,-4.24,429.5,5.54,89.60000000000002,22.0,0.0
705,2023-08-05 03:15:00,2023-08-05 03:15:00,2023-08-04 20:00:00,2023-08-06 00:58:00,28.966666666666665,2,2,"FSMT,JUNG1",3.907122840368435,4.171011151297004,12.490884460091703,2023-08-04 20:00:00,2023-08-05 10:30:00,2023-08-05 07:30:00,2023-08-06 00:58:00,8,"AATB,APTY,BKSN,FSMT,JUNG,JUNG1,KERG,LMKS",6,"AATB,APTY,BKSN,JUNG,KERG,LMKS",3.9126520792746904,3.7813434525737977,5.7703665000167454,core,supported_multi_station_candidate,A,False,2023,-11.700833333333332,435.1975,21.586333333333336,6.192782258064517,True,-0.36666666666666664,2.04,SSC,432.0,21.1,True,True,True,True,True,-18.69,464.0,23.68,141.95,394.0,1080.0
706,2023-08-07 22:46:00,2023-08-07 22:46:00,2023-08-07 22:46:00,2023-08-08 11:48:00,13.033333333333333,1,1,FSMT,4.199989419172532,4.199989419172532,11.84554430005325,2023-08-07 22:46:00,2023-08-07 22:46:00,2023-08-08 11:48:00,2023-08-08 11:48:00,4,"APTY,FSMT,LMKS,MXCO",3,"APTY,LMKS,MXCO",3.7180069800826914,3.7125666274651095,4.497047744871859,core,supported_multi_station_candidate,A,True,2023,-7.943666666666667,631.7416666666667,10.795333333333334,3.1174109813372883,True,-9.766666666666667,1.45,,620.0,9.2,False,True,True,True,True,-8.66,656.25,11.55,258.5,180.0,228.0
707,2023-08-14 00:36:00,2023-08-14 00:36:00,2023-08-12 22:00:00,2023-08-16 03:04:00,77.06666666666666,5,5,"DRBS,JUNG1,KERG,NEWK,OULU",4.808556120312604,5.23907315939181,8.47374807947805,2023-08-12 22:00:00,2023-08-14 19:02:00,2023-08-13 03:50:00,2023-08-16 03:04:00,9,"AATB,DRBS,FSMT,JUNG,JUNG1,KERG,LMKS,NEWK,OULU",4,"AATB,FSMT,JUNG,LMKS",4.123679955856027,4.3136796897982075,5.23907315939181,core,supported_multi_station_candidate,A,False,2023,-3.4078333333333335,454.1441666666667,6.8255,6.281340277777779,False,,,,,,False,False,True,False,True,-3.8,406.4,4.875,70.40000000000003,26.0,0.0
708,2023-08-19 09:40:00,2023-08-19 09:40:00,2023-08-18 10:06:00,2023-08-20 13:46:00,51.666666666666664,7,7,"APTY,ATHN,DRBS,JUNG,LMKS,NEWK,OULU",5.702463774846253,7.208383785729177,7.434008803770893,2023-08-18 10:06:00,2023-08-19 19:34:00,2023-08-19 19:04:00,2023-08-20 13:46:00,13,"AATB,APTY,ATHN,BKSN,DRBS,JUNG,JUNG1,KERG,KIEL2,LMKS,MXCO,NEWK,OULU",6,"AATB,BKSN,JUNG1,KERG,KIEL2,MXCO",5.2483474769034855,5.404123581191481,7.208383785729177,core,supported_multi_station_candidate,A,False,2023,-5.9375,645.3458333333333,13.675,5.92184375,True,2.3333333333333335,1.61,,642.0,9.2,False,False,True,False,True,-6.285,524.5,6.92,97.70000000000005,20.0,0.0
709,2023-08-25 18:40:00,2023-08-25 18:40:00,2023-08-25 12:14:00,2023-08-26 23:06:00,34.86666666666667,5,5,"AATB,DRBS,FSMT,JUNG1,LMKS",4.046772431138336,5.880885982645032,5.529703462230413,2023-08-25 12:14:00,2023-08-26 05:02:00,2023-08-26 13:02:00,2023-08-26 23:06:00,10,"AATB,APTY,DRBS,FSMT,JUNG,JUNG1,KERG,KIEL2,LMKS,MXCO",5,"APTY,JUNG,KERG,KIEL2,MXCO",4.245051030775118,4.114266454119495,5.890614078337006,core,supported_multi_station_candidate,A,False,2023,-4.523166666666667,483.3725,8.136333333333333,3.641671875,True,8.333333333333334,0.92,,397.0,7.7,False,False,True,False,True,-3.19,448.4,5.68,112.59999999999997,6.0,0.0
710,2023-08-29 01:18:00,2023-08-29 01:18:00,2023-08-28 13:50:00,2023-08-31 12:14:00,70.4,3,3,"BKSN,JUNG,JUNG1",4.238937842278442,4.764100784292425,5.943744322656207,2023-08-28 13:50:00,2023-08-30 05:22:00,2023-08-29 06:42:00,2023-08-31 12:14:00,10,"AATB,APTY,BKSN,DRBS,JUNG,JUNG1,KIEL2,LMKS,MXCO,NEWK",7,"AATB,APTY,DRBS,KIEL2,LMKS,MXCO,NEWK",4.208132558567881,3.9763563712714505,6.054847495811925,core,supported_multi_station_candidate,A,False,2023,-5.967,391.96,7.832166666666667,6.844502604166666,True,-7.3,0.78,,364.0,7.9,False,False,True,False,True,-4.915,376.2,8.254999999999999,53.74999999999994,38.0,10.0
711,2023-09-03 11:04:00,2023-09-03 11:04:00,2023-09-03 03:14:00,2023-09-04 13:32:00,34.3,3,3,"BKSN,JUNG,LMKS",3.655829546492173,4.773166780845381,7.785780193811296,2023-09-03 03:14:00,2023-09-03 23:02:00,2023-09-03 13:50:00,2023-09-04 13:32:00,6,"AATB,BKSN,DRBS,JUNG,JUNG1,LMKS",3,"AATB,DRBS,JUNG1",6.030903849891474,3.3779406064855104,19.195982401334156,core,supported_multi_station_candidate,A,False,2023,-8.255166666666666,717.5233333333333,9.774,6.356027777777778,False,,,,,,False,True,True,False,True,-7.705,551.0,8.365,57.950000000000045,210.0,26.0
712,2023-09-08 12:06:00,2023-09-08 12:06:00,2023-09-06 09:40:00,2023-09-10 11:56:00,98.26666666666667,7,7,"AATB,ATHN,BKSN,DRBS,FSMT,KERG,LMKS",6.182996356105598,19.37953617402449,6.566954586247613,2023-09-06 09:40:00,2023-09-09 22:38:00,2023-09-06 11:26:00,2023-09-10 11:56:00,7,"AATB,ATHN,BKSN,DRBS,FSMT,KERG,LMKS",0,,6.182996356105598,4.251037376048358,19.37953617402449,core,supported_multi_station_candidate,A,False,2023,-5.226,414.665,7.014166666666667,6.589058159722221,True,0.9,0.27,,366.0,7.0,False,False,True,False,True,-5.355,376.5,6.785,51.5,40.0,0.0
713,2023-09-11 21:12:00,2023-09-11 21:12:00,2023-09-11 08:44:00,2023-09-13 01:00:00,40.266666666666666,4,4,"APTY,KERG,KIEL2,OULU",6.1241129807414385,8.058179147577066,6.665368975432696,2023-09-11 08:44:00,2023-09-12 07:02:00,2023-09-12 06:16:00,2023-09-13 01:00:00,11,"AATB,APTY,FSMT,JUNG,JUNG1,KERG,KIEL2,LMKS,MXCO,NEWK,OULU",7,"AATB,FSMT,JUNG,JUNG1,LMKS,MXCO,NEWK",4.794464178585037,4.497520746613814,8.058179147577066,core,supported_multi_station_candidate,A,False,2023,-11.796166666666666,429.1,18.550333333333334,10.187218750000001,True,14.116666666666667,0.0,SSC,366.0,8.0,True,False,True,False,True,-5.605,412.4,7.6850000000000005,55.0,40.0,0.0
714,2023-09-17 16:40:00,2023-09-17 16:40:00,2023-09-15 22:56:00,2023-09-19 22:34:00,95.63333333333334,7,7,"DRBS,FSMT,JUNG,JUNG1,LMKS,MXCO,OULU",5.690565592529497,9.351584207177567,5.634189783794817,2023-09-15 22:56:00,2023-09-18 23:00:00,2023-09-16 05:08:00,2023-09-19 22:34:00,14,"AATB,APTY,ATHN,CALM,DRBS,FSMT,JUNG,JUNG1,KERG,KIEL2,LMKS,MXCO,NEWK,OULU",7,"AATB,APTY,ATHN,CALM,KERG,KIEL2,NEWK",6.568247647329225,6.9785197349072,9.351584207177567,core,supported_multi_station_candidate,A,False,2023,-15.418000000000001,644.0858333333333,21.721,5.698778947368421,True,9.333333333333334,1.1,,438.0,10.2,False,False,True,False,True,-6.57,498.9,10.445,60.44999999999999,52.0,54.0
715,2023-09-24 17:12:00,2023-09-24 17:12:00,2023-09-23 14:28:00,2023-09-25 19:32:00,53.06666666666667,10,10,"AATB,APTY,ATHN,FSMT,JUNG,KERG,KIEL2,LMKS,NEWK,OULU",6.673145339166614,7.920779701538278,6.262388731285063,2023-09-23 14:28:00,2023-09-25 14:46:00,2023-09-25 00:30:00,2023-09-25 19:32:00,15,"AATB,APTY,ATHN,BKSN,CALM,DRBS,FSMT,JUNG,JUNG1,KERG,KIEL2,LMKS,MXCO,NEWK,OULU",5,"BKSN,CALM,DRBS,JUNG1,MXCO",7.216521530271157,7.04072702761753,12.006513814839982,core,supported_multi_station_candidate,A,False,2023,-12.901,513.1483333333333,32.92433333333334,8.662229166666666,True,3.4833333333333334,4.73,SSC,483.0,32.9,True,True,True,True,True,-24.375,477.1,25.95,177.5,116.0,148.0
716,2023-09-28 09:12:00,2023-09-28 09:12:00,2023-09-28 09:12:00,2023-09-28 17:24:00,8.2,1,1,BKSN,5.293686712886414,5.293686712886414,3.3628652223334576,2023-09-28 09:12:00,2023-09-28 09:12:00,2023-09-28 17:24:00,2023-09-28 17:24:00,2,"BKSN,JUNG",1,JUNG,4.656694270949599,4.656694270949599,5.293686712886414,core,supported_multi_station_candidate,B,True,2023,-8.085833333333333,519.6025000000001,11.8605,4.516512152777778,True,12.8,0.71,,434.0,8.3,False,False,True,False,True,-3.645,494.2,5.824999999999999,109.75,12.0,0.0
717,2023-10-01 14:16:00,2023-10-01 14:16:00,2023-09-30 17:50:00,2023-10-01 23:12:00,29.366666666666667,5,5,"AATB,FSMT,JUNG,LMKS,NEWK",4.131463197104317,5.615772378680441,6.133772607631879,2023-09-30 17:50:00,2023-10-01 22:20:00,2023-10-01 10:14:00,2023-10-01 23:12:00,12,"AATB,APTY,ATHN,BKSN,DRBS,FSMT,JUNG,JUNG1,KERG,LMKS,MXCO,NEWK",7,"APTY,ATHN,BKSN,DRBS,JUNG1,KERG,MXCO",4.721447888731778,4.241695863644164,7.198359060771951,core,supported_multi_station_candidate,A,False,2023,-5.581833333333334,457.63,7.085333333333334,4.472926215277778,True,-12.266666666666667,0.31,,396.0,6.1,False,False,True,False,True,-5.09,414.1,6.4350000000000005,63.5,54.0,0.0
718,2023-10-04 16:30:00,2023-10-04 16:30:00,2023-10-03 21:58:00,2023-10-06 11:34:00,61.6,5,5,"AATB,DRBS,JUNG,JUNG1,OULU",4.815930470525187,6.887807181679185,5.847521099185522,2023-10-03 21:58:00,2023-10-05 23:46:00,2023-10-04 06:46:00,2023-10-06 11:34:00,10,"AATB,APTY,DRBS,FSMT,JUNG,JUNG1,KERG,LMKS,MXCO,OULU",5,"APTY,FSMT,KERG,LMKS,MXCO",4.2504583797006585,3.8239784443306704,6.887807181679185,core,supported_multi_station_candidate,A,False,2023,-6.6865,481.34833333333336,9.220166666666668,6.406923611111111,True,1.5,0.74,,433.0,8.6,False,False,True,True,True,-7.025,421.0,9.625,101.14999999999998,56.0,254.0
720,2023-10-12 03:44:00,2023-10-12 03:44:00,2023-10-09 04:32:00,2023-10-14 05:50:00,121.3,6,6,"APTY,BKSN,FSMT,KIEL2,LMKS,MXCO",4.302004419029691,6.209002146579128,6.817623679864607,2023-10-09 04:32:00,2023-10-13 06:26:00,2023-10-09 19:00:00,2023-10-14 05:50:00,7,"APTY,BKSN,CALM,FSMT,KIEL2,LMKS,MXCO",1,CALM,5.0181127514862585,3.9266002531910327,9.314762746225666,core,supported_multi_station_candidate,A,False,2023,-14.670833333333333,542.22,23.16,10.900296875,True,9.266666666666667,0.15,,351.0,13.2,False,False,True,False,True,-4.49,322.4,6.115,57.19999999999999,26.0,0.0
721,2023-10-19 02:32:00,2023-10-19 02:32:00,2023-10-17 06:16:00,2023-10-20 18:50:00,84.56666666666666,10,10,"AATB,APTY,BKSN,FSMT,JUNG,JUNG1,KERG,LMKS,NEWK,OULU",4.915156894167344,7.2377313561879255,5.730163307663253,2023-10-17 06:16:00,2023-10-19 21:30:00,2023-10-18 08:20:00,2023-10-20 18:50:00,11,"AATB,APTY,BKSN,FSMT,JUNG,JUNG1,KERG,LMKS,MXCO,NEWK,OULU",1,MXCO,4.831624237854455,4.836673722363202,7.2377313561879255,core,supported_multi_station_candidate,A,False,2023,-6.333333333333333,433.7608333333334,11.526833333333334,8.204327256944444,False,,,,,,False,True,True,True,True,-6.9,449.2,9.915,68.0,68.0,60.0
722,2023-10-22 18:32:00,2023-10-22 18:32:00,2023-10-22 18:32:00,2023-10-23 18:00:00,23.466666666666665,1,1,JUNG1,3.5231885290939418,3.5231885290939418,5.2098706670274,2023-10-22 18:32:00,2023-10-22 18:32:00,2023-10-23 18:00:00,2023-10-23 18:00:00,2,"JUNG,JUNG1",1,JUNG,3.910201177507612,3.910201177507612,4.297213825921282,core,supported_multi_station_candidate,B,True,2023,-8.596,378.9191666666667,10.0235,8.330697916666667,True,-4.533333333333333,0.26,,358.0,8.4,False,True,True,True,True,-9.09,358.95,9.440000000000001,67.80000000000001,140.0,60.0
724,2023-10-27 18:02:00,2023-10-27 18:02:00,2023-10-26 11:14:00,2023-10-30 00:44:00,85.5,7,7,"APTY,DRBS,FSMT,JUNG,JUNG1,KERG,LMKS",4.264167654202803,6.033900056455758,8.678843609352928,2023-10-26 11:14:00,2023-10-29 13:16:00,2023-10-27 22:12:00,2023-10-30 00:44:00,8,"AATB,APTY,DRBS,FSMT,JUNG,JUNG1,KERG,LMKS",1,AATB,4.150518689652538,3.655363778541564,6.033900056455758,core,supported_multi_station_candidate,A,False,2023,-6.584666666666666,644.245,11.932333333333332,7.4115520833333335,True,9.966666666666667,1.17,,640.0,11.0,False,False,True,True,True,-3.465,455.0,10.61,74.39999999999998,4.0,266.0
725,2023-11-05 05:12:00,2023-11-05 05:12:00,2023-11-05 00:04:00,2023-11-06 22:08:00,46.06666666666667,7,7,"AATB,BKSN,FSMT,JUNG,JUNG1,KIEL2,MXCO",5.884145138700042,7.322653114957298,4.604665270074226,2023-11-05 00:04:00,2023-11-05 14:30:00,2023-11-06 00:12:00,2023-11-06 22:08:00,13,"AATB,APTY,BKSN,DRBS,FSMT,JUNG,JUNG1,KERG,KIEL2,LMKS,MXCO,NEWK,OULU",6,"APTY,DRBS,KERG,LMKS,NEWK,OULU",6.318677534235301,6.610145136564255,7.773156160810558,core,supported_multi_station_candidate,A,False,2023,-24.930333333333333,727.2058333333333,36.76683333333334,12.377219618055554,True,3.8333333333333335,3.71,SSC,568.0,37.4,True,True,True,True,True,-25.45,441.2,31.49,160.34999999999997,176.0,1024.0
727,2023-11-12 09:08:00,2023-11-12 09:08:00,2023-11-12 07:20:00,2023-11-13 19:48:00,36.46666666666667,2,2,"APTY,DRBS",6.123163518762061,7.299636829358828,4.178753605523216,2023-11-12 07:20:00,2023-11-12 10:56:00,2023-11-13 17:38:00,2023-11-13 19:48:00,11,"AATB,APTY,DRBS,FSMT,JUNG,JUNG1,KERG,KIEL2,LMKS,MXCO,OULU",9,"AATB,FSMT,JUNG,JUNG1,KERG,KIEL2,LMKS,MXCO,OULU",4.888177982744345,4.946690208165292,7.299636829358828,core,supported_multi_station_candidate,A,False,2023,-6.9965,586.0675,14.009333333333334,6.748183052434457,True,-2.933333333333333,1.67,SSC,569.0,10.6,True,False,True,False,True,-6.029999999999999,581.0,8.975000000000001,142.10000000000002,22.0,54.0
728,2023-11-16 05:06:00,2023-11-16 05:06:00,2023-11-16 05:06:00,2023-11-16 23:04:00,17.966666666666665,1,1,JUNG1,3.468693770968222,3.468693770968222,4.6878798894713904,2023-11-16 05:06:00,2023-11-16 05:06:00,2023-11-16 23:04:00,2023-11-16 23:04:00,2,"JUNG1,KERG",1,KERG,3.918900260742138,3.918900260742138,4.369106750516053,core,supported_multi_station_candidate,B,True,2023,-5.2675,447.065,12.658333333333333,5.135617865585951,True,5.9,0.39,,420.0,4.7,False,False,True,False,True,-5.84,449.4,6.22,85.29999999999995,52.0,0.0
729,2023-11-20 10:29:00,2023-11-20 10:29:00,2023-11-19 16:22:00,2023-11-21 11:04:00,42.7,4,4,"APTY,FSMT,LMKS,NEWK",3.997214199247383,5.223128716051831,6.404336263089945,2023-11-19 16:22:00,2023-11-21 10:24:00,2023-11-21 01:50:00,2023-11-21 11:04:00,8,"AATB,APTY,BKSN,FSMT,KERG,KIEL2,LMKS,NEWK",4,"AATB,BKSN,KERG,KIEL2",4.469613530581215,4.203063276626715,6.879881713970548,core,supported_multi_station_candidate,A,False,2023,-9.300666666666666,547.765,12.839666666666666,13.389668402777778,True,-7.483333333333333,0.5,,322.0,11.1,False,True,True,True,True,-6.25,332.9,12.32,36.89999999999998,66.0,224.0
730,2023-11-24 15:44:00,2023-11-24 15:44:00,2023-11-23 07:38:00,2023-11-26 07:12:00,71.56666666666666,8,8,"APTY,ATHN,DRBS,JUNG,KERG,KIEL2,NEWK,OULU",6.385146118460205,7.570400973999418,6.839462090928272,2023-11-23 07:38:00,2023-11-25 15:08:00,2023-11-24 04:08:00,2023-11-26 07:12:00,15,"AATB,APTY,ATHN,BKSN,DRBS,FSMT,JUNG,JUNG1,KERG,KIEL2,LMKS,MXCO,NEWK,OULU,ROME",7,"AATB,BKSN,FSMT,JUNG1,LMKS,MXCO,ROME",5.676358222265052,5.270211096831047,7.570400973999418,core,supported_multi_station_candidate,A,False,2023,-7.611416666666667,596.23,15.575,5.5619998421717165,True,4.266666666666667,0.49,,480.0,11.2,False,True,True,True,True,-6.96,393.8,8.945,67.10000000000002,80.0,68.0
732,2023-12-01 14:51:00,2023-12-01 14:51:00,2023-12-01 00:10:00,2023-12-02 16:26:00,40.266666666666666,8,8,"AATB,BKSN,FSMT,JUNG1,KIEL2,MXCO,NEWK,OULU",5.7080586778177915,7.370054003046348,7.954132371463502,2023-12-01 00:10:00,2023-12-02 01:10:00,2023-12-02 01:00:00,2023-12-02 16:26:00,14,"AATB,APTY,BKSN,DRBS,FSMT,JUNG,JUNG1,KERG,KIEL2,LMKS,MXCO,NEWK,OULU,ROME",6,"APTY,DRBS,JUNG,KERG,LMKS,ROME",5.6362471488774,5.668963304053872,7.466411797739615,core,supported_multi_station_candidate,A,False,2023,-20.660833333333336,532.1466666666666,26.058333333333334,8.43275,True,-5.45,3.74,SSC,532.0,25.6,True,True,True,True,True,-28.0,541.8,30.345,151.29999999999995,176.0,1046.0
733,2023-12-04 08:42:00,2023-12-04 08:42:00,2023-12-03 17:40:00,2023-12-05 09:14:00,39.56666666666667,3,3,"APTY,DRBS,OULU",5.114565423974866,6.4450782937196704,6.927686921586278,2023-12-03 17:40:00,2023-12-04 12:00:00,2023-12-05 02:40:00,2023-12-05 09:14:00,11,"AATB,APTY,BKSN,DRBS,FSMT,JUNG,JUNG1,KERG,LMKS,OULU,ROME",8,"AATB,BKSN,FSMT,JUNG,JUNG1,KERG,LMKS,ROME",4.3652864946960825,4.30578682364543,6.4450782937196704,core,supported_multi_station_candidate,A,False,2023,-4.392333333333334,641.1425,14.842,4.657013020833333,True,-14.7,1.19,,647.0,14.8,False,False,True,True,True,-7.305,597.4000000000001,10.465,104.70000000000005,48.0,200.0
734,2023-12-07 18:02:00,2023-12-07 18:02:00,2023-12-07 00:06:00,2023-12-09 20:04:00,67.96666666666667,7,7,"AATB,FSMT,JUNG,JUNG1,KERG,KIEL2,OULU",4.335391681350932,7.725321250482253,6.589377292758845,2023-12-07 00:06:00,2023-12-09 11:10:00,2023-12-07 08:58:00,2023-12-09 20:04:00,9,"AATB,FSMT,JUNG,JUNG1,KERG,KIEL2,LMKS,NEWK,OULU",2,"LMKS,NEWK",4.363562124151648,3.335665811008851,7.725321250482253,core,supported_multi_station_candidate,A,False,2023,-2.9099166666666667,621.7191666666666,4.762333333333333,2.9484383680555557,False,,,,,,False,False,True,False,True,-3.2,551.6,3.955,67.45000000000005,14.0,0.0
735,2023-12-12 09:15:00,2023-12-12 09:15:00,2023-12-11 19:30:00,2023-12-15 23:44:00,100.23333333333333,6,6,"AATB,BKSN,FSMT,JUNG1,KERG,LMKS",4.44310459280482,5.037272774039725,8.304663709510853,2023-12-11 19:30:00,2023-12-15 09:28:00,2023-12-12 13:54:00,2023-12-15 23:44:00,10,"AATB,APTY,BKSN,FSMT,JUNG1,KERG,KIEL2,LMKS,MXCO,NEWK",4,"APTY,KIEL2,MXCO,NEWK",4.831403904731678,4.6029410315823105,7.24986070759064,core,supported_multi_station_candidate,A,False,2023,-10.359083333333333,388.03611111111115,14.462416666666666,8.277361979166665,True,-1.25,1.76,,386.0,12.5,False,True,True,True,True,-9.655,382.0,12.8,71.24999999999994,110.0,102.0
736,2023-12-17 17:12:00,2023-12-17 17:12:00,2023-12-16 16:54:00,2023-12-18 20:02:00,51.13333333333333,6,6,"APTY,BKSN,JUNG,KERG,LMKS,NEWK",5.113800482469194,5.46823879611538,5.6960828981029294,2023-12-16 16:54:00,2023-12-18 08:32:00,2023-12-18 00:44:00,2023-12-18 20:02:00,14,"AATB,APTY,BKSN,DRBS,FSMT,JUNG,JUNG1,KERG,KIEL2,LMKS,MXCO,NEWK,OULU,ROME",8,"AATB,DRBS,FSMT,JUNG1,KIEL2,MXCO,OULU,ROME",5.48072426709972,5.304145591264385,7.121244699949431,core,supported_multi_station_candidate,A,False,2023,-10.980333333333334,706.8708333333333,13.261166666666666,8.98597662844402,True,-10.2,3.05,,530.0,15.1,False,True,True,True,True,-11.6,547.75,16.015,110.14999999999998,170.0,312.0
737,2023-12-26 23:18:00,2023-12-26 23:18:00,2023-12-22 08:06:00,2023-12-29 02:30:00,162.4,12,12,"APTY,BKSN,DRBS,FSMT,JUNG,JUNG1,KERG,KIEL2,LMKS,MXCO,OULU,ROME",5.271573018254064,7.235382186158329,7.944485850952923,2023-12-22 08:06:00,2023-12-27 22:34:00,2023-12-23 05:16:00,2023-12-29 02:30:00,15,"AATB,APTY,ATHN,BKSN,DRBS,FSMT,JUNG,JUNG1,KERG,KIEL2,LMKS,MXCO,NEWK,OULU,ROME",3,"AATB,ATHN,NEWK",5.444219891331193,5.544998155693346,7.683943253991577,core,supported_multi_station_candidate,A,False,2023,-3.24675,490.7816666666667,7.6594999999999995,3.474158854166667,True,10.7,1.8,,451.0,6.7,False,True,True,False,True,-4.74,528.5,6.555,88.69999999999999,62.0,0.0
739,2024-01-02 15:07:00,2024-01-02 15:07:00,2024-01-01 07:16:00,2024-01-05 00:00:00,88.73333333333333,10,10,"AATB,APTY,BKSN,FSMT,JUNG1,KIEL2,LMKS,MXCO,NEWK,OULU",4.661004448852322,6.378765790475417,13.989901519220107,2024-01-01 07:16:00,2024-01-03 21:10:00,2024-01-01 12:20:00,2024-01-05 00:00:00,14,"AATB,APTY,BKSN,DRBS,FSMT,JUNG,JUNG1,KERG,KIEL2,LMKS,MXCO,NEWK,OULU,ROME",4,"DRBS,JUNG,KERG,ROME",4.891729755346604,5.020553125645959,6.378765790475417,core,supported_multi_station_candidate,A,False,2024,-7.2571666666666665,483.95,11.049166666666668,7.877226065162907,True,-14.116666666666667,0.49,,416.0,11.2,False,True,True,True,True,-6.99,437.8,11.719999999999999,78.0,102.0,256.0
740,2024-01-09 00:26:00,2024-01-09 00:26:00,2024-01-08 10:00:00,2024-01-11 14:12:00,76.2,6,6,"AATB,APTY,FSMT,JUNG,JUNG1,KERG",3.7343267172938623,4.115979624661406,5.492416071795712,2024-01-08 10:00:00,2024-01-10 02:52:00,2024-01-09 03:14:00,2024-01-11 14:12:00,9,"AATB,APTY,DRBS,FSMT,JUNG,JUNG1,KERG,MXCO,NEWK",3,"DRBS,MXCO,NEWK",4.227844844678717,4.066186201019624,6.125915889591717,core,supported_multi_station_candidate,A,False,2024,-5.1335,420.8883333333333,8.6485,6.325155381944445,True,-15.433333333333334,2.15,,470.0,8.6,False,True,True,False,True,-6.735,374.6,7.9399999999999995,44.80000000000001,96.0,0.0
741,2024-01-15 18:54:00,2024-01-15 18:54:00,2024-01-15 01:44:00,2024-01-17 13:48:00,60.06666666666667,5,5,"AATB,APTY,DRBS,FSMT,NEWK",4.3471578119281595,5.569907685746252,5.293663578908721,2024-01-15 01:44:00,2024-01-16 01:58:00,2024-01-16 04:48:00,2024-01-17 13:48:00,11,"AATB,APTY,BKSN,DRBS,FSMT,JUNG1,KIEL2,LMKS,MXCO,NEWK,OULU",6,"BKSN,JUNG1,KIEL2,LMKS,MXCO,OULU",4.535859212269604,4.0875513062982645,7.309196745141847,core,supported_multi_station_candidate,A,False,2024,-5.825,367.5158333333333,7.960333333333334,7.909769097222221,True,-13.9,0.79,,357.0,7.9,False,False,True,False,True,-4.91,372.1,8.625,61.400000000000034,42.0,14.0
742,2024-01-22 20:08:00,2024-01-22 20:08:00,2024-01-22 11:02:00,2024-01-24 16:46:00,53.733333333333334,7,7,"BKSN,DRBS,JUNG,JUNG1,KERG,LMKS,MXCO",5.0691583941928515,7.565062259870068,6.335102756099717,2024-01-22 11:02:00,2024-01-24 13:16:00,2024-01-23 17:00:00,2024-01-24 16:46:00,14,"AATB,APTY,BKSN,DRBS,FSMT,JUNG,JUNG1,KERG,KIEL2,LMKS,MXCO,NEWK,OULU,ROME",7,"AATB,APTY,FSMT,KIEL2,NEWK,OULU,ROME",5.275911760738701,5.1314271075176325,7.565062259870068,core,supported_multi_station_candidate,A,False,2024,-9.521999999999998,466.8375,12.387666666666666,6.846745039682539,True,-6.133333333333334,2.06,,462.0,12.5,False,True,True,True,True,-12.325,478.4,13.32,106.89999999999998,112.0,398.0
743,2024-01-26 18:52:00,2024-01-26 18:52:00,2024-01-26 18:52:00,2024-01-27 00:12:00,5.333333333333333,1,1,LMKS,2.568909303750151,2.568909303750151,14.28907550782034,2024-01-26 18:52:00,2024-01-26 18:52:00,2024-01-27 00:12:00,2024-01-27 00:12:00,3,"JUNG,KERG,LMKS",2,"JUNG,KERG",3.506297341313509,3.507239981466511,4.442742738723866,core,supported_multi_station_candidate,B,True,2024,-5.115833333333333,476.58166666666665,11.106333333333334,6.7947799625468175,True,-10.866666666666667,0.71,,475.0,7.4,False,False,True,False,True,-7.164999999999999,486.9,8.735,98.14999999999998,56.0,8.0
744,2024-01-28 07:46:00,2024-01-28 07:46:00,2024-01-27 13:40:00,2024-01-30 03:08:00,61.46666666666667,4,4,"AATB,BKSN,JUNG1,LMKS",3.5013065853282144,5.215042311945747,8.308923097064298,2024-01-27 13:40:00,2024-01-29 19:46:00,2024-01-27 21:10:00,2024-01-30 03:08:00,5,"AATB,APTY,BKSN,JUNG1,LMKS",1,APTY,3.6296044933574776,3.106015634641173,5.215042311945747,core,supported_multi_station_candidate,A,False,2024,-5.115833333333333,482.75333333333333,11.106333333333334,6.260050347222222,True,11.233333333333333,0.31,,462.0,7.7,False,False,True,True,True,-4.475,390.4,11.96,49.299999999999955,14.0,450.0
745,2024-02-01 07:43:00,2024-02-01 07:43:00,2024-01-31 03:56:00,2024-02-03 04:58:00,73.03333333333333,8,8,"AATB,APTY,FSMT,JUNG,KERG,KIEL2,LMKS,OULU",4.520130935538086,6.477841449122751,7.510147183193773,2024-01-31 03:56:00,2024-02-02 11:32:00,2024-01-31 23:52:00,2024-02-03 04:58:00,11,"AATB,APTY,DRBS,FSMT,JUNG,JUNG1,KERG,KIEL2,LMKS,NEWK,OULU",3,"DRBS,JUNG1,NEWK",4.599201343093593,4.38570223223051,6.477841449122751,core,supported_multi_station_candidate,A,False,2024,-3.4646666666666666,480.4291666666667,7.220666666666667,4.467484375000001,True,-1.7166666666666666,0.54,,438.0,7.7,False,False,True,False,True,-6.865,450.0,8.44,83.30000000000001,44.0,6.0
746,2024-02-04 18:20:00,2024-02-04 18:20:00,2024-02-04 08:26:00,2024-02-06 02:58:00,42.53333333333333,3,3,"AATB,KERG,OULU",4.303424042228049,5.041420016919627,6.151280359791116,2024-02-04 08:26:00,2024-02-04 20:52:00,2024-02-05 15:14:00,2024-02-06 02:58:00,7,"AATB,APTY,BKSN,FSMT,KERG,KIEL2,OULU",4,"APTY,BKSN,FSMT,KIEL2",4.415720165028898,4.613514200556097,5.432007041774464,core,supported_multi_station_candidate,A,False,2024,-3.7978333333333336,543.2716666666666,9.496,6.972528645833333,True,-8.333333333333334,0.64,,401.0,8.5,False,True,True,True,True,-5.795,416.6,9.145,92.39999999999998,72.0,72.0
747,2024-02-11 02:56:00,2024-02-11 02:56:00,2024-02-09 00:06:00,2024-02-13 05:06:00,101.0,10,10,"BKSN,CALM,FSMT,JUNG,KERG,KIEL2,LMKS,MXCO,NEWK,OULU",5.28963602527365,9.312397340639848,7.354547691817954,2024-02-09 00:06:00,2024-02-12 23:08:00,2024-02-09 23:40:00,2024-02-13 05:06:00,15,"APTY,ATHN,BKSN,CALM,DRBS,FSMT,JUNG,JUNG1,KERG,KIEL2,LMKS,MXCO,NEWK,OULU,ROME",5,"APTY,ATHN,DRBS,JUNG1,ROME",5.374474890460121,4.877452677999554,9.312397340639848,core,supported_multi_station_candidate,A,False,2024,-4.989083333333334,707.2141666666666,13.8715,3.943370659722222,True,-0.7833333333333333,1.85,SI,732.0,14.8,True,True,True,True,True,-11.1,755.4,17.455,404.59999999999997,76.0,184.0
748,2024-02-14 21:48:00,2024-02-14 21:48:00,2024-02-14 21:48:00,2024-02-15 01:22:00,3.566666666666667,1,1,MXCO,3.8552633637742297,3.8552633637742297,4.711286003192001,2024-02-14 21:48:00,2024-02-14 21:48:00,2024-02-15 01:22:00,2024-02-15 01:22:00,6,"FSMT,JUNG1,KERG,LMKS,MXCO,NEWK",5,"FSMT,JUNG1,KERG,LMKS,NEWK",3.6658116757603882,3.587318470361776,4.932265882619903,core,supported_multi_station_candidate,A,True,2024,-5.060333333333333,469.34083333333336,8.892083333333334,3.897436242191212,True,-0.8,1.01,,466.0,8.8,False,False,True,True,True,-4.115,482.9,9.530000000000001,81.69999999999993,6.0,112.0
749,2024-02-16 11:30:00,2024-02-16 11:30:00,2024-02-16 04:22:00,2024-02-18 22:08:00,65.76666666666667,3,3,"AATB,JUNG1,MXCO",3.764507134757182,4.344679828884495,6.994445814630681,2024-02-16 04:22:00,2024-02-18 11:22:00,2024-02-16 21:24:00,2024-02-18 22:08:00,9,"AATB,APTY,FSMT,JUNG,JUNG1,LMKS,MXCO,NEWK,OULU",6,"APTY,FSMT,JUNG,LMKS,NEWK,OULU",4.199516731072053,4.239563783870042,5.523037364218099,core,supported_multi_station_candidate,A,False,2024,-5.328333333333333,469.34083333333336,8.892083333333334,3.7876988567970624,True,-2.5,1.16,,413.0,8.9,False,False,False,False,False,-2.355,395.6,5.4,,0.0,0.0
750,2024-02-20 16:26:00,2024-02-20 16:26:00,2024-02-20 06:04:00,2024-02-22 02:32:00,44.46666666666667,7,7,"DRBS,FSMT,JUNG,JUNG1,KERG,KIEL2,OULU",5.21762889010772,8.319851092790687,6.467969419095673,2024-02-20 06:04:00,2024-02-20 19:52:00,2024-02-20 09:14:00,2024-02-22 02:32:00,13,"AATB,APTY,BKSN,DRBS,FSMT,JUNG,JUNG1,KERG,KIEL2,LMKS,NEWK,OULU,ROME",6,"AATB,APTY,BKSN,LMKS,NEWK,ROME",5.225579860701247,5.292033850744941,8.319851092790687,core,supported_multi_station_candidate,A,False,2024,-7.105,348.6433333333333,8.956833333333332,6.968905381944445,True,-10.433333333333334,0.8,,347.0,8.9,False,True,True,True,True,-7.55,325.5,8.905000000000001,53.30000000000001,236.0,158.0
751,2024-02-24 21:28:00,2024-02-24 21:28:00,2024-02-24 09:24:00,2024-02-26 01:28:00,40.06666666666667,7,7,"AATB,APTY,DRBS,FSMT,JUNG,JUNG1,LMKS",4.435715558582023,7.428557953974222,7.271013026728748,2024-02-24 09:24:00,2024-02-25 10:10:00,2024-02-24 20:32:00,2024-02-26 01:28:00,12,"AATB,APTY,DRBS,FSMT,JUNG,JUNG1,KERG,KIEL2,LMKS,NEWK,OULU,ROME",5,"KERG,KIEL2,NEWK,OULU,ROME",5.070455895379488,4.58227122918595,7.428557953974222,core,supported_multi_station_candidate,A,False,2024,-4.085,436.085,12.312333333333333,7.987126736111111,True,-4.283333333333333,1.31,SSC,436.0,12.7,True,True,True,True,True,-6.34,411.9,11.805,77.39999999999998,88.0,300.0
752,2024-03-04 01:16:00,2024-03-04 01:16:00,2024-03-03 00:46:00,2024-03-05 22:30:00,69.73333333333333,10,10,"AATB,APTY,BKSN,DRBS,FSMT,JUNG,JUNG1,KERG,MXCO,NEWK",5.7389901248006465,7.629840329566291,4.9257113229661,2024-03-03 00:46:00,2024-03-05 06:22:00,2024-03-04 04:58:00,2024-03-05 22:30:00,14,"AATB,APTY,ATHN,BKSN,DRBS,FSMT,JUNG,JUNG1,KERG,KIEL2,LMKS,MXCO,NEWK,OULU",4,"ATHN,KIEL2,LMKS,OULU",5.925624772511088,6.054521167076551,7.6361324501310825,core,supported_multi_station_candidate,A,False,2024,-13.667166666666667,404.8075,19.866333333333333,9.9373359375,True,-15.333333333333334,3.25,SSC,407.0,20.0,True,True,True,True,True,-15.545,391.5,18.31,75.19999999999999,270.0,536.0
753,2024-03-09 17:46:00,2024-03-09 17:46:00,2024-03-09 01:56:00,2024-03-11 02:22:00,48.43333333333333,2,2,"JUNG,KERG",4.193055657502331,4.641924930882739,7.607636466562994,2024-03-09 01:56:00,2024-03-10 09:36:00,2024-03-10 04:12:00,2024-03-11 02:22:00,3,"JUNG,KERG,LMKS",1,LMKS,3.918551387475245,3.7441863841219227,4.641924930882739,core,supported_multi_station_candidate,B,False,2024,-4.358916666666667,511.68500000000006,7.471166666666666,3.9258671874999997,False,,,,,,False,False,True,False,True,-4.359999999999999,512.3,5.59,80.19999999999999,8.0,0.0
754,2024-03-11 21:06:00,2024-03-11 21:06:00,2024-03-11 21:06:00,2024-03-13 03:44:00,30.633333333333333,1,1,JUNG,6.303420319406665,6.303420319406665,7.062680855767689,2024-03-11 21:06:00,2024-03-11 21:06:00,2024-03-13 03:44:00,2024-03-13 03:44:00,2,"JUNG,JUNG1",1,JUNG1,5.694203998222896,5.694203998222896,6.303420319406665,core,supported_multi_station_candidate,B,True,2024,-5.799333333333334,455.15166666666664,7.892333333333334,4.0896374421296295,True,-5.1,0.19,,405.0,5.4,False,False,True,False,True,-5.205,405.4,5.555,50.099999999999966,30.0,0.0
755,2024-03-13 22:04:00,2024-03-13 22:04:00,2024-03-13 18:18:00,2024-03-15 02:44:00,32.43333333333333,2,2,"APTY,KERG",4.101392493619763,4.223912252443826,5.753967236328277,2024-03-13 18:18:00,2024-03-14 01:50:00,2024-03-14 02:06:00,2024-03-15 02:44:00,5,"APTY,DRBS,FSMT,JUNG,KERG",3,"DRBS,FSMT,JUNG",4.290367855834105,3.978872734795701,6.474320666711177,core,supported_multi_station_candidate,A,False,2024,-5.9375,433.71083333333337,8.716666666666667,3.979466714199291,True,-1.0666666666666667,0.65,,440.0,8.7,False,False,True,False,True,-7.205,450.35,8.945,85.65000000000003,54.0,58.0
756,2024-03-17 02:38:00,2024-03-17 02:38:00,2024-03-16 03:16:00,2024-03-18 03:24:00,48.13333333333333,3,3,"JUNG1,KERG,KIEL2",5.510305292413008,8.309361859678358,10.356552149109502,2024-03-16 03:16:00,2024-03-17 15:32:00,2024-03-16 05:48:00,2024-03-18 03:24:00,7,"AATB,FSMT,JUNG1,KERG,KIEL2,LMKS,NEWK",4,"AATB,FSMT,LMKS,NEWK",4.454872372590325,3.6814445831067806,8.309361859678358,core,supported_multi_station_candidate,A,False,2024,-6.179166666666666,422.1408333333333,10.516666666666667,4.564066212946159,True,-1.6333333333333333,0.49,,355.0,3.9,False,False,True,False,True,-2.895,390.7,4.305,67.30000000000001,0.0,0.0
757,2024-03-20 14:52:00,2024-03-20 14:52:00,2024-03-19 16:46:00,2024-03-21 21:38:00,52.86666666666667,7,7,"AATB,FSMT,JUNG,JUNG1,KERG,LMKS,OULU",4.13449366293344,5.518995552769414,6.625267279912765,2024-03-19 16:46:00,2024-03-21 00:30:00,2024-03-20 04:16:00,2024-03-21 21:38:00,8,"AATB,BKSN,FSMT,JUNG,JUNG1,KERG,LMKS,OULU",1,BKSN,4.203347490380571,4.149152890897991,5.518995552769414,core,supported_multi_station_candidate,A,False,2024,-11.702666666666666,382.8066666666667,12.432333333333334,11.368812499999999,True,-10.866666666666667,0.89,,373.0,6.2,False,False,True,False,True,-3.955,381.3,6.75,50.10000000000002,22.0,0.0
758,2024-03-24 08:05:00,2024-03-24 08:05:00,2024-03-23 08:30:00,2024-03-25 06:58:00,46.46666666666667,8,8,"AATB,APTY,BKSN,DRBS,FSMT,JUNG1,LMKS,MXCO",10.38083223478593,15.08495813939379,6.181659596215659,2024-03-23 08:30:00,2024-03-24 21:40:00,2024-03-24 19:28:00,2024-03-25 06:58:00,15,"AATB,APTY,BKSN,CALM,DRBS,FSMT,JUNG,JUNG1,KERG,KIEL2,LMKS,MXCO,NEWK,OULU,ROME",7,"CALM,JUNG,KERG,KIEL2,NEWK,OULU,ROME",10.753737656105454,10.71129261996843,17.439731139043197,core,supported_multi_station_candidate,A,False,2024,-10.100333333333333,854.61,30.79416666666667,9.862555555555556,True,6.033333333333333,11.3,SI,852.0,30.8,True,False,True,True,True,-11.399999999999999,596.5,15.655000000000001,117.60000000000002,38.0,204.0
759,2024-03-29 15:35:00,2024-03-29 15:35:00,2024-03-28 19:22:00,2024-03-31 11:22:00,64.0,4,4,"FSMT,JUNG,KERG,KIEL2",4.822321457070643,6.492061081807837,7.118691118137881,2024-03-28 19:22:00,2024-03-30 02:48:00,2024-03-29 21:36:00,2024-03-31 11:22:00,5,"AATB,FSMT,JUNG,KERG,KIEL2",1,AATB,4.483230727903751,4.396295377689945,6.492061081807837,core,supported_multi_station_candidate,A,False,2024,-7.419833333333333,549.9583333333334,13.075,7.352893102052479,True,-2.5833333333333335,0.27,,367.0,4.2,False,False,False,False,False,-2.395,395.3,3.44,27.799999999999955,0.0,0.0
760,2024-04-02 17:15:00,2024-04-02 17:15:00,2024-04-02 14:46:00,2024-04-03 23:18:00,32.53333333333333,2,2,"AATB,LMKS",3.781251052342351,4.180980809205414,3.628148495408763,2024-04-02 14:46:00,2024-04-02 19:44:00,2024-04-03 17:40:00,2024-04-03 23:18:00,4,"AATB,JUNG,JUNG1,LMKS",2,"JUNG,JUNG1",4.14152942667082,3.8225867851481015,5.539422840907788,core,supported_multi_station_candidate,A,False,2024,-4.094833333333333,560.2,10.552166666666666,4.518967914858831,True,10.75,0.23,,447.0,5.7,False,True,True,False,True,-5.89,461.5,6.25,65.5,96.0,0.0
761,2024-04-07 10:01:00,2024-04-07 10:01:00,2024-04-04 16:42:00,2024-04-09 06:54:00,110.2,6,6,"APTY,JUNG,JUNG1,KERG,LMKS,OULU",3.9166472907321617,4.924525828341003,4.069847464450409,2024-04-04 16:42:00,2024-04-08 05:52:00,2024-04-06 03:08:00,2024-04-09 06:54:00,8,"AATB,APTY,JUNG,JUNG1,KERG,LMKS,NEWK,OULU",2,"AATB,NEWK",3.950388799318596,4.018592671414126,4.924525828341003,core,supported_multi_station_candidate,A,False,2024,-6.942166666666666,450.5308333333333,8.350666666666665,5.430629340277778,True,15.983333333333333,0.48,,396.0,6.5,False,False,True,False,True,-3.855,445.0,6.095,60.69999999999999,12.0,0.0
762,2024-04-10 12:43:00,2024-04-10 12:43:00,2024-04-10 01:18:00,2024-04-11 23:32:00,46.233333333333334,2,2,"KIEL2,LMKS",4.5344847410409,6.0996663923377925,5.874069080050646,2024-04-10 01:18:00,2024-04-11 00:08:00,2024-04-10 21:08:00,2024-04-11 23:32:00,3,"JUNG,KIEL2,LMKS",1,JUNG,4.207036631732474,3.5521404131156227,6.0996663923377925,core,supported_multi_station_candidate,B,False,2024,-6.942166666666666,454.60833333333335,8.408,4.758685763888889,False,,,,,,False,False,True,False,True,-6.195,476.1,8.41,83.95000000000005,52.0,8.0
763,2024-04-13 21:12:00,2024-04-13 21:12:00,2024-04-12 22:48:00,2024-04-18 22:44:00,143.93333333333334,10,10,"APTY,BKSN,FSMT,JUNG,JUNG1,KERG,KIEL2,LMKS,NEWK,OULU",4.381008329721285,6.645704231667257,5.816769753437676,2024-04-12 22:48:00,2024-04-17 19:58:00,2024-04-14 06:04:00,2024-04-18 22:44:00,11,"AATB,APTY,BKSN,FSMT,JUNG,JUNG1,KERG,KIEL2,LMKS,NEWK,OULU",1,AATB,4.2538061510104805,4.098191692993705,6.645704231667257,core,supported_multi_station_candidate,A,False,2024,-3.672166666666667,427.5866666666667,9.748416666666666,6.144784722222222,True,-4.2,1.15,,351.0,5.5,False,False,True,False,True,-4.14,372.25,5.82,38.0,38.0,0.0
764,2024-04-21 14:01:00,2024-04-21 14:01:00,2024-04-21 06:46:00,2024-04-22 17:14:00,34.46666666666667,2,2,"BKSN,JUNG1",4.485712413406551,5.890299471430522,8.786635936297914,2024-04-21 06:46:00,2024-04-21 21:16:00,2024-04-22 03:46:00,2024-04-22 17:14:00,11,"AATB,APTY,BKSN,DRBS,JUNG,JUNG1,KIEL2,LMKS,MXCO,OULU,ROME",9,"AATB,APTY,DRBS,JUNG,KIEL2,LMKS,MXCO,OULU,ROME",4.728733246218986,4.984582949350315,5.956346391145806,core,supported_multi_station_candidate,A,False,2024,-16.165666666666667,500.40972222222223,16.629666666666665,3.163878472222222,True,-12.016666666666667,0.87,,467.0,7.3,False,True,True,False,True,-5.93,485.9,7.735,74.29999999999995,68.0,0.0
765,2024-04-24 08:06:00,2024-04-24 08:06:00,2024-04-23 21:48:00,2024-04-25 03:40:00,29.866666666666667,4,4,"AATB,JUNG1,KERG,LMKS",3.7955080264999044,4.44660912677262,7.060925989821177,2024-04-23 21:48:00,2024-04-24 22:32:00,2024-04-24 20:36:00,2024-04-25 03:40:00,6,"AATB,FSMT,JUNG,JUNG1,KERG,LMKS",2,"FSMT,JUNG",3.8056574431289447,3.6557632057973306,4.44660912677262,core,supported_multi_station_candidate,A,False,2024,-7.593500000000001,442.55083333333334,9.247166666666667,3.6641701388888888,True,-3.1,0.49,,383.0,5.2,False,False,True,False,True,-4.9,395.70000000000005,6.115,37.150000000000034,46.0,0.0
766,2024-04-26 19:58:00,2024-04-26 19:58:00,2024-04-25 23:48:00,2024-04-29 10:44:00,82.93333333333334,3,3,"AATB,CALM,KERG",5.888915892082129,10.176613015464076,7.794404866710162,2024-04-25 23:48:00,2024-04-28 13:42:00,2024-04-27 02:00:00,2024-04-29 10:44:00,5,"AATB,APTY,CALM,JUNG,KERG",2,"APTY,JUNG",5.066621755425004,4.053992232825831,10.176613015464076,core,supported_multi_station_candidate,A,False,2024,-11.348333333333333,444.1666666666667,14.532666666666668,7.0731710069444444,True,9.033333333333333,0.53,,456.0,14.6,False,True,True,True,True,-12.265,350.65,13.655000000000001,33.14999999999998,484.0,1082.0
767,2024-04-30 21:20:00,2024-04-30 21:20:00,2024-04-30 17:36:00,2024-05-01 11:38:00,18.033333333333335,2,2,"AATB,KERG",3.663336436429951,4.093544890600663,6.897355802629529,2024-04-30 17:36:00,2024-05-01 01:04:00,2024-05-01 10:06:00,2024-05-01 11:38:00,6,"AATB,APTY,FSMT,JUNG1,KERG,LMKS",4,"APTY,FSMT,JUNG1,LMKS",3.607566346165143,3.654248025237445,4.140269371124286,core,supported_multi_station_candidate,A,False,2024,-14.964166666666667,483.8625,21.3145,10.25526075514874,True,-8.966666666666667,0.98,,414.0,13.3,False,True,True,True,True,-9.995000000000001,430.8,12.0,65.69999999999999,86.0,244.0
768,2024-05-04 05:26:00,2024-05-04 05:26:00,2024-05-02 23:06:00,2024-05-05 12:28:00,61.36666666666667,7,7,"AATB,APTY,FSMT,JUNG,JUNG1,LMKS,OULU",3.882244420404753,5.07759559177983,6.410503279317283,2024-05-02 23:06:00,2024-05-04 17:50:00,2024-05-03 03:12:00,2024-05-05 12:28:00,8,"AATB,APTY,FSMT,JUNG,JUNG1,LMKS,MXCO,OULU",1,MXCO,3.795513413248585,3.501666293669862,5.07759559177983,core,supported_multi_station_candidate,A,False,2024,-14.964166666666667,442.64,21.3145,13.499019020013804,True,9.566666666666666,0.36,,364.0,5.9,False,False,True,False,True,-1.4849999999999999,416.5,4.720000000000001,34.700000000000045,0.0,0.0
769,2024-05-06 12:04:00,2024-05-06 12:04:00,2024-05-06 12:04:00,2024-05-07 12:26:00,24.366666666666667,1,1,FSMT,3.978148623778873,3.978148623778873,6.916773542055179,2024-05-06 12:04:00,2024-05-06 12:04:00,2024-05-07 12:26:00,2024-05-07 12:26:00,5,"AATB,FSMT,JUNG,JUNG1,KERG",4,"AATB,JUNG,JUNG1,KERG",3.5843332297160138,3.9599277781699884,4.069624525687441,core,supported_multi_station_candidate,A,True,2024,-10.7415,552.411568627451,16.189333333333334,9.811619803053734,True,-1.0666666666666667,0.49,,538.0,12.7,False,False,True,True,True,-10.14,563.9000000000001,16.665,174.2500000000001,50.0,1062.0
770,2024-05-10 18:41:00,2024-05-10 18:41:00,2024-05-09 08:32:00,2024-05-12 01:10:00,64.63333333333334,10,10,"AATB,APTY,DRBS,FSMT,KERG,KIEL2,LMKS,MXCO,NEWK,OULU",8.728944555385507,11.716664178026779,5.105858758127264,2024-05-09 08:32:00,2024-05-11 11:34:00,2024-05-10 20:20:00,2024-05-12 01:10:00,15,"AATB,APTY,BKSN,CALM,DRBS,FSMT,JUNG,JUNG1,KERG,KIEL2,LMKS,MXCO,NEWK,OULU,ROME",5,"BKSN,CALM,JUNG,JUNG1,ROME",9.223500834473832,9.257500856570104,12.61771278284568,core,supported_multi_station_candidate,A,False,2024,-47.04025,998.9683333333334,69.35683333333333,9.768977021040975,True,-1.6,15.2,SSC,809.0,68.9,True,True,True,True,True,-55.754999999999995,795.25,69.92,330.15,162.0,458.0
771,2024-05-16 04:59:00,2024-05-16 04:59:00,2024-05-14 14:12:00,2024-05-17 04:14:00,62.03333333333333,8,8,"APTY,BKSN,FSMT,JUNG,KERG,KIEL2,LMKS,OULU",5.298393881900131,6.620056350298024,6.847052717598366,2024-05-14 14:12:00,2024-05-17 00:24:00,2024-05-15 13:28:00,2024-05-17 04:14:00,15,"AATB,APTY,BKSN,CALM,DRBS,FSMT,JUNG,JUNG1,KERG,KIEL2,LMKS,MXCO,NEWK,OULU,ROME",7,"AATB,CALM,DRBS,JUNG1,MXCO,NEWK,ROME",5.524545297105367,5.678945677203112,9.159432894777813,core,supported_multi_station_candidate,A,False,2024,-13.705666666666668,554.3066666666667,15.693666666666667,5.987782986111111,True,1.0166666666666666,1.73,,491.0,14.0,False,True,True,True,True,-10.96,514.3,14.445,109.39999999999998,110.0,226.0
772,2024-05-17 21:58:00,2024-05-17 21:58:00,2024-05-17 21:58:00,2024-05-19 01:58:00,28.0,1,1,KIEL2,7.519240093238754,7.519240093238754,7.988220532851802,2024-05-17 21:58:00,2024-05-17 21:58:00,2024-05-19 01:58:00,2024-05-19 01:58:00,4,"JUNG,KERG,KIEL2,OULU",3,"JUNG,KERG,OULU",5.1268087781720455,4.942054113773912,7.519240093238754,core,supported_multi_station_candidate,A,True,2024,-13.705666666666668,473.13666666666666,15.693666666666667,8.054876736111112,True,-8.966666666666667,1.16,,472.0,14.9,False,True,True,True,True,-14.515,503.8,17.225,99.09999999999997,254.0,876.0
773,2024-05-21 15:42:00,2024-05-21 15:42:00,2024-05-21 15:42:00,2024-05-21 19:52:00,4.166666666666667,1,1,DRBS,5.841244703583805,5.841244703583805,3.5897637663908326,2024-05-21 15:42:00,2024-05-21 15:42:00,2024-05-21 19:52:00,2024-05-21 19:52:00,6,"APTY,DRBS,JUNG,JUNG1,KERG,LMKS",5,"APTY,JUNG,JUNG1,KERG,LMKS",4.040491601842017,3.954159343131404,5.841244703583805,core,supported_multi_station_candidate,A,True,2024,-6.934666666666667,415.0083333333333,9.347166666666668,5.747845614035088,False,,,,,,False,False,True,False,True,-6.425,432.9,7.09,71.94999999999999,32.0,0.0
774,2024-05-23 03:06:00,2024-05-23 03:06:00,2024-05-22 16:56:00,2024-05-23 18:36:00,25.666666666666668,2,2,"DRBS,MXCO",4.045889795492209,5.491678103886485,12.350611801070208,2024-05-22 16:56:00,2024-05-23 13:16:00,2024-05-23 11:10:00,2024-05-23 18:36:00,4,"DRBS,JUNG1,MXCO,NEWK",2,"JUNG1,NEWK",3.8183666536654606,3.5908435118387114,5.491678103886485,core,supported_multi_station_candidate,A,False,2024,-6.934666666666667,410.870350877193,9.739833333333333,5.551444282945737,True,-13.1,0.73,,388.0,8.3,False,False,True,False,True,-6.35,407.95,8.645,71.44999999999999,52.0,50.0
775,2024-05-27 10:58:00,2024-05-27 10:58:00,2024-05-26 13:26:00,2024-05-28 21:16:00,55.833333333333336,4,4,"AATB,DRBS,JUNG,LMKS",4.678453478912524,6.96604630292039,5.531119957040631,2024-05-26 13:26:00,2024-05-28 01:12:00,2024-05-27 16:36:00,2024-05-28 21:16:00,13,"AATB,APTY,BKSN,DRBS,FSMT,JUNG,JUNG1,KERG,LMKS,MXCO,NEWK,OULU,ROME",9,"APTY,BKSN,FSMT,JUNG1,KERG,MXCO,NEWK,OULU,ROME",4.9429379901907415,4.849621784865532,6.96604630292039,core,supported_multi_station_candidate,A,False,2024,-3.158333333333333,414.95714285714286,9.098999999999998,6.890085182146802,True,-8.966666666666667,0.73,,405.0,7.4,False,False,True,False,True,-4.29,411.9,7.86,68.89999999999998,30.0,0.0
776,2024-05-31 18:04:00,2024-05-31 18:04:00,2024-05-31 08:52:00,2024-06-02 22:42:00,61.833333333333336,5,5,"AATB,JUNG1,KERG,NEWK,OULU",4.412475457538589,5.565106268633368,7.80286731532704,2024-05-31 08:52:00,2024-06-01 13:46:00,2024-05-31 19:26:00,2024-06-02 22:42:00,13,"AATB,APTY,BKSN,DRBS,FSMT,JUNG,JUNG1,KERG,KIEL2,LMKS,MXCO,NEWK,OULU",8,"APTY,BKSN,DRBS,FSMT,JUNG,KIEL2,LMKS,MXCO",4.7574791458738455,4.19447124357843,7.215099200143764,core,supported_multi_station_candidate,A,False,2024,-7.239,371.15333333333336,10.482,7.907728773287643,False,,,,,,False,False,True,False,True,-5.23,378.2,7.32,53.349999999999966,34.0,0.0
777,2024-06-05 02:44:00,2024-06-05 02:44:00,2024-06-04 06:24:00,2024-06-06 14:14:00,55.833333333333336,4,4,"FSMT,JUNG,LMKS,NEWK",3.9289108063369245,5.214102756794272,4.885082815490554,2024-06-04 06:24:00,2024-06-05 23:08:00,2024-06-05 07:40:00,2024-06-06 14:14:00,7,"AATB,FSMT,JUNG,KERG,KIEL2,LMKS,NEWK",3,"AATB,KERG,KIEL2",4.194216278623735,4.432758311223144,5.567288700703021,core,supported_multi_station_candidate,A,False,2024,-8.277142857142858,461.0725,15.593666666666667,7.443690231242112,True,1.2666666666666666,1.29,,473.0,6.9,False,False,True,False,True,-4.105,485.2,7.345000000000001,85.89999999999998,2.0,0.0
778,2024-06-10 10:26:00,2024-06-10 10:26:00,2024-06-10 07:34:00,2024-06-11 18:00:00,34.43333333333333,2,2,"AATB,KERG",3.5320330730992118,4.0834104387725825,8.016637736075918,2024-06-10 07:34:00,2024-06-10 13:18:00,2024-06-11 12:46:00,2024-06-11 18:00:00,7,"AATB,APTY,BKSN,FSMT,JUNG,JUNG1,KERG",5,"APTY,BKSN,FSMT,JUNG,JUNG1",3.9272048653658618,3.785194875614797,5.2700103670166865,core,supported_multi_station_candidate,A,False,2024,-5.394166666666666,516.8725806451613,12.581999999999999,5.255293929745529,True,6.866666666666666,0.83,SSC,426.0,13.5,True,False,False,False,False,-2.31,363.4,5.045,26.599999999999966,0.0,0.0
779,2024-06-15 06:09:00,2024-06-15 06:09:00,2024-06-14 14:56:00,2024-06-17 09:30:00,66.56666666666666,10,10,"AATB,APTY,BKSN,JUNG,JUNG1,KERG,LMKS,MXCO,NEWK,OULU",4.797114994264084,5.66611697531222,6.1007475264061455,2024-06-14 14:56:00,2024-06-16 06:30:00,2024-06-16 00:46:00,2024-06-17 09:30:00,14,"AATB,APTY,BKSN,DRBS,FSMT,JUNG,JUNG1,KERG,KIEL2,LMKS,MXCO,NEWK,OULU,ROME",4,"DRBS,FSMT,KIEL2,ROME",4.920619027161862,4.899562306968397,6.414745033686948,core,supported_multi_station_candidate,A,False,2024,-10.669333333333332,518.31625,14.156833333333333,6.58227368595099,True,5.733333333333333,2.84,SSC,455.0,14.2,True,True,False,False,True,-7.51,421.85,9.14,,114.0,4.0
780,2024-06-22 09:50:00,2024-06-22 09:50:00,2024-06-21 04:20:00,2024-06-24 08:32:00,76.2,7,7,"AATB,DRBS,FSMT,JUNG1,KERG,MXCO,OULU",4.597575464444691,7.700565289355808,5.844667671914999,2024-06-21 04:20:00,2024-06-23 18:28:00,2024-06-22 15:10:00,2024-06-24 08:32:00,8,"AATB,DRBS,FSMT,JUNG1,KERG,LMKS,MXCO,OULU",1,LMKS,4.265943634192876,3.9347726652038886,7.700565289355808,core,supported_multi_station_candidate,A,False,2024,-9.1465,494.6075,10.975333333333333,6.67176633089133,True,17.166666666666668,0.6,,357.0,10.9,False,False,False,False,False,0.845,324.4,3.575,,0.0,0.0
781,2024-06-26 07:33:00,2024-06-26 07:33:00,2024-06-25 03:36:00,2024-06-27 23:02:00,67.43333333333334,6,6,"AATB,JUNG,JUNG1,KERG,KIEL2,NEWK",4.484537189576819,6.113441030205577,5.689107191162226,2024-06-25 03:36:00,2024-06-27 01:06:00,2024-06-26 06:36:00,2024-06-27 23:02:00,10,"AATB,APTY,FSMT,JUNG,JUNG1,KERG,KIEL2,LMKS,NEWK,OULU",4,"APTY,FSMT,LMKS,OULU",4.408449794334343,4.274360806562442,6.113441030205577,core,supported_multi_station_candidate,A,False,2024,-10.4905,364.09666666666664,12.877999999999998,12.528447916666666,True,14.45,1.17,,351.0,12.9,False,True,True,True,True,-9.03,377.3,12.17,71.80000000000001,182.0,638.0
782,2024-06-28 18:28:00,2024-06-28 18:28:00,2024-06-28 18:28:00,2024-06-28 19:48:00,1.3333333333333333,1,1,KERG,3.047113270619565,3.047113270619565,4.193777153060331,2024-06-28 18:28:00,2024-06-28 18:28:00,2024-06-28 19:48:00,2024-06-28 19:48:00,7,"AATB,BKSN,JUNG,KERG,LMKS,NEWK,OULU",6,"AATB,BKSN,JUNG,LMKS,NEWK,OULU",4.349629159627291,4.9158522734002945,5.282226884372604,core,supported_multi_station_candidate,A,True,2024,-19.363166666666665,504.01666666666665,23.949333333333335,14.375243306365615,True,-8.466666666666667,0.98,,488.0,23.4,False,True,True,True,True,-28.46,466.0,30.43,150.04999999999995,306.0,446.0
783,2024-07-04 08:47:00,2024-07-04 08:47:00,2024-07-02 23:22:00,2024-07-05 08:36:00,57.233333333333334,6,6,"AATB,DRBS,FSMT,JUNG1,KERG,NEWK",5.482803891109609,7.616217539190592,5.60815797610604,2024-07-02 23:22:00,2024-07-05 05:24:00,2024-07-04 09:10:00,2024-07-05 08:36:00,12,"AATB,APTY,BKSN,DRBS,FSMT,JUNG,JUNG1,KERG,LMKS,MXCO,NEWK,OULU",6,"APTY,BKSN,JUNG,LMKS,MXCO,OULU",5.265536493996533,5.059632997916273,7.616217539190592,core,supported_multi_station_candidate,A,False,2024,-4.869166666666667,411.69,11.375833333333333,8.735376139817628,True,0.21666666666666667,1.2,,366.0,11.4,False,True,True,True,True,-6.23,393.9,9.48,65.69999999999999,134.0,178.0
784,2024-07-06 13:24:00,2024-07-06 13:24:00,2024-07-06 13:24:00,2024-07-08 00:00:00,34.6,1,1,KIEL2,6.37667289435095,6.37667289435095,10.646701806373654,2024-07-06 13:24:00,2024-07-06 13:24:00,2024-07-08 00:00:00,2024-07-08 00:00:00,2,"JUNG,KIEL2",1,JUNG,4.7711473899205235,4.7711473899205235,6.37667289435095,core,supported_multi_station_candidate,B,True,2024,-4.8755,390.6983333333334,11.375833333333333,9.547197262479871,True,11.6,0.6,,365.0,7.2,False,False,True,False,True,-3.295,369.8,6.92,35.5,2.0,0.0
787,2024-07-13 01:54:00,2024-07-13 01:54:00,2024-07-13 01:54:00,2024-07-14 01:46:00,23.866666666666667,1,1,APTY,3.7338182033173903,3.7338182033173903,6.903877661964337,2024-07-13 01:54:00,2024-07-13 01:54:00,2024-07-14 01:46:00,2024-07-14 01:46:00,4,"AATB,APTY,JUNG1,LMKS",3,"AATB,JUNG1,LMKS",3.084127924836421,3.0168058595977225,3.7338182033173903,core,supported_multi_station_candidate,A,True,2024,-4.094230769230769,367.1358333333334,6.706333333333333,8.14476471202537,True,-1.9,0.47,,330.0,6.7,False,False,False,False,False,-1.335,330.6,6.27,,0.0,0.0
788,2024-07-16 05:37:00,2024-07-16 05:37:00,2024-07-16 02:36:00,2024-07-16 20:40:00,18.066666666666666,2,2,"AATB,KERG",3.2081306143249186,3.6049227860489275,6.78773896572568,2024-07-16 02:36:00,2024-07-16 08:38:00,2024-07-16 16:50:00,2024-07-16 20:40:00,4,"AATB,KERG,LMKS,NEWK",2,"LMKS,NEWK",3.790989193147581,3.282193753763321,5.788230822462772,core,supported_multi_station_candidate,A,False,2024,-6.453,396.9483333333334,17.0765,9.194291666666667,True,-8.616666666666667,0.45,,377.0,17.1,False,True,True,True,True,-8.235,406.0,17.17,87.19999999999999,138.0,782.0
789,2024-07-19 16:46:00,2024-07-19 16:46:00,2024-07-19 13:46:00,2024-07-20 23:02:00,33.266666666666666,3,3,"KERG,KIEL2,LMKS",4.957447893281976,7.440595833699527,5.917973338547153,2024-07-19 13:46:00,2024-07-20 05:02:00,2024-07-20 08:58:00,2024-07-20 23:02:00,10,"AATB,APTY,BKSN,JUNG,JUNG1,KERG,KIEL2,LMKS,MXCO,NEWK",7,"AATB,APTY,BKSN,JUNG,JUNG1,MXCO,NEWK",4.625830033228178,3.842394896575701,7.440595833699527,core,supported_multi_station_candidate,A,False,2024,-3.835,506.05,6.814,7.290927433677434,True,-1.7666666666666666,0.88,,372.0,10.5,False,False,True,False,True,-3.5549999999999997,348.9,6.890000000000001,39.799999999999955,48.0,0.0
790,2024-07-23 10:20:00,2024-07-23 10:20:00,2024-07-22 22:40:00,2024-07-24 07:48:00,33.13333333333333,6,6,"AATB,DRBS,JUNG,JUNG1,KERG,ROME",4.521418075574869,5.576069209837279,4.806093450571789,2024-07-22 22:40:00,2024-07-23 23:22:00,2024-07-23 23:12:00,2024-07-24 07:48:00,14,"AATB,APTY,BKSN,DRBS,FSMT,JUNG,JUNG1,KERG,KIEL2,LMKS,MXCO,NEWK,OULU,ROME",8,"APTY,BKSN,FSMT,KIEL2,LMKS,MXCO,NEWK,OULU",4.997241652375776,4.6198545014027665,7.9973303676020215,core,supported_multi_station_candidate,A,False,2024,-7.051666666666666,352.6983333333334,18.18,12.313201173499703,True,9.666666666666666,1.61,,352.0,17.5,False,False,True,False,True,-1.445,303.79999999999995,7.38,45.599999999999966,0.0,0.0
791,2024-07-27 11:06:00,2024-07-27 11:06:00,2024-07-27 04:24:00,2024-07-28 10:54:00,30.5,2,2,"LMKS,MXCO",2.9815623399398192,3.473695418386324,15.919343374102823,2024-07-27 04:24:00,2024-07-27 17:48:00,2024-07-27 10:46:00,2024-07-28 10:54:00,5,"AATB,JUNG,JUNG1,LMKS,MXCO",3,"AATB,JUNG,JUNG1",3.3074071587487444,3.473695418386324,4.246876972846349,core,supported_multi_station_candidate,A,False,2024,-7.014166666666667,576.3666666666667,18.548000000000002,6.007270609318997,False,,,,,,False,False,True,False,True,-7.4350000000000005,487.1,8.21,83.39999999999998,52.0,22.0
792,2024-07-31 05:48:00,2024-07-31 05:48:00,2024-07-29 01:00:00,2024-08-01 15:30:00,86.5,11,11,"AATB,DRBS,FSMT,JUNG,JUNG1,KERG,KIEL2,MXCO,NEWK,OULU,ROME",5.82452460556188,9.37873436168276,7.2581717716148235,2024-07-29 01:00:00,2024-08-01 00:34:00,2024-07-30 07:46:00,2024-08-01 15:30:00,14,"AATB,APTY,BKSN,DRBS,FSMT,JUNG,JUNG1,KERG,KIEL2,LMKS,MXCO,NEWK,OULU,ROME",3,"APTY,BKSN,LMKS",5.728825376277294,5.529699878036657,9.37873436168276,core,supported_multi_station_candidate,A,False,2024,-10.012166666666667,502.84666666666664,16.425583333333332,13.076004659928707,True,8.75,3.14,SSC,484.0,13.6,True,False,True,True,True,-2.455,449.65,9.31,41.549999999999955,0.0,92.0
793,2024-08-10 04:44:00,2024-08-10 04:44:00,2024-08-04 23:20:00,2024-08-12 07:08:00,175.8,13,13,"AATB,APTY,BKSN,FSMT,JUNG,JUNG1,KERG,KIEL2,LMKS,MXCO,NEWK,OULU,ROME",5.567546800664126,7.46854651665682,6.547811079447853,2024-08-04 23:20:00,2024-08-11 15:28:00,2024-08-05 22:28:00,2024-08-12 07:08:00,14,"AATB,APTY,BKSN,DRBS,FSMT,JUNG,JUNG1,KERG,KIEL2,LMKS,MXCO,NEWK,OULU,ROME",1,DRBS,5.686310238070836,6.2655461724127175,7.46854651665682,core,supported_multi_station_candidate,A,False,2024,-15.174333333333333,521.9,22.799833333333332,10.622407986111112,True,8.266666666666667,0.39,,430.0,10.1,False,True,True,False,True,-5.215,425.15,5.8100000000000005,82.0,68.0,0.0
794,2024-08-14 21:16:00,2024-08-14 21:16:00,2024-08-14 08:36:00,2024-08-16 04:02:00,43.43333333333333,5,5,"APTY,DRBS,FSMT,KERG,NEWK",5.1387830448369805,6.126021740935625,6.6674993726182334,2024-08-14 08:36:00,2024-08-15 09:56:00,2024-08-15 06:24:00,2024-08-16 04:02:00,10,"APTY,DRBS,FSMT,JUNG1,KERG,KIEL2,LMKS,NEWK,OULU,ROME",5,"JUNG1,KIEL2,LMKS,OULU,ROME",5.035668876583452,5.187844113205124,6.219924481584492,core,supported_multi_station_candidate,A,False,2024,-5.8175,458.595,21.8485,7.425719618055556,True,-2.2666666666666666,1.07,,391.0,8.9,False,False,True,True,True,-5.77,415.5,9.15,40.19999999999999,32.0,146.0
795,2024-08-18 00:04:00,2024-08-18 00:04:00,2024-08-17 09:04:00,2024-08-19 16:14:00,55.166666666666664,5,5,"AATB,APTY,FSMT,KERG,LMKS",3.635867156995796,4.440904370361974,5.817266524483186,2024-08-17 09:04:00,2024-08-18 15:02:00,2024-08-17 23:20:00,2024-08-19 16:14:00,8,"AATB,APTY,CALM,FSMT,JUNG1,KERG,LMKS,ROME",3,"CALM,JUNG1,ROME",4.400200562894549,4.096905312704645,8.513780377676817,core,supported_multi_station_candidate,A,False,2024,-9.113333333333333,472.8391304347826,21.329375,10.80821615166879,True,-9.683333333333334,1.17,SSC,470.0,18.0,True,False,True,True,True,-19.785,479.5,27.085,163.39999999999998,52.0,412.0
796,2024-08-21 18:10:00,2024-08-21 18:10:00,2024-08-21 08:46:00,2024-08-23 09:32:00,48.766666666666666,8,8,"FSMT,KERG,KIEL2,LMKS,MXCO,NEWK,OULU,ROME",4.8997608724417905,6.18283097816361,5.401310734164772,2024-08-21 08:46:00,2024-08-22 17:50:00,2024-08-21 15:54:00,2024-08-23 09:32:00,14,"AATB,APTY,BKSN,DRBS,FSMT,JUNG,JUNG1,KERG,KIEL2,LMKS,MXCO,NEWK,OULU,ROME",6,"AATB,APTY,BKSN,DRBS,JUNG,JUNG1",5.030053026601435,5.006636557883413,6.974778671969064,core,supported_multi_station_candidate,A,False,2024,-6.2385,383.60833333333335,10.986666666666666,7.908485243055556,True,14.833333333333334,1.84,,376.0,11.0,False,True,True,True,True,-6.215,353.45000000000005,8.61,50.75000000000006,194.0,60.0
797,2024-08-28 14:46:00,2024-08-28 14:46:00,2024-08-26 13:34:00,2024-08-30 15:04:00,97.5,10,10,"AATB,APTY,BKSN,FSMT,JUNG1,KERG,KIEL2,MXCO,NEWK,OULU",5.059956384243313,6.848714706475391,7.323879836318406,2024-08-26 13:34:00,2024-08-30 05:34:00,2024-08-27 21:16:00,2024-08-30 15:04:00,12,"AATB,APTY,BKSN,FSMT,JUNG,JUNG1,KERG,KIEL2,LMKS,MXCO,NEWK,OULU",2,"JUNG,LMKS",4.8140210368699865,4.5219066809012345,6.848714706475391,core,supported_multi_station_candidate,A,False,2024,-14.356,379.2116666666667,20.154,14.109218750000002,False,,,,,,False,True,True,True,True,-14.850000000000001,332.7,17.645000000000003,45.30000000000001,862.0,1082.0
798,2024-08-31 17:58:00,2024-08-31 17:58:00,2024-08-31 17:58:00,2024-08-31 22:24:00,4.433333333333334,1,1,LMKS,3.0897071823427344,3.0897071823427344,5.282659699272995,2024-08-31 17:58:00,2024-08-31 17:58:00,2024-08-31 22:24:00,2024-08-31 22:24:00,5,"FSMT,KERG,LMKS,NEWK,ROME",4,"FSMT,KERG,NEWK,ROME",3.6854567096026427,3.3248300896687133,5.412463224656973,core,supported_multi_station_candidate,A,True,2024,-8.31,417.71666666666664,20.154,8.543144965277778,True,-4.966666666666667,1.76,,405.0,12.8,False,True,True,True,True,-11.675,413.3,13.004999999999999,73.5,160.0,420.0
799,2024-09-04 05:09:00,2024-09-04 05:09:00,2024-09-03 10:22:00,2024-09-05 20:42:00,58.333333333333336,12,12,"APTY,BKSN,CALM,DRBS,FSMT,JUNG,JUNG1,KERG,KIEL2,LMKS,NEWK,OULU",6.161580164745803,8.570560118534013,6.328429557888659,2024-09-03 10:22:00,2024-09-04 11:54:00,2024-09-04 14:50:00,2024-09-05 20:42:00,14,"APTY,BKSN,CALM,DRBS,FSMT,JUNG,JUNG1,KERG,KIEL2,LMKS,MXCO,NEWK,OULU,ROME",2,"MXCO,ROME",6.1330273909617015,6.267688242024012,8.570560118534013,core,supported_multi_station_candidate,A,False,2024,-5.683166666666667,456.2625,24.414499999999997,9.2161015625,True,5.383333333333334,4.0,SSC,435.0,24.4,True,False,True,True,True,1.23,414.2,26.485,92.59999999999997,0.0,620.0
800,2024-09-09 12:46:00,2024-09-09 12:46:00,2024-09-09 08:22:00,2024-09-09 23:50:00,15.466666666666667,3,3,"DRBS,JUNG,JUNG1",5.540266172387265,7.9342103138902305,9.243612625630378,2024-09-09 08:22:00,2024-09-09 13:56:00,2024-09-09 13:10:00,2024-09-09 23:50:00,6,"AATB,BKSN,DRBS,FSMT,JUNG,JUNG1",3,"AATB,BKSN,FSMT",4.873224475191505,4.343294101635783,7.9342103138902305,core,supported_multi_station_candidate,A,False,2024,-4.870666666666667,434.38666666666666,12.733333333333333,6.014515624999999,True,1.2333333333333334,0.42,,436.0,12.9,False,True,True,True,True,-8.58,469.7,13.155000000000001,121.59999999999997,112.0,1082.0
801,2024-09-12 11:32:00,2024-09-12 11:32:00,2024-09-11 09:36:00,2024-09-13 23:36:00,62.0,9,9,"BKSN,FSMT,JUNG1,KERG,KIEL2,LMKS,NEWK,OULU,ROME",4.905109974396808,6.802510165223898,6.243190319886512,2024-09-11 09:36:00,2024-09-13 10:22:00,2024-09-12 11:30:00,2024-09-13 23:36:00,14,"AATB,APTY,BKSN,DRBS,FSMT,JUNG,JUNG1,KERG,KIEL2,LMKS,MXCO,NEWK,OULU,ROME",5,"AATB,APTY,DRBS,JUNG,MXCO",4.7839549391524665,4.787547197105591,6.802510165223898,core,supported_multi_station_candidate,A,False,2024,-20.219833333333334,576.6508333333334,28.27766666666667,8.47687673611111,True,-8.533333333333333,3.1,,574.0,28.4,False,True,True,True,True,-21.335,563.8,29.695,167.84999999999997,162.0,824.0
802,2024-09-16 20:52:00,2024-09-16 20:52:00,2024-09-15 11:44:00,2024-09-18 06:16:00,66.53333333333333,7,7,"AATB,APTY,FSMT,JUNG,JUNG1,LMKS,ROME",4.627987496707236,5.978721368915577,6.673856988470017,2024-09-15 11:44:00,2024-09-17 11:18:00,2024-09-16 07:02:00,2024-09-18 06:16:00,15,"AATB,APTY,BKSN,CALM,DRBS,FSMT,JUNG,JUNG1,KERG,KIEL2,LMKS,MXCO,NEWK,OULU,ROME",8,"BKSN,CALM,DRBS,KERG,KIEL2,MXCO,NEWK,OULU",5.5125452954838545,5.495072359302194,8.899719702779041,core,supported_multi_station_candidate,A,False,2024,-12.208,572.4383333333334,18.246166666666667,5.4938697916666674,True,2.6166666666666667,4.25,SSC,557.0,18.2,True,True,True,True,True,-18.46,569.2,19.77,151.30000000000007,84.0,314.0
804,2024-09-25 11:29:00,2024-09-25 11:29:00,2024-09-24 15:38:00,2024-09-27 02:50:00,59.2,8,8,"AATB,APTY,JUNG,JUNG1,LMKS,MXCO,NEWK,OULU",4.7322333780345796,6.641689184667395,6.517441269900666,2024-09-24 15:38:00,2024-09-26 06:34:00,2024-09-25 18:52:00,2024-09-27 02:50:00,12,"AATB,APTY,DRBS,FSMT,JUNG,JUNG1,KERG,KIEL2,LMKS,MXCO,NEWK,OULU",4,"DRBS,FSMT,KERG,KIEL2",4.887379362289839,4.665557166681008,7.1664915973167895,core,supported_multi_station_candidate,A,False,2024,-7.303833333333333,544.88,12.298666666666666,7.347971354166667,True,-17.483333333333334,1.51,,543.0,11.3,False,True,True,True,True,-10.55,563.75,12.035,135.54999999999995,76.0,894.0
806,2024-09-30 07:22:00,2024-09-30 07:22:00,2024-09-28 12:44:00,2024-10-02 03:26:00,86.7,9,9,"APTY,CALM,FSMT,JUNG,JUNG1,KERG,KIEL2,LMKS,NEWK",5.147803902687148,11.023711794541203,6.3441900621496465,2024-09-28 12:44:00,2024-10-01 19:10:00,2024-09-29 12:52:00,2024-10-02 03:26:00,9,"APTY,CALM,FSMT,JUNG,JUNG1,KERG,KIEL2,LMKS,NEWK",0,,5.147803902687148,4.445025103295618,11.023711794541203,core,supported_multi_station_candidate,A,False,2024,-9.5625,484.0758333333333,13.147166666666667,7.087877604166667,False,,,,,,False,True,True,True,True,-11.46,512.0,12.774999999999999,142.0,74.0,940.0
807,2024-10-03 22:04:00,2024-10-03 22:04:00,2024-10-03 22:04:00,2024-10-05 05:20:00,31.266666666666666,1,1,FSMT,3.177980602808771,3.177980602808771,8.275989438739495,2024-10-03 22:04:00,2024-10-03 22:04:00,2024-10-05 05:20:00,2024-10-05 05:20:00,5,"APTY,DRBS,FSMT,JUNG,KERG",4,"APTY,DRBS,JUNG,KERG",4.244326905353681,4.108554947580645,6.347459954783014,core,supported_multi_station_candidate,A,True,2024,-5.434,409.8616666666667,8.48125,6.134485243055555,False,,,,,,False,False,True,True,True,-7.13,396.85,8.78,72.39999999999998,54.0,128.0
808,2024-10-06 08:50:00,2024-10-06 08:50:00,2024-10-05 19:04:00,2024-10-07 01:34:00,30.5,7,7,"APTY,BKSN,DRBS,JUNG,KERG,MXCO,NEWK",5.932408956555869,10.84229747204635,5.268522647557424,2024-10-05 19:04:00,2024-10-06 23:42:00,2024-10-06 16:18:00,2024-10-07 01:34:00,15,"AATB,APTY,BKSN,CALM,DRBS,FSMT,JUNG,JUNG1,KERG,KIEL2,LMKS,MXCO,NEWK,OULU,ROME",8,"AATB,CALM,FSMT,JUNG1,KIEL2,LMKS,OULU,ROME",6.718038076282293,6.50813084200811,10.84229747204635,core,supported_multi_station_candidate,A,False,2024,-14.636166666666666,525.4616666666667,16.318333333333335,9.172071701388889,True,-1.1833333333333333,6.37,SSC,522.0,15.2,True,False,True,True,True,-9.715,527.7,15.465,171.80000000000007,20.0,432.0
809,2024-10-10 18:10:00,2024-10-10 18:10:00,2024-10-10 04:18:00,2024-10-11 13:38:00,33.333333333333336,5,5,"APTY,DRBS,KIEL2,OULU,ROME",7.331907556899546,12.338952794886902,6.532083555776289,2024-10-10 04:18:00,2024-10-11 00:06:00,2024-10-10 17:32:00,2024-10-11 13:38:00,6,"APTY,DRBS,JUNG1,KIEL2,OULU,ROME",1,JUNG1,7.66608010853813,7.890289024343322,12.338952794886902,core,supported_multi_station_candidate,A,False,2024,-43.415333333333336,751.5558333333333,43.83683333333333,6.272522569444444,True,-2.933333333333333,13.3,SSC,753.0,43.7,True,True,True,True,True,-47.64,816.3499999999999,47.795,439.2499999999999,108.0,604.0
810,2024-10-17 08:22:00,2024-10-17 08:22:00,2024-10-16 04:20:00,2024-10-19 19:56:00,87.6,8,8,"APTY,BKSN,FSMT,JUNG1,KERG,KIEL2,LMKS,OULU",5.142245081673626,7.238015618585289,5.59144645971798,2024-10-16 04:20:00,2024-10-18 15:14:00,2024-10-17 09:08:00,2024-10-19 19:56:00,10,"APTY,BKSN,DRBS,FSMT,JUNG1,KERG,KIEL2,LMKS,OULU,ROME",2,"DRBS,ROME",5.2746301670900655,5.509605609248245,7.238015618585289,core,supported_multi_station_candidate,A,False,2024,-7.021833333333333,453.15,11.678666666666667,8.097793779904306,False,,,,,,False,False,True,False,True,-5.215,474.95,7.37,89.25,14.0,0.0
811,2024-10-26 21:06:00,2024-10-26 21:06:00,2024-10-25 14:58:00,2024-10-28 22:34:00,79.6,11,11,"AATB,APTY,CALM,DRBS,JUNG,JUNG1,KIEL2,LMKS,MXCO,NEWK,ROME",6.256207245137301,10.548601727608615,5.629229066422234,2024-10-25 14:58:00,2024-10-28 20:38:00,2024-10-26 22:14:00,2024-10-28 22:34:00,16,"AATB,APTY,ATHN,BKSN,CALM,DRBS,FSMT,JUNG,JUNG1,KERG,KIEL2,LMKS,MXCO,NEWK,OULU,ROME",5,"ATHN,BKSN,FSMT,KERG,OULU",6.292318004233462,6.033039148051872,10.548601727608615,core,supported_multi_station_candidate,A,False,2024,-10.462,552.1983333333334,24.62366666666667,11.353200520833335,True,-4.8,4.3,SSC,477.0,24.3,True,True,True,True,True,-15.75,521.5,25.61,215.60000000000002,88.0,862.0
812,2024-11-07 10:22:00,2024-11-07 10:22:00,2024-11-05 18:54:00,2024-11-09 02:50:00,79.93333333333334,6,6,"BKSN,DRBS,FSMT,KIEL2,NEWK,OULU",6.077238385615267,8.462658490687138,7.655719287977782,2024-11-05 18:54:00,2024-11-08 13:58:00,2024-11-05 22:38:00,2024-11-09 02:50:00,12,"APTY,BKSN,DRBS,FSMT,JUNG,JUNG1,KERG,KIEL2,MXCO,NEWK,OULU,ROME",6,"APTY,JUNG,JUNG1,KERG,MXCO,ROME",5.779396064130488,5.237987490244101,8.462658490687138,core,supported_multi_station_candidate,A,False,2024,-12.842666666666666,461.5183333333333,16.719166666666666,12.510657118055555,True,4.866666666666666,1.04,SI,421.0,8.6,True,True,True,False,True,-4.51,425.85,6.085,50.400000000000034,66.0,0.0
813,2024-11-12 15:36:00,2024-11-12 15:36:00,2024-11-12 15:36:00,2024-11-13 04:14:00,12.633333333333333,1,1,KIEL2,7.491203900865171,7.491203900865171,3.9344744936906295,2024-11-12 15:36:00,2024-11-12 15:36:00,2024-11-13 04:14:00,2024-11-13 04:14:00,2,"KERG,KIEL2",1,KERG,5.356848073819398,5.356848073819398,7.491203900865171,core,supported_multi_station_candidate,B,True,2024,-7.026333333333333,442.165,12.879,7.239218749999999,False,,,,,,False,False,True,False,True,-3.73,402.1,5.445,56.700000000000045,18.0,0.0
814,2024-11-15 08:12:00,2024-11-15 08:12:00,2024-11-15 08:12:00,2024-11-16 05:10:00,20.966666666666665,1,1,JUNG1,2.9247547415271375,2.9247547415271375,6.587073525254059,2024-11-15 08:12:00,2024-11-15 08:12:00,2024-11-16 05:10:00,2024-11-16 05:10:00,3,"JUNG,JUNG1,KERG",2,"JUNG,KERG",3.5786963475855047,3.4688265704436807,4.342507730785696,core,supported_multi_station_candidate,B,True,2024,-10.505833333333333,422.6666666666667,12.879,5.135850694444445,True,-9.2,0.44,,424.0,10.7,False,True,True,True,True,-11.075,414.54999999999995,11.32,103.94999999999993,92.0,556.0
815,2024-11-20 21:28:00,2024-11-20 21:28:00,2024-11-18 19:46:00,2024-11-23 04:32:00,104.76666666666667,8,8,"ATHN,CALM,FSMT,JUNG1,KERG,KIEL2,LMKS,MXCO",5.35611178086684,8.747560554817268,6.140559425949311,2024-11-18 19:46:00,2024-11-21 21:58:00,2024-11-19 15:00:00,2024-11-23 04:32:00,15,"AATB,ATHN,BKSN,CALM,DRBS,FSMT,JUNG,JUNG1,KERG,KIEL2,LMKS,MXCO,NEWK,OULU,ROME",7,"AATB,BKSN,DRBS,JUNG,NEWK,OULU,ROME",5.392920209367176,5.0452819526062305,8.747560554817268,core,supported_multi_station_candidate,A,False,2024,-6.764333333333334,416.19,12.222333333333333,8.870955729166667,True,0.5333333333333333,1.73,,419.0,8.9,False,False,True,True,True,-5.29,395.6,11.7,54.60000000000002,6.0,136.0
816,2024-11-25 04:18:00,2024-11-25 04:18:00,2024-11-24 14:42:00,2024-11-26 02:04:00,35.36666666666667,5,5,"BKSN,FSMT,JUNG,JUNG1,ROME",4.3897779167203606,5.2464897108764825,6.649979756384978,2024-11-24 14:42:00,2024-11-25 10:34:00,2024-11-25 12:10:00,2024-11-26 02:04:00,10,"AATB,APTY,BKSN,FSMT,JUNG,JUNG1,KERG,NEWK,OULU,ROME",5,"AATB,APTY,KERG,NEWK,OULU",4.411250414049659,4.249877744369709,5.2464897108764825,core,supported_multi_station_candidate,A,False,2024,-5.751833333333334,434.22999999999996,8.728,6.835253472222223,False,,,,,,False,True,True,True,True,-7.550000000000001,444.4,9.0,61.299999999999955,74.0,186.0
817,2024-11-28 19:04:00,2024-11-28 19:04:00,2024-11-27 21:02:00,2024-11-30 21:08:00,72.1,7,7,"APTY,FSMT,KERG,KIEL2,MXCO,NEWK,ROME",5.06570307229346,8.599093767254013,7.4343649640592115,2024-11-27 21:02:00,2024-11-29 13:36:00,2024-11-29 00:34:00,2024-11-30 21:08:00,13,"AATB,APTY,BKSN,FSMT,JUNG,JUNG1,KERG,KIEL2,LMKS,MXCO,NEWK,OULU,ROME",6,"AATB,BKSN,JUNG,JUNG1,LMKS,OULU",4.668085551952786,4.048394773623688,8.599093767254013,core,supported_multi_station_candidate,A,False,2024,-7.897499999999999,424.18,15.079583333333334,8.328081597222223,True,7.933333333333334,3.47,,428.0,15.5,False,False,True,True,True,-3.5300000000000002,383.04999999999995,8.39,76.74999999999994,2.0,146.0
818,2024-12-04 01:22:00,2024-12-04 01:22:00,2024-12-02 22:58:00,2024-12-05 21:28:00,70.5,7,7,"AATB,FSMT,JUNG,JUNG1,KIEL2,NEWK,ROME",4.915610131612854,7.9076248811825804,5.884931271220987,2024-12-02 22:58:00,2024-12-04 14:52:00,2024-12-04 09:30:00,2024-12-05 21:28:00,13,"AATB,APTY,BKSN,DRBS,FSMT,JUNG,JUNG1,KERG,KIEL2,MXCO,NEWK,OULU,ROME",6,"APTY,BKSN,DRBS,KERG,MXCO,OULU",5.1074572043938575,4.532416999449822,7.9076248811825804,core,supported_multi_station_candidate,A,False,2024,-9.346916666666667,493.10999999999996,13.759166666666665,4.707906028368795,True,-9.366666666666667,1.44,,494.0,10.4,False,False,True,True,True,-7.26,519.3,10.774999999999999,90.59999999999997,34.0,466.0
819,2024-12-08 15:32:00,2024-12-08 15:32:00,2024-12-07 22:20:00,2024-12-11 03:06:00,76.76666666666667,6,6,"ATHN,JUNG,JUNG1,KIEL2,LMKS,OULU",4.410014070027812,6.65961485340509,9.2903938688911,2024-12-07 22:20:00,2024-12-10 07:14:00,2024-12-08 08:22:00,2024-12-11 03:06:00,7,"ATHN,FSMT,JUNG,JUNG1,KIEL2,LMKS,OULU",1,FSMT,4.234580517806809,3.895520717639453,6.65961485340509,core,supported_multi_station_candidate,A,False,2024,-7.7925,496.67,10.018166666666668,6.707705729166666,True,4.466666666666667,0.65,,498.0,10.0,False,True,True,True,True,-5.42,394.7,10.21,65.19999999999999,72.0,446.0
820,2024-12-16 09:36:00,2024-12-16 09:36:00,2024-12-15 04:50:00,2024-12-17 18:48:00,61.96666666666667,10,10,"AATB,APTY,BKSN,CALM,JUNG,JUNG1,KIEL2,LMKS,NEWK,ROME",5.705215600317348,10.593182714536685,6.414829378245054,2024-12-15 04:50:00,2024-12-17 03:04:00,2024-12-15 23:50:00,2024-12-17 18:48:00,15,"AATB,APTY,BKSN,CALM,DRBS,FSMT,JUNG,JUNG1,KERG,KIEL2,LMKS,MXCO,NEWK,OULU,ROME",5,"DRBS,FSMT,KERG,MXCO,OULU",5.789591476281214,5.442660781783571,10.593182714536685,core,supported_multi_station_candidate,A,False,2024,-8.519166666666667,700.5433333333333,29.220333333333333,12.193204787234041,False,,,,,,False,True,True,True,True,-5.654999999999999,447.0,11.325,47.94999999999999,140.0,266.0
821,2024-12-21 18:40:00,2024-12-21 18:40:00,2024-12-20 13:12:00,2024-12-22 20:34:00,55.36666666666667,5,5,"AATB,APTY,JUNG,JUNG1,MXCO",4.146514546361178,4.801916418391461,7.75349505106478,2024-12-20 13:12:00,2024-12-22 09:30:00,2024-12-22 00:24:00,2024-12-22 20:34:00,13,"AATB,APTY,DRBS,FSMT,JUNG,JUNG1,KERG,KIEL2,LMKS,MXCO,NEWK,OULU,ROME",8,"DRBS,FSMT,KERG,KIEL2,LMKS,NEWK,OULU,ROME",5.142554026856181,4.632409565961326,7.356006817786374,core,supported_multi_station_candidate,A,False,2024,-6.260666666666666,659.5849999999999,9.498333333333333,3.244198325163399,True,-14.666666666666666,3.44,,654.0,9.4,False,False,True,True,True,-8.315000000000001,596.15,9.73,108.04999999999995,32.0,298.0
822,2024-12-23 11:40:00,2024-12-23 11:40:00,2024-12-23 11:40:00,2024-12-23 22:04:00,10.4,1,1,KERG,2.5133237776790116,2.5133237776790116,2.9661128808639305,2024-12-23 11:40:00,2024-12-23 11:40:00,2024-12-23 22:04:00,2024-12-23 22:04:00,2,"KERG,LMKS",1,LMKS,2.5216433222168932,2.5216433222168932,2.529962866754775,core,supported_multi_station_candidate,B,True,2024,-4.047166666666667,659.5849999999999,9.498333333333333,2.5088307291666667,False,,,,,,False,False,True,False,True,-5.33,629.5,7.265,101.15000000000009,20.0,0.0
823,2025-01-01 02:48:00,2025-01-01 02:48:00,2024-12-31 10:10:00,2025-01-01 21:42:00,35.53333333333333,9,9,"AATB,APTY,DRBS,FSMT,JUNG,KERG,LMKS,NEWK,OULU",3.936609874530961,6.85661744475216,5.325907976825408,2024-12-31 10:10:00,2025-01-01 17:24:00,2025-01-01 08:12:00,2025-01-01 21:42:00,13,"AATB,APTY,BKSN,DRBS,FSMT,JUNG,JUNG1,KERG,KIEL2,LMKS,MXCO,NEWK,OULU",4,"BKSN,JUNG1,KIEL2,MXCO",4.258295312999191,3.558285949383608,8.014813259224928,core,supported_multi_station_candidate,A,False,2025,-21.820333333333334,543.62,24.9335,13.184888020833332,True,-10.45,5.41,SSC,539.0,24.7,True,True,True,True,True,-18.66,569.4,25.71,161.09999999999997,180.0,682.0
825,2025-01-05 09:15:00,2025-01-05 09:15:00,2025-01-04 20:22:00,2025-01-06 01:04:00,28.7,2,2,"KIEL2,LMKS",4.672814365399815,7.503405598319116,7.1537704783069165,2025-01-04 20:22:00,2025-01-05 22:08:00,2025-01-05 19:22:00,2025-01-06 01:04:00,3,"DRBS,KIEL2,LMKS",1,DRBS,4.865953557970906,5.252231943113088,7.503405598319116,core,supported_multi_station_candidate,B,False,2025,-12.949166666666667,678.5433333333333,17.469,4.459440104166667,False,,,,,,False,False,True,False,True,-6.385,726.2,8.475000000000001,140.7500000000001,56.0,12.0
826,2025-01-12 15:22:00,2025-01-12 15:22:00,2025-01-11 19:14:00,2025-01-14 02:14:00,55.0,5,5,"APTY,BKSN,DRBS,KIEL2,OULU",6.346104900556591,7.93279212409495,5.557773692762919,2025-01-11 19:14:00,2025-01-12 22:30:00,2025-01-12 22:26:00,2025-01-14 02:14:00,12,"AATB,APTY,BKSN,DRBS,FSMT,JUNG,JUNG1,KERG,KIEL2,LMKS,NEWK,OULU",7,"AATB,FSMT,JUNG,JUNG1,KERG,LMKS,NEWK",5.50835786643897,5.282536461207449,7.93279212409495,core,supported_multi_station_candidate,A,False,2025,-7.785166666666667,452.85833333333335,11.976166666666668,5.867319444444444,False,,,,,,False,True,True,False,True,-5.605,423.9,8.545,54.39999999999998,62.0,6.0
827,2025-01-16 13:18:00,2025-01-16 13:18:00,2025-01-15 22:44:00,2025-01-17 20:46:00,46.03333333333333,4,4,"AATB,JUNG,KERG,KIEL2",4.666958678189649,6.024949565378138,4.836057078888148,2025-01-15 22:44:00,2025-01-17 04:24:00,2025-01-17 01:46:00,2025-01-17 20:46:00,8,"AATB,BKSN,FSMT,JUNG,JUNG1,KERG,KIEL2,NEWK",4,"BKSN,FSMT,JUNG1,NEWK",4.501908745760161,4.4194559095244905,6.024949565378138,core,supported_multi_station_candidate,A,False,2025,-6.066666666666666,577.7616666666667,10.935833333333333,4.9693828125,False,,,,,,False,True,True,False,True,-6.3149999999999995,538.3,7.5,99.09999999999997,104.0,0.0
828,2025-01-20 12:14:00,2025-01-20 12:14:00,2025-01-19 23:54:00,2025-01-22 00:00:00,48.1,7,7,"APTY,ATHN,FSMT,JUNG1,KERG,KIEL2,OULU",5.304786172077739,6.60705990847684,7.6748059503456,2025-01-19 23:54:00,2025-01-20 21:36:00,2025-01-20 17:18:00,2025-01-22 00:00:00,14,"AATB,APTY,ATHN,BKSN,DRBS,FSMT,JUNG,JUNG1,KERG,KIEL2,LMKS,MXCO,OULU,ROME",7,"AATB,BKSN,DRBS,JUNG,LMKS,MXCO,ROME",5.248086222210694,5.027622404984579,7.829426291283349,core,supported_multi_station_candidate,A,False,2025,-4.889833333333333,674.0699999999999,8.529166666666667,3.8817291666666662,False,,,,,,False,False,True,True,True,-8.844999999999999,632.4,9.75,142.75,44.0,110.0
829,2025-01-26 08:30:00,2025-01-26 08:30:00,2025-01-24 05:00:00,2025-01-27 20:58:00,87.96666666666667,3,3,"AATB,KERG,LMKS",3.5011914479586483,4.2476202100468,7.779935624051621,2025-01-24 05:00:00,2025-01-26 21:54:00,2025-01-25 02:12:00,2025-01-27 20:58:00,7,"AATB,FSMT,JUNG,JUNG1,KERG,LMKS,MXCO",4,"FSMT,JUNG,JUNG1,MXCO",3.411121689741048,3.400645164084753,4.2476202100468,core,supported_multi_station_candidate,A,False,2025,-6.4879999999999995,457.78333333333336,8.443166666666666,8.940193576388891,False,,,,,,False,False,True,False,True,-1.055,373.2,4.005,35.599999999999966,0.0,0.0
830,2025-01-31 06:46:00,2025-01-31 06:46:00,2025-01-28 09:16:00,2025-02-03 09:00:00,143.73333333333332,11,11,"AATB,BKSN,DRBS,JUNG,JUNG1,KERG,KIEL2,LMKS,MXCO,NEWK,OULU",4.956628887832113,6.613572313749472,8.70563795479405,2025-01-28 09:16:00,2025-02-03 03:00:00,2025-01-29 13:46:00,2025-02-03 09:00:00,16,"AATB,APTY,ATHN,BKSN,CALM,DRBS,FSMT,JUNG,JUNG1,KERG,KIEL2,LMKS,MXCO,NEWK,OULU,ROME",5,"APTY,ATHN,CALM,FSMT,ROME",5.463426290541314,5.148415126515866,10.933359254775803,core,supported_multi_station_candidate,A,False,2025,-13.513,683.0566666666667,17.1565,16.306793402777778,False,,,,,,False,True,True,True,True,-11.09,362.5,16.665,56.60000000000002,176.0,672.0
831,2025-02-08 22:20:00,2025-02-08 22:20:00,2025-02-08 02:18:00,2025-02-10 09:04:00,54.766666666666666,6,6,"AATB,FSMT,JUNG,MXCO,NEWK,OULU",4.526642777638478,5.999240064411109,5.150572541225498,2025-02-08 02:18:00,2025-02-10 01:34:00,2025-02-08 14:56:00,2025-02-10 09:04:00,12,"AATB,APTY,FSMT,JUNG,JUNG1,KERG,KIEL2,LMKS,MXCO,NEWK,OULU,ROME",6,"APTY,JUNG1,KERG,KIEL2,LMKS,ROME",4.737257073834252,4.446585312153445,6.900656230968928,core,supported_multi_station_candidate,A,False,2025,-8.926666666666668,593.6066666666667,19.96783333333333,9.317876736111112,False,,,,,,False,True,True,True,True,-8.85,378.7,15.86,67.89999999999998,230.0,898.0
832,2025-02-14 18:54:00,2025-02-14 18:54:00,2025-02-13 03:40:00,2025-02-16 05:40:00,74.0,7,7,"AATB,APTY,FSMT,JUNG1,KERG,MXCO,NEWK",4.5528339611669,6.480752452254856,8.450456631003775,2025-02-13 03:40:00,2025-02-16 02:24:00,2025-02-14 06:50:00,2025-02-16 05:40:00,12,"AATB,APTY,BKSN,DRBS,FSMT,JUNG,JUNG1,KERG,LMKS,MXCO,NEWK,OULU",5,"BKSN,DRBS,JUNG,LMKS,OULU",4.888715278218303,4.399705927902756,7.368760449760814,core,supported_multi_station_candidate,A,False,2025,-6.172166666666667,657.6733333333334,9.053500000000001,5.2656635664682545,False,,,,,,False,False,True,True,True,-7.835,586.7,9.39,106.10000000000002,36.0,336.0
833,2025-02-18 18:03:00,2025-02-18 18:03:00,2025-02-17 23:24:00,2025-02-20 06:00:00,54.6,6,6,"AATB,DRBS,JUNG1,KERG,MXCO,NEWK",4.900523936633253,6.871924663677693,4.3149537403439515,2025-02-17 23:24:00,2025-02-19 15:58:00,2025-02-19 07:32:00,2025-02-20 06:00:00,13,"AATB,APTY,BKSN,DRBS,FSMT,JUNG,JUNG1,KERG,KIEL2,LMKS,MXCO,NEWK,ROME",7,"APTY,BKSN,FSMT,JUNG,KIEL2,LMKS,ROME",4.975091311498361,5.048834478199158,6.871924663677693,core,supported_multi_station_candidate,A,False,2025,-7.301500000000001,540.2016666666667,9.713333333333333,4.104689732142857,False,,,,,,False,True,True,True,True,-8.67,501.70000000000005,10.225000000000001,69.90000000000009,72.0,106.0
834,2025-02-24 01:48:00,2025-02-24 01:48:00,2025-02-22 15:02:00,2025-02-27 12:54:00,117.86666666666666,9,9,"AATB,ATHN,DRBS,FSMT,JUNG,JUNG1,KIEL2,LMKS,NEWK",4.859851630746789,7.136719008812362,6.529262115588995,2025-02-22 15:02:00,2025-02-26 19:48:00,2025-02-23 21:00:00,2025-02-27 12:54:00,15,"AATB,ATHN,BKSN,CALM,DRBS,FSMT,JUNG,JUNG1,KERG,KIEL2,LMKS,MXCO,NEWK,OULU,ROME",6,"BKSN,CALM,KERG,MXCO,OULU,ROME",5.226029083633576,5.503525709173527,9.163325994779992,core,supported_multi_station_candidate,A,False,2025,-9.778500000000001,424.3433333333333,16.798,13.899752604166666,False,,,,,,False,True,True,True,True,-11.015,359.1,15.21,54.700000000000045,132.0,556.0
835,2025-02-28 12:00:00,2025-02-28 12:00:00,2025-02-28 12:00:00,2025-03-01 00:26:00,12.433333333333334,1,1,KERG,3.994531012539599,3.994531012539599,5.866732313108997,2025-02-28 12:00:00,2025-02-28 12:00:00,2025-03-01 00:26:00,2025-03-01 00:26:00,5,"AATB,APTY,JUNG,KERG,MXCO",4,"AATB,APTY,JUNG,MXCO",3.5365623505196617,3.4445796531033985,3.994531012539599,core,supported_multi_station_candidate,A,True,2025,-8.258333333333333,753.7883333333334,16.984666666666666,5.353484602580108,False,,,,,,False,False,True,True,True,-10.47,794.0,13.155,183.29999999999995,42.0,1058.0
836,2025-03-04 09:20:00,2025-03-04 09:20:00,2025-03-04 05:08:00,2025-03-05 08:36:00,27.466666666666665,3,3,"KERG,LMKS,OULU",4.784268470568206,5.93693905802971,5.672474545317485,2025-03-04 05:08:00,2025-03-04 10:06:00,2025-03-05 00:14:00,2025-03-05 08:36:00,7,"AATB,APTY,FSMT,JUNG1,KERG,LMKS,OULU",4,"AATB,APTY,FSMT,JUNG1",3.869911453234964,3.411088829456056,5.93693905802971,core,supported_multi_station_candidate,A,False,2025,-7.108833333333333,511.26666666666665,8.490166666666665,5.360182983682984,False,,,,,,False,False,True,False,True,-6.38,556.95,8.085,134.85000000000002,18.0,4.0
837,2025-03-09 13:20:00,2025-03-09 13:20:00,2025-03-07 01:38:00,2025-03-11 02:00:00,96.36666666666666,9,9,"APTY,BKSN,DRBS,JUNG,JUNG1,KERG,KIEL2,LMKS,MXCO",4.61473840439311,6.5979083974938435,5.9337691208259145,2025-03-07 01:38:00,2025-03-11 01:36:00,2025-03-08 01:40:00,2025-03-11 02:00:00,11,"AATB,APTY,BKSN,DRBS,JUNG,JUNG1,KERG,KIEL2,LMKS,MXCO,NEWK",2,"AATB,NEWK",4.608438483350102,4.419668246175206,6.5979083974938435,core,supported_multi_station_candidate,A,False,2025,-6.122,646.2833333333333,15.838666666666667,6.156562500000001,False,,,,,,False,False,True,True,True,-10.735,688.5,16.005,195.54999999999995,34.0,530.0
838,2025-03-13 22:59:00,2025-03-13 22:59:00,2025-03-13 11:40:00,2025-03-15 08:46:00,45.1,6,6,"APTY,CALM,DRBS,JUNG,JUNG1,NEWK",5.533821337107697,8.572216204379608,7.400245677066253,2025-03-13 11:40:00,2025-03-14 14:08:00,2025-03-14 14:10:00,2025-03-15 08:46:00,14,"AATB,APTY,BKSN,CALM,DRBS,FSMT,JUNG,JUNG1,KERG,KIEL2,MXCO,NEWK,OULU,ROME",8,"AATB,BKSN,FSMT,KERG,KIEL2,MXCO,OULU,ROME",5.474531621161609,5.070199781504531,8.572216204379608,core,supported_multi_station_candidate,A,False,2025,-8.912333333333333,566.8199999999999,11.947666666666667,4.028362041467306,False,,,,,,False,True,True,True,True,-7.925,578.65,8.445,85.44999999999999,60.0,144.0
839,2025-03-17 12:44:00,2025-03-17 12:44:00,2025-03-16 16:56:00,2025-03-20 07:00:00,86.06666666666666,7,7,"APTY,JUNG1,KERG,LMKS,MXCO,OULU,ROME",4.275053999532239,5.291468389725086,6.197099976796409,2025-03-16 16:56:00,2025-03-19 20:24:00,2025-03-17 19:10:00,2025-03-20 07:00:00,9,"AATB,APTY,JUNG,JUNG1,KERG,LMKS,MXCO,OULU,ROME",2,"AATB,JUNG",4.151317688431842,4.13633606224614,5.291468389725086,core,supported_multi_station_candidate,A,False,2025,-8.271833333333333,565.6933333333333,12.361500000000001,5.227338578088578,False,,,,,,False,True,True,False,True,-6.82,423.6,7.725,50.30000000000001,86.0,0.0
840,2025-03-21 10:35:00,2025-03-21 10:35:00,2025-03-21 04:26:00,2025-03-22 11:24:00,30.966666666666665,6,6,"AATB,APTY,JUNG1,MXCO,NEWK,OULU",5.118979277893907,6.689646454384605,6.188582726180769,2025-03-21 04:26:00,2025-03-22 01:54:00,2025-03-21 19:12:00,2025-03-22 11:24:00,14,"AATB,APTY,BKSN,DRBS,FSMT,JUNG,JUNG1,KERG,KIEL2,LMKS,MXCO,NEWK,OULU,ROME",8,"BKSN,DRBS,FSMT,JUNG,KERG,KIEL2,LMKS,ROME",5.344920006852893,5.1516864484663865,7.317416160634469,core,supported_multi_station_candidate,A,False,2025,-5.805666666666666,511.51166666666666,33.642,10.995636034255599,False,,,,,,False,False,True,True,True,-6.0,441.2,19.305,67.99999999999994,30.0,438.0
841,2025-03-24 01:05:00,2025-03-24 01:05:00,2025-03-23 16:16:00,2025-03-25 02:08:00,33.86666666666667,2,2,"AATB,OULU",3.8263557739414917,4.728398331677303,10.69807290592464,2025-03-23 16:16:00,2025-03-24 09:54:00,2025-03-24 08:32:00,2025-03-25 02:08:00,13,"AATB,BKSN,DRBS,FSMT,JUNG,JUNG1,KERG,KIEL2,LMKS,MXCO,NEWK,OULU,ROME",11,"BKSN,DRBS,FSMT,JUNG,JUNG1,KERG,KIEL2,LMKS,MXCO,NEWK,ROME",4.965258603574075,4.864083519024387,7.152180679088799,core,supported_multi_station_candidate,A,False,2025,-6.698833333333334,504.92333333333335,19.191,10.415596699687832,False,,,,,,False,True,True,True,True,-9.695,421.45,16.41,64.34999999999997,66.0,358.0
842,2025-03-31 16:04:00,2025-03-31 16:04:00,2025-03-30 04:42:00,2025-04-01 21:22:00,64.66666666666667,8,8,"AATB,APTY,JUNG,JUNG1,KERG,KIEL2,LMKS,MXCO",5.2398627589313085,7.912400260134666,8.322066067406642,2025-03-30 04:42:00,2025-03-31 23:58:00,2025-03-31 02:34:00,2025-04-01 21:22:00,14,"AATB,APTY,BKSN,DRBS,FSMT,JUNG,JUNG1,KERG,KIEL2,LMKS,MXCO,NEWK,OULU,ROME",6,"BKSN,DRBS,FSMT,NEWK,OULU,ROME",5.867429268465379,5.834144522125472,8.833691031829922,core,supported_multi_station_candidate,A,False,2025,-8.940166666666666,523.2883333333333,12.721166666666667,5.073248263888889,False,,,,,,False,True,True,True,True,-6.904999999999999,550.7,11.745000000000001,136.95000000000005,76.0,662.0
843,2025-04-05 21:07:00,2025-04-05 21:07:00,2025-04-05 10:50:00,2025-04-07 18:36:00,55.766666666666666,2,2,"KERG,LMKS",3.6632303163943276,3.7963324521432433,6.773617111899897,2025-04-05 10:50:00,2025-04-06 07:24:00,2025-04-06 06:00:00,2025-04-07 18:36:00,2,"KERG,LMKS",0,,3.6632303163943276,3.6632303163943276,3.7963324521432433,core,supported_multi_station_candidate,B,False,2025,-5.280333333333333,712.51,13.254666666666667,3.6061111111111117,False,,,,,,False,False,True,True,True,-7.025,777.5,9.185,181.89999999999998,20.0,238.0
845,2025-04-11 19:50:00,2025-04-11 19:50:00,2025-04-11 19:50:00,2025-04-13 07:10:00,35.333333333333336,1,1,OULU,5.50725157604802,5.50725157604802,6.752941711027843,2025-04-11 19:50:00,2025-04-11 19:50:00,2025-04-13 07:10:00,2025-04-13 07:10:00,12,"AATB,APTY,BKSN,DRBS,FSMT,JUNG,JUNG1,KERG,KIEL2,MXCO,NEWK,OULU",11,"AATB,APTY,BKSN,DRBS,FSMT,JUNG,JUNG1,KERG,KIEL2,MXCO,NEWK",4.8076930424907465,4.577364850588273,7.29136874692197,core,supported_multi_station_candidate,A,True,2025,-6.362666666666667,536.4175,10.991666666666667,3.812707175925926,False,,,,,,False,False,True,True,True,-6.35,507.6,9.235,109.90000000000003,38.0,366.0
846,2025-04-15 04:08:00,2025-04-15 04:08:00,2025-04-14 20:34:00,2025-04-16 06:32:00,33.96666666666667,7,7,"BKSN,DRBS,KERG,LMKS,MXCO,NEWK,OULU",5.594086121045602,7.237098856732696,9.44113772375818,2025-04-14 20:34:00,2025-04-16 02:08:00,2025-04-16 00:46:00,2025-04-16 06:32:00,14,"AATB,APTY,BKSN,DRBS,FSMT,JUNG,JUNG1,KERG,KIEL2,LMKS,MXCO,NEWK,OULU,ROME",7,"AATB,APTY,FSMT,JUNG,JUNG1,KIEL2,ROME",5.881940772937208,5.6631596609298,9.167095388522034,core,supported_multi_station_candidate,A,False,2025,-16.439,607.0191666666667,23.943499999999997,8.932301215277779,False,,,,,,False,False,True,False,True,-4.845000000000001,465.3,6.9350000000000005,83.59999999999997,44.0,0.0
847,2025-04-20 16:34:00,2025-04-20 16:34:00,2025-04-20 10:18:00,2025-04-22 01:00:00,38.7,5,5,"AATB,CALM,JUNG,JUNG1,KERG",5.158529872723455,9.804168018444322,6.541209707431774,2025-04-20 10:18:00,2025-04-21 05:36:00,2025-04-20 21:38:00,2025-04-22 01:00:00,13,"AATB,APTY,ATHN,BKSN,CALM,DRBS,FSMT,JUNG,JUNG1,KERG,LMKS,MXCO,OULU",8,"APTY,ATHN,BKSN,DRBS,FSMT,LMKS,MXCO,OULU",5.0714868066464245,4.224748768018593,9.804168018444322,core,supported_multi_station_candidate,A,False,2025,-10.854333333333333,699.3199999999999,18.124166666666667,9.945147569444444,False,,,,,,False,True,True,True,True,-10.434999999999999,446.6,13.655,71.60000000000002,84.0,232.0
848,2025-04-22 15:50:00,2025-04-22 15:50:00,2025-04-22 15:00:00,2025-04-24 01:58:00,34.96666666666667,3,3,"FSMT,JUNG1,KIEL2",5.0182321791551905,6.733288341443823,8.579132456702332,2025-04-22 15:00:00,2025-04-22 22:30:00,2025-04-23 01:42:00,2025-04-24 01:58:00,4,"FSMT,JUNG1,KERG,KIEL2",1,KERG,4.851556102542719,4.489275086693299,6.733288341443823,core,supported_multi_station_candidate,A,False,2025,-10.854333333333333,699.3199999999999,18.124166666666667,7.158588541666667,False,,,,,,False,False,True,False,True,-4.300000000000001,669.15,6.68,82.35000000000002,16.0,0.0
849,2025-04-25 00:10:00,2025-04-25 00:10:00,2025-04-24 16:02:00,2025-04-26 12:22:00,44.333333333333336,4,4,"FSMT,JUNG,JUNG1,LMKS",3.9257142478392684,4.83058269671254,5.229710790245486,2025-04-24 16:02:00,2025-04-25 21:06:00,2025-04-25 11:32:00,2025-04-26 12:22:00,6,"FSMT,JUNG,JUNG1,LMKS,MXCO,NEWK",2,"MXCO,NEWK",4.1274888282250215,3.8169805028923633,5.576890118530174,core,supported_multi_station_candidate,A,False,2025,-4.9398333333333335,566.2783333333333,12.873666666666667,3.5167534722222222,False,,,,,,False,False,True,True,True,-6.97,552.2,10.83,85.59999999999997,36.0,208.0
850,2025-04-28 17:24:00,2025-04-28 17:24:00,2025-04-28 17:24:00,2025-04-29 20:10:00,26.766666666666666,1,1,KERG,3.434668691492722,3.434668691492722,9.08739892286548,2025-04-28 17:24:00,2025-04-28 17:24:00,2025-04-29 20:10:00,2025-04-29 20:10:00,3,"FSMT,KERG,LMKS",2,"FSMT,LMKS",3.449728381287942,3.434668691492722,3.8541782918389185,core,supported_multi_station_candidate,B,True,2025,-6.068833333333333,442.5725,9.798833333333333,6.915381287297527,False,,,,,,False,False,True,False,True,-4.7,426.5,7.234999999999999,73.25,8.0,0.0
851,2025-05-02 07:03:00,2025-05-02 07:03:00,2025-05-01 13:24:00,2025-05-03 19:52:00,54.46666666666667,4,4,"AATB,DRBS,JUNG,JUNG1",4.849131184890875,6.693702130246661,8.065461919566047,2025-05-01 13:24:00,2025-05-02 14:34:00,2025-05-02 13:20:00,2025-05-03 19:52:00,10,"AATB,APTY,BKSN,DRBS,FSMT,JUNG,JUNG1,KERG,LMKS,MXCO",6,"APTY,BKSN,FSMT,KERG,LMKS,MXCO",4.515309186806458,4.142269380767533,6.693702130246661,core,supported_multi_station_candidate,A,False,2025,-5.100333333333333,776.505,13.558833333333332,6.860915798611111,False,,,,,,False,False,True,True,True,-9.77,662.0,13.985,177.55,30.0,1080.0
852,2025-05-08 22:38:00,2025-05-08 22:38:00,2025-05-08 08:58:00,2025-05-10 09:42:00,48.733333333333334,4,4,"APTY,BKSN,KERG,MXCO",4.4832628550458,5.239257757039006,8.843773383764455,2025-05-08 08:58:00,2025-05-09 12:02:00,2025-05-09 17:58:00,2025-05-10 09:42:00,13,"AATB,APTY,BKSN,FSMT,JUNG,JUNG1,KERG,KIEL2,LMKS,MXCO,NEWK,OULU,ROME",9,"AATB,FSMT,JUNG,JUNG1,KIEL2,LMKS,NEWK,OULU,ROME",4.582669041799146,4.489062192845686,6.024189528386082,core,supported_multi_station_candidate,A,False,2025,-7.236083333333334,610.3808333333333,9.2295,4.123447048611111,False,,,,,,False,True,True,False,True,-6.18,496.7,7.645,79.59999999999997,118.0,0.0
853,2025-05-11 11:42:00,2025-05-11 11:42:00,2025-05-11 04:44:00,2025-05-13 04:32:00,47.8,4,4,"APTY,DRBS,FSMT,OULU",5.133617815776395,6.36697045781713,6.49975013765922,2025-05-11 04:44:00,2025-05-12 09:20:00,2025-05-11 23:50:00,2025-05-13 04:32:00,11,"AATB,APTY,DRBS,FSMT,JUNG,JUNG1,KERG,KIEL2,LMKS,MXCO,OULU",7,"AATB,JUNG,JUNG1,KERG,KIEL2,LMKS,MXCO",4.340706624844199,4.44077943355905,6.36697045781713,core,supported_multi_station_candidate,A,False,2025,-7.236083333333334,498.6502272727273,13.1765,7.750874131944445,False,,,,,,False,False,True,True,True,-5.97,455.2,9.19,63.5,34.0,166.0
854,2025-05-17 10:52:00,2025-05-17 10:52:00,2025-05-17 00:12:00,2025-05-20 02:04:00,73.86666666666666,7,7,"APTY,DRBS,JUNG,LMKS,MXCO,OULU,ROME",4.8133133200175875,7.236155126397936,6.351925587367115,2025-05-17 00:12:00,2025-05-20 00:46:00,2025-05-17 12:18:00,2025-05-20 02:04:00,12,"AATB,APTY,BKSN,DRBS,FSMT,JUNG,KERG,KIEL2,LMKS,MXCO,OULU,ROME",5,"AATB,BKSN,FSMT,KERG,KIEL2",4.634655104889177,4.455726727914023,7.236155126397936,core,supported_multi_station_candidate,A,False,2025,-7.76075,718.3533333333334,19.958333333333332,7.705837673611112,False,,,,,,False,True,True,True,True,-17.13,649.35,22.555,152.85000000000002,152.0,1082.0
855,2025-05-22 22:08:00,2025-05-22 22:08:00,2025-05-21 17:04:00,2025-05-25 11:04:00,90.0,5,5,"APTY,FSMT,JUNG,KERG,LMKS",3.9843627897600307,4.9542848565473525,5.258252908005695,2025-05-21 17:04:00,2025-05-24 22:46:00,2025-05-22 20:32:00,2025-05-25 11:04:00,8,"APTY,DRBS,FSMT,JUNG,JUNG1,KERG,KIEL2,LMKS",3,"DRBS,JUNG1,KIEL2",4.562209046508444,3.8752868461457233,6.599453371203254,core,supported_multi_station_candidate,A,False,2025,-4.0725,634.7483333333333,9.808666666666666,3.4241222826086957,False,,,,,,False,False,True,False,True,-3.99,535.1,7.109999999999999,77.90000000000003,8.0,0.0
856,2025-05-28 17:03:00,2025-05-28 17:03:00,2025-05-28 04:02:00,2025-05-29 17:22:00,37.333333333333336,2,2,"APTY,LMKS",4.332756913584596,4.461083345921279,6.3798243584609775,2025-05-28 04:02:00,2025-05-29 06:04:00,2025-05-29 05:24:00,2025-05-29 17:22:00,9,"AATB,APTY,BKSN,FSMT,JUNG1,KIEL2,LMKS,MXCO,OULU",7,"AATB,BKSN,FSMT,JUNG1,KIEL2,MXCO,OULU",4.558349537475361,4.204430481247913,6.746013528606062,core,supported_multi_station_candidate,A,False,2025,-9.941333333333334,775.4833333333333,20.075166666666668,8.086957851473922,False,,,,,,False,False,True,True,True,-5.445,614.2,17.28,78.10000000000002,4.0,226.0
857,2025-05-31 22:53:00,2025-05-31 22:53:00,2025-05-31 13:54:00,2025-06-02 01:22:00,35.46666666666667,6,6,"APTY,BKSN,DRBS,FSMT,JUNG,KIEL2",9.137539183945774,18.560969880545077,7.623621901472401,2025-05-31 13:54:00,2025-06-01 07:02:00,2025-06-01 08:48:00,2025-06-02 01:22:00,10,"APTY,BKSN,CALM,DRBS,FSMT,JUNG,JUNG1,KIEL2,OULU,ROME",4,"CALM,JUNG1,OULU,ROME",9.331157318826317,7.7648998895379275,18.560969880545077,core,supported_multi_station_candidate,A,False,2025,-11.805,1069.3579326923077,24.588666666666665,3.1596119569088317,False,,,,,,False,False,True,False,True,-6.445,738.0,7.955,130.5,52.0,0.0
858,2025-06-05 16:57:00,2025-06-05 16:57:00,2025-06-05 16:04:00,2025-06-07 00:52:00,32.8,2,2,"JUNG1,KIEL2",5.685403549842514,6.649737887654223,7.823250547147776,2025-06-05 16:04:00,2025-06-05 17:50:00,2025-06-06 20:12:00,2025-06-07 00:52:00,2,"JUNG1,KIEL2",0,,5.685403549842514,5.685403549842514,6.649737887654223,core,supported_multi_station_candidate,B,False,2025,-7.978166666666667,806.6840909090909,12.6945,5.499630661453242,False,,,,,,False,False,True,False,True,-2.99,705.3,6.17,143.0,0.0,0.0
859,2025-06-08 01:51:00,2025-06-08 01:51:00,2025-06-07 23:14:00,2025-06-08 17:20:00,18.1,2,2,"JUNG1,ROME",6.009180492748749,6.721617679218032,4.572212385725969,2025-06-07 23:14:00,2025-06-08 04:28:00,2025-06-08 10:20:00,2025-06-08 17:20:00,5,"DRBS,JUNG1,KIEL2,OULU,ROME",3,"DRBS,KIEL2,OULU",6.485104254852585,6.721617679218032,7.944137863415756,core,supported_multi_station_candidate,A,False,2025,-7.978166666666667,540.2312962962963,15.691833333333333,9.256916666666667,False,,,,,,False,True,True,True,True,-11.11,458.8,16.155,49.25,60.0,1080.0
860,2025-06-11 17:12:00,2025-06-11 17:12:00,2025-06-10 01:04:00,2025-06-13 14:26:00,85.36666666666666,10,10,"ATHN,DRBS,FSMT,JUNG,JUNG1,LMKS,MXCO,NEWK,OULU,ROME",6.40806013348318,8.795223039453143,7.744201603996781,2025-06-10 01:04:00,2025-06-13 01:52:00,2025-06-11 01:18:00,2025-06-13 14:26:00,16,"AATB,APTY,ATHN,BKSN,CALM,DRBS,FSMT,JUNG,JUNG1,KERG,KIEL2,LMKS,MXCO,NEWK,OULU,ROME",6,"AATB,APTY,BKSN,CALM,KERG,KIEL2",6.56273265127569,6.514047881319982,10.304565792338273,core,supported_multi_station_candidate,A,False,2025,-13.320333333333334,483.1066666666666,16.406333333333333,8.389698784722222,False,,,,,,False,True,True,True,True,-10.54,488.7,11.43,83.5,130.0,138.0
861,2025-06-16 09:48:00,2025-06-16 09:48:00,2025-06-16 02:10:00,2025-06-18 02:16:00,48.1,3,3,"FSMT,JUNG1,ROME",4.083297958029039,4.943968562347735,6.348894658183204,2025-06-16 02:10:00,2025-06-17 03:12:00,2025-06-17 05:12:00,2025-06-18 02:16:00,10,"AATB,DRBS,FSMT,JUNG1,KERG,KIEL2,LMKS,NEWK,OULU,ROME",7,"AATB,DRBS,KERG,KIEL2,LMKS,NEWK,OULU",4.994241451841261,4.921298851662547,8.645895271901738,core,supported_multi_station_candidate,A,False,2025,-6.161333333333333,550.4266666666666,9.418333333333333,4.918139756944445,False,,,,,,False,True,True,True,True,-8.405000000000001,517.0,10.065,107.84999999999997,66.0,640.0
862,2025-06-19 04:34:00,2025-06-19 04:34:00,2025-06-18 21:52:00,2025-06-21 14:06:00,64.23333333333333,4,4,"JUNG,JUNG1,KERG,NEWK",4.018208160688979,4.497831673411289,6.282097210609221,2025-06-18 21:52:00,2025-06-20 11:48:00,2025-06-20 00:50:00,2025-06-21 14:06:00,12,"AATB,APTY,BKSN,DRBS,FSMT,JUNG,JUNG1,KERG,LMKS,MXCO,NEWK,OULU",8,"AATB,APTY,BKSN,DRBS,FSMT,LMKS,MXCO,OULU",4.435462854013784,4.243970164552467,6.78764962230408,core,supported_multi_station_candidate,A,False,2025,-5.434833333333333,581.315,9.135166666666667,3.2951397569444443,False,,,,,,False,False,True,True,True,-7.875,614.8,9.885,150.59999999999997,44.0,134.0
863,2025-06-27 04:41:00,2025-06-27 04:41:00,2025-06-26 23:16:00,2025-06-28 21:26:00,46.166666666666664,2,2,"JUNG1,LMKS",2.9550158722908346,3.1949568361759586,9.87783212027506,2025-06-26 23:16:00,2025-06-27 10:06:00,2025-06-27 01:02:00,2025-06-28 21:26:00,3,"JUNG1,LMKS,ROME",1,ROME,3.3848306390359433,3.1949568361759586,4.2444601725261615,core,supported_multi_station_candidate,B,False,2025,-7.939166666666667,768.5622222222223,15.952666666666666,4.715130184331797,False,,,,,,False,False,True,True,True,-8.535,802.6,10.455,163.25,46.0,282.0
864,2025-07-01 22:38:00,2025-07-01 22:38:00,2025-07-01 22:38:00,2025-07-03 02:50:00,28.2,1,1,KERG,4.779419617322401,4.779419617322401,11.633176319385118,2025-07-01 22:38:00,2025-07-01 22:38:00,2025-07-03 02:50:00,2025-07-03 02:50:00,3,"FSMT,KERG,LMKS",2,"FSMT,LMKS",3.5756049077976386,3.5026633912548446,4.779419617322401,core,supported_multi_station_candidate,B,True,2025,-7.561833333333333,533.0408333333334,13.278500000000001,8.953096354166666,False,,,,,,False,False,True,False,True,-2.815,529.5,6.675,101.90000000000003,0.0,0.0
865,2025-07-04 17:47:00,2025-07-04 17:47:00,2025-07-04 17:24:00,2025-07-05 00:58:00,7.566666666666666,2,2,"JUNG1,KIEL2",5.634775631861913,8.001043868850882,5.818271549531689,2025-07-04 17:24:00,2025-07-04 18:10:00,2025-07-04 20:50:00,2025-07-05 00:58:00,4,"APTY,JUNG1,KIEL2,LMKS",2,"APTY,LMKS",4.668515593182708,3.91153903234623,8.001043868850882,core,supported_multi_station_candidate,A,False,2025,-8.358666666666666,470.5866666666667,13.278500000000001,11.522860243055556,False,,,,,,False,True,True,True,True,-9.055,403.0,13.075,87.19999999999999,108.0,554.0
866,2025-07-08 07:12:00,2025-07-08 07:12:00,2025-07-08 07:12:00,2025-07-08 08:04:00,0.8666666666666667,1,1,FSMT,2.8102862718935517,2.8102862718935517,6.310024206003236,2025-07-08 07:12:00,2025-07-08 07:12:00,2025-07-08 08:04:00,2025-07-08 08:04:00,5,"AATB,FSMT,JUNG,JUNG1,LMKS",4,"AATB,JUNG,JUNG1,LMKS",3.369060213661414,3.4935577487828864,3.958982033190066,core,supported_multi_station_candidate,A,True,2025,-9.402,593.1758333333333,13.0025,5.459529457758412,False,,,,,,False,False,True,True,True,-7.585,654.4,9.635,150.5,32.0,288.0
867,2025-07-09 16:52:00,2025-07-09 16:52:00,2025-07-09 01:52:00,2025-07-11 08:26:00,54.56666666666667,6,6,"APTY,BKSN,KERG,KIEL2,LMKS,OULU",5.384457416444572,7.046920836783541,5.503690280717646,2025-07-09 01:52:00,2025-07-10 17:28:00,2025-07-10 05:10:00,2025-07-11 08:26:00,10,"AATB,APTY,BKSN,DRBS,KERG,KIEL2,LMKS,MXCO,OULU,ROME",4,"AATB,DRBS,MXCO,ROME",5.5276386443727485,5.4375297318427815,7.712986914305518,core,supported_multi_station_candidate,A,False,2025,-7.241166666666667,593.1758333333333,12.2595,7.409711023414977,False,,,,,,False,False,True,False,True,-2.95,478.1,4.855,41.5,0.0,0.0
868,2025-07-14 20:01:00,2025-07-14 20:01:00,2025-07-12 18:08:00,2025-07-16 06:04:00,83.93333333333334,6,6,"AATB,FSMT,JUNG,JUNG1,NEWK,OULU",4.363683299148269,5.737623843712927,6.574280543426507,2025-07-12 18:08:00,2025-07-15 19:48:00,2025-07-14 05:42:00,2025-07-16 06:04:00,10,"AATB,APTY,BKSN,FSMT,JUNG,JUNG1,KERG,LMKS,NEWK,OULU",4,"APTY,BKSN,KERG,LMKS",4.192707020583426,4.348666092989304,5.737623843712927,core,supported_multi_station_candidate,A,False,2025,-6.285,736.3638888888889,11.831833333333332,3.652413106764625,False,,,,,,False,False,True,True,True,-8.895,606.5,10.59,146.19999999999993,56.0,234.0
869,2025-07-20 07:00:00,2025-07-20 07:00:00,2025-07-19 16:10:00,2025-07-22 01:06:00,56.93333333333333,2,2,"JUNG,JUNG1",3.9239905195447102,4.003581414519054,5.129812287924533,2025-07-19 16:10:00,2025-07-20 21:50:00,2025-07-20 18:48:00,2025-07-22 01:06:00,3,"AATB,JUNG,JUNG1",1,AATB,3.660707271287098,3.8443996245703658,4.003581414519054,core,supported_multi_station_candidate,B,False,2025,-2.423,588.3616666666666,9.352333333333332,5.138048969072164,False,,,,,,False,False,True,False,True,-3.2750000000000004,470.55,5.6899999999999995,50.89999999999998,6.0,0.0
870,2025-07-25 11:24:00,2025-07-25 11:24:00,2025-07-25 04:58:00,2025-07-27 03:34:00,46.6,7,7,"AATB,APTY,BKSN,JUNG,KERG,LMKS,OULU",4.116595718191983,5.123233307869537,7.047090567168488,2025-07-25 04:58:00,2025-07-26 23:38:00,2025-07-26 00:56:00,2025-07-27 03:34:00,13,"AATB,APTY,BKSN,DRBS,FSMT,JUNG,JUNG1,KERG,KIEL2,LMKS,MXCO,NEWK,OULU",6,"DRBS,FSMT,JUNG1,KIEL2,MXCO,NEWK",4.802850277225567,4.53285522698151,7.542754411875229,core,supported_multi_station_candidate,A,False,2025,-5.746666666666667,735.2241666666666,11.246333333333332,2.712444444444445,False,,,,,,False,False,True,False,True,-4.06,630.0,5.9,87.19999999999993,12.0,0.0
871,2025-07-30 09:57:00,2025-07-30 09:57:00,2025-07-29 22:34:00,2025-07-31 23:50:00,49.266666666666666,2,2,"DRBS,KERG",5.119459125960965,5.851316482043953,5.124480498293502,2025-07-29 22:34:00,2025-07-30 21:20:00,2025-07-31 06:08:00,2025-07-31 23:50:00,2,"DRBS,KERG",0,,5.119459125960965,5.119459125960965,5.851316482043953,core,supported_multi_station_candidate,B,False,2025,-7.1625,546.3449999999999,12.395833333333334,5.8963532986111105,False,,,,,,False,True,True,True,True,-9.98,488.65,12.985,138.75,98.0,880.0
872,2025-08-02 16:46:00,2025-08-02 16:46:00,2025-08-02 16:46:00,2025-08-03 02:46:00,10.0,1,1,KIEL2,5.690997280590615,5.690997280590615,10.720427572987743,2025-08-02 16:46:00,2025-08-02 16:46:00,2025-08-03 02:46:00,2025-08-03 02:46:00,5,"ATHN,JUNG,JUNG1,KIEL2,LMKS",4,"ATHN,JUNG,JUNG1,LMKS",4.484731413377843,4.67716350447944,5.690997280590615,core,supported_multi_station_candidate,A,True,2025,-9.509285714285713,513.5516666666667,9.672857142857142,4.103767919799499,False,,,,,,False,False,True,False,True,-5.54,568.4,7.34,133.5,20.0,0.0
873,2025-08-04 04:40:00,2025-08-04 04:40:00,2025-08-03 21:14:00,2025-08-05 05:04:00,31.833333333333332,2,2,"ATHN,OULU",5.047609222195031,5.5078772162282625,17.67864895622424,2025-08-03 21:14:00,2025-08-04 12:06:00,2025-08-05 01:38:00,2025-08-05 05:04:00,2,"ATHN,OULU",0,,5.047609222195031,5.047609222195031,5.5078772162282625,core,supported_multi_station_candidate,B,False,2025,-9.509285714285713,513.5516666666667,9.672857142857142,4.136799498746867,False,,,,,,False,True,True,True,True,-9.85,540.3,10.085,108.90000000000003,92.0,422.0
874,2025-08-07 17:56:00,2025-08-07 17:56:00,2025-08-07 14:22:00,2025-08-09 02:30:00,36.13333333333333,2,2,"APTY,KIEL2",5.696872761636607,6.9803164709236345,5.26024653818077,2025-08-07 14:22:00,2025-08-07 21:30:00,2025-08-08 03:54:00,2025-08-09 02:30:00,6,"AATB,APTY,JUNG1,KERG,KIEL2,LMKS",4,"AATB,JUNG1,KERG,LMKS",4.103824309446257,3.5606099197634595,6.9803164709236345,core,supported_multi_station_candidate,A,False,2025,-7.809,538.955,16.145166666666668,9.346965277777779,False,,,,,,False,False,True,False,True,-2.355,383.6,4.5649999999999995,34.35000000000002,0.0,0.0
875,2025-08-09 19:50:00,2025-08-09 19:50:00,2025-08-09 19:50:00,2025-08-10 19:42:00,23.866666666666667,1,1,ROME,4.921436873721731,4.921436873721731,4.5208458511646334,2025-08-09 19:50:00,2025-08-09 19:50:00,2025-08-10 19:42:00,2025-08-10 19:42:00,4,"AATB,JUNG,JUNG1,ROME",3,"AATB,JUNG,JUNG1",3.9938711600981653,3.9280431340672077,4.921436873721731,core,supported_multi_station_candidate,A,True,2025,-7.809,585.875,16.145166666666668,8.685,False,,,,,,False,True,True,True,True,-13.765,620.3,16.57,165.19999999999993,68.0,640.0
876,2025-08-12 00:36:00,2025-08-12 00:36:00,2025-08-11 16:30:00,2025-08-13 15:38:00,47.13333333333333,3,3,"JUNG1,KERG,MXCO",3.5407221709286145,3.92641960839795,14.638023304840148,2025-08-11 16:30:00,2025-08-12 14:22:00,2025-08-12 07:44:00,2025-08-13 15:38:00,3,"JUNG1,KERG,MXCO",0,,3.5407221709286145,3.669448982014139,3.92641960839795,core,supported_multi_station_candidate,B,False,2025,-4.1165,620.2099999999999,7.477,3.585776041666667,False,,,,,,False,False,True,False,True,-6.3100000000000005,565.4,7.91,81.19999999999999,32.0,0.0
877,2025-08-14 22:24:00,2025-08-14 22:24:00,2025-08-14 14:40:00,2025-08-15 08:02:00,17.366666666666667,2,2,"AATB,MXCO",2.943057018485179,3.2769753810382705,18.65837889990235,2025-08-14 14:40:00,2025-08-15 06:08:00,2025-08-14 14:44:00,2025-08-15 08:02:00,3,"AATB,JUNG1,MXCO",1,JUNG1,3.1517630592578385,3.2769753810382705,3.569175140803157,core,supported_multi_station_candidate,B,False,2025,-3.9753333333333334,620.2099999999999,6.349333333333333,3.834609375,False,,,,,,False,False,True,False,True,-4.76,500.9,6.35,90.19999999999999,24.0,0.0
878,2025-08-16 17:30:00,2025-08-16 17:30:00,2025-08-16 13:44:00,2025-08-18 04:38:00,38.9,3,3,"CALM,DRBS,FSMT",6.623381816624367,8.398725447825225,7.57444062298251,2025-08-16 13:44:00,2025-08-17 04:42:00,2025-08-17 14:28:00,2025-08-18 04:38:00,5,"AATB,CALM,DRBS,FSMT,KERG",2,"AATB,KERG",5.437945740496943,4.032060609083942,8.398725447825225,core,supported_multi_station_candidate,A,False,2025,-3.1416666666666666,459.7008333333333,9.939333333333334,7.247086805555555,False,,,,,,False,False,True,False,True,-4.895,402.15,5.29,68.94999999999999,52.0,0.0
879,2025-08-19 15:37:00,2025-08-19 15:37:00,2025-08-19 05:46:00,2025-08-21 03:12:00,45.43333333333333,2,2,"ATHN,JUNG",4.718199940055376,6.24813397062135,8.759781186168832,2025-08-19 05:46:00,2025-08-20 01:28:00,2025-08-20 08:26:00,2025-08-21 03:12:00,10,"AATB,APTY,ATHN,BKSN,CALM,FSMT,JUNG,JUNG1,KERG,LMKS",8,"AATB,APTY,BKSN,CALM,FSMT,JUNG1,KERG,LMKS",4.407993717547883,4.117052419030858,7.481425956260155,core,supported_multi_station_candidate,A,False,2025,-6.5248333333333335,694.6066666666667,16.62066666666667,10.122020833333332,False,,,,,,False,True,True,True,True,-14.57,766.3,18.814999999999998,266.6,168.0,878.0
880,2025-08-21 19:44:00,2025-08-21 19:44:00,2025-08-21 19:44:00,2025-08-22 00:02:00,4.3,1,1,JUNG,4.265728782711631,4.265728782711631,6.242054604437901,2025-08-21 19:44:00,2025-08-21 19:44:00,2025-08-22 00:02:00,2025-08-22 00:02:00,2,"JUNG,JUNG1",1,JUNG1,4.139463814737491,4.139463814737491,4.265728782711631,core,supported_multi_station_candidate,B,True,2025,-4.55375,694.6066666666667,8.230083333333333,3.251732638888889,False,,,,,,False,False,True,False,True,-4.79,546.05,7.1850000000000005,97.54999999999995,56.0,0.0
881,2025-08-26 12:04:00,2025-08-26 12:04:00,2025-08-23 15:52:00,2025-08-29 10:50:00,138.96666666666667,7,7,"AATB,APTY,FSMT,JUNG,KERG,LMKS,OULU",3.992942323912746,4.586184426543822,7.015845025606831,2025-08-23 15:52:00,2025-08-29 09:30:00,2025-08-24 02:30:00,2025-08-29 10:50:00,13,"AATB,APTY,BKSN,DRBS,FSMT,JUNG,JUNG1,KERG,KIEL2,LMKS,MXCO,OULU,ROME",6,"BKSN,DRBS,JUNG1,KIEL2,MXCO,ROME",4.652491004199008,4.176730947808433,8.7666548433708,core,supported_multi_station_candidate,A,False,2025,-6.866166666666667,444.24833333333333,9.093,7.769373263888888,False,,,,,,False,True,True,False,True,-7.18,438.15,8.329999999999998,88.10000000000002,154.0,30.0
882,2025-09-01 15:16:00,2025-09-01 15:16:00,2025-09-01 10:16:00,2025-09-02 09:24:00,23.133333333333333,2,2,"JUNG1,OULU",4.439124452695673,4.546040850426453,4.063341940270239,2025-09-01 10:16:00,2025-09-01 20:16:00,2025-09-01 22:30:00,2025-09-02 09:24:00,7,"APTY,FSMT,JUNG1,KERG,KIEL2,OULU,ROME",5,"APTY,FSMT,KERG,KIEL2,ROME",4.28096057675173,4.546040850426453,5.596226349580094,core,supported_multi_station_candidate,A,False,2025,-11.942777777777778,621.1983333333334,23.15473684210526,7.019947522765859,False,,,,,,False,False,True,False,True,-5.16,668.2,16.794999999999998,302.50000000000006,36.0,14.0
883,2025-09-06 14:16:00,2025-09-06 14:16:00,2025-09-05 23:12:00,2025-09-07 13:24:00,38.2,5,5,"CALM,FSMT,JUNG,OULU,ROME",7.628269488216442,10.260728896552036,7.662470424417101,2025-09-05 23:12:00,2025-09-07 04:18:00,2025-09-07 06:30:00,2025-09-07 13:24:00,13,"APTY,BKSN,CALM,DRBS,FSMT,JUNG,JUNG1,KERG,KIEL2,LMKS,MXCO,OULU,ROME",8,"APTY,BKSN,DRBS,JUNG1,KERG,KIEL2,LMKS,MXCO",6.8832659432901675,6.893609496995457,10.637956104716283,core,supported_multi_station_candidate,A,False,2025,-3.741333333333333,651.895,18.09783333333333,3.5429890350877193,False,,,,,,False,False,True,True,True,-15.47,715.9,21.15,224.25,24.0,1082.0
884,2025-09-13 22:16:00,2025-09-13 22:16:00,2025-09-10 03:16:00,2025-09-16 18:04:00,158.8,8,8,"AATB,FSMT,JUNG,JUNG1,KERG,MXCO,OULU,ROME",4.261358586012653,5.289683184085746,5.846514689406125,2025-09-10 03:16:00,2025-09-15 15:24:00,2025-09-10 20:34:00,2025-09-16 18:04:00,10,"AATB,FSMT,JUNG,JUNG1,KERG,KIEL2,LMKS,MXCO,OULU,ROME",2,"KIEL2,LMKS",4.170292350621169,4.180253504880888,5.289683184085746,core,supported_multi_station_candidate,A,False,2025,-12.747166666666667,738.4858333333334,18.104666666666667,9.814044491890957,False,,,,,,False,False,True,False,True,-2.27,381.9,9.195,39.69999999999993,0.0,50.0
885,2025-09-20 07:52:00,2025-09-20 07:52:00,2025-09-19 17:42:00,2025-09-21 22:18:00,52.6,3,3,"AATB,DRBS,JUNG1",5.545228471115273,9.928052834484095,5.718685773208527,2025-09-19 17:42:00,2025-09-21 03:48:00,2025-09-19 20:58:00,2025-09-21 22:18:00,3,"AATB,DRBS,JUNG1",0,,5.545228471115272,3.959051212616391,9.928052834484095,core,supported_multi_station_candidate,B,False,2025,-4.783333333333333,536.315,15.460333333333333,10.647869202083056,False,,,,,,False,False,False,False,False,-2.1900000000000004,371.7,4.4399999999999995,22.30000000000001,0.0,0.0
886,2025-09-22 23:05:00,2025-09-22 23:05:00,2025-09-22 18:50:00,2025-09-23 20:34:00,25.733333333333334,2,2,"FSMT,KERG",4.144818953514835,4.164842386652311,7.225556832430044,2025-09-22 18:50:00,2025-09-23 03:20:00,2025-09-23 20:18:00,2025-09-23 20:34:00,5,"AATB,FSMT,JUNG,KERG,LMKS",3,"AATB,JUNG,LMKS",3.6249789392848877,4.124795520377359,4.341490509760904,core,supported_multi_station_candidate,A,False,2025,-9.687000000000001,591.6574999999999,17.162,10.94084201388889,False,,,,,,False,False,True,True,True,-15.094999999999999,552.3,19.015,163.8,56.0,1080.0
887,2025-09-25 11:48:00,2025-09-25 11:48:00,2025-09-25 11:48:00,2025-09-26 12:10:00,24.366666666666667,1,1,JUNG,3.813216871535106,3.813216871535106,4.963669298089147,2025-09-25 11:48:00,2025-09-25 11:48:00,2025-09-26 12:10:00,2025-09-26 12:10:00,2,"JUNG,KERG",1,KERG,3.695718830162221,3.695718830162221,3.813216871535106,core,supported_multi_station_candidate,B,True,2025,-5.2725,591.6574999999999,7.282666666666667,4.069340277777777,False,,,,,,False,False,True,False,True,-5.225,548.3,6.085,77.5499999999999,26.0,0.0
888,2025-09-28 05:04:00,2025-09-28 05:04:00,2025-09-27 06:30:00,2025-09-29 17:00:00,58.5,9,9,"AATB,APTY,JUNG,JUNG1,KERG,KIEL2,LMKS,MXCO,OULU",4.655103734334708,7.511950691233464,5.6172329875776095,2025-09-27 06:30:00,2025-09-28 20:50:00,2025-09-28 05:50:00,2025-09-29 17:00:00,13,"AATB,APTY,BKSN,DRBS,FSMT,JUNG,JUNG1,KERG,KIEL2,LMKS,MXCO,OULU,ROME",4,"BKSN,DRBS,FSMT,ROME",5.117772029589924,4.6885625312881745,8.819716373629046,core,supported_multi_station_candidate,A,False,2025,-14.655166666666666,455.1066666666667,16.666333333333334,9.715568576388888,False,,,,,,False,False,True,True,True,-7.79,428.8,11.655,86.05000000000001,42.0,450.0
889,2025-10-01 03:28:00,2025-10-01 03:28:00,2025-10-01 03:28:00,2025-10-01 21:04:00,17.6,1,1,AATB,2.7384910403293805,2.7384910403293805,7.50700687841448,2025-10-01 03:28:00,2025-10-01 03:28:00,2025-10-01 21:04:00,2025-10-01 21:04:00,4,"AATB,JUNG,JUNG1,LMKS",3,"JUNG,JUNG1,LMKS",3.5526795237291817,3.3296371221097543,4.925452899717661,core,supported_multi_station_candidate,A,True,2025,-14.655166666666666,788.8441666666666,17.38183333333333,6.884557291666667,False,,,,,,False,False,True,True,True,-12.235,799.7,17.395000000000003,184.10000000000002,28.0,442.0
890,2025-10-05 12:21:00,2025-10-05 12:21:00,2025-10-03 09:18:00,2025-10-07 19:16:00,105.96666666666667,4,4,"AATB,JUNG,KERG,ROME",4.337738813055404,5.5077803977967825,7.902189502833144,2025-10-03 09:18:00,2025-10-06 17:34:00,2025-10-04 19:32:00,2025-10-07 19:16:00,11,"AATB,APTY,FSMT,JUNG,JUNG1,KERG,KIEL2,LMKS,MXCO,OULU,ROME",7,"APTY,FSMT,JUNG1,KIEL2,LMKS,MXCO,OULU",4.742630334438704,4.330790068515973,8.543248439760815,core,supported_multi_station_candidate,A,False,2025,-4.7475000000000005,698.5866666666666,9.940500000000002,1.992118923611111,False,,,,,,False,False,True,False,True,-3.5,581.1,4.92,120.70000000000005,22.0,0.0
891,2025-10-09 05:36:00,2025-10-09 05:36:00,2025-10-09 05:36:00,2025-10-09 16:18:00,10.7,1,1,JUNG1,3.5840041341221585,3.5840041341221585,6.922179300693127,2025-10-09 05:36:00,2025-10-09 05:36:00,2025-10-09 16:18:00,2025-10-09 16:18:00,4,"AATB,JUNG,JUNG1,LMKS",3,"AATB,JUNG,LMKS",3.700331449046001,3.5131069165741255,4.380975384578031,core,supported_multi_station_candidate,A,True,2025,-6.4425,438.62333333333333,13.3985,7.360665882433169,False,,,,,,False,False,True,True,True,-2.115,387.8,13.9,52.19999999999999,0.0,576.0
892,2025-10-11 08:57:00,2025-10-11 08:57:00,2025-10-11 00:40:00,2025-10-12 19:14:00,42.56666666666667,4,4,"AATB,BKSN,KERG,LMKS",3.6913861464477415,6.007993801571429,7.141405628748052,2025-10-11 00:40:00,2025-10-11 15:04:00,2025-10-11 00:56:00,2025-10-12 19:14:00,7,"AATB,APTY,BKSN,JUNG,JUNG1,KERG,LMKS",3,"APTY,JUNG,JUNG1",3.9383229593628193,4.056178410004618,6.007993801571429,core,supported_multi_station_candidate,A,False,2025,-9.796,772.455,15.590833333333334,8.882910563284234,False,,,,,,False,True,True,True,True,-12.69,435.2,14.135,73.19999999999999,156.0,254.0
893,2025-10-17 07:42:00,2025-10-17 07:42:00,2025-10-16 05:24:00,2025-10-19 15:08:00,81.73333333333333,8,8,"APTY,BKSN,FSMT,JUNG,JUNG1,KERG,OULU,ROME",4.975733360741694,6.491653298203309,7.053608962021498,2025-10-16 05:24:00,2025-10-19 01:06:00,2025-10-16 23:04:00,2025-10-19 15:08:00,12,"AATB,APTY,BKSN,FSMT,JUNG,JUNG1,KERG,KIEL2,LMKS,MXCO,OULU,ROME",4,"AATB,KIEL2,LMKS,MXCO",4.844918784874798,4.643873854738324,6.7041684286123955,core,supported_multi_station_candidate,A,False,2025,-10.328583333333334,543.2316666666667,18.5695,14.240546875,False,,,,,,False,False,True,True,True,-11.4,430.1,13.98,42.60000000000002,42.0,192.0
894,2025-10-22 22:26:00,2025-10-22 22:26:00,2025-10-22 22:26:00,2025-10-23 12:04:00,13.633333333333333,1,1,MXCO,3.3764499344382877,3.3764499344382877,15.013171703029718,2025-10-22 22:26:00,2025-10-22 22:26:00,2025-10-23 12:04:00,2025-10-23 12:04:00,2,"LMKS,MXCO",1,LMKS,2.8293006947035026,2.8293006947035026,3.3764499344382877,core,supported_multi_station_candidate,B,True,2025,-5.400833333333334,555.6716666666667,10.2455,3.8844748263888893,False,,,,,,False,False,True,True,True,-5.725,456.5,10.0,87.75,36.0,686.0
895,2025-10-26 20:08:00,2025-10-26 20:08:00,2025-10-25 16:08:00,2025-10-28 10:24:00,66.26666666666667,3,3,"BKSN,JUNG,JUNG1",5.231322681545739,5.773754142878337,6.157128963826463,2025-10-25 16:08:00,2025-10-27 01:20:00,2025-10-27 01:06:00,2025-10-28 10:24:00,8,"AATB,APTY,BKSN,DRBS,JUNG,JUNG1,KIEL2,LMKS",5,"AATB,APTY,DRBS,KIEL2,LMKS",4.889106869609968,4.960106950879441,7.432138653787171,core,supported_multi_station_candidate,A,False,2025,-4.881666666666666,514.275,11.074333333333334,8.293224826388888,False,,,,,,False,False,True,False,True,-5.57,425.35,7.2,82.05000000000007,38.0,0.0
896,2025-10-30 21:28:00,2025-10-30 21:28:00,2025-10-30 21:28:00,2025-10-31 00:32:00,3.066666666666667,1,1,JUNG1,3.673854117831709,3.673854117831709,6.763682509139893,2025-10-30 21:28:00,2025-10-30 21:28:00,2025-10-31 00:32:00,2025-10-31 00:32:00,3,"JUNG,JUNG1,LMKS",2,"JUNG,LMKS",3.546812270774304,3.673854117831709,4.138678921881931,core,supported_multi_station_candidate,B,True,2025,-10.219,719.6550000000001,13.754999999999999,5.26772048611111,False,,,,,,False,True,True,True,True,-14.0,807.1,15.18,255.94999999999993,76.0,1056.0
897,2025-11-04 10:22:00,2025-11-04 10:22:00,2025-11-03 21:20:00,2025-11-05 09:02:00,35.7,4,4,"AATB,BKSN,JUNG,KERG",4.400436458922214,5.091010597422321,7.26071129268778,2025-11-03 21:20:00,2025-11-05 04:28:00,2025-11-04 22:14:00,2025-11-05 09:02:00,13,"AATB,APTY,BKSN,DRBS,FSMT,JUNG,JUNG1,KERG,KIEL2,LMKS,MXCO,OULU,ROME",9,"APTY,DRBS,FSMT,JUNG1,KIEL2,LMKS,MXCO,OULU,ROME",4.7967332555082,4.877517563377035,7.911999810806692,core,supported_multi_station_candidate,A,False,2025,-13.749666666666666,550.6941666666667,17.228166666666667,6.4123637152777775,False,,,,,,False,True,True,False,True,-6.555,471.35,7.225,77.5,70.0,0.0
898,2025-11-07 05:18:00,2025-11-07 05:18:00,2025-11-06 04:42:00,2025-11-08 01:14:00,44.53333333333333,5,5,"CALM,DRBS,FSMT,KIEL2,ROME",5.837291520904154,8.91979427503917,5.003335286754238,2025-11-06 04:42:00,2025-11-07 23:16:00,2025-11-06 16:32:00,2025-11-08 01:14:00,6,"CALM,DRBS,FSMT,JUNG1,KIEL2,ROME",1,JUNG1,6.288110344782907,6.012029297643634,8.91979427503917,core,supported_multi_station_candidate,A,False,2025,-13.749666666666666,826.9616666666666,17.228166666666667,7.884969618055557,False,,,,,,False,True,True,True,True,-14.765,837.8,16.57,223.4666666666667,102.0,486.0
899,2025-11-11 14:38:00,2025-11-11 14:38:00,2025-11-11 06:16:00,2025-11-12 06:54:00,24.633333333333333,3,3,"CALM,DRBS,ROME",7.93070732038386,8.9002725450357,6.1106896338729095,2025-11-11 06:16:00,2025-11-11 19:50:00,2025-11-12 03:54:00,2025-11-12 06:54:00,5,"CALM,DRBS,JUNG1,KIEL2,ROME",2,"JUNG1,KIEL2",9.667209165698988,8.9002725450357,13.28090865681665,core,supported_multi_station_candidate,A,False,2025,-26.358833333333333,974.8050000000001,54.10133333333333,7.183103330658106,False,,,,,,False,True,False,False,True,-3.87,462.7,7.51,27.5,84.0,0.0
900,2025-11-19 18:38:00,2025-11-19 18:38:00,2025-11-17 03:36:00,2025-11-21 22:20:00,114.73333333333333,6,6,"AATB,DRBS,FSMT,JUNG1,KIEL2,OULU",5.634100867498141,11.043657157730935,7.4289469621225335,2025-11-17 03:36:00,2025-11-21 01:50:00,2025-11-17 21:48:00,2025-11-21 22:20:00,9,"AATB,APTY,BKSN,DRBS,FSMT,JUNG1,KIEL2,OULU,ROME",3,"APTY,BKSN,ROME",5.4852033777070535,5.710892066133802,11.043657157730935,core,supported_multi_station_candidate,A,False,2025,-6.953166666666666,502.8666666666667,17.05333333333333,6.859259548611111,False,,,,,,False,False,True,True,True,-3.505,428.4,8.635000000000002,52.349999999999966,8.0,74.0
902,2025-11-29 00:50:00,2025-11-29 00:50:00,2025-11-29 00:50:00,2025-11-30 04:52:00,28.033333333333335,1,1,FSMT,4.130442703196573,4.130442703196573,4.475782075232642,2025-11-29 00:50:00,2025-11-29 00:50:00,2025-11-30 04:52:00,2025-11-30 04:52:00,4,"FSMT,JUNG,JUNG1,NEWK",3,"JUNG,JUNG1,NEWK",4.278392566176834,4.050683467527248,5.848976195855666,core,supported_multi_station_candidate,A,True,2025,-3.777333333333333,724.3833333333333,6.7651666666666666,3.09818315018315,False,,,,,,False,False,True,False,True,-5.73,664.6,6.34,84.89999999999998,32.0,0.0
903,2025-12-03 07:40:00,2025-12-03 07:40:00,2025-12-02 03:36:00,2025-12-04 14:56:00,59.333333333333336,4,4,"FSMT,KIEL2,MXCO,ROME",5.388970297265672,7.345988741425365,6.114722487505885,2025-12-02 03:36:00,2025-12-03 16:26:00,2025-12-03 09:30:00,2025-12-04 14:56:00,15,"AATB,APTY,BKSN,CALM,DRBS,FSMT,JUNG,JUNG1,KERG,KIEL2,LMKS,MXCO,NEWK,OULU,ROME",11,"AATB,APTY,BKSN,CALM,DRBS,JUNG,JUNG1,KERG,LMKS,NEWK,OULU",5.7527846769327615,5.855065853032227,10.000320013412532,core,supported_multi_station_candidate,A,False,2025,-12.581999999999999,704.1266666666667,19.519166666666667,7.864551215277778,False,,,,,,False,True,True,True,True,-7.29,411.70000000000005,14.399999999999999,48.90000000000009,118.0,452.0
904,2025-12-09 19:00:00,2025-12-09 19:00:00,2025-12-09 17:04:00,2025-12-10 20:44:00,27.666666666666668,2,2,"JUNG1,OULU",4.044351998753959,4.144633131066702,8.658036800744817,2025-12-09 17:04:00,2025-12-09 20:56:00,2025-12-10 12:22:00,2025-12-10 20:44:00,5,"APTY,FSMT,JUNG1,NEWK,OULU",3,"APTY,FSMT,NEWK",3.4291431499280876,3.067930991057687,4.144633131066702,core,supported_multi_station_candidate,A,False,2025,-15.030666666666667,453.15,21.640666666666668,5.74659369893791,False,,,,,,False,True,True,True,True,-4.225,439.6,10.094999999999999,111.5,74.0,244.0
905,2025-12-14 00:08:00,2025-12-14 00:08:00,2025-12-14 00:08:00,2025-12-14 21:52:00,21.733333333333334,1,1,ROME,4.51788198471422,4.51788198471422,11.350524714534442,2025-12-14 00:08:00,2025-12-14 00:08:00,2025-12-14 21:52:00,2025-12-14 21:52:00,8,"AATB,BKSN,FSMT,JUNG1,KIEL2,NEWK,OULU,ROME",7,"AATB,BKSN,FSMT,JUNG1,KIEL2,NEWK,OULU",3.9942680824181545,4.121576027874241,5.382495723077664,core,supported_multi_station_candidate,A,True,2025,-11.65,668.7841666666667,16.613166666666668,6.450298611111111,False,,,,,,False,False,True,True,True,-6.9,694.6500000000001,14.105,161.35000000000014,4.0,110.0
906,2025-12-17 12:44:00,2025-12-17 12:44:00,2025-12-17 12:44:00,2025-12-17 21:56:00,9.2,1,1,KIEL2,4.731981344064894,4.731981344064894,8.171591965657429,2025-12-17 12:44:00,2025-12-17 12:44:00,2025-12-17 21:56:00,2025-12-17 21:56:00,4,"BKSN,FSMT,JUNG1,KIEL2",3,"BKSN,FSMT,JUNG1",3.7474349676027807,3.5725394384812628,4.731981344064894,core,supported_multi_station_candidate,A,True,2025,-5.8294999999999995,688.6891666666667,13.374833333333333,4.193046085858586,False,,,,,,False,False,True,True,True,-6.855,676.55,8.79,108.90000000000009,26.0,80.0
907,2025-12-23 00:10:00,2025-12-23 00:10:00,2025-12-22 08:14:00,2025-12-24 21:28:00,61.233333333333334,3,3,"APTY,KERG,NEWK",4.223599472897791,4.803962434911256,3.2606658522472003,2025-12-22 08:14:00,2025-12-24 00:16:00,2025-12-23 04:38:00,2025-12-24 21:28:00,3,"APTY,KERG,NEWK",0,,4.223599472897791,4.324402223540694,4.803962434911256,core,supported_multi_station_candidate,B,False,2025,-6.251166666666666,753.265,12.490499999999999,4.114279513888889,False,,,,,,False,False,True,False,True,-5.295,803.9,7.26,112.69999999999993,20.0,0.0
908,2025-12-30 08:36:00,2025-12-30 08:36:00,2025-12-29 07:26:00,2025-12-31 16:28:00,57.03333333333333,3,3,"BKSN,KERG,NEWK",5.65845405600786,7.485338783705721,31.19107448645165,2025-12-29 07:26:00,2025-12-30 17:02:00,2025-12-30 10:00:00,2025-12-31 16:28:00,8,"APTY,BKSN,JUNG,JUNG1,KERG,KIEL2,LMKS,NEWK",5,"APTY,JUNG,JUNG1,KIEL2,LMKS",4.5240165558763294,4.019946905995078,7.485338783705721,core,supported_multi_station_candidate,A,False,2025,-4.9766666666666675,496.9066666666667,11.064333333333334,8.113093402345012,False,,,,,,False,True,True,False,True,-6.28,427.5,7.59,48.5,94.0,0.0
