station,segment_start,segment_end,onset_time,min_time,rec_time,deltaN_pre,deltaN_min,drop_percent,A_complex_onset,A_complex_max_segment,segment_duration_h,onset_to_min_h,detector,group_id,repr_time,anchor_onset_time
FSMT,2016-01-31 08:30:00,2016-01-31 11:30:00,2016-01-31 08:30:00,2016-01-31 10:56:00,2016-01-31 10:58:00,0.36710545203909417,-3.206193891606897,3.573299343645991,2.075215360480039,7.862912695759714,3.0,2.433333333333333,detector,1,2016-02-01 16:16:00,2016-02-01 16:16:00
LMKS,2016-01-31 11:10:00,2016-01-31 13:28:00,2016-01-31 11:10:00,2016-02-01 23:10:00,2016-02-01 23:38:00,0.8023493195715143,-3.5464488695983434,4.348798189169858,2.046732533383873,6.708793361148413,2.3,36.0,detector,1,2016-02-01 16:16:00,2016-02-01 16:16:00
CALM,2016-02-01 02:44:00,2016-02-01 05:12:00,2016-02-01 02:44:00,2016-02-02 03:02:00,2016-02-02 03:04:00,0.3179278107969928,-7.704801965765688,8.02272977656268,2.1254255737468504,5.734963053689266,2.466666666666667,24.3,detector,1,2016-02-01 16:16:00,2016-02-01 16:16:00
OULU,2016-02-01 08:38:00,2016-02-01 12:14:00,2016-02-01 08:38:00,2016-02-01 22:04:00,2016-02-01 22:06:00,0.28042868106564933,-4.696907005611361,4.97733568667701,2.018009362669713,8.97081400593475,3.6,13.433333333333334,detector,1,2016-02-01 16:16:00,2016-02-01 16:16:00
NANM,2016-02-01 09:28:00,2016-02-01 12:00:00,2016-02-01 09:28:00,2016-02-02 20:06:00,2016-02-02 20:10:00,0.9554214818191079,-4.981796715635917,5.937218197455024,2.017470265571918,13.41106459738245,2.533333333333333,34.63333333333333,detector,1,2016-02-01 16:16:00,2016-02-01 16:16:00
APTY,2016-02-01 23:04:00,2016-02-02 01:48:00,2016-02-01 23:04:00,2016-02-01 23:14:00,2016-02-01 23:20:00,0.03066211045101605,-3.4242395860827997,3.4549016965338155,2.075717446381504,3.238413431425637,2.7333333333333334,0.16666666666666666,detector,1,2016-02-01 16:16:00,2016-02-01 16:16:00
JUNG,2016-02-03 07:16:00,2016-02-03 09:40:00,2016-02-03 07:16:00,2016-02-04 12:52:00,2016-02-04 12:58:00,1.6490553638962535,-4.615182533799951,6.264237897696204,2.05141520325159,6.622652184696451,2.4,29.6,detector,1,2016-02-01 16:16:00,2016-02-01 16:16:00
JUNG1,2016-02-03 08:06:00,2016-02-03 11:16:00,2016-02-03 08:06:00,2016-02-04 00:46:00,2016-02-04 00:54:00,1.937801498218628,-4.608940417747997,6.546741915966624,2.528186104253613,6.26943945624858,3.1666666666666665,16.666666666666668,detector,1,2016-02-01 16:16:00,2016-02-01 16:16:00
BKSN,2016-02-03 09:40:00,2016-02-03 12:52:00,2016-02-03 09:40:00,2016-02-04 01:24:00,2016-02-04 01:26:00,0.0641407092760942,-5.677895287692973,5.742035996969067,2.0811806012077643,5.084434726605801,3.2,15.733333333333333,detector,1,2016-02-01 16:16:00,2016-02-01 16:16:00
KIEL2,2016-02-04 17:30:00,2016-02-04 19:30:00,2016-02-04 17:30:00,2016-02-05 06:40:00,2016-02-05 06:42:00,-0.6415250152701685,-5.182350567187057,4.540825551916888,2.0368037661960603,3.1356355430959164,2.0,13.166666666666666,detector,1,2016-02-01 16:16:00,2016-02-01 16:16:00
AATB,2016-02-08 11:12:00,2016-02-08 13:30:00,2016-02-08 11:12:00,2016-02-09 16:20:00,2016-02-09 16:24:00,1.3635265536237486,-2.1320051598108067,3.4955317134345556,2.1596539891826696,4.8303659419173135,2.3,29.133333333333333,detector,2,2016-02-09 06:18:00,2016-02-09 06:18:00
NANM,2016-02-09 01:16:00,2016-02-09 03:44:00,2016-02-09 01:16:00,2016-02-09 20:04:00,2016-02-09 20:06:00,0.40695970059655473,-3.783431112267275,4.190390812863829,2.112561706494061,8.711481602524422,2.466666666666667,18.8,detector,2,2016-02-09 06:18:00,2016-02-09 06:18:00
KIEL2,2016-02-09 06:18:00,2016-02-09 09:36:00,2016-02-09 06:18:00,2016-02-10 14:08:00,2016-02-10 14:10:00,0.5776991190309518,-3.695429528039936,4.273128647070888,2.396616906924418,7.004207961023908,3.3,31.833333333333332,detector,2,2016-02-09 06:18:00,2016-02-09 06:18:00
LMKS,2016-02-09 08:50:00,2016-02-09 10:48:00,2016-02-09 08:50:00,2016-02-09 21:38:00,2016-02-09 21:40:00,0.5425116321005801,-2.6620706571906156,3.2045822892911957,2.4301827483976433,7.097339909455393,1.9666666666666666,12.8,detector,2,2016-02-09 06:18:00,2016-02-09 06:18:00
MXCO,2016-02-10 04:28:00,2016-02-10 06:48:00,2016-02-10 04:28:00,2016-02-10 18:18:00,2016-02-10 18:22:00,-0.2563583916698906,-10.253583241455347,9.997224849785457,3.111072965642832,4.258571173817046,2.3333333333333335,13.833333333333334,detector,2,2016-02-09 06:18:00,2016-02-09 06:18:00
BKSN,2016-02-11 10:16:00,2016-02-11 12:16:00,2016-02-11 10:16:00,2016-02-12 21:40:00,2016-02-12 21:44:00,0.5189695947033115,-3.7431716951004232,4.2621412898037345,2.0488289773508668,2.954837771228126,2.0,35.4,detector,3,2016-02-11 22:46:00,2016-02-11 22:46:00
JUNG,2016-02-11 19:56:00,2016-02-11 21:54:00,2016-02-11 19:56:00,2016-02-13 05:08:00,2016-02-13 05:12:00,1.2892270837855535,-4.375669003409212,5.664896087194766,2.063865209705392,4.010861943755088,1.9666666666666666,33.2,detector,3,2016-02-11 22:46:00,2016-02-11 22:46:00
LMKS,2016-02-12 01:36:00,2016-02-12 03:44:00,2016-02-12 01:36:00,2016-02-12 22:22:00,2016-02-12 22:40:00,1.2252011208932931,-3.344182530205676,4.569383651098969,2.1158559791662004,4.98353176387735,2.1333333333333333,20.766666666666666,detector,3,2016-02-11 22:46:00,2016-02-11 22:46:00
MXCO,2016-02-12 07:10:00,2016-02-12 09:54:00,2016-02-12 07:10:00,2016-02-13 15:32:00,2016-02-13 15:34:00,0.770138290713395,-3.796714129244248,4.566852419957643,2.1446759390297467,5.859884541397592,2.7333333333333334,32.36666666666667,detector,3,2016-02-11 22:46:00,2016-02-11 22:46:00
NEWK,2016-02-14 16:18:00,2016-02-14 18:52:00,2016-02-14 16:18:00,2016-02-15 23:40:00,2016-02-15 23:44:00,-0.567833435688065,-4.599825453051994,4.03199201736393,2.037658056652353,3.0939555404494663,2.566666666666667,31.366666666666667,detector,4,2016-02-14 16:18:00,2016-02-14 16:18:00
AATB,2016-02-17 08:48:00,2016-02-17 11:40:00,2016-02-17 08:48:00,2016-02-18 15:40:00,2016-02-18 15:42:00,0.4159583666546611,-2.7520947702976115,3.1680531369522726,2.0416967052505126,6.288077866627709,2.8666666666666667,30.866666666666667,detector,5,2016-02-17 14:20:00,2016-02-17 14:20:00
OULU,2016-02-17 14:20:00,2016-02-17 17:04:00,2016-02-17 14:20:00,2016-02-17 21:26:00,2016-02-17 21:28:00,0.05669972002994875,-5.2727826882048054,5.329482408234754,2.0857188197194,4.369032578893832,2.7333333333333334,7.1,detector,5,2016-02-17 14:20:00,2016-02-17 14:20:00
JUNG,2016-02-18 16:40:00,2016-02-18 19:06:00,2016-02-18 16:40:00,2016-02-20 02:24:00,2016-02-20 02:28:00,0.2317472839063518,-3.592116901075079,3.8238641849814305,2.071053927860882,3.3666885737580508,2.433333333333333,33.733333333333334,detector,5,2016-02-17 14:20:00,2016-02-17 14:20:00
JUNG,2016-02-24 22:24:00,2016-02-25 00:26:00,2016-02-24 22:24:00,2016-02-26 02:30:00,2016-02-26 02:32:00,0.9453610909723653,-3.603349268937363,4.5487103599097285,2.3534294476301096,7.772231612614254,2.033333333333333,28.1,detector,6,2016-02-26 01:54:00,2016-02-26 01:54:00
NEWK,2016-02-26 01:18:00,2016-02-26 04:16:00,2016-02-26 01:18:00,2016-02-27 03:50:00,2016-02-27 03:52:00,0.44113541961346103,-5.32926519196543,5.770400611578891,2.346367462579644,6.206931295203076,2.966666666666667,26.533333333333335,detector,6,2016-02-26 01:54:00,2016-02-26 01:54:00
LMKS,2016-02-26 01:54:00,2016-02-26 04:00:00,2016-02-26 01:54:00,2016-02-27 03:14:00,2016-02-27 03:16:00,0.2918656847781131,-3.63932772216765,3.931193406945763,2.144373412593535,5.256425077829382,2.1,25.333333333333332,detector,6,2016-02-26 01:54:00,2016-02-26 01:54:00
JUNG1,2016-02-26 21:00:00,2016-02-26 23:26:00,2016-02-26 21:00:00,2016-02-27 21:40:00,2016-02-27 21:44:00,0.15392615967464915,-3.927403789078286,4.081329948752935,2.1953807814125907,4.704220994706686,2.433333333333333,24.666666666666668,detector,6,2016-02-26 01:54:00,2016-02-26 01:54:00
KIEL2,2016-02-27 11:20:00,2016-02-27 14:10:00,2016-02-27 11:20:00,2016-02-28 04:50:00,2016-02-28 04:52:00,-0.592435671225479,-4.762981909716794,4.1705462384913154,2.025054224396576,4.739345880008735,2.8333333333333335,17.5,detector,6,2016-02-26 01:54:00,2016-02-26 01:54:00
DRBS,2016-03-02 02:32:00,2016-03-02 05:54:00,2016-03-02 02:32:00,2016-03-02 03:00:00,2016-03-02 03:14:00,-0.1888982900769298,-11.144545731677333,10.955647441600403,2.084784949173403,4.506714940479592,3.3666666666666667,0.4666666666666667,detector,7,2016-03-02 02:32:00,2016-03-02 02:32:00
JUNG1,2016-03-03 19:12:00,2016-03-03 22:48:00,2016-03-03 19:12:00,2016-03-03 22:28:00,2016-03-03 22:32:00,0.6745040074868534,-2.550508903079563,3.2250129105664165,2.575215623402197,15.02990079807052,3.6,3.2666666666666666,detector,8,2016-03-03 21:44:00,2016-03-03 21:44:00
LMKS,2016-03-04 00:16:00,2016-03-04 02:38:00,2016-03-04 00:16:00,2016-03-05 08:16:00,2016-03-05 08:20:00,1.508000925335837,-2.3869933156566105,3.894994240992448,2.092472347486168,3.5003288187523975,2.3666666666666667,32.0,detector,8,2016-03-03 21:44:00,2016-03-03 21:44:00
LMKS,2016-03-05 21:28:00,2016-03-06 00:16:00,2016-03-05 21:28:00,2016-03-06 10:08:00,2016-03-06 10:10:00,-0.34354262013772907,-3.1405336673297906,2.7969910471920616,2.3848808487880166,3.8888746394437352,2.8,12.666666666666666,detector,9,2016-03-05 22:48:00,2016-03-05 22:48:00
APTY,2016-03-06 00:08:00,2016-03-06 08:04:00,2016-03-06 00:08:00,2016-03-06 23:36:00,2016-03-06 23:38:00,0.00951530856043785,-4.076148007428233,4.085663315988671,2.068079447586972,5.980021866942425,7.933333333333334,23.466666666666665,detector,9,2016-03-05 22:48:00,2016-03-05 22:48:00
LMKS,2016-03-07 12:22:00,2016-03-07 15:00:00,2016-03-07 12:22:00,2016-03-08 20:04:00,2016-03-08 20:10:00,0.1907975022257246,-4.216970265773652,4.407767767999377,2.1814469180909875,6.970391745503459,2.6333333333333333,31.7,detector,10,2016-03-07 12:41:00,2016-03-07 12:41:00
NEWK,2016-03-07 13:00:00,2016-03-07 16:26:00,2016-03-07 13:00:00,2016-03-08 05:36:00,2016-03-08 05:38:00,-0.34418388380987053,-5.466958781270708,5.122774897460837,2.133391924919513,8.266513044469932,3.433333333333333,16.6,detector,10,2016-03-07 12:41:00,2016-03-07 12:41:00
BKSN,2016-03-10 09:32:00,2016-03-10 15:44:00,2016-03-10 09:32:00,2016-03-11 20:58:00,2016-03-11 21:02:00,0.544329220805838,-4.439132243878948,4.983461464684786,2.648573850686695,20.342019402159615,6.2,35.43333333333333,detector,11,2016-03-10 17:08:00,2016-03-10 17:08:00
FSMT,2016-03-10 15:44:00,2016-03-10 18:06:00,2016-03-10 15:44:00,2016-03-12 00:22:00,2016-03-12 00:24:00,0.6985003995116046,-3.1840119956890436,3.8825123952006484,2.25665260741421,5.043268512554028,2.3666666666666667,32.63333333333333,detector,11,2016-03-10 17:08:00,2016-03-10 17:08:00
APTY,2016-03-10 17:08:00,2016-03-10 21:28:00,2016-03-10 17:08:00,2016-03-11 21:32:00,2016-03-11 21:38:00,0.9703099879984829,-4.254712895210746,5.225022883209229,2.0072364551294144,9.624796706863036,4.333333333333333,28.4,detector,11,2016-03-10 17:08:00,2016-03-10 17:08:00
LMKS,2016-03-10 18:14:00,2016-03-10 20:40:00,2016-03-10 18:14:00,2016-03-11 18:18:00,2016-03-11 18:24:00,-0.05167424566165925,-3.448610862239081,3.3969366165774217,2.297659706292304,7.370680169792502,2.433333333333333,24.066666666666666,detector,11,2016-03-10 17:08:00,2016-03-10 17:08:00
NEWK,2016-03-12 00:46:00,2016-03-12 03:00:00,2016-03-12 00:46:00,2016-03-12 02:10:00,2016-03-12 02:12:00,0.07550600467515414,-5.775138234691788,5.850644239366942,2.1334442920676686,3.01061845381015,2.2333333333333334,1.4,detector,11,2016-03-10 17:08:00,2016-03-10 17:08:00
OULU,2016-03-14 18:58:00,2016-03-14 21:32:00,2016-03-14 18:58:00,2016-03-15 01:36:00,2016-03-15 01:38:00,-0.2955563820355058,-5.034968958037255,4.739412576001749,2.500226014614728,8.631291799503147,2.566666666666667,6.633333333333334,detector,12,2016-03-14 18:58:00,2016-03-14 18:58:00
NEWK,2016-03-15 15:04:00,2016-03-15 17:20:00,2016-03-15 15:04:00,2016-03-15 15:34:00,2016-03-15 15:36:00,-0.15555710094691821,-6.738364164972856,6.582807064025937,2.2229415419360876,8.77964993203437,2.2666666666666666,0.5,detector,13,2016-03-15 19:35:00,2016-03-15 19:35:00
LMKS,2016-03-16 00:06:00,2016-03-16 03:42:00,2016-03-16 00:06:00,2016-03-16 06:56:00,2016-03-16 06:58:00,-0.23726822118833646,-3.635985780694554,3.398717559506218,2.1130760169433076,9.1835689457583,3.6,6.833333333333333,detector,13,2016-03-15 19:35:00,2016-03-15 19:35:00
LMKS,2016-03-18 18:08:00,2016-03-18 21:46:00,2016-03-18 18:08:00,2016-03-18 23:06:00,2016-03-18 23:08:00,1.0742149068097144,-2.0074160976766957,3.08163100448641,2.148803777494472,12.531884897310588,3.6333333333333333,4.966666666666667,detector,14,2016-03-18 18:08:00,2016-03-18 18:08:00
AATB,2016-03-21 15:30:00,2016-03-21 18:12:00,2016-03-21 15:30:00,2016-03-22 19:56:00,2016-03-22 19:58:00,0.29896971353927937,-2.547680045545115,2.846649759084394,2.747949372053041,5.1189587123220965,2.7,28.433333333333334,detector,15,2016-03-21 23:32:00,2016-03-21 23:32:00
NEWK,2016-03-21 23:32:00,2016-03-22 01:50:00,2016-03-21 23:32:00,2016-03-22 14:48:00,2016-03-22 14:50:00,0.21648041634732623,-4.812122453158598,5.028602869505924,2.2689328892408693,3.1636397927084365,2.3,15.266666666666667,detector,15,2016-03-21 23:32:00,2016-03-21 23:32:00
LMKS,2016-03-22 23:06:00,2016-03-23 01:42:00,2016-03-22 23:06:00,2016-03-24 00:06:00,2016-03-24 00:10:00,-0.12328833546388045,-3.158801251193253,3.0355129157293725,2.001600293396282,3.8730469059050665,2.6,25.0,detector,15,2016-03-21 23:32:00,2016-03-21 23:32:00
JUNG1,2016-03-24 23:04:00,2016-03-25 02:08:00,2016-03-24 23:04:00,2016-03-26 01:12:00,2016-03-26 01:18:00,-0.8133552091513752,-4.982269113015118,4.168913903863743,2.2554929333937737,7.587887138017752,3.066666666666667,26.133333333333333,detector,16,2016-03-25 00:40:00,2016-03-25 00:40:00
AATB,2016-03-25 00:40:00,2016-03-25 02:40:00,2016-03-25 00:40:00,2016-03-25 20:14:00,2016-03-25 20:16:00,-0.26110595665683994,-2.398738825889908,2.1376328692330677,2.073548365675922,5.920209684186541,2.0,19.566666666666666,detector,16,2016-03-25 00:40:00,2016-03-25 00:40:00
JUNG,2016-03-25 15:26:00,2016-03-25 17:48:00,2016-03-25 15:26:00,2016-03-26 01:32:00,2016-03-26 01:34:00,-1.0782218772437961,-4.671648329483114,3.593426452239318,2.2446800102117015,8.091810686748142,2.3666666666666667,10.1,detector,16,2016-03-25 00:40:00,2016-03-25 00:40:00
LMKS,2016-03-28 23:02:00,2016-03-29 02:58:00,2016-03-28 23:02:00,2016-03-30 06:54:00,2016-03-30 06:56:00,1.450213509998479,-1.7686227121468752,3.218836222145354,2.2075783415225807,8.077753567268108,3.933333333333333,31.866666666666667,detector,17,2016-03-28 23:02:00,2016-03-28 23:02:00
MXCO,2016-04-02 15:36:00,2016-04-02 18:34:00,2016-04-02 15:36:00,2016-04-04 02:16:00,2016-04-04 02:18:00,0.7701249158568051,-3.3443838604143954,4.114508776271201,2.0279556381754635,4.818625707694604,2.966666666666667,34.666666666666664,detector,18,2016-04-03 04:05:00,2016-04-03 04:05:00
OULU,2016-04-02 15:56:00,2016-04-02 18:28:00,2016-04-02 15:56:00,2016-04-03 01:46:00,2016-04-03 01:48:00,0.8170906135078239,-4.637016630767387,5.45410724427521,2.444273929977472,7.477677791868189,2.533333333333333,9.833333333333334,detector,18,2016-04-03 04:05:00,2016-04-03 04:05:00
NEWK,2016-04-03 03:50:00,2016-04-03 07:52:00,2016-04-03 03:50:00,2016-04-04 08:42:00,2016-04-04 08:46:00,1.046516024188408,-3.937607966670054,4.984123990858462,2.0181509129347197,5.664021415116695,4.033333333333333,28.866666666666667,detector,18,2016-04-03 04:05:00,2016-04-03 04:05:00
FSMT,2016-04-03 04:20:00,2016-04-03 06:58:00,2016-04-03 04:20:00,2016-04-04 04:44:00,2016-04-04 04:48:00,0.5786075521981968,-3.092112148663267,3.6707197008614636,2.297379665927707,4.823191467283426,2.6333333333333333,24.4,detector,18,2016-04-03 04:05:00,2016-04-03 04:05:00
JUNG1,2016-04-04 14:26:00,2016-04-04 17:16:00,2016-04-04 14:26:00,2016-04-06 00:08:00,2016-04-06 00:12:00,0.10173921321642551,-3.1231461677034607,3.2248853809198863,2.091406540166051,4.443977168035737,2.8333333333333335,33.7,detector,18,2016-04-03 04:05:00,2016-04-03 04:05:00
KIEL2,2016-04-05 02:02:00,2016-04-05 04:54:00,2016-04-05 02:02:00,2016-04-06 04:16:00,2016-04-06 04:18:00,-0.05674529235058555,-3.660374733327146,3.603629440976561,2.0809194691585167,4.060212834934097,2.8666666666666667,26.233333333333334,detector,18,2016-04-03 04:05:00,2016-04-03 04:05:00
FSMT,2016-04-06 23:02:00,2016-04-07 01:28:00,2016-04-06 23:02:00,2016-04-08 05:06:00,2016-04-08 05:08:00,-0.11180862128969321,-3.928970917225954,3.8171622959362606,2.029807854978878,6.369288652687908,2.433333333333333,30.066666666666666,detector,19,2016-04-07 06:16:00,2016-04-07 06:16:00
AATB,2016-04-07 13:30:00,2016-04-07 16:12:00,2016-04-07 13:30:00,2016-04-07 15:44:00,2016-04-07 15:48:00,0.2573004600485497,-1.8644485954957208,2.1217490555442704,2.1999456336357444,8.063197934881288,2.7,2.2333333333333334,detector,19,2016-04-07 06:16:00,2016-04-07 06:16:00
KIEL2,2016-04-10 02:54:00,2016-04-10 07:22:00,2016-04-10 02:54:00,2016-04-11 00:40:00,2016-04-11 00:42:00,0.0494655749299853,-5.51521678710395,5.564682362033935,2.1660445044167065,4.2534382261608235,4.466666666666667,21.766666666666666,detector,20,2016-04-10 16:43:00,2016-04-10 16:43:00
AATB,2016-04-10 09:34:00,2016-04-10 13:26:00,2016-04-10 09:34:00,2016-04-10 22:12:00,2016-04-10 22:14:00,-0.3015643829758713,-2.8147100424328113,2.51314565945694,2.7312533923466846,6.727595967520044,3.8666666666666667,12.633333333333333,detector,20,2016-04-10 16:43:00,2016-04-10 16:43:00
FSMT,2016-04-10 11:22:00,2016-04-10 14:40:00,2016-04-10 11:22:00,2016-04-11 13:08:00,2016-04-11 13:10:00,0.1928043111532958,-4.249821706242038,4.442626017395334,2.0668722533430355,3.921128264132253,3.3,25.766666666666666,detector,20,2016-04-10 16:43:00,2016-04-10 16:43:00
JUNG1,2016-04-10 15:42:00,2016-04-10 17:40:00,2016-04-10 15:42:00,2016-04-11 20:34:00,2016-04-11 20:36:00,-0.022528766487705902,-4.24739297663922,4.224864210151514,2.2741600327693052,5.343777328884565,1.9666666666666666,28.866666666666667,detector,20,2016-04-10 16:43:00,2016-04-10 16:43:00
BKSN,2016-04-10 17:44:00,2016-04-10 20:56:00,2016-04-10 17:44:00,2016-04-11 21:00:00,2016-04-11 21:04:00,0.27470435764756046,-6.071219843141418,6.3459242007889785,2.3634754696758846,6.591265567317066,3.2,27.266666666666666,detector,20,2016-04-10 16:43:00,2016-04-10 16:43:00
NEWK,2016-04-10 18:54:00,2016-04-10 22:20:00,2016-04-10 18:54:00,2016-04-11 10:36:00,2016-04-11 10:38:00,-0.0710732055847369,-5.771088625616513,5.700015420031776,2.089852944655395,4.17817429267588,3.433333333333333,15.7,detector,20,2016-04-10 16:43:00,2016-04-10 16:43:00
ATHN,2016-04-10 21:16:00,2016-04-11 00:42:00,2016-04-10 21:16:00,2016-04-12 06:08:00,2016-04-12 06:10:00,0.1401056190234606,-6.3266219239373545,6.466727542960815,2.237952789259909,8.569935868433744,3.433333333333333,32.86666666666667,detector,20,2016-04-10 16:43:00,2016-04-10 16:43:00
APTY,2016-04-10 23:06:00,2016-04-11 01:12:00,2016-04-10 23:06:00,2016-04-11 05:50:00,2016-04-11 05:52:00,-0.014999679138509851,-4.508687540167667,4.493687861029158,2.029735603441903,2.86207603730141,2.1,6.733333333333333,detector,20,2016-04-10 16:43:00,2016-04-10 16:43:00
JUNG1,2016-04-13 10:48:00,2016-04-13 16:38:00,2016-04-13 10:48:00,2016-04-14 13:52:00,2016-04-14 13:54:00,-0.13095946599131764,-4.036402465525558,3.9054429995342406,2.154927336260828,8.545405443612724,5.833333333333333,27.066666666666666,detector,21,2016-04-13 20:30:00,2016-04-13 20:30:00
FSMT,2016-04-13 16:08:00,2016-04-13 18:20:00,2016-04-13 16:08:00,2016-04-14 21:40:00,2016-04-14 21:42:00,-0.23551174772273448,-4.059730455669536,3.8242187079468013,2.182095041379517,5.911309092626029,2.2,29.533333333333335,detector,21,2016-04-13 20:30:00,2016-04-13 20:30:00
KIEL2,2016-04-14 00:52:00,2016-04-14 03:12:00,2016-04-14 00:52:00,2016-04-15 01:44:00,2016-04-15 01:46:00,-0.06569110972051839,-5.331656656436599,5.265965546716081,2.925525590848115,8.583729661825714,2.3333333333333335,24.866666666666667,detector,21,2016-04-13 20:30:00,2016-04-13 20:30:00
AATB,2016-04-14 12:40:00,2016-04-14 15:38:00,2016-04-14 12:40:00,2016-04-14 21:00:00,2016-04-14 21:04:00,-0.7370744992240421,-2.8434664570979464,2.106391957873904,2.443440959232624,5.101155964905974,2.966666666666667,8.333333333333334,detector,21,2016-04-13 20:30:00,2016-04-13 20:30:00
AATB,2016-04-17 16:24:00,2016-04-17 19:30:00,2016-04-17 16:24:00,2016-04-18 19:14:00,2016-04-18 19:18:00,0.9432774590901996,-2.0483305926932216,2.9916080517834214,2.401377443525179,6.870842850480333,3.1,26.833333333333332,detector,22,2016-04-18 20:53:00,2016-04-18 20:53:00
JUNG,2016-04-18 01:44:00,2016-04-18 04:00:00,2016-04-18 01:44:00,2016-04-18 21:20:00,2016-04-18 21:22:00,0.900378581002387,-2.698702826459555,3.599081407461942,2.7069834371001376,6.52648909603824,2.2666666666666666,19.6,detector,22,2016-04-18 20:53:00,2016-04-18 20:53:00
MXCO,2016-04-18 05:42:00,2016-04-18 07:52:00,2016-04-18 05:42:00,2016-04-19 02:56:00,2016-04-19 02:58:00,0.5992675871082399,-3.966225387368013,4.5654929744762525,2.126439615905699,7.789341723321216,2.1666666666666665,21.233333333333334,detector,22,2016-04-18 20:53:00,2016-04-18 20:53:00
ATHN,2016-04-18 09:46:00,2016-04-18 11:48:00,2016-04-18 09:46:00,2016-04-19 02:56:00,2016-04-19 02:58:00,0.48908906495035875,-6.653214909831189,7.142303974781548,2.12796416836858,3.3926663865813076,2.033333333333333,17.166666666666668,detector,22,2016-04-18 20:53:00,2016-04-18 20:53:00
BKSN,2016-04-18 13:24:00,2016-04-18 15:22:00,2016-04-18 13:24:00,2016-04-19 19:52:00,2016-04-19 19:54:00,0.2770110343799766,-4.326277749096539,4.603288783476516,2.1263783701203702,3.417460387206961,1.9666666666666666,30.466666666666665,detector,22,2016-04-18 20:53:00,2016-04-18 20:53:00
JUNG1,2016-04-18 16:12:00,2016-04-18 18:20:00,2016-04-18 16:12:00,2016-04-19 22:42:00,2016-04-19 22:48:00,0.9056512879225442,-3.922434272211636,4.8280855601341806,2.314329416708135,6.420067057323943,2.1333333333333333,30.5,detector,22,2016-04-18 20:53:00,2016-04-18 20:53:00
OULU,2016-04-19 01:34:00,2016-04-19 05:36:00,2016-04-19 01:34:00,2016-04-20 06:16:00,2016-04-20 06:18:00,0.8637205086074647,-4.839629965671746,5.70335047427921,2.0623501275379703,3.24170029755705,4.033333333333333,28.7,detector,22,2016-04-18 20:53:00,2016-04-18 20:53:00
NEWK,2016-04-19 02:44:00,2016-04-19 04:54:00,2016-04-19 02:44:00,2016-04-20 09:14:00,2016-04-20 09:16:00,0.5403867217024089,-5.431227627411082,5.971614349113491,2.1827981476093097,8.004044798218095,2.1666666666666665,30.5,detector,22,2016-04-18 20:53:00,2016-04-18 20:53:00
APTY,2016-04-19 05:04:00,2016-04-19 07:42:00,2016-04-19 05:04:00,2016-04-20 17:00:00,2016-04-20 17:02:00,0.7353784512460508,-4.007897672640335,4.743276123886386,2.3427424784864885,5.218747390671709,2.6333333333333333,35.93333333333333,detector,22,2016-04-18 20:53:00,2016-04-18 20:53:00
LMKS,2016-04-19 16:52:00,2016-04-19 19:34:00,2016-04-19 16:52:00,2016-04-20 21:48:00,2016-04-20 21:52:00,0.2376021426301979,-3.70265184362968,3.9402539862598775,2.0035237337766265,11.850740104484842,2.7,28.933333333333334,detector,22,2016-04-18 20:53:00,2016-04-18 20:53:00
FSMT,2016-04-21 03:20:00,2016-04-21 06:18:00,2016-04-21 03:20:00,2016-04-21 10:28:00,2016-04-21 10:30:00,0.14722497743462154,-3.5992378084640793,3.746462785898701,2.008052867072474,3.3237169099831685,2.966666666666667,7.133333333333334,detector,22,2016-04-18 20:53:00,2016-04-18 20:53:00
KIEL2,2016-04-21 08:18:00,2016-04-21 13:22:00,2016-04-21 08:18:00,2016-04-21 20:18:00,2016-04-21 20:20:00,0.3830872344190182,-5.377261963925514,5.7603491983445325,2.216579463820465,6.467316722027369,5.066666666666666,12.0,detector,22,2016-04-18 20:53:00,2016-04-18 20:53:00
JUNG1,2016-04-22 14:38:00,2016-04-22 17:18:00,2016-04-22 14:38:00,2016-04-23 18:22:00,2016-04-23 18:24:00,-0.20035644545407166,-4.706753696851133,4.506397251397061,2.20265660628631,4.319429953747938,2.6666666666666665,27.733333333333334,detector,23,2016-04-22 14:38:00,2016-04-22 14:38:00
JUNG1,2016-04-24 07:42:00,2016-04-24 10:32:00,2016-04-24 07:42:00,2016-04-25 04:24:00,2016-04-25 04:26:00,-1.0856420102544264,-4.546636966994432,3.460994956740006,2.0608959982638875,3.3701039826591495,2.8333333333333335,20.7,detector,24,2016-04-25 15:30:00,2016-04-25 15:30:00
BKSN,2016-04-25 15:30:00,2016-04-25 18:32:00,2016-04-25 15:30:00,2016-04-27 00:02:00,2016-04-27 00:04:00,0.7975313761934714,-3.8838727830973303,4.681404159290802,2.434611391233971,4.568761517252546,3.033333333333333,32.53333333333333,detector,24,2016-04-25 15:30:00,2016-04-25 15:30:00
LMKS,2016-04-27 08:48:00,2016-04-27 11:12:00,2016-04-27 08:48:00,2016-04-27 18:34:00,2016-04-27 18:36:00,0.29565976993632936,-2.44864726746729,2.7443070374036194,2.0261589386644308,3.642095534311685,2.4,9.766666666666667,detector,24,2016-04-25 15:30:00,2016-04-25 15:30:00
JUNG,2016-04-30 00:48:00,2016-04-30 03:04:00,2016-04-30 00:48:00,2016-05-01 01:40:00,2016-05-01 01:42:00,0.6427860135865064,-3.290356110327909,3.9331421239144158,2.1306456806580867,5.781592727693664,2.2666666666666666,24.866666666666667,detector,25,2016-04-30 06:37:00,2016-04-30 06:37:00
BKSN,2016-04-30 12:26:00,2016-04-30 15:14:00,2016-04-30 12:26:00,2016-05-01 17:16:00,2016-05-01 17:18:00,0.5488670184723783,-4.598698481561829,5.147565500034208,2.0905132175536183,10.05069881037564,2.8,28.833333333333332,detector,25,2016-04-30 06:37:00,2016-04-30 06:37:00
FSMT,2016-05-02 09:58:00,2016-05-02 11:58:00,2016-05-02 09:58:00,2016-05-03 12:12:00,2016-05-03 12:14:00,0.021277715301673203,-3.603665837708386,3.624943553010059,2.010848574587865,6.133368430034864,2.0,26.233333333333334,detector,26,2016-05-03 00:52:00,2016-05-03 00:52:00
APTY,2016-05-03 00:52:00,2016-05-03 03:40:00,2016-05-03 00:52:00,2016-05-03 20:26:00,2016-05-03 20:28:00,-0.05571184489327835,-4.139294706744252,4.0835828618509735,2.204436006634975,4.729240526412928,2.8,19.566666666666666,detector,26,2016-05-03 00:52:00,2016-05-03 00:52:00
JUNG1,2016-05-03 01:50:00,2016-05-03 03:50:00,2016-05-03 01:50:00,2016-05-03 23:40:00,2016-05-03 23:42:00,-0.0769464244175515,-3.9220155091107647,3.845069084693213,2.0156217296704564,4.794398515075754,2.0,21.833333333333332,detector,26,2016-05-03 00:52:00,2016-05-03 00:52:00
JUNG1,2016-05-07 07:02:00,2016-05-07 10:30:00,2016-05-07 07:02:00,2016-05-07 21:22:00,2016-05-07 21:30:00,0.7060086588811932,-2.7755338789426443,3.4815425378238376,2.5115406956365023,6.520004934086397,3.466666666666667,14.333333333333334,detector,27,2016-05-07 09:20:00,2016-05-07 09:20:00
LMKS,2016-05-07 09:20:00,2016-05-07 11:48:00,2016-05-07 09:20:00,2016-05-07 19:04:00,2016-05-07 19:06:00,1.161782409209252,-1.6464395569015122,2.8082219661107644,2.1970484525488936,4.989253982656797,2.466666666666667,9.733333333333333,detector,27,2016-05-07 09:20:00,2016-05-07 09:20:00
BKSN,2016-05-07 11:24:00,2016-05-07 14:04:00,2016-05-07 11:24:00,2016-05-07 20:26:00,2016-05-07 20:28:00,0.27261561149367197,-4.843890004950676,5.116505616444348,2.067942570514019,5.601960780239009,2.6666666666666665,9.033333333333333,detector,27,2016-05-07 09:20:00,2016-05-07 09:20:00
LMKS,2016-05-13 16:26:00,2016-05-13 18:30:00,2016-05-13 16:26:00,2016-05-14 01:08:00,2016-05-14 01:12:00,0.1389994888452768,-2.968598127653774,3.1075976164990506,2.0678589665267832,5.020065335869226,2.066666666666667,8.7,detector,28,2016-05-14 15:50:00,2016-05-14 15:50:00
OULU,2016-05-14 11:06:00,2016-05-14 13:52:00,2016-05-14 11:06:00,2016-05-15 00:46:00,2016-05-15 00:48:00,0.3200674802228701,-4.869017608982702,5.189085089205572,2.730569462319641,4.4297637534266405,2.7666666666666666,13.666666666666666,detector,28,2016-05-14 15:50:00,2016-05-14 15:50:00
FSMT,2016-05-14 11:46:00,2016-05-14 14:44:00,2016-05-14 11:46:00,2016-05-15 07:42:00,2016-05-15 07:46:00,0.5665605768501069,-3.8044720837715458,4.371032660621653,2.076906839795087,3.949327978100472,2.966666666666667,19.933333333333334,detector,28,2016-05-14 15:50:00,2016-05-14 15:50:00
AATB,2016-05-14 19:54:00,2016-05-14 23:22:00,2016-05-14 19:54:00,2016-05-15 20:00:00,2016-05-15 20:02:00,0.15262842231050888,-3.763955342902705,3.916583765213214,2.0979768893407553,3.9747916636661462,3.466666666666667,24.1,detector,28,2016-05-14 15:50:00,2016-05-14 15:50:00
NEWK,2016-05-14 22:04:00,2016-05-15 02:54:00,2016-05-14 22:04:00,2016-05-15 10:50:00,2016-05-15 10:54:00,0.49489833149109114,-5.874859879751351,6.369758211242442,2.0638416530019934,8.114306954371587,4.833333333333333,12.766666666666667,detector,28,2016-05-14 15:50:00,2016-05-14 15:50:00
BKSN,2016-05-15 08:04:00,2016-05-15 11:08:00,2016-05-15 08:04:00,2016-05-16 00:28:00,2016-05-16 00:32:00,0.05303845280687235,-4.671225155013115,4.724263607819987,2.0414098887256147,18.235450962881544,3.066666666666667,16.4,detector,28,2016-05-14 15:50:00,2016-05-14 15:50:00
JUNG1,2016-05-18 17:32:00,2016-05-18 20:22:00,2016-05-18 17:32:00,2016-05-20 00:18:00,2016-05-20 00:20:00,0.1113401025336461,-4.583838659432929,4.695178761966575,2.167312895134917,7.751628623643812,2.8333333333333335,30.766666666666666,detector,29,2016-05-19 06:02:00,2016-05-19 06:02:00
BKSN,2016-05-18 21:30:00,2016-05-19 01:10:00,2016-05-18 21:30:00,2016-05-19 23:42:00,2016-05-19 23:48:00,-0.29825216396418686,-4.782098336805208,4.483846172841021,2.233875062133909,8.3533748913287,3.6666666666666665,26.2,detector,29,2016-05-19 06:02:00,2016-05-19 06:02:00
KIEL2,2016-05-19 14:34:00,2016-05-19 17:50:00,2016-05-19 14:34:00,2016-05-20 20:14:00,2016-05-20 20:16:00,-0.3798282546893522,-5.617157735249544,5.2373294805601915,2.112849856410074,8.937414941176954,3.2666666666666666,29.666666666666668,detector,29,2016-05-19 06:02:00,2016-05-19 06:02:00
OULU,2016-05-19 15:24:00,2016-05-19 18:08:00,2016-05-19 15:24:00,2016-05-20 01:58:00,2016-05-20 02:02:00,-0.5113348049093653,-5.675354006766189,5.164019201856823,2.0994593474624943,3.3655447236991183,2.7333333333333334,10.566666666666666,detector,29,2016-05-19 06:02:00,2016-05-19 06:02:00
LMKS,2016-05-23 16:22:00,2016-05-23 20:20:00,2016-05-23 16:22:00,2016-05-25 00:24:00,2016-05-25 00:26:00,1.1543077608974248,-1.46337783812326,2.617685599020685,2.2017937897319064,3.738918415246173,3.966666666666667,32.03333333333333,detector,30,2016-05-24 21:12:00,2016-05-24 21:12:00
NEWK,2016-05-24 01:54:00,2016-05-24 04:02:00,2016-05-24 01:54:00,2016-05-24 08:44:00,2016-05-24 08:46:00,1.001133450866656,-5.163955589981926,6.165089040848582,2.3477312869860087,7.005031269544696,2.1333333333333333,6.833333333333333,detector,30,2016-05-24 21:12:00,2016-05-24 21:12:00
KERG,2016-05-24 06:48:00,2016-05-24 10:08:00,2016-05-24 06:48:00,2016-05-25 00:50:00,2016-05-25 00:54:00,0.8180141108937526,-2.938622144237077,3.7566362551308297,2.1127894374797824,18.446499130696925,3.3333333333333335,18.033333333333335,detector,30,2016-05-24 21:12:00,2016-05-24 21:12:00
AATB,2016-05-24 20:24:00,2016-05-24 23:02:00,2016-05-24 20:24:00,2016-05-24 22:48:00,2016-05-24 22:50:00,0.5407563337310441,-2.1010378620764603,2.6417941958075044,2.3226819192945887,5.5908841280866435,2.6333333333333333,2.4,detector,30,2016-05-24 21:12:00,2016-05-24 21:12:00
DRBS,2016-05-24 22:00:00,2016-05-25 05:24:00,2016-05-24 22:00:00,2016-05-26 05:12:00,2016-05-26 05:16:00,3.729456470534134,-5.712150429495403,9.441606900029537,2.0298343463311124,6.108689579877029,7.4,31.2,detector,30,2016-05-24 21:12:00,2016-05-24 21:12:00
JUNG,2016-05-26 09:48:00,2016-05-26 12:44:00,2016-05-26 09:48:00,2016-05-27 02:04:00,2016-05-27 02:06:00,0.7209899399506152,-3.1966775770775295,3.9176675170281445,2.046861553233339,3.2405629044003414,2.933333333333333,16.266666666666666,detector,30,2016-05-24 21:12:00,2016-05-24 21:12:00
BKSN,2016-05-26 17:50:00,2016-05-26 19:50:00,2016-05-26 17:50:00,2016-05-27 17:52:00,2016-05-27 17:54:00,0.6916468589039126,-4.7376185630626715,5.429265421966584,2.109095786273253,3.647962686473895,2.0,24.033333333333335,detector,30,2016-05-24 21:12:00,2016-05-24 21:12:00
APTY,2016-05-27 06:16:00,2016-05-27 11:00:00,2016-05-27 06:16:00,2016-05-27 23:08:00,2016-05-27 23:12:00,0.48491420657609485,-3.970876823753587,4.455791030329682,2.011167608806702,4.917681370449355,4.733333333333333,16.866666666666667,detector,30,2016-05-24 21:12:00,2016-05-24 21:12:00
DRBS,2016-05-29 20:14:00,2016-05-29 22:58:00,2016-05-29 20:14:00,2016-05-30 03:28:00,2016-05-30 03:30:00,-0.2444303980614814,-7.999706163226331,7.75527576516485,2.254812256513348,8.430319512985154,2.7333333333333334,7.233333333333333,detector,31,2016-05-29 20:14:00,2016-05-29 20:14:00
NEWK,2016-06-03 03:34:00,2016-06-03 06:30:00,2016-06-03 03:34:00,2016-06-04 00:00:00,2016-06-04 00:02:00,0.6839502605703334,-4.129628688982575,4.813578949552909,2.6951493335888026,6.0227310039211295,2.933333333333333,20.433333333333334,detector,32,2016-06-04 05:48:00,2016-06-04 05:48:00
LMKS,2016-06-03 19:48:00,2016-06-03 21:50:00,2016-06-03 19:48:00,2016-06-05 07:16:00,2016-06-05 07:18:00,0.5225158835633448,-2.933271202432336,3.4557870859956807,2.0184302396937306,7.280973815082485,2.033333333333333,35.46666666666667,detector,32,2016-06-04 05:48:00,2016-06-04 05:48:00
JUNG1,2016-06-03 20:10:00,2016-06-04 00:04:00,2016-06-03 20:10:00,2016-06-05 06:46:00,2016-06-05 06:48:00,0.139830066484375,-4.035856096442144,4.175686162926519,2.1711315779992946,8.959556603014589,3.9,34.6,detector,32,2016-06-04 05:48:00,2016-06-04 05:48:00
KERG,2016-06-04 15:26:00,2016-06-04 17:32:00,2016-06-04 15:26:00,2016-06-05 17:44:00,2016-06-05 17:46:00,0.8153991277704201,-3.8125646211170303,4.62796374888745,2.1454005597989623,3.1473240408812586,2.1,26.3,detector,32,2016-06-04 05:48:00,2016-06-04 05:48:00
OULU,2016-06-04 17:18:00,2016-06-04 19:56:00,2016-06-04 17:18:00,2016-06-06 03:18:00,2016-06-06 03:20:00,0.8592232813830265,-5.710879584165013,6.570102865548039,2.0175213013611906,10.233986820581302,2.6333333333333333,34.0,detector,32,2016-06-04 05:48:00,2016-06-04 05:48:00
APTY,2016-06-04 18:24:00,2016-06-04 20:38:00,2016-06-04 18:24:00,2016-06-06 02:12:00,2016-06-06 02:14:00,1.0465238672256505,-4.052784097444112,5.099307964669762,2.422131359606937,5.565308794733648,2.2333333333333334,31.8,detector,32,2016-06-04 05:48:00,2016-06-04 05:48:00
DRBS,2016-06-08 09:42:00,2016-06-08 12:34:00,2016-06-08 09:42:00,2016-06-08 13:10:00,2016-06-08 13:26:00,0.148910124061328,-19.225148869323792,19.37405899338512,2.3213274891871376,4.053472842549958,2.8666666666666667,3.466666666666667,detector,33,2016-06-08 09:42:00,2016-06-08 09:42:00
NANM,2016-06-11 12:54:00,2016-06-11 14:56:00,2016-06-11 12:54:00,2016-06-12 00:58:00,2016-06-12 01:00:00,0.22617834569608505,-3.706732136149404,3.932910481845489,2.0161705708876596,7.375049709074808,2.033333333333333,12.066666666666666,detector,34,2016-06-13 16:52:00,2016-06-13 16:52:00
FSMT,2016-06-12 07:36:00,2016-06-12 09:52:00,2016-06-12 07:36:00,2016-06-13 15:34:00,2016-06-13 15:38:00,-0.1085751363603072,-3.847420105579836,3.738844969219529,2.3608884423193013,5.697001908555621,2.2666666666666666,31.966666666666665,detector,34,2016-06-13 16:52:00,2016-06-13 16:52:00
APTY,2016-06-13 00:06:00,2016-06-13 03:48:00,2016-06-13 00:06:00,2016-06-13 22:34:00,2016-06-13 22:40:00,-0.3754978447797853,-3.829902767643523,3.4544049228637377,2.0368698188903194,8.559911718505866,3.7,22.466666666666665,detector,34,2016-06-13 16:52:00,2016-06-13 16:52:00
OULU,2016-06-13 07:52:00,2016-06-13 11:58:00,2016-06-13 07:52:00,2016-06-14 19:18:00,2016-06-14 19:20:00,-0.6248661288564568,-6.578368897712484,5.953502768856027,2.1573266619509672,10.77069397555217,4.1,35.43333333333333,detector,34,2016-06-13 16:52:00,2016-06-13 16:52:00
JUNG1,2016-06-13 11:36:00,2016-06-13 14:54:00,2016-06-13 11:36:00,2016-06-14 17:38:00,2016-06-14 17:44:00,-0.9868379932384592,-5.128549552695909,4.14171155945745,2.222366332351407,8.541008356680434,3.3,30.033333333333335,detector,34,2016-06-13 16:52:00,2016-06-13 16:52:00
DRBS,2016-06-13 16:52:00,2016-06-13 20:32:00,2016-06-13 16:52:00,2016-06-14 17:16:00,2016-06-14 17:20:00,-0.26638604106118996,-10.634471181782116,10.368085140720925,2.0370487417420446,4.816045455376624,3.6666666666666665,24.4,detector,34,2016-06-13 16:52:00,2016-06-13 16:52:00
AATB,2016-06-14 00:22:00,2016-06-14 02:20:00,2016-06-14 00:22:00,2016-06-14 15:24:00,2016-06-14 15:28:00,-0.7406763597544709,-3.918335847335736,3.1776594875812654,2.3331137857759923,6.5547581085336475,1.9666666666666666,15.033333333333333,detector,34,2016-06-13 16:52:00,2016-06-13 16:52:00
NEWK,2016-06-14 04:40:00,2016-06-14 07:32:00,2016-06-14 04:40:00,2016-06-15 13:32:00,2016-06-15 13:34:00,-0.6746719871200026,-5.807645833868944,5.132973846748941,2.2389263270326243,6.316767051617187,2.8666666666666667,32.86666666666667,detector,34,2016-06-13 16:52:00,2016-06-13 16:52:00
LMKS,2016-06-14 04:42:00,2016-06-14 07:28:00,2016-06-14 04:42:00,2016-06-14 20:30:00,2016-06-14 20:32:00,-0.5963197543824124,-4.617470602861819,4.021150848479406,2.0270202296812205,4.8524411030199595,2.7666666666666666,15.8,detector,34,2016-06-13 16:52:00,2016-06-13 16:52:00
KIEL2,2016-06-14 05:00:00,2016-06-14 07:38:00,2016-06-14 05:00:00,2016-06-15 05:16:00,2016-06-15 05:18:00,-0.6869052241005582,-6.160974672712775,5.474069448612217,2.1269723357666255,6.798548179610951,2.6333333333333333,24.266666666666666,detector,34,2016-06-13 16:52:00,2016-06-13 16:52:00
KERG,2016-06-14 16:34:00,2016-06-14 19:14:00,2016-06-14 16:34:00,2016-06-15 20:46:00,2016-06-15 20:50:00,-0.3907490125218998,-4.951035408551759,4.560286396029859,2.442654226701356,5.058121269899519,2.6666666666666665,28.2,detector,34,2016-06-13 16:52:00,2016-06-13 16:52:00
KERG,2016-06-17 08:58:00,2016-06-17 12:38:00,2016-06-17 08:58:00,2016-06-17 16:48:00,2016-06-17 16:50:00,-0.47403946008148684,-3.6672135240201142,3.1931740639386272,2.0242193342176513,3.848057899933852,3.6666666666666665,7.833333333333333,detector,35,2016-06-17 08:58:00,2016-06-17 08:58:00
LMKS,2016-06-21 19:36:00,2016-06-21 21:48:00,2016-06-21 19:36:00,2016-06-23 05:06:00,2016-06-23 05:12:00,1.046518652915742,-2.5125714017166323,3.5590900546323745,2.187235474811654,3.644842398264179,2.2,33.5,detector,36,2016-06-22 17:21:00,2016-06-22 17:21:00
APTY,2016-06-21 22:06:00,2016-06-22 01:02:00,2016-06-21 22:06:00,2016-06-23 02:08:00,2016-06-23 02:14:00,0.9626816311074669,-3.4343709711312904,4.397052602238757,2.274046600710065,10.511006045293955,2.933333333333333,28.033333333333335,detector,36,2016-06-22 17:21:00,2016-06-22 17:21:00
KIEL2,2016-06-22 06:02:00,2016-06-22 12:04:00,2016-06-22 06:02:00,2016-06-23 12:24:00,2016-06-23 12:26:00,0.7621929018053955,-4.814827779333513,5.577020681138908,2.022349005065783,3.512898079351575,6.033333333333333,30.366666666666667,detector,36,2016-06-22 17:21:00,2016-06-22 17:21:00
NEWK,2016-06-22 12:26:00,2016-06-22 14:36:00,2016-06-22 12:26:00,2016-06-23 08:02:00,2016-06-23 08:04:00,0.9113701391255595,-6.01375009584174,6.9251202349673,2.0519049726928467,3.993662493830874,2.1666666666666665,19.6,detector,36,2016-06-22 17:21:00,2016-06-22 17:21:00
JUNG1,2016-06-22 14:42:00,2016-06-22 17:30:00,2016-06-22 14:42:00,2016-06-23 19:08:00,2016-06-23 19:10:00,2.3176875266048698,-1.5240629334814535,3.841750460086323,2.0835136751517593,6.983113599083024,2.8,28.433333333333334,detector,36,2016-06-22 17:21:00,2016-06-22 17:21:00
JUNG,2016-06-22 20:00:00,2016-06-22 23:24:00,2016-06-22 20:00:00,2016-06-23 05:24:00,2016-06-23 05:34:00,1.3579590713301877,-3.810041417567789,5.1680004888979765,2.1182973594839765,3.9664321714433,3.4,9.4,detector,36,2016-06-22 17:21:00,2016-06-22 17:21:00
DRBS,2016-06-22 20:08:00,2016-06-22 22:08:00,2016-06-22 20:08:00,2016-06-24 00:00:00,2016-06-24 00:02:00,1.1138150739926274,-9.58178641624809,10.695601490240717,2.4823995471229985,4.873856078900084,2.0,27.866666666666667,detector,36,2016-06-22 17:21:00,2016-06-22 17:21:00
OULU,2016-06-23 01:10:00,2016-06-23 04:22:00,2016-06-23 01:10:00,2016-06-23 15:12:00,2016-06-23 15:14:00,0.7257120337429206,-4.662063869582284,5.387775903325204,2.4952164249675386,6.138856514855841,3.2,14.033333333333333,detector,36,2016-06-22 17:21:00,2016-06-22 17:21:00
KERG,2016-06-23 06:28:00,2016-06-23 09:22:00,2016-06-23 06:28:00,2016-06-24 00:00:00,2016-06-24 00:02:00,0.4968768996290981,-4.243670976490465,4.740547876119563,2.5556155525512216,3.707419080586434,2.9,17.533333333333335,detector,36,2016-06-22 17:21:00,2016-06-22 17:21:00
AATB,2016-06-23 15:04:00,2016-06-23 17:50:00,2016-06-23 15:04:00,2016-06-23 19:24:00,2016-06-23 19:26:00,-0.694285673752022,-3.204699757273012,2.51041408352099,2.0887264453194745,4.344809604348733,2.7666666666666666,4.333333333333333,detector,36,2016-06-22 17:21:00,2016-06-22 17:21:00
JUNG1,2016-06-27 03:52:00,2016-06-27 06:42:00,2016-06-27 03:52:00,2016-06-27 18:14:00,2016-06-27 18:18:00,1.0552550537223089,-2.095102531026216,3.150357584748525,2.130448021506129,5.958668628852708,2.8333333333333335,14.366666666666667,detector,37,2016-06-27 03:52:00,2016-06-27 03:52:00
DRBS,2016-06-28 13:58:00,2016-06-28 16:44:00,2016-06-28 13:58:00,2016-06-30 01:44:00,2016-06-30 01:48:00,3.110378356938029,-9.423851147945308,12.534229504883339,2.0326150482370045,3.8958099685353047,2.7666666666666666,35.766666666666666,detector,38,2016-06-28 15:20:00,2016-06-28 15:20:00
BKSN,2016-06-28 16:42:00,2016-06-29 00:38:00,2016-06-28 16:42:00,2016-06-30 00:00:00,2016-06-30 00:02:00,0.5600656031558515,-4.945784374355806,5.505849977511657,2.184255812778777,6.661277477487497,7.933333333333334,31.3,detector,38,2016-06-28 15:20:00,2016-06-28 15:20:00
NANM,2016-06-30 19:38:00,2016-06-30 22:14:00,2016-06-30 19:38:00,2016-07-02 01:28:00,2016-07-02 01:30:00,0.2674534481942533,-4.0976189217512395,4.3650723699454925,2.7157086579889804,7.381457427580565,2.6,29.833333333333332,detector,39,2016-06-30 19:38:00,2016-06-30 19:38:00
AATB,2016-07-06 13:38:00,2016-07-06 16:36:00,2016-07-06 13:38:00,2016-07-08 00:04:00,2016-07-08 00:12:00,0.43052979777541384,-2.7974947807933224,3.228024578568736,2.347849203551197,10.24942605341007,2.966666666666667,34.43333333333333,detector,40,2016-07-07 09:00:00,2016-07-07 09:00:00
OULU,2016-07-06 22:42:00,2016-07-07 03:50:00,2016-07-06 22:42:00,2016-07-08 09:24:00,2016-07-08 09:26:00,0.5517759248437135,-4.959220110429282,5.510996035272996,2.0382010988312205,6.541762451368644,5.133333333333334,34.7,detector,40,2016-07-07 09:00:00,2016-07-07 09:00:00
BKSN,2016-07-07 05:52:00,2016-07-07 08:10:00,2016-07-07 05:52:00,2016-07-08 00:32:00,2016-07-08 00:34:00,0.09504639309955905,-4.67931523012792,4.774361623227479,2.267360731151346,5.71153616727005,2.3,18.666666666666668,detector,40,2016-07-07 09:00:00,2016-07-07 09:00:00
JUNG,2016-07-07 07:14:00,2016-07-07 09:56:00,2016-07-07 07:14:00,2016-07-08 07:34:00,2016-07-08 07:36:00,0.30705848313967643,-3.844340712668125,4.151399195807802,2.0779071574235526,9.093269040999116,2.7,24.333333333333332,detector,40,2016-07-07 09:00:00,2016-07-07 09:00:00
FSMT,2016-07-07 09:00:00,2016-07-07 11:16:00,2016-07-07 09:00:00,2016-07-08 15:12:00,2016-07-08 15:16:00,0.40001390314114127,-4.460677824927131,4.8606917280682715,2.0835331405759634,6.317460203702306,2.2666666666666666,30.2,detector,40,2016-07-07 09:00:00,2016-07-07 09:00:00
KIEL2,2016-07-07 22:06:00,2016-07-08 01:16:00,2016-07-07 22:06:00,2016-07-09 06:02:00,2016-07-09 06:04:00,0.1198076111970616,-5.822047658879804,5.941855270076865,2.58225005943313,5.284728470234138,3.1666666666666665,31.933333333333334,detector,40,2016-07-07 09:00:00,2016-07-07 09:00:00
NANM,2016-07-08 02:12:00,2016-07-08 05:22:00,2016-07-08 02:12:00,2016-07-08 13:26:00,2016-07-08 13:28:00,0.4667856127013596,-36.0197854170324,36.48657102973376,2.5146813329662803,9.992363491856164,3.1666666666666665,11.233333333333333,detector,40,2016-07-07 09:00:00,2016-07-07 09:00:00
KERG,2016-07-08 03:24:00,2016-07-08 06:08:00,2016-07-08 03:24:00,2016-07-08 22:22:00,2016-07-08 22:24:00,-0.5555893352133696,-4.41932347773773,3.8637341425243603,2.133178899032898,5.760655632029306,2.7333333333333334,18.966666666666665,detector,40,2016-07-07 09:00:00,2016-07-07 09:00:00
JUNG1,2016-07-09 03:18:00,2016-07-09 05:32:00,2016-07-09 03:18:00,2016-07-10 00:16:00,2016-07-10 00:18:00,-0.30892505262674325,-3.1419992577848275,2.833074205158084,2.0287854474120564,3.288202725087753,2.2333333333333334,20.966666666666665,detector,40,2016-07-07 09:00:00,2016-07-07 09:00:00
JUNG1,2016-07-12 07:16:00,2016-07-12 10:12:00,2016-07-12 07:16:00,2016-07-13 17:44:00,2016-07-13 17:46:00,0.37955882531363017,-3.8815534844706865,4.261112309784316,2.280964989406516,3.156484161006391,2.933333333333333,34.46666666666667,detector,41,2016-07-13 04:34:00,2016-07-13 04:34:00
BKSN,2016-07-12 19:22:00,2016-07-12 21:30:00,2016-07-12 19:22:00,2016-07-14 07:08:00,2016-07-14 07:10:00,-0.5563755577776495,-10.017310152780912,9.460934595003263,2.269410178208139,8.218091105423396,2.1333333333333333,35.766666666666666,detector,41,2016-07-13 04:34:00,2016-07-13 04:34:00
AATB,2016-07-13 13:46:00,2016-07-13 17:08:00,2016-07-13 13:46:00,2016-07-14 21:42:00,2016-07-14 21:44:00,-0.32829299473139745,-2.1924048830836003,1.8641118883522028,2.0912017585206057,6.905598883579049,3.3666666666666667,31.933333333333334,detector,41,2016-07-13 04:34:00,2016-07-13 04:34:00
JUNG,2016-07-13 19:46:00,2016-07-13 23:34:00,2016-07-13 19:46:00,2016-07-13 23:36:00,2016-07-13 23:40:00,-0.666138956570205,-4.570218967970285,3.90408001140008,2.1056773138202742,5.323112298857681,3.8,3.8333333333333335,detector,41,2016-07-13 04:34:00,2016-07-13 04:34:00
AATB,2016-07-17 10:40:00,2016-07-17 12:58:00,2016-07-17 10:40:00,2016-07-17 20:40:00,2016-07-17 20:42:00,0.48749710152032855,-1.7355195911414003,2.2230166926617287,2.4337743557619835,7.740185060744495,2.3,10.0,detector,42,2016-07-17 10:40:00,2016-07-17 10:40:00
BKSN,2016-07-18 23:48:00,2016-07-19 03:46:00,2016-07-18 23:48:00,2016-07-20 04:50:00,2016-07-20 04:52:00,0.896482695559955,-5.267886580942954,6.164369276502909,2.277782165513881,5.327045091274395,3.966666666666667,29.033333333333335,detector,43,2016-07-20 04:22:00,2016-07-20 04:22:00
FSMT,2016-07-19 02:36:00,2016-07-19 05:12:00,2016-07-19 02:36:00,2016-07-20 08:00:00,2016-07-20 08:02:00,0.6847460979715708,-4.314326215190453,4.999072313162024,2.23797147617116,5.062785364691914,2.6,29.4,detector,43,2016-07-20 04:22:00,2016-07-20 04:22:00
NEWK,2016-07-19 05:36:00,2016-07-19 10:22:00,2016-07-19 05:36:00,2016-07-20 10:44:00,2016-07-20 10:46:00,0.7329525468450246,-4.8174807197943466,5.550433266639371,2.150347822331428,3.963833119818152,4.766666666666667,29.133333333333333,detector,43,2016-07-20 04:22:00,2016-07-20 04:22:00
OULU,2016-07-19 17:58:00,2016-07-19 21:14:00,2016-07-19 17:58:00,2016-07-20 09:38:00,2016-07-20 09:40:00,0.6078573043279594,-5.69814216290372,6.305999467231679,2.108456338776264,3.008312497876596,3.2666666666666666,15.666666666666666,detector,43,2016-07-20 04:22:00,2016-07-20 04:22:00
APTY,2016-07-20 01:18:00,2016-07-20 03:50:00,2016-07-20 01:18:00,2016-07-20 06:38:00,2016-07-20 06:40:00,0.5045261807373556,-5.66081944869087,6.165345629428225,2.1617214998329213,7.6122529815760815,2.533333333333333,5.333333333333333,detector,43,2016-07-20 04:22:00,2016-07-20 04:22:00
AATB,2016-07-20 04:22:00,2016-07-20 07:02:00,2016-07-20 04:22:00,2016-07-21 02:28:00,2016-07-21 02:32:00,0.03693151841299825,-4.754185022026435,4.7911165404394325,2.2515057378196386,6.6563511066319725,2.6666666666666665,22.1,detector,43,2016-07-20 04:22:00,2016-07-20 04:22:00
NANM,2016-07-20 13:36:00,2016-07-20 15:54:00,2016-07-20 13:36:00,2016-07-21 04:22:00,2016-07-21 04:24:00,0.20085664829285016,-5.0765230296593,5.27737967795215,2.3954593275382687,4.824395455647902,2.3,14.766666666666667,detector,43,2016-07-20 04:22:00,2016-07-20 04:22:00
KIEL2,2016-07-20 15:00:00,2016-07-20 17:14:00,2016-07-20 15:00:00,2016-07-21 01:00:00,2016-07-21 01:02:00,-0.3749939865689602,-5.052733122753771,4.67773913618481,2.574941356798993,4.634841800936736,2.2333333333333334,10.0,detector,43,2016-07-20 04:22:00,2016-07-20 04:22:00
KERG,2016-07-20 15:14:00,2016-07-20 17:58:00,2016-07-20 15:14:00,2016-07-21 23:14:00,2016-07-21 23:24:00,-0.32587577830775344,-4.993535373282211,4.667659594974458,2.1440156488995203,6.731531639251213,2.7333333333333334,32.0,detector,43,2016-07-20 04:22:00,2016-07-20 04:22:00
DRBS,2016-07-20 21:00:00,2016-07-20 23:24:00,2016-07-20 21:00:00,2016-07-21 05:56:00,2016-07-21 05:58:00,-0.7019246972440988,-6.102299889432799,5.4003751921887,2.327012545461808,5.207270035425939,2.4,8.933333333333334,detector,43,2016-07-20 04:22:00,2016-07-20 04:22:00
JUNG1,2016-07-21 00:36:00,2016-07-21 03:24:00,2016-07-21 00:36:00,2016-07-21 01:44:00,2016-07-21 01:46:00,0.12644120577115014,-4.38171887545879,4.50816008122994,2.5287019560986264,12.087957123467245,2.8,1.1333333333333333,detector,43,2016-07-20 04:22:00,2016-07-20 04:22:00
NANM,2016-07-23 13:56:00,2016-07-23 17:32:00,2016-07-23 13:56:00,2016-07-25 01:24:00,2016-07-25 01:26:00,0.5425428249326982,-4.206202673036312,4.7487454979690105,2.396499697049338,4.472675111791846,3.6,35.46666666666667,detector,44,2016-07-24 06:42:00,2016-07-24 06:42:00
APTY,2016-07-23 16:24:00,2016-07-23 18:30:00,2016-07-23 16:24:00,2016-07-25 04:24:00,2016-07-25 04:26:00,0.8591251162230088,-4.2000097976214965,5.059134913844505,2.576300437387216,4.973380581960685,2.1,36.0,detector,44,2016-07-24 06:42:00,2016-07-24 06:42:00
DRBS,2016-07-23 16:50:00,2016-07-23 20:48:00,2016-07-23 16:50:00,2016-07-24 22:00:00,2016-07-24 22:02:00,1.0190910718339143,-5.819673635712839,6.838764707546753,2.114608077251422,8.117194040242746,3.966666666666667,29.166666666666668,detector,44,2016-07-24 06:42:00,2016-07-24 06:42:00
AATB,2016-07-23 20:28:00,2016-07-23 23:12:00,2016-07-23 20:28:00,2016-07-24 21:18:00,2016-07-24 21:20:00,0.9235395236338846,-1.8803540326307215,2.8038935562646063,2.03720343642846,3.098814061893625,2.7333333333333334,24.833333333333332,detector,44,2016-07-24 06:42:00,2016-07-24 06:42:00
NEWK,2016-07-24 05:52:00,2016-07-24 10:54:00,2016-07-24 05:52:00,2016-07-25 07:50:00,2016-07-25 07:54:00,0.8063571208984315,-4.769762285360697,5.576119406259128,2.2640608201056707,4.569044556771517,5.033333333333333,25.966666666666665,detector,44,2016-07-24 06:42:00,2016-07-24 06:42:00
BKSN,2016-07-24 07:32:00,2016-07-24 09:58:00,2016-07-24 07:32:00,2016-07-24 21:58:00,2016-07-24 22:00:00,0.9746216763012798,-4.345056644979296,5.319678321280576,2.0363429764049443,3.3855174988316454,2.433333333333333,14.433333333333334,detector,44,2016-07-24 06:42:00,2016-07-24 06:42:00
KIEL2,2016-07-24 08:12:00,2016-07-24 12:34:00,2016-07-24 08:12:00,2016-07-25 05:36:00,2016-07-25 05:40:00,1.1792292126873716,-4.928369608728323,6.107598821415694,2.122336378982106,14.833060393365471,4.366666666666666,21.4,detector,44,2016-07-24 06:42:00,2016-07-24 06:42:00
LMKS,2016-07-24 10:02:00,2016-07-24 12:04:00,2016-07-24 10:02:00,2016-07-25 04:10:00,2016-07-25 04:12:00,0.7484958755891366,-3.0527257819910356,3.801221657580172,2.2518737172095045,5.090764167308706,2.033333333333333,18.133333333333333,detector,44,2016-07-24 06:42:00,2016-07-24 06:42:00
OULU,2016-07-24 19:46:00,2016-07-24 22:24:00,2016-07-24 19:46:00,2016-07-25 05:20:00,2016-07-25 05:22:00,0.6033344949815975,-4.9292447313638705,5.532579226345468,2.004581597707009,4.986616728170483,2.6333333333333333,9.566666666666666,detector,44,2016-07-24 06:42:00,2016-07-24 06:42:00
KERG,2016-07-25 04:24:00,2016-07-25 07:08:00,2016-07-25 04:24:00,2016-07-25 04:56:00,2016-07-25 04:58:00,0.058465032176110446,-4.18616802235221,4.244633054528321,2.561958114793464,7.925993602700552,2.7333333333333334,0.5333333333333333,detector,44,2016-07-24 06:42:00,2016-07-24 06:42:00
NANM,2016-07-26 03:30:00,2016-07-26 06:24:00,2016-07-26 03:30:00,2016-07-27 03:44:00,2016-07-27 03:46:00,0.6114032261287886,-3.7628753241613575,4.374278550290146,2.4402676084658204,5.029191635082993,2.9,24.233333333333334,detector,45,2016-07-27 01:08:00,2016-07-27 01:08:00
JUNG,2016-07-26 14:06:00,2016-07-26 21:02:00,2016-07-26 14:06:00,2016-07-28 01:24:00,2016-07-28 01:26:00,0.6013799038142135,-4.183696957254745,4.7850768610689585,2.043087186513158,5.424894204625911,6.933333333333334,35.3,detector,45,2016-07-27 01:08:00,2016-07-27 01:08:00
KERG,2016-07-26 18:40:00,2016-07-26 21:04:00,2016-07-26 18:40:00,2016-07-28 03:22:00,2016-07-28 03:24:00,0.4883077227702733,-2.8407866793881436,3.329094402158417,2.196411506662178,5.483919662793878,2.4,32.7,detector,45,2016-07-27 01:08:00,2016-07-27 01:08:00
JUNG1,2016-07-27 07:36:00,2016-07-27 10:00:00,2016-07-27 07:36:00,2016-07-27 18:14:00,2016-07-27 18:16:00,0.28180589881208373,-3.1466257434952727,3.4284316423073564,2.36804720016682,7.243050892780484,2.4,10.633333333333333,detector,45,2016-07-27 01:08:00,2016-07-27 01:08:00
AATB,2016-07-27 09:58:00,2016-07-27 13:00:00,2016-07-27 09:58:00,2016-07-28 01:44:00,2016-07-28 01:46:00,0.39220538082805423,-1.8049777903123392,2.1971831711403933,2.8844362512219153,7.8189836414610685,3.033333333333333,15.766666666666667,detector,45,2016-07-27 01:08:00,2016-07-27 01:08:00
NEWK,2016-07-28 11:28:00,2016-07-28 17:24:00,2016-07-28 11:28:00,2016-07-29 20:06:00,2016-07-29 20:08:00,0.5100398522170069,-3.4264089188912696,3.9364487711082763,2.2777984331167973,9.080669463223696,5.933333333333334,32.63333333333333,detector,45,2016-07-27 01:08:00,2016-07-27 01:08:00
BKSN,2016-07-30 10:08:00,2016-07-30 14:10:00,2016-07-30 10:08:00,2016-07-31 01:56:00,2016-08-01 08:02:00,11.176051084898326,-4.649933734988735,15.825984819887061,2.2731925623890947,7.334030207588414,4.033333333333333,15.8,detector,46,2016-08-02 14:22:00,2016-08-02 14:22:00
FSMT,2016-07-30 23:16:00,2016-07-31 01:18:00,2016-07-30 23:16:00,2016-08-01 03:20:00,2016-08-01 03:22:00,1.5925866062734682,-3.4844029875967366,5.076989593870205,2.488692118916924,4.064326232742347,2.033333333333333,28.066666666666666,detector,46,2016-08-02 14:22:00,2016-08-02 14:22:00
JUNG1,2016-08-02 00:44:00,2016-08-02 03:00:00,2016-08-02 00:44:00,2016-08-02 16:32:00,2016-08-02 16:36:00,0.38803008797276706,-4.307478737382733,4.695508825355501,2.2720807164304166,5.7961489642894435,2.2666666666666666,15.8,detector,46,2016-08-02 14:22:00,2016-08-02 14:22:00
CALM,2016-08-02 11:48:00,2016-08-02 14:18:00,2016-08-02 11:48:00,2016-08-02 15:46:00,2016-08-02 15:48:00,0.2882136424119332,-6.6685063815108645,6.956720023922798,2.108375482343191,3.3545381096614566,2.5,3.966666666666667,detector,46,2016-08-02 14:22:00,2016-08-02 14:22:00
NANM,2016-08-02 16:56:00,2016-08-02 20:04:00,2016-08-02 16:56:00,2016-08-03 16:00:00,2016-08-03 16:02:00,0.0704454304253938,-4.812257941980408,4.8827033724058015,2.066904037378512,11.857739547590144,3.1333333333333333,23.066666666666666,detector,46,2016-08-02 14:22:00,2016-08-02 14:22:00
MXCO,2016-08-02 21:54:00,2016-08-03 00:20:00,2016-08-02 21:54:00,2016-08-03 23:58:00,2016-08-04 00:00:00,0.0361655773420472,-3.568962654151045,3.605128231493092,2.2324268137840493,7.1670786052974,2.433333333333333,26.066666666666666,detector,46,2016-08-02 14:22:00,2016-08-02 14:22:00
KIEL2,2016-08-03 08:36:00,2016-08-03 10:50:00,2016-08-03 08:36:00,2016-08-04 07:14:00,2016-08-04 07:16:00,-0.5798653000264333,-5.723730596298991,5.143865296272558,2.1594842949541326,5.5217640821736795,2.2333333333333334,22.633333333333333,detector,46,2016-08-02 14:22:00,2016-08-02 14:22:00
AATB,2016-08-04 09:04:00,2016-08-04 12:40:00,2016-08-04 09:04:00,2016-08-04 11:20:00,2016-08-04 11:22:00,-0.995891875497187,-3.482290167444793,2.486398291947606,2.1420973291214733,15.59888713994016,3.6,2.2666666666666666,detector,46,2016-08-02 14:22:00,2016-08-02 14:22:00
JUNG1,2016-08-05 02:40:00,2016-08-05 04:38:00,2016-08-05 02:40:00,2016-08-06 04:16:00,2016-08-06 04:22:00,-0.2664287856471676,-4.4329743398503805,4.166545554203213,2.3265025159550747,5.047662644189617,1.9666666666666666,25.6,detector,47,2016-08-05 21:20:00,2016-08-05 21:20:00
APTY,2016-08-05 21:20:00,2016-08-06 00:06:00,2016-08-05 21:20:00,2016-08-06 05:54:00,2016-08-06 05:56:00,0.2498814577374479,-3.8815298028727927,4.131411260610241,2.0115408860627517,9.729218801537526,2.7666666666666666,8.566666666666666,detector,47,2016-08-05 21:20:00,2016-08-05 21:20:00
LMKS,2016-08-06 15:26:00,2016-08-06 17:24:00,2016-08-06 15:26:00,2016-08-07 17:30:00,2016-08-07 17:32:00,-0.0585706660871552,-2.394227127055135,2.33565646096798,2.0828419290320244,3.353036587616095,1.9666666666666666,26.066666666666666,detector,47,2016-08-05 21:20:00,2016-08-05 21:20:00
JUNG1,2016-08-09 07:26:00,2016-08-09 11:16:00,2016-08-09 07:26:00,2016-08-10 19:10:00,2016-08-10 19:12:00,0.7955810266345327,-4.063038790961379,4.858619817595912,2.196802461592006,7.120643987044871,3.8333333333333335,35.733333333333334,detector,48,2016-08-09 07:26:00,2016-08-09 07:26:00
APTY,2016-08-14 16:50:00,2016-08-14 18:54:00,2016-08-14 16:50:00,2016-08-15 07:00:00,2016-08-15 07:02:00,0.6985307376053544,-3.7902891917490575,4.4888199293544115,2.000643918625155,3.1392673843120855,2.066666666666667,14.166666666666666,detector,49,2016-08-16 07:06:00,2016-08-16 07:06:00
KERG,2016-08-14 20:06:00,2016-08-14 22:08:00,2016-08-14 20:06:00,2016-08-16 03:16:00,2016-08-16 03:28:00,0.9538192775069771,-3.61560646460249,4.569425742109467,2.102906445870498,4.080730742476335,2.033333333333333,31.166666666666668,detector,49,2016-08-16 07:06:00,2016-08-16 07:06:00
LMKS,2016-08-15 18:58:00,2016-08-15 22:58:00,2016-08-15 18:58:00,2016-08-16 05:14:00,2016-08-16 05:16:00,0.6232044024287591,-2.3645004042873436,2.9877048067161027,2.3124898788782224,8.912241271054807,4.0,10.266666666666667,detector,49,2016-08-16 07:06:00,2016-08-16 07:06:00
NANM,2016-08-15 21:02:00,2016-08-15 23:12:00,2016-08-15 21:02:00,2016-08-16 20:20:00,2016-08-16 20:22:00,0.3101811862119572,-4.388239464494429,4.698420650706386,2.140720891492806,10.626937905848065,2.1666666666666665,23.3,detector,49,2016-08-16 07:06:00,2016-08-16 07:06:00
NEWK,2016-08-16 07:06:00,2016-08-16 09:30:00,2016-08-16 07:06:00,2016-08-17 04:20:00,2016-08-17 04:24:00,0.5466440773893986,-4.553548715339617,5.100192792729016,2.401009478719042,6.226357110814593,2.4,21.233333333333334,detector,49,2016-08-16 07:06:00,2016-08-16 07:06:00
AATB,2016-08-16 09:18:00,2016-08-16 11:18:00,2016-08-16 09:18:00,2016-08-17 15:12:00,2016-08-17 15:18:00,0.1780952670757954,-2.165068808150841,2.3431640752266367,2.1648505702472276,6.409275749009443,2.0,29.9,detector,49,2016-08-16 07:06:00,2016-08-16 07:06:00
JUNG,2016-08-16 14:12:00,2016-08-16 17:22:00,2016-08-16 14:12:00,2016-08-17 23:24:00,2016-08-17 23:28:00,0.29907395876298504,-3.451502299154822,3.750576257917807,2.0655123695675512,13.898080259459178,3.1666666666666665,33.2,detector,49,2016-08-16 07:06:00,2016-08-16 07:06:00
JUNG1,2016-08-17 17:32:00,2016-08-17 20:04:00,2016-08-17 17:32:00,2016-08-18 23:50:00,2016-08-18 23:56:00,-0.05922809824843135,-4.394698724052304,4.335470625803873,2.0948204895166063,5.662345976031222,2.533333333333333,30.3,detector,49,2016-08-16 07:06:00,2016-08-16 07:06:00
FSMT,2016-08-18 03:44:00,2016-08-18 06:26:00,2016-08-18 03:44:00,2016-08-19 09:24:00,2016-08-19 09:28:00,0.6197961406550847,-3.482935423395753,4.1027315640508375,2.083243798449194,3.037624542285968,2.7,29.666666666666668,detector,49,2016-08-16 07:06:00,2016-08-16 07:06:00
KIEL2,2016-08-20 04:00:00,2016-08-20 05:58:00,2016-08-20 04:00:00,2016-08-21 00:14:00,2016-08-21 00:16:00,-0.3370145017684355,-5.28114285048987,4.944128348721434,2.0064854414901205,5.063517134742371,1.9666666666666666,20.233333333333334,detector,50,2016-08-20 04:00:00,2016-08-20 04:00:00
KERG,2016-08-22 18:02:00,2016-08-22 22:04:00,2016-08-22 18:02:00,2016-08-24 03:22:00,2016-08-24 03:24:00,-0.04333122810415495,-3.343863859015712,3.3005326309115572,2.2236366175550715,8.85867311646843,4.033333333333333,33.333333333333336,detector,51,2016-08-24 02:33:00,2016-08-24 02:33:00
NANM,2016-08-24 00:58:00,2016-08-24 02:56:00,2016-08-24 00:58:00,2016-08-25 11:42:00,2016-08-25 11:46:00,1.0054846165606328,-3.0024080036463436,4.0078926202069765,2.073695163561504,7.9511938458423055,1.9666666666666666,34.733333333333334,detector,51,2016-08-24 02:33:00,2016-08-24 02:33:00
OULU,2016-08-24 04:08:00,2016-08-24 06:12:00,2016-08-24 04:08:00,2016-08-25 11:54:00,2016-08-25 11:56:00,0.8597888706561632,-5.205245206918022,6.065034077574185,2.0824248917317023,3.7669635956461,2.066666666666667,31.766666666666666,detector,51,2016-08-24 02:33:00,2016-08-24 02:33:00
NEWK,2016-08-24 10:40:00,2016-08-24 13:16:00,2016-08-24 10:40:00,2016-08-25 02:48:00,2016-08-25 02:50:00,0.9705524575589304,-4.886727249456029,5.857279707014959,2.063063858263636,4.1991843295600475,2.6,16.133333333333333,detector,51,2016-08-24 02:33:00,2016-08-24 02:33:00
ATHN,2016-08-29 19:02:00,2016-08-29 21:26:00,2016-08-29 19:02:00,2016-08-30 18:34:00,2016-08-30 18:36:00,0.38231977400874256,-6.116390076532653,6.498709850541395,2.1528579953133065,6.172924522660482,2.4,23.533333333333335,detector,52,2016-08-30 02:42:00,2016-08-30 02:42:00
MXCO,2016-08-29 20:02:00,2016-08-29 23:06:00,2016-08-29 20:02:00,2016-08-31 02:28:00,2016-08-31 02:30:00,0.3266976367088753,-3.29977287955655,3.6264705162654254,2.080003162826579,6.0185812374224215,3.066666666666667,30.433333333333334,detector,52,2016-08-30 02:42:00,2016-08-30 02:42:00
NEWK,2016-08-30 02:06:00,2016-08-30 04:58:00,2016-08-30 02:06:00,2016-08-31 09:24:00,2016-08-31 09:26:00,0.48948736909915125,-4.560819333030635,5.050306702129786,2.0668519774589855,3.790641967311303,2.8666666666666667,31.3,detector,52,2016-08-30 02:42:00,2016-08-30 02:42:00
FSMT,2016-08-30 02:42:00,2016-08-30 04:52:00,2016-08-30 02:42:00,2016-08-31 14:34:00,2016-08-31 14:36:00,0.4796853982936393,-3.6356453524465304,4.11533075074017,2.229012750593724,7.2124574611639085,2.1666666666666665,35.86666666666667,detector,52,2016-08-30 02:42:00,2016-08-30 02:42:00
DRBS,2016-08-30 20:48:00,2016-08-31 01:20:00,2016-08-30 20:48:00,2016-09-01 00:02:00,2016-09-01 00:04:00,0.5925927112301314,-6.232370003725582,6.8249627149557135,2.1191677286092125,5.97077134573679,4.533333333333333,27.233333333333334,detector,52,2016-08-30 02:42:00,2016-08-30 02:42:00
APTY,2016-08-30 22:06:00,2016-08-31 00:48:00,2016-08-30 22:06:00,2016-08-31 20:08:00,2016-08-31 20:10:00,0.1794803829306581,-4.1540537583427595,4.333534141273417,2.001916106159783,6.323642700369773,2.7,22.033333333333335,detector,52,2016-08-30 02:42:00,2016-08-30 02:42:00
LMKS,2016-08-30 22:24:00,2016-08-31 00:32:00,2016-08-30 22:24:00,2016-08-31 19:52:00,2016-08-31 19:54:00,0.4188236065303776,-2.7676667961899204,3.186490402720298,2.19788425931267,5.447473116126516,2.1333333333333333,21.466666666666665,detector,52,2016-08-30 02:42:00,2016-08-30 02:42:00
OULU,2016-09-02 05:38:00,2016-09-02 08:32:00,2016-09-02 05:38:00,2016-09-03 01:24:00,2016-09-03 01:26:00,-1.059540240160782,-4.833226813386319,3.773686573225537,2.3255291774133435,4.996850705227486,2.9,19.766666666666666,detector,53,2016-09-02 12:38:00,2016-09-02 12:38:00
JUNG,2016-09-02 19:38:00,2016-09-02 22:02:00,2016-09-02 19:38:00,2016-09-02 21:50:00,2016-09-02 21:56:00,-0.8242489203242445,-3.935148699976204,3.1108997796519597,2.503839467740102,8.066626707138335,2.4,2.2,detector,53,2016-09-02 12:38:00,2016-09-02 12:38:00
JUNG1,2016-09-05 10:28:00,2016-09-05 12:38:00,2016-09-05 10:28:00,2016-09-05 15:38:00,2016-09-05 15:42:00,-2.4294816431026294,-7.10946069167845,4.67997904857582,2.312851660540439,7.458347247536228,2.1666666666666665,5.166666666666667,detector,54,2016-09-05 10:28:00,2016-09-05 10:28:00
JUNG,2016-09-07 19:30:00,2016-09-07 21:42:00,2016-09-07 19:30:00,2016-09-09 05:38:00,2016-09-09 05:40:00,1.3460429836291803,-4.359336172125706,5.705379155754886,2.0959305470432867,5.501076546988065,2.2,34.13333333333333,detector,55,2016-09-07 23:14:00,2016-09-07 23:14:00
OULU,2016-09-07 23:06:00,2016-09-08 01:08:00,2016-09-07 23:06:00,2016-09-08 08:52:00,2016-09-08 08:56:00,0.37198520301812577,-4.254357138528809,4.626342341546934,2.026532067645184,4.4551432493915195,2.033333333333333,9.766666666666667,detector,55,2016-09-07 23:14:00,2016-09-07 23:14:00
KERG,2016-09-07 23:14:00,2016-09-08 02:50:00,2016-09-07 23:14:00,2016-09-09 02:40:00,2016-09-09 02:42:00,0.6414858375861364,-3.0908190604192947,3.732304898005431,2.1013526415413457,3.8677073230899457,3.6,27.433333333333334,detector,55,2016-09-07 23:14:00,2016-09-07 23:14:00
APTY,2016-09-08 10:54:00,2016-09-08 13:22:00,2016-09-08 10:54:00,2016-09-08 16:56:00,2016-09-08 16:58:00,0.5091221825313246,-3.4737670889700043,3.982889271501329,2.692299749400739,5.119689256960604,2.466666666666667,6.033333333333333,detector,55,2016-09-07 23:14:00,2016-09-07 23:14:00
FSMT,2016-09-08 20:12:00,2016-09-08 22:36:00,2016-09-08 20:12:00,2016-09-09 10:48:00,2016-09-09 10:50:00,0.1052770434032338,-2.7480547542151745,2.8533317976184085,2.1961808152786157,3.2290657937562446,2.4,14.6,detector,55,2016-09-07 23:14:00,2016-09-07 23:14:00
KIEL2,2016-09-11 13:04:00,2016-09-11 17:42:00,2016-09-11 13:04:00,2016-09-12 09:30:00,2016-09-12 09:32:00,1.0465570230708907,-4.497175141242936,5.543732164313827,2.4900814263002413,12.395294845045656,4.633333333333334,20.433333333333334,detector,56,2016-09-11 16:47:00,2016-09-11 16:47:00
KERG,2016-09-11 20:30:00,2016-09-11 22:40:00,2016-09-11 20:30:00,2016-09-12 18:42:00,2016-09-12 18:46:00,0.8887525022171814,-4.812530946735609,5.70128344895279,2.574757226183629,6.5577989259785685,2.1666666666666665,22.2,detector,56,2016-09-11 16:47:00,2016-09-11 16:47:00
KERG,2016-09-13 23:22:00,2016-09-14 02:02:00,2016-09-13 23:22:00,2016-09-14 23:16:00,2016-09-14 23:18:00,0.339175243671411,-3.840787889587666,4.1799631332590765,2.096425181081852,4.604016118758927,2.6666666666666665,23.9,detector,57,2016-09-14 01:26:00,2016-09-14 01:26:00
JUNG1,2016-09-14 03:30:00,2016-09-14 05:48:00,2016-09-14 03:30:00,2016-09-14 18:26:00,2016-09-14 18:28:00,0.9449336498081572,-1.8971014266618855,2.842035076470043,2.0014143131431585,5.4803518489268495,2.3,14.933333333333334,detector,57,2016-09-14 01:26:00,2016-09-14 01:26:00
FSMT,2016-09-15 14:04:00,2016-09-15 16:24:00,2016-09-15 14:04:00,2016-09-16 13:44:00,2016-09-16 13:46:00,0.2552208536319585,-3.435403775889959,3.6906246295219174,2.610835125454944,4.766474611986837,2.3333333333333335,23.666666666666668,detector,58,2016-09-16 14:16:00,2016-09-16 14:16:00
LMKS,2016-09-15 15:34:00,2016-09-15 18:48:00,2016-09-15 15:34:00,2016-09-16 19:10:00,2016-09-16 19:12:00,0.8187630425881178,-2.861437754085484,3.680200796673602,2.3484598972778983,6.726737577652401,3.2333333333333334,27.6,detector,58,2016-09-16 14:16:00,2016-09-16 14:16:00
JUNG1,2016-09-16 01:10:00,2016-09-16 03:34:00,2016-09-16 01:10:00,2016-09-16 21:14:00,2016-09-16 21:18:00,0.20185206793112076,-3.570111429299792,3.771963497230913,2.1171173319042342,3.280452770212805,2.4,20.066666666666666,detector,58,2016-09-16 14:16:00,2016-09-16 14:16:00
NANM,2016-09-17 03:22:00,2016-09-17 05:42:00,2016-09-17 03:22:00,2016-09-17 19:08:00,2016-09-17 19:14:00,-0.7650389925071939,-4.493282468070984,3.7282434755637905,2.3594690440377657,6.6730528402151075,2.3333333333333335,15.766666666666667,detector,58,2016-09-16 14:16:00,2016-09-16 14:16:00
APTY,2016-09-17 17:14:00,2016-09-17 19:24:00,2016-09-17 17:14:00,2016-09-17 23:02:00,2016-09-17 23:04:00,0.05772717102448655,-4.662991724373725,4.720718895398212,2.129112850272276,3.342819124219305,2.1666666666666665,5.8,detector,58,2016-09-16 14:16:00,2016-09-16 14:16:00
JUNG,2016-09-17 20:24:00,2016-09-17 23:18:00,2016-09-17 20:24:00,2016-09-19 04:00:00,2016-09-19 04:02:00,0.20277678644126174,-4.697044767024989,4.899821553466251,2.151185398179547,3.7086007881813146,2.9,31.6,detector,58,2016-09-16 14:16:00,2016-09-16 14:16:00
APTY,2016-09-19 17:06:00,2016-09-19 19:40:00,2016-09-19 17:06:00,2016-09-20 03:00:00,2016-09-20 03:02:00,-0.47530487189437476,-3.825720325092976,3.3504154531986012,2.098912150864549,8.026383420454557,2.566666666666667,9.9,detector,59,2016-09-19 18:01:00,2016-09-19 18:01:00
LMKS,2016-09-19 18:56:00,2016-09-19 21:20:00,2016-09-19 18:56:00,2016-09-20 00:22:00,2016-09-20 00:24:00,-0.19836280140455495,-2.2362709647111356,2.0379081633065805,2.540819957200005,5.789121367125677,2.4,5.433333333333334,detector,59,2016-09-19 18:01:00,2016-09-19 18:01:00
KIEL2,2016-09-22 05:22:00,2016-09-22 07:56:00,2016-09-22 05:22:00,2016-09-22 07:24:00,2016-09-22 07:26:00,0.10550872435609365,-4.230465712559581,4.3359744369156745,2.033429440118366,5.3923896135280565,2.566666666666667,2.033333333333333,detector,60,2016-09-22 05:22:00,2016-09-22 05:22:00
KERG,2016-09-26 11:48:00,2016-09-26 14:20:00,2016-09-26 11:48:00,2016-09-27 21:48:00,2016-09-27 21:50:00,0.6888772158937331,-4.026552992092682,4.715430207986415,2.3961205937784578,6.612221700519328,2.533333333333333,34.0,detector,61,2016-09-27 01:20:00,2016-09-27 01:20:00
LMKS,2016-09-26 12:16:00,2016-09-26 15:20:00,2016-09-26 12:16:00,2016-09-27 23:46:00,2016-09-28 00:20:00,1.8070824526429812,-2.9373902377249324,4.744472690367914,2.4040814000702224,8.521938870190928,3.066666666666667,35.5,detector,61,2016-09-27 01:20:00,2016-09-27 01:20:00
MXCO,2016-09-26 14:36:00,2016-09-26 17:12:00,2016-09-26 14:36:00,2016-09-27 22:02:00,2016-09-27 22:04:00,0.5120626393829324,-3.7507702123382543,4.262832851721186,2.0760719860959274,3.073706116681534,2.6,31.433333333333334,detector,61,2016-09-27 01:20:00,2016-09-27 01:20:00
NEWK,2016-09-26 15:36:00,2016-09-26 18:26:00,2016-09-26 15:36:00,2016-09-28 02:44:00,2016-09-28 02:50:00,1.00337071102589,-4.834875840793002,5.838246551818892,2.3106014759658007,6.776983870999372,2.8333333333333335,35.13333333333333,detector,61,2016-09-27 01:20:00,2016-09-27 01:20:00
APTY,2016-09-27 01:20:00,2016-09-27 04:28:00,2016-09-27 01:20:00,2016-09-28 05:16:00,2016-09-28 05:18:00,0.1159275479041882,-3.865890433434605,3.9818179813387933,2.3346443062401465,9.985985645979683,3.1333333333333333,27.933333333333334,detector,61,2016-09-27 01:20:00,2016-09-27 01:20:00
DRBS,2016-09-27 03:48:00,2016-09-27 06:00:00,2016-09-27 03:48:00,2016-09-28 04:02:00,2016-09-28 04:06:00,0.5846174110118104,-5.2923348851326315,5.876952296144442,2.003004248315877,6.997214560827185,2.2,24.233333333333334,detector,61,2016-09-27 01:20:00,2016-09-27 01:20:00
JUNG,2016-09-27 07:02:00,2016-09-27 09:42:00,2016-09-27 07:02:00,2016-09-28 06:02:00,2016-09-28 06:04:00,0.6878739615491574,-4.217093334152857,4.904967295702014,2.1339338864611657,6.468913086902308,2.6666666666666665,23.0,detector,61,2016-09-27 01:20:00,2016-09-27 01:20:00
OULU,2016-09-27 09:52:00,2016-09-27 12:46:00,2016-09-27 09:52:00,2016-09-28 08:06:00,2016-09-28 08:08:00,0.11490196985467335,-5.094599512606356,5.20950148246103,2.464043658355979,6.703345118439721,2.9,22.233333333333334,detector,61,2016-09-27 01:20:00,2016-09-27 01:20:00
JUNG1,2016-09-27 11:06:00,2016-09-27 14:48:00,2016-09-27 11:06:00,2016-09-27 23:12:00,2016-09-27 23:20:00,0.6138701486365444,-3.963912486206379,4.577782634842923,2.5183473803030987,7.322848883992991,3.7,12.1,detector,61,2016-09-27 01:20:00,2016-09-27 01:20:00
JUNG,2016-10-01 20:02:00,2016-10-01 23:02:00,2016-10-01 20:02:00,2016-10-03 04:32:00,2016-10-03 04:34:00,0.21028984272908666,-4.092828180514373,4.30311802324346,2.087366337600547,5.253113238873924,3.0,32.5,detector,62,2016-10-01 21:56:00,2016-10-01 21:56:00
APTY,2016-10-01 21:56:00,2016-10-02 00:20:00,2016-10-01 21:56:00,2016-10-02 21:00:00,2016-10-02 21:02:00,0.5349051182530322,-3.644727729322792,4.179632847575824,2.337605632674129,3.4705049969418256,2.4,23.066666666666666,detector,62,2016-10-01 21:56:00,2016-10-01 21:56:00
AATB,2016-10-03 13:12:00,2016-10-03 15:34:00,2016-10-03 13:12:00,2016-10-03 13:50:00,2016-10-03 13:52:00,0.36275751065288087,-2.1758516140538613,2.538609124706742,2.175711772503419,4.595672727500179,2.3666666666666667,0.6333333333333333,detector,62,2016-10-01 21:56:00,2016-10-01 21:56:00
KERG,2016-10-04 07:06:00,2016-10-04 10:10:00,2016-10-04 07:06:00,2016-10-04 21:42:00,2016-10-04 21:46:00,0.579000702790627,-3.3435247870714138,3.922525489862041,2.313180707073964,6.533816947255946,3.066666666666667,14.6,detector,63,2016-10-04 08:26:00,2016-10-04 08:26:00
AATB,2016-10-04 09:46:00,2016-10-04 12:50:00,2016-10-04 09:46:00,2016-10-04 18:44:00,2016-10-04 18:48:00,0.43531957023953705,-1.463691914167979,1.899011484407516,2.423753158879424,7.117345678736067,3.066666666666667,8.966666666666667,detector,63,2016-10-04 08:26:00,2016-10-04 08:26:00
LMKS,2016-10-07 00:44:00,2016-10-07 03:00:00,2016-10-07 00:44:00,2016-10-08 03:30:00,2016-10-08 03:34:00,2.8089099227279934,-0.9187667173995604,3.727676640127554,2.2631187100331047,5.258515865152122,2.2666666666666666,26.766666666666666,detector,64,2016-10-07 00:44:00,2016-10-07 00:44:00
KERG,2016-10-10 17:22:00,2016-10-10 19:30:00,2016-10-10 17:22:00,2016-10-11 23:58:00,2016-10-12 00:10:00,0.4547769829891976,-3.766401187470646,4.221178170459844,2.070849437700166,3.054237933923763,2.1333333333333333,30.6,detector,65,2016-10-11 11:42:00,2016-10-11 11:42:00
JUNG,2016-10-10 19:06:00,2016-10-10 21:16:00,2016-10-10 19:06:00,2016-10-12 04:42:00,2016-10-12 04:44:00,0.2504725917727926,-4.072939874785746,4.323412466558539,2.1846687952640655,6.1739195081066605,2.1666666666666665,33.6,detector,65,2016-10-11 11:42:00,2016-10-11 11:42:00
LMKS,2016-10-11 08:24:00,2016-10-11 12:46:00,2016-10-11 08:24:00,2016-10-12 00:16:00,2016-10-12 00:24:00,0.2177888621854812,-3.8905578196267543,4.108346681812235,2.3528222631815296,7.043959710361876,4.366666666666666,15.866666666666667,detector,65,2016-10-11 11:42:00,2016-10-11 11:42:00
APTY,2016-10-11 15:00:00,2016-10-11 17:10:00,2016-10-11 15:00:00,2016-10-13 00:16:00,2016-10-13 00:18:00,0.20754836673513355,-4.628462241049876,4.83601060778501,2.1016500350082334,6.624281512788906,2.1666666666666665,33.266666666666666,detector,65,2016-10-11 11:42:00,2016-10-11 11:42:00
OULU,2016-10-11 23:28:00,2016-10-12 02:00:00,2016-10-11 23:28:00,2016-10-12 22:56:00,2016-10-12 22:58:00,-0.0373688796670565,-6.148197566499198,6.110828686832142,2.077323646555207,6.2387884678805605,2.533333333333333,23.466666666666665,detector,65,2016-10-11 11:42:00,2016-10-11 11:42:00
FSMT,2016-10-12 13:34:00,2016-10-12 16:36:00,2016-10-12 13:34:00,2016-10-13 06:44:00,2016-10-13 06:46:00,-0.13975888806326914,-3.993191641844524,3.853432753781255,2.2817656948938216,6.408978120141047,3.033333333333333,17.166666666666668,detector,65,2016-10-11 11:42:00,2016-10-11 11:42:00
KIEL2,2016-10-14 03:00:00,2016-10-14 05:16:00,2016-10-14 03:00:00,2016-10-15 03:06:00,2016-10-15 03:08:00,-0.3110567569786393,-5.374438292694739,5.0633815357161,2.0521451927471173,2.8036994063557548,2.2666666666666666,24.1,detector,66,2016-10-14 20:51:00,2016-10-14 20:51:00
NEWK,2016-10-14 17:18:00,2016-10-14 20:30:00,2016-10-14 17:18:00,2016-10-15 11:22:00,2016-10-15 11:24:00,0.47381338320695676,-5.602742142803127,6.076555526010083,2.0060373113121126,4.96069799301145,3.2,18.066666666666666,detector,66,2016-10-14 20:51:00,2016-10-14 20:51:00
OULU,2016-10-14 19:10:00,2016-10-14 21:36:00,2016-10-14 19:10:00,2016-10-15 08:30:00,2016-10-15 08:32:00,0.17281352799979066,-5.9489748347761,6.12178836277589,2.1619173275314063,12.08038844702114,2.433333333333333,13.333333333333334,detector,66,2016-10-14 20:51:00,2016-10-14 20:51:00
JUNG,2016-10-14 22:32:00,2016-10-15 02:40:00,2016-10-14 22:32:00,2016-10-15 04:42:00,2016-10-15 04:44:00,-0.5776556064241685,-4.404717460356321,3.827061853932152,2.375984578029354,8.534446878727039,4.133333333333334,6.166666666666667,detector,66,2016-10-14 20:51:00,2016-10-14 20:51:00
LMKS,2016-10-15 00:04:00,2016-10-15 03:10:00,2016-10-15 00:04:00,2016-10-15 01:38:00,2016-10-15 01:40:00,0.4079912999388746,-3.777404587177071,4.185395887115946,2.1046959328497934,4.549361047919699,3.1,1.5666666666666667,detector,66,2016-10-14 20:51:00,2016-10-14 20:51:00
KERG,2016-10-15 14:40:00,2016-10-15 18:30:00,2016-10-15 14:40:00,2016-10-16 19:04:00,2016-10-16 19:06:00,0.2571595384297991,-3.2756134320752097,3.532772970505009,2.038878483391363,4.5173841127225245,3.8333333333333335,28.4,detector,66,2016-10-14 20:51:00,2016-10-14 20:51:00
LMKS,2016-10-19 19:38:00,2016-10-20 00:04:00,2016-10-19 19:38:00,2016-10-20 08:10:00,2016-10-20 08:12:00,0.4887876850713673,-2.352803291791757,2.8415909768631247,2.012008819496946,9.486865025621086,4.433333333333334,12.533333333333333,detector,67,2016-10-19 19:38:00,2016-10-19 19:38:00
KERG,2016-10-22 08:22:00,2016-10-22 11:04:00,2016-10-22 08:22:00,2016-10-22 14:28:00,2016-10-22 14:30:00,0.2281168028566012,-3.6507448333817143,3.8788616362383155,2.0312388255517604,7.707494719602341,2.7,6.1,detector,68,2016-10-22 08:22:00,2016-10-22 08:22:00
OULU,2016-10-23 17:38:00,2016-10-23 20:40:00,2016-10-23 17:38:00,2016-10-24 16:02:00,2016-10-24 16:04:00,0.6620678474676365,-5.463314753725403,6.12538260119304,2.0232940127158976,5.213201805359965,3.033333333333333,22.4,detector,69,2016-10-24 15:25:00,2016-10-24 15:25:00
JUNG,2016-10-24 01:10:00,2016-10-24 04:12:00,2016-10-24 01:10:00,2016-10-24 18:50:00,2016-10-24 18:52:00,0.12009439719244736,-3.538394762099813,3.65848915929226,2.0705231081312685,8.081890577603287,3.033333333333333,17.666666666666668,detector,69,2016-10-24 15:25:00,2016-10-24 15:25:00
AATB,2016-10-24 13:46:00,2016-10-24 16:56:00,2016-10-24 13:46:00,2016-10-25 22:18:00,2016-10-25 22:20:00,1.263731611389626,-2.4169819251786464,3.6807135365682724,2.3162724376372688,8.46981185137814,3.1666666666666665,32.53333333333333,detector,69,2016-10-24 15:25:00,2016-10-24 15:25:00
NANM,2016-10-24 17:04:00,2016-10-24 19:16:00,2016-10-24 17:04:00,2016-10-26 01:24:00,2016-10-26 01:26:00,-0.030519514237982902,-4.090452564024004,4.0599330497860215,2.13730169818302,6.573686494917398,2.2,32.333333333333336,detector,69,2016-10-24 15:25:00,2016-10-24 15:25:00
ATHN,2016-10-25 22:42:00,2016-10-26 01:18:00,2016-10-25 22:42:00,2016-10-26 23:44:00,2016-10-26 23:46:00,0.07113591403526374,-6.878958166086881,6.9500940801221445,2.187191761141842,3.800736499788572,2.6,25.033333333333335,detector,69,2016-10-24 15:25:00,2016-10-24 15:25:00
MXCO,2016-10-26 02:56:00,2016-10-26 04:56:00,2016-10-26 02:56:00,2016-10-26 14:10:00,2016-10-26 14:12:00,-0.2544662309368206,-3.643278688524592,3.3888124575877714,2.0140099476480424,6.670173370799532,2.0,11.233333333333333,detector,69,2016-10-24 15:25:00,2016-10-24 15:25:00
AATB,2016-10-29 14:22:00,2016-10-29 16:30:00,2016-10-29 14:22:00,2016-10-29 23:38:00,2016-10-29 23:40:00,0.07060775998015026,-3.086954216952608,3.157561976932758,2.36929009417768,5.205825506194558,2.1333333333333333,9.266666666666667,detector,70,2016-10-29 14:22:00,2016-10-29 14:22:00
NANM,2016-10-30 19:04:00,2016-10-30 23:16:00,2016-10-30 19:04:00,2016-10-31 12:28:00,2016-10-31 12:30:00,0.40720969034577037,-3.4507323070788316,3.857941997424602,2.1292634992537547,7.664756909100191,4.2,17.4,detector,71,2016-10-30 19:04:00,2016-10-30 19:04:00
JUNG,2016-11-01 21:18:00,2016-11-01 23:24:00,2016-11-01 21:18:00,2016-11-03 03:22:00,2016-11-03 03:24:00,0.821431421422607,-2.778307662960214,3.599739084382821,2.001320325073674,3.0627191448302957,2.1,30.066666666666666,detector,72,2016-11-02 00:26:00,2016-11-02 00:26:00
KERG,2016-11-02 00:26:00,2016-11-02 04:32:00,2016-11-02 00:26:00,2016-11-03 10:50:00,2016-11-03 10:52:00,0.7882430979076747,-2.8265472383657606,3.614790336273435,2.1816009891293144,3.7870731764473167,4.1,34.4,detector,72,2016-11-02 00:26:00,2016-11-02 00:26:00
FSMT,2016-11-02 10:48:00,2016-11-02 13:20:00,2016-11-02 10:48:00,2016-11-03 02:50:00,2016-11-03 02:52:00,0.46812919024957006,-3.547441759695316,4.015570949944886,2.138334377370815,7.136445702217561,2.533333333333333,16.033333333333335,detector,72,2016-11-02 00:26:00,2016-11-02 00:26:00
KIEL2,2016-11-07 04:22:00,2016-11-07 09:14:00,2016-11-07 04:22:00,2016-11-07 20:50:00,2016-11-07 20:52:00,1.1336401870605535,-3.864547565507143,4.998187752567697,2.1940298541315952,7.121043806306198,4.866666666666666,16.466666666666665,detector,73,2016-11-07 18:01:00,2016-11-07 18:01:00
AATB,2016-11-07 06:58:00,2016-11-07 10:26:00,2016-11-07 06:58:00,2016-11-08 17:18:00,2016-11-08 17:20:00,-0.060276400291969,-2.3895448652815183,2.3292684649895494,2.4095350717202533,10.321372420330158,3.466666666666667,34.333333333333336,detector,73,2016-11-07 18:01:00,2016-11-07 18:01:00
CALM,2016-11-07 07:58:00,2016-11-07 10:28:00,2016-11-07 07:58:00,2016-11-07 19:02:00,2016-11-07 19:06:00,1.078455886373141,-6.165059184568172,7.243515070941313,2.4257139307692057,2.967819872160144,2.5,11.066666666666666,detector,73,2016-11-07 18:01:00,2016-11-07 18:01:00
OULU,2016-11-07 17:12:00,2016-11-07 21:22:00,2016-11-07 17:12:00,2016-11-08 21:42:00,2016-11-08 21:44:00,0.9570637060645286,-5.699537826660255,6.656601532724784,2.3038273900274904,5.745668822344349,4.166666666666667,28.5,detector,73,2016-11-07 18:01:00,2016-11-07 18:01:00
JUNG,2016-11-07 18:50:00,2016-11-07 21:28:00,2016-11-07 18:50:00,2016-11-09 05:12:00,2016-11-09 05:18:00,1.0934913159038613,-3.581718137506556,4.675209453410417,2.5881727234830123,8.885655499279881,2.6333333333333333,34.36666666666667,detector,73,2016-11-07 18:01:00,2016-11-07 18:01:00
JUNG1,2016-11-08 03:02:00,2016-11-08 06:26:00,2016-11-08 03:02:00,2016-11-08 19:52:00,2016-11-08 19:54:00,0.3184299885270081,-3.8290639032905567,4.147493891817565,2.669727769263596,7.156005345436796,3.4,16.833333333333332,detector,73,2016-11-07 18:01:00,2016-11-07 18:01:00
KERG,2016-11-08 10:42:00,2016-11-08 13:56:00,2016-11-08 10:42:00,2016-11-08 20:36:00,2016-11-08 20:40:00,0.2910747142038487,-3.289431333925556,3.5805060481294047,2.097611611008062,3.7566675178604103,3.2333333333333334,9.9,detector,73,2016-11-07 18:01:00,2016-11-07 18:01:00
MXCO,2016-11-08 14:28:00,2016-11-08 17:44:00,2016-11-08 14:28:00,2016-11-08 14:48:00,2016-11-08 14:50:00,0.1813498513797269,-8.557480616444915,8.738830467824641,2.1118559385145974,4.370719241183536,3.2666666666666666,0.3333333333333333,detector,73,2016-11-07 18:01:00,2016-11-07 18:01:00
LMKS,2016-11-11 10:10:00,2016-11-11 13:30:00,2016-11-11 10:10:00,2016-11-12 22:04:00,2016-11-12 22:08:00,0.24831113577842814,-3.218005308633813,3.466316444412241,2.46909769401358,3.708130616506167,3.3333333333333335,35.9,detector,74,2016-11-11 10:10:00,2016-11-11 10:10:00
APTY,2016-11-13 12:16:00,2016-11-13 14:32:00,2016-11-13 12:16:00,2016-11-14 14:34:00,2016-11-14 14:38:00,-0.3565904243142891,-4.183278117805614,3.8266876934913245,2.013975859896361,6.010703802779086,2.2666666666666666,26.3,detector,75,2016-11-13 12:16:00,2016-11-13 12:16:00
LMKS,2016-11-21 00:34:00,2016-11-21 02:32:00,2016-11-21 00:34:00,2016-11-22 07:20:00,2016-11-22 07:24:00,-0.5897514616465245,-3.289531190816125,2.6997797291696006,2.0015175203478135,5.869511883166709,1.9666666666666666,30.766666666666666,detector,76,2016-11-21 17:17:00,2016-11-21 17:17:00
KERG,2016-11-21 16:44:00,2016-11-21 19:06:00,2016-11-21 16:44:00,2016-11-22 22:16:00,2016-11-22 22:20:00,0.19646024662774203,-5.207515772228023,5.403976018855765,2.0393629224096887,8.675889936297386,2.3666666666666667,29.533333333333335,detector,76,2016-11-21 17:17:00,2016-11-21 17:17:00
JUNG,2016-11-21 17:50:00,2016-11-21 19:48:00,2016-11-21 17:50:00,2016-11-22 21:58:00,2016-11-22 22:00:00,-0.2465837854043923,-5.114388757010087,4.867804971605695,2.0955119847426102,2.9974485385730274,1.9666666666666666,28.133333333333333,detector,76,2016-11-21 17:17:00,2016-11-21 17:17:00
AATB,2016-11-21 23:36:00,2016-11-22 01:40:00,2016-11-21 23:36:00,2016-11-22 23:20:00,2016-11-22 23:32:00,0.18418088088237466,-3.366531070276336,3.5507119511587106,2.253248584339131,7.99055060708419,2.066666666666667,23.733333333333334,detector,76,2016-11-21 17:17:00,2016-11-21 17:17:00
AATB,2016-11-23 13:02:00,2016-11-23 16:52:00,2016-11-23 13:02:00,2016-11-23 23:28:00,2016-11-23 23:30:00,-1.2867116880668847,-3.259259259259262,1.9725475711923774,2.100173190886425,8.491687425998935,3.8333333333333335,10.433333333333334,detector,77,2016-11-23 13:02:00,2016-11-23 13:02:00
LMKS,2016-11-25 09:56:00,2016-11-25 12:50:00,2016-11-25 09:56:00,2016-11-26 21:28:00,2016-11-26 21:34:00,2.8119523137812656,-2.6566078146315473,5.468560128412813,2.4906433636389433,7.3879253999893795,2.9,35.53333333333333,detector,78,2016-11-25 09:56:00,2016-11-25 09:56:00
KERG,2016-11-28 17:06:00,2016-11-28 19:14:00,2016-11-28 17:06:00,2016-11-30 02:28:00,2016-11-30 02:30:00,0.5348165868530473,-2.828706014678662,3.363522601531709,2.046016879916213,6.9651699985912625,2.1333333333333333,33.36666666666667,detector,79,2016-11-30 10:14:00,2016-11-30 10:14:00
JUNG1,2016-11-29 21:50:00,2016-11-29 23:50:00,2016-11-29 21:50:00,2016-11-30 23:06:00,2016-11-30 23:10:00,0.8308824405549637,-2.371897720246198,3.2027801608011615,2.418822450765596,7.114326843021361,2.0,25.266666666666666,detector,79,2016-11-30 10:14:00,2016-11-30 10:14:00
JUNG,2016-11-30 10:14:00,2016-11-30 13:24:00,2016-11-30 10:14:00,2016-12-01 04:56:00,2016-12-01 04:58:00,0.6052891593159142,-3.857175024136259,4.462464183452173,2.062144616087602,5.9656286006024235,3.1666666666666665,18.7,detector,79,2016-11-30 10:14:00,2016-11-30 10:14:00
LMKS,2016-11-30 20:26:00,2016-12-01 00:04:00,2016-11-30 20:26:00,2016-12-01 21:56:00,2016-12-01 22:00:00,0.31611771212799156,-2.481968401263793,2.7980861133917845,2.077862075031411,3.924169652006455,3.6333333333333333,25.5,detector,79,2016-11-30 10:14:00,2016-11-30 10:14:00
APTY,2016-12-01 15:06:00,2016-12-01 17:14:00,2016-12-01 15:06:00,2016-12-02 11:30:00,2016-12-02 11:32:00,0.575688914005297,-3.036715632069078,3.612404546074375,2.0661070385124853,4.505341840064131,2.1333333333333333,20.4,detector,79,2016-11-30 10:14:00,2016-11-30 10:14:00
AATB,2016-12-04 03:54:00,2016-12-04 06:24:00,2016-12-04 03:54:00,2016-12-05 13:46:00,2016-12-05 13:48:00,0.4887140097790773,-1.7381715065903356,2.226885516369413,2.048175839916599,9.207476237543,2.5,33.86666666666667,detector,80,2016-12-04 23:22:00,2016-12-04 23:22:00
JUNG,2016-12-04 19:42:00,2016-12-04 22:40:00,2016-12-04 19:42:00,2016-12-05 23:38:00,2016-12-05 23:40:00,1.0181728049699248,-3.5868275646530225,4.605000369622948,2.1036506787982203,3.26425525414452,2.966666666666667,27.933333333333334,detector,80,2016-12-04 23:22:00,2016-12-04 23:22:00
APTY,2016-12-04 23:22:00,2016-12-05 01:34:00,2016-12-04 23:22:00,2016-12-06 01:00:00,2016-12-06 01:02:00,0.7595264857299622,-3.725500528331592,4.485027014061554,2.035363862037817,3.1720794169946727,2.2,25.633333333333333,detector,80,2016-12-04 23:22:00,2016-12-04 23:22:00
OULU,2016-12-06 00:30:00,2016-12-06 04:06:00,2016-12-06 00:30:00,2016-12-07 00:58:00,2016-12-07 01:00:00,0.0688671848426807,-5.330565300213002,5.399432485055683,2.213840239558709,7.701491039636232,3.6,24.466666666666665,detector,80,2016-12-04 23:22:00,2016-12-04 23:22:00
LMKS,2016-12-06 06:38:00,2016-12-06 08:42:00,2016-12-06 06:38:00,2016-12-06 09:14:00,2016-12-06 09:16:00,-0.19889972353195096,-2.5122300715631485,2.3133303480311973,2.6920848802096136,7.364535522780373,2.066666666666667,2.6,detector,80,2016-12-04 23:22:00,2016-12-04 23:22:00
FSMT,2016-12-08 08:20:00,2016-12-08 10:30:00,2016-12-08 08:20:00,2016-12-08 14:48:00,2016-12-08 14:50:00,0.12024536696457915,-3.3892943489165557,3.509539715881135,2.0347301407917873,3.5472875248550864,2.1666666666666665,6.466666666666667,detector,81,2016-12-08 16:03:00,2016-12-08 16:03:00
KERG,2016-12-08 14:26:00,2016-12-08 16:26:00,2016-12-08 14:26:00,2016-12-09 23:28:00,2016-12-09 23:30:00,0.23112354681070155,-4.251230755027683,4.4823543018383845,2.58955989566504,6.280946501409442,2.0,33.03333333333333,detector,81,2016-12-08 16:03:00,2016-12-08 16:03:00
JUNG1,2016-12-08 17:40:00,2016-12-08 20:20:00,2016-12-08 17:40:00,2016-12-10 01:50:00,2016-12-10 01:54:00,0.3325125442512161,-3.353197568670513,3.685710112921729,2.036924373418534,5.268383198444488,2.6666666666666665,32.166666666666664,detector,81,2016-12-08 16:03:00,2016-12-08 16:03:00
AATB,2016-12-08 19:00:00,2016-12-08 21:16:00,2016-12-08 19:00:00,2016-12-09 20:16:00,2016-12-09 20:22:00,0.7672057398699651,-2.772380291464264,3.539586031334229,2.030154630229617,6.876717725268969,2.2666666666666666,25.266666666666666,detector,81,2016-12-08 16:03:00,2016-12-08 16:03:00
APTY,2016-12-12 04:58:00,2016-12-12 06:58:00,2016-12-12 04:58:00,2016-12-12 09:10:00,2016-12-12 09:12:00,-0.31349284695393814,-3.787595818815338,3.4741029718613996,2.0512436177043893,5.994934958003347,2.0,4.2,detector,82,2016-12-12 04:58:00,2016-12-12 04:58:00
AATB,2016-12-14 02:36:00,2016-12-14 04:44:00,2016-12-14 02:36:00,2016-12-15 04:42:00,2016-12-15 04:48:00,0.10892480728423451,-2.4518943258169985,2.560819133101233,2.293802535770049,3.0304228828426916,2.1333333333333333,26.1,detector,83,2016-12-14 12:02:00,2016-12-14 12:02:00
JUNG1,2016-12-14 12:02:00,2016-12-14 14:22:00,2016-12-14 12:02:00,2016-12-15 14:38:00,2016-12-15 14:40:00,0.8227429143982425,-1.8022470778579749,2.6249899922562174,2.315404841910357,12.690273007933106,2.3333333333333335,26.6,detector,83,2016-12-14 12:02:00,2016-12-14 12:02:00
LMKS,2016-12-14 19:38:00,2016-12-14 23:56:00,2016-12-14 19:38:00,2016-12-15 10:12:00,2016-12-15 10:16:00,0.5392139554871657,-1.7354682465705558,2.2746822020577215,2.39720372784202,7.666298675836675,4.3,14.566666666666666,detector,83,2016-12-14 12:02:00,2016-12-14 12:02:00
JUNG,2016-12-18 11:36:00,2016-12-18 14:12:00,2016-12-18 11:36:00,2016-12-19 19:54:00,2016-12-19 20:02:00,0.1363559536761884,-5.394932208919107,5.531288162595295,2.150963626192284,8.088783941451844,2.6,32.3,detector,84,2016-12-19 09:48:00,2016-12-19 09:48:00
FSMT,2016-12-19 05:38:00,2016-12-19 08:42:00,2016-12-19 05:38:00,2016-12-20 08:10:00,2016-12-20 08:12:00,-0.6555264656123286,-4.175899096642237,3.520372631029908,2.446739507758186,7.724761392127403,3.066666666666667,26.533333333333335,detector,84,2016-12-19 09:48:00,2016-12-19 09:48:00
JUNG1,2016-12-19 09:48:00,2016-12-19 11:50:00,2016-12-19 09:48:00,2016-12-19 16:24:00,2016-12-19 16:26:00,-0.2038704908399921,-4.030468272083241,3.8265977812432492,2.0823706476852717,3.132231680342896,2.033333333333333,6.6,detector,84,2016-12-19 09:48:00,2016-12-19 09:48:00
APTY,2016-12-19 14:14:00,2016-12-19 16:28:00,2016-12-19 14:14:00,2016-12-20 05:56:00,2016-12-20 06:00:00,-0.404440489979096,-4.662644300295659,4.258203810316563,2.1958597692589508,5.776410655243082,2.2333333333333334,15.7,detector,84,2016-12-19 09:48:00,2016-12-19 09:48:00
AATB,2016-12-19 17:44:00,2016-12-19 20:06:00,2016-12-19 17:44:00,2016-12-20 14:08:00,2016-12-20 14:10:00,-0.8404404547427621,-4.746920312527936,3.906479857785174,2.310415248713672,3.431729560551619,2.3666666666666667,20.4,detector,84,2016-12-19 09:48:00,2016-12-19 09:48:00
JUNG,2016-12-23 18:56:00,2016-12-23 20:54:00,2016-12-23 18:56:00,2016-12-25 04:28:00,2016-12-25 04:30:00,0.1975422916864248,-5.043829114413633,5.241371406100058,2.0902133282379163,2.6711333993028368,1.9666666666666666,33.53333333333333,detector,85,2016-12-24 08:31:00,2016-12-24 08:31:00
LMKS,2016-12-24 22:06:00,2016-12-25 00:28:00,2016-12-24 22:06:00,2016-12-26 05:34:00,2016-12-26 05:36:00,-0.3472288812602904,-3.6413301078179536,3.2941012265576632,2.049174715744798,3.677404047941992,2.3666666666666667,31.466666666666665,detector,85,2016-12-24 08:31:00,2016-12-24 08:31:00
AATB,2016-12-30 16:00:00,2016-12-30 18:38:00,2016-12-30 16:00:00,2016-12-31 23:10:00,2016-12-31 23:22:00,0.5073822951060095,-1.6604327612122909,2.1678150563183003,2.437927632775864,6.115489593626896,2.6333333333333333,31.166666666666668,detector,86,2016-12-30 21:08:00,2016-12-30 21:08:00
FSMT,2016-12-30 18:42:00,2016-12-30 20:40:00,2016-12-30 18:42:00,2017-01-01 01:06:00,2017-01-01 01:08:00,0.6769835693115999,-2.880827127599015,3.557810696910615,2.1141959018571983,3.918922979514395,1.9666666666666666,30.4,detector,86,2016-12-30 21:08:00,2016-12-30 21:08:00
KERG,2016-12-30 23:34:00,2016-12-31 02:36:00,2016-12-30 23:34:00,2016-12-31 20:14:00,2016-12-31 20:16:00,1.0749192726957455,-3.0786935271147433,4.153612799810489,2.199790397956806,8.729846621289283,3.033333333333333,20.666666666666668,detector,86,2016-12-30 21:08:00,2016-12-30 21:08:00
OULU,2016-12-31 20:44:00,2016-12-31 22:50:00,2016-12-31 20:44:00,2017-01-01 17:26:00,2017-01-01 17:28:00,1.3894072199132972,-4.05185944602209,5.441266665935387,2.2043260690330446,4.654266080983014,2.1,20.7,detector,86,2016-12-30 21:08:00,2016-12-30 21:08:00
KIEL2,2017-01-02 23:18:00,2017-01-03 02:36:00,2017-01-02 23:18:00,2017-01-03 00:54:00,2017-01-03 00:58:00,0.3979702691208423,-4.712068671479726,5.110038940600568,2.45669092814072,16.053152740600293,3.3,1.6,detector,87,2017-01-02 23:18:00,2017-01-02 23:18:00
JUNG1,2017-01-03 20:02:00,2017-01-03 22:28:00,2017-01-03 20:02:00,2017-01-05 04:38:00,2017-01-05 04:40:00,-0.19765587746601085,-4.892948537943524,4.695292660477513,2.11857977402863,3.2839069628753266,2.433333333333333,32.6,detector,88,2017-01-04 11:39:00,2017-01-04 11:39:00
JUNG,2017-01-04 07:06:00,2017-01-04 10:46:00,2017-01-04 07:06:00,2017-01-04 22:20:00,2017-01-04 22:22:00,-0.06052727705958695,-5.265376953817194,5.204849676757607,2.150161756779104,5.935589651495826,3.6666666666666665,15.233333333333333,detector,88,2017-01-04 11:39:00,2017-01-04 11:39:00
NANM,2017-01-04 16:12:00,2017-01-04 18:40:00,2017-01-04 16:12:00,2017-01-05 19:00:00,2017-01-05 19:02:00,-0.0296899059708139,-4.361234707811208,4.331544801840394,2.5853938665783636,8.308682903693915,2.466666666666667,26.8,detector,88,2017-01-04 11:39:00,2017-01-04 11:39:00
LMKS,2017-01-05 00:48:00,2017-01-05 05:24:00,2017-01-05 00:48:00,2017-01-06 01:10:00,2017-01-06 01:12:00,-0.00260793341889035,-3.3766174051711,3.3740094717522098,2.2012986685367597,7.702637211211771,4.6,24.366666666666667,detector,88,2017-01-04 11:39:00,2017-01-04 11:39:00
JUNG1,2017-01-07 16:58:00,2017-01-07 19:54:00,2017-01-07 16:58:00,2017-01-08 01:22:00,2017-01-08 01:30:00,0.6332212654871701,-2.5698192755803637,3.2030405410675336,2.1275087730592377,7.778250411313671,2.933333333333333,8.4,detector,89,2017-01-07 16:58:00,2017-01-07 16:58:00
JUNG,2017-01-09 10:58:00,2017-01-09 13:08:00,2017-01-09 10:58:00,2017-01-10 22:50:00,2017-01-10 22:52:00,0.5215677236851337,-2.6162248160443156,3.1377925397294493,2.4486614400450484,6.899359028931729,2.1666666666666665,35.86666666666667,detector,90,2017-01-10 07:18:00,2017-01-10 07:18:00
JUNG1,2017-01-11 03:38:00,2017-01-11 06:52:00,2017-01-11 03:38:00,2017-01-11 17:10:00,2017-01-11 17:14:00,0.4498618225037794,-3.809842863436003,4.2597046859397825,2.324456633919003,7.193327731874982,3.2333333333333334,13.533333333333333,detector,90,2017-01-10 07:18:00,2017-01-10 07:18:00
KIEL2,2017-01-12 06:18:00,2017-01-12 08:28:00,2017-01-12 06:18:00,2017-01-12 18:20:00,2017-01-12 18:22:00,0.7351021986505962,-2.90760016183198,3.642702360482576,2.0478978772406617,3.1135363177476147,2.1666666666666665,12.033333333333333,detector,91,2017-01-13 21:57:00,2017-01-13 21:57:00
JUNG1,2017-01-13 05:26:00,2017-01-13 10:36:00,2017-01-13 05:26:00,2017-01-14 16:38:00,2017-01-14 16:42:00,0.2585241400328992,-3.1775255932068887,3.4360497332397877,2.2317740034135354,4.259211876483694,5.166666666666667,35.2,detector,91,2017-01-13 21:57:00,2017-01-13 21:57:00
JUNG,2017-01-13 11:48:00,2017-01-13 15:50:00,2017-01-13 11:48:00,2017-01-13 14:12:00,2017-01-13 14:16:00,0.513341726425234,-3.915931094263142,4.429272820688376,2.0990435597716197,4.912555285092718,4.033333333333333,2.4,detector,91,2017-01-13 21:57:00,2017-01-13 21:57:00
KERG,2017-01-14 08:06:00,2017-01-14 10:46:00,2017-01-14 08:06:00,2017-01-15 13:14:00,2017-01-15 13:18:00,0.29171842775400075,-4.876102531715798,5.167820959469799,2.029500105350202,7.146080726181868,2.6666666666666665,29.133333333333333,detector,91,2017-01-13 21:57:00,2017-01-13 21:57:00
LMKS,2017-01-15 16:48:00,2017-01-15 19:18:00,2017-01-15 16:48:00,2017-01-17 02:30:00,2017-01-17 02:32:00,0.1969079315242597,-2.8547344352405983,3.0516423667648582,2.586534756982294,4.271343985472118,2.5,33.7,detector,91,2017-01-13 21:57:00,2017-01-13 21:57:00
APTY,2017-01-16 08:50:00,2017-01-16 10:52:00,2017-01-16 08:50:00,2017-01-17 01:52:00,2017-01-17 01:54:00,-0.425726329486558,-4.93372833803733,4.508002008550772,2.092717868527529,6.209549806944423,2.033333333333333,17.033333333333335,detector,91,2017-01-13 21:57:00,2017-01-13 21:57:00
NANM,2017-01-19 15:48:00,2017-01-19 19:08:00,2017-01-19 15:48:00,2017-01-19 22:46:00,2017-01-19 22:48:00,0.4866230802672059,-3.7934394551488695,4.280062535416075,2.1210788499979043,5.0235174634569395,3.3333333333333335,6.966666666666667,detector,92,2017-01-19 21:07:00,2017-01-19 21:07:00
AATB,2017-01-20 02:26:00,2017-01-20 06:00:00,2017-01-20 02:26:00,2017-01-21 03:14:00,2017-01-21 03:16:00,0.0017495975925521,-3.3740608103363496,3.3758104079289017,2.5618339113002166,13.704983099815031,3.566666666666667,24.8,detector,92,2017-01-19 21:07:00,2017-01-19 21:07:00
APTY,2017-01-24 16:14:00,2017-01-24 18:28:00,2017-01-24 16:14:00,2017-01-26 01:00:00,2017-01-26 01:04:00,0.12147953462883246,-3.6874557031882538,3.8089352378170864,2.0485319670320323,4.148032658193712,2.2333333333333334,32.766666666666666,detector,93,2017-01-24 21:02:00,2017-01-24 21:02:00
JUNG,2017-01-24 18:56:00,2017-01-24 21:24:00,2017-01-24 18:56:00,2017-01-26 04:00:00,2017-01-26 04:02:00,0.46293866868904976,-3.6098184140888754,4.072757082777925,2.284497271360509,7.465835521555133,2.466666666666667,33.06666666666667,detector,93,2017-01-24 21:02:00,2017-01-24 21:02:00
AATB,2017-01-24 23:08:00,2017-01-25 01:56:00,2017-01-24 23:08:00,2017-01-25 15:56:00,2017-01-25 15:58:00,0.27831111170417877,-2.637822258931857,2.916133370636036,2.382697860730493,7.650075682148381,2.8,16.8,detector,93,2017-01-24 21:02:00,2017-01-24 21:02:00
NANM,2017-01-25 10:30:00,2017-01-25 13:32:00,2017-01-25 10:30:00,2017-01-25 21:14:00,2017-01-25 21:16:00,0.1910599338538749,-3.72009816997248,3.911158103826355,2.0751418445071637,3.800809906469489,3.033333333333333,10.733333333333333,detector,93,2017-01-24 21:02:00,2017-01-24 21:02:00
AATB,2017-01-29 11:52:00,2017-01-29 14:50:00,2017-01-29 11:52:00,2017-01-29 14:54:00,2017-01-29 14:58:00,0.5955613386517691,-1.268033674503082,1.863595013154851,2.358377950023787,13.533349657332778,2.966666666666667,3.033333333333333,detector,94,2017-01-29 11:52:00,2017-01-29 11:52:00
JUNG1,2017-01-30 16:50:00,2017-01-30 19:06:00,2017-01-30 16:50:00,2017-01-31 21:54:00,2017-01-31 21:56:00,-0.12214686334258401,-4.119344763511278,3.997197900168694,2.108573806187446,4.087560121451243,2.2666666666666666,29.066666666666666,detector,95,2017-01-30 22:34:00,2017-01-30 22:34:00
JUNG,2017-01-30 22:08:00,2017-01-31 00:28:00,2017-01-30 22:08:00,2017-02-01 04:08:00,2017-02-01 04:10:00,-0.13103009689061484,-4.329776419671172,4.198746322780558,2.0729302052483027,4.148923588665826,2.3333333333333335,30.0,detector,95,2017-01-30 22:34:00,2017-01-30 22:34:00
LMKS,2017-01-30 23:00:00,2017-01-31 01:14:00,2017-01-30 23:00:00,2017-01-31 15:18:00,2017-01-31 15:20:00,0.4060686924567104,-2.251837854413762,2.6579065468704726,2.1057642041664115,6.686766927001531,2.2333333333333334,16.3,detector,95,2017-01-30 22:34:00,2017-01-30 22:34:00
KIEL2,2017-01-31 04:44:00,2017-01-31 09:22:00,2017-01-31 04:44:00,2017-02-01 05:24:00,2017-02-01 05:26:00,0.444951146298319,-5.590156591990407,6.035107738288726,2.0844279250778843,5.9544565400960705,4.633333333333334,24.666666666666668,detector,95,2017-01-30 22:34:00,2017-01-30 22:34:00
AATB,2017-02-03 14:38:00,2017-02-03 17:34:00,2017-02-03 14:38:00,2017-02-04 23:58:00,2017-02-05 00:00:00,0.10651855790688486,-1.9221377241331163,2.0286562820400014,2.007391708340877,3.694429261121424,2.933333333333333,33.333333333333336,detector,96,2017-02-05 01:46:00,2017-02-05 01:46:00
KERG,2017-02-05 01:46:00,2017-02-05 03:44:00,2017-02-05 01:46:00,2017-02-06 12:26:00,2017-02-06 12:28:00,-0.00817818013216655,-3.5104615762495937,3.502283396117427,2.289227743012825,6.3492200437393,1.9666666666666666,34.666666666666664,detector,96,2017-02-05 01:46:00,2017-02-05 01:46:00
ATHN,2017-02-06 02:24:00,2017-02-06 04:44:00,2017-02-06 02:24:00,2017-02-06 23:08:00,2017-02-06 23:10:00,0.0541053310587869,-4.442061797205218,4.496167128264005,2.3800228223625104,5.942221415735796,2.3333333333333335,20.733333333333334,detector,96,2017-02-05 01:46:00,2017-02-05 01:46:00
LMKS,2017-02-08 07:18:00,2017-02-08 10:08:00,2017-02-08 07:18:00,2017-02-09 14:20:00,2017-02-09 14:22:00,0.3844089402632428,-2.713651762147764,3.098060702411007,2.316713424721041,5.330760490783857,2.8333333333333335,31.033333333333335,detector,97,2017-02-08 20:38:00,2017-02-08 20:38:00
ATHN,2017-02-08 16:36:00,2017-02-08 19:50:00,2017-02-08 16:36:00,2017-02-09 04:32:00,2017-02-09 04:34:00,0.49243660166852676,-6.277943860948702,6.770380462617229,2.071420808134145,5.373242457755381,3.2333333333333334,11.933333333333334,detector,97,2017-02-08 20:38:00,2017-02-08 20:38:00
APTY,2017-02-08 19:46:00,2017-02-08 21:54:00,2017-02-08 19:46:00,2017-02-10 03:00:00,2017-02-10 03:02:00,0.2493983088113199,-3.69648709833648,3.9458854071478,2.7501781401092456,9.316290372191286,2.1333333333333333,31.233333333333334,detector,97,2017-02-08 20:38:00,2017-02-08 20:38:00
FSMT,2017-02-08 21:30:00,2017-02-08 23:38:00,2017-02-08 21:30:00,2017-02-10 07:14:00,2017-02-10 07:16:00,0.5249225060524454,-2.8127154173870776,3.337637923439523,2.1791768994969365,5.206736154070504,2.1333333333333333,33.733333333333334,detector,97,2017-02-08 20:38:00,2017-02-08 20:38:00
OULU,2017-02-09 02:10:00,2017-02-09 05:20:00,2017-02-09 02:10:00,2017-02-09 14:14:00,2017-02-09 14:16:00,0.6728312557395186,-4.6691336525903315,5.34196490832985,2.1037197065928397,4.0624662649692835,3.1666666666666665,12.066666666666666,detector,97,2017-02-08 20:38:00,2017-02-08 20:38:00
KERG,2017-02-09 20:40:00,2017-02-09 22:42:00,2017-02-09 20:40:00,2017-02-09 20:46:00,2017-02-09 20:48:00,0.03215024290461125,-4.008162075499196,4.0403123184038074,2.6559091891015876,6.746972566133663,2.033333333333333,0.1,detector,97,2017-02-08 20:38:00,2017-02-08 20:38:00
KERG,2017-02-11 19:42:00,2017-02-11 22:28:00,2017-02-11 19:42:00,2017-02-12 10:28:00,2017-02-12 10:40:00,0.3010286627683637,-3.4695030403526035,3.7705317031209673,2.188909980601714,4.253832015665009,2.7666666666666666,14.766666666666667,detector,98,2017-02-11 19:42:00,2017-02-11 19:42:00
KIEL2,2017-02-13 03:44:00,2017-02-13 05:44:00,2017-02-13 03:44:00,2017-02-14 03:32:00,2017-02-14 03:34:00,-0.0814319351970707,-4.495202542102885,4.413770606905814,2.0086189023986383,5.136334525327226,2.0,23.8,detector,99,2017-02-13 16:58:00,2017-02-13 16:58:00
JUNG,2017-02-14 06:12:00,2017-02-14 08:50:00,2017-02-14 06:12:00,2017-02-14 22:52:00,2017-02-14 22:54:00,-0.23001677112498936,-3.6228750327386616,3.3928582616136724,2.2435865847113208,10.624678935407609,2.6333333333333333,16.666666666666668,detector,99,2017-02-13 16:58:00,2017-02-13 16:58:00
KERG,2017-02-15 20:48:00,2017-02-16 00:30:00,2017-02-15 20:48:00,2017-02-16 09:56:00,2017-02-16 09:58:00,0.2726725103037909,-2.8463664249920315,3.1190389352958223,2.244479123605194,9.45586951307186,3.7,13.133333333333333,detector,100,2017-02-16 05:38:00,2017-02-16 05:38:00
JUNG1,2017-02-16 05:38:00,2017-02-16 09:12:00,2017-02-16 05:38:00,2017-02-17 03:56:00,2017-02-17 04:00:00,0.31594225269644044,-2.770292234716543,3.0862344874129835,2.0769049745425305,3.4292628818372517,3.566666666666667,22.3,detector,100,2017-02-16 05:38:00,2017-02-16 05:38:00
JUNG,2017-02-17 02:42:00,2017-02-17 04:42:00,2017-02-17 02:42:00,2017-02-17 03:48:00,2017-02-17 03:50:00,0.5426835662675027,-3.673975701411946,4.216659267679448,2.020655936220706,7.113343738495561,2.0,1.1,detector,100,2017-02-16 05:38:00,2017-02-16 05:38:00
LMKS,2017-02-18 08:06:00,2017-02-18 12:16:00,2017-02-18 08:06:00,2017-02-18 21:46:00,2017-02-18 21:48:00,0.43698127991571084,-3.0352235434093564,3.4722048233250673,2.437525051514821,8.796755720178059,4.166666666666667,13.666666666666666,detector,101,2017-02-18 20:58:00,2017-02-18 20:58:00
DRBS,2017-02-18 20:58:00,2017-02-19 00:46:00,2017-02-18 20:58:00,2017-02-20 08:28:00,2017-02-20 08:32:00,0.557075373332098,-7.916302934207479,8.473378307539578,2.1332951872248804,6.246097897168187,3.8,35.5,detector,101,2017-02-18 20:58:00,2017-02-18 20:58:00
KERG,2017-02-19 22:58:00,2017-02-20 02:34:00,2017-02-19 22:58:00,2017-02-19 23:04:00,2017-02-19 23:06:00,-0.23618937330703293,-4.270717285114399,4.034527911807366,2.153846063284774,5.335659010825995,3.6,0.1,detector,101,2017-02-18 20:58:00,2017-02-18 20:58:00
LMKS,2017-02-21 03:54:00,2017-02-21 06:48:00,2017-02-21 03:54:00,2017-02-21 20:38:00,2017-02-21 20:42:00,0.1917378026150081,-3.4360406556176226,3.6277784582326307,2.43597147703124,6.751112538500469,2.9,16.733333333333334,detector,102,2017-02-21 03:54:00,2017-02-21 03:54:00
KERG,2017-02-22 17:28:00,2017-02-22 19:30:00,2017-02-22 17:28:00,2017-02-24 01:12:00,2017-02-24 01:14:00,0.2645995534369236,-3.2788389125579016,3.543438465994825,2.2662477656453563,4.96578146329746,2.033333333333333,31.733333333333334,detector,103,2017-02-23 14:31:00,2017-02-23 14:31:00
FSMT,2017-02-23 04:46:00,2017-02-23 06:56:00,2017-02-23 04:46:00,2017-02-24 09:50:00,2017-02-24 09:52:00,0.07251303061588815,-2.9896264384105216,3.06213946902641,2.2133301265942085,7.392115248849895,2.1666666666666665,29.066666666666666,detector,103,2017-02-23 14:31:00,2017-02-23 14:31:00
OULU,2017-02-23 04:54:00,2017-02-23 07:44:00,2017-02-23 04:54:00,2017-02-23 15:42:00,2017-02-23 15:44:00,0.22407436643038886,-4.115052973128021,4.33912733955841,2.179807366159875,5.136969687390569,2.8333333333333335,10.8,detector,103,2017-02-23 14:31:00,2017-02-23 14:31:00
LMKS,2017-02-23 11:08:00,2017-02-23 13:18:00,2017-02-23 11:08:00,2017-02-24 06:10:00,2017-02-24 06:12:00,-0.0055129685691363,-3.5240081853312506,3.518495216762114,2.0512335439697837,5.52469052966974,2.1666666666666665,19.033333333333335,detector,103,2017-02-23 14:31:00,2017-02-23 14:31:00
NEWK,2017-02-23 17:54:00,2017-02-23 21:28:00,2017-02-23 17:54:00,2017-02-24 09:56:00,2017-02-24 09:58:00,0.08322058696950595,-4.740114399403134,4.82333498637264,2.038572278729647,9.322659380751691,3.566666666666667,16.033333333333335,detector,103,2017-02-23 14:31:00,2017-02-23 14:31:00
KIEL2,2017-02-23 23:14:00,2017-02-24 02:08:00,2017-02-23 23:14:00,2017-02-24 21:18:00,2017-02-24 21:20:00,0.38952269816075075,-4.409502408788062,4.799025106948813,2.1148683161042983,2.989663324125718,2.9,22.066666666666666,detector,103,2017-02-23 14:31:00,2017-02-23 14:31:00
JUNG,2017-02-24 07:38:00,2017-02-24 10:22:00,2017-02-24 07:38:00,2017-02-24 18:42:00,2017-02-24 18:44:00,0.3771094054932031,-2.920666324711179,3.297775730204382,2.166380439796975,4.234407393477455,2.7333333333333334,11.066666666666666,detector,103,2017-02-23 14:31:00,2017-02-23 14:31:00
JUNG1,2017-02-24 19:28:00,2017-02-24 21:38:00,2017-02-24 19:28:00,2017-02-24 23:12:00,2017-02-24 23:20:00,0.7329851106993341,-2.8193950970859,3.552380207785234,2.385971539499552,5.020455251641983,2.1666666666666665,3.7333333333333334,detector,103,2017-02-23 14:31:00,2017-02-23 14:31:00
BKSN,2017-02-27 17:40:00,2017-02-27 20:24:00,2017-02-27 17:40:00,2017-03-01 03:30:00,2017-03-01 03:32:00,0.9337039561689159,-5.034627154131107,5.968331110300023,2.1372518762947204,3.007236309044353,2.7333333333333334,33.833333333333336,detector,104,2017-02-28 16:06:00,2017-02-28 16:06:00
KERG,2017-02-28 06:20:00,2017-02-28 08:30:00,2017-02-28 06:20:00,2017-03-01 17:48:00,2017-03-01 17:50:00,0.5192612850334873,-3.4218226085470795,3.9410838935805668,2.163880915193682,7.069919335839386,2.1666666666666665,35.46666666666667,detector,104,2017-02-28 16:06:00,2017-02-28 16:06:00
JUNG,2017-02-28 16:06:00,2017-02-28 19:10:00,2017-02-28 16:06:00,2017-03-01 16:16:00,2017-03-01 16:20:00,0.619731226650269,-3.6592161851111498,4.278947411761418,2.701122005685298,6.500327813995951,3.066666666666667,24.166666666666668,detector,104,2017-02-28 16:06:00,2017-02-28 16:06:00
JUNG1,2017-03-01 03:12:00,2017-03-01 05:34:00,2017-03-01 03:12:00,2017-03-01 13:54:00,2017-03-01 13:56:00,0.5680975712545501,-4.382332915342375,4.950430486596925,2.0172211884129116,5.270024844008523,2.3666666666666667,10.7,detector,104,2017-02-28 16:06:00,2017-02-28 16:06:00
AATB,2017-03-01 07:54:00,2017-03-01 13:24:00,2017-03-01 07:54:00,2017-03-02 19:44:00,2017-03-02 19:46:00,0.22186551588014655,-2.217441093798787,2.4393066096789333,2.2377320864415853,5.810017043421998,5.5,35.833333333333336,detector,104,2017-02-28 16:06:00,2017-02-28 16:06:00
JUNG,2017-03-05 16:58:00,2017-03-05 19:12:00,2017-03-05 16:58:00,2017-03-06 03:28:00,2017-03-06 03:30:00,0.5774058168043552,-4.136844857676255,4.714250674480611,2.0434288567469014,3.785465081980884,2.2333333333333334,10.5,detector,105,2017-03-05 21:18:00,2017-03-05 21:18:00
APTY,2017-03-06 01:38:00,2017-03-06 04:04:00,2017-03-06 01:38:00,2017-03-06 08:00:00,2017-03-06 08:02:00,0.14973692628421748,-4.6381350418490666,4.787871968133284,2.5168186557975725,7.803764222591814,2.433333333333333,6.366666666666666,detector,105,2017-03-05 21:18:00,2017-03-05 21:18:00
AATB,2017-03-07 23:56:00,2017-03-08 01:56:00,2017-03-07 23:56:00,2017-03-08 21:06:00,2017-03-08 21:10:00,0.1768162671497029,-2.169434007999049,2.3462502751487517,2.2543066514996823,7.385625831025044,2.0,21.166666666666668,detector,106,2017-03-07 23:56:00,2017-03-07 23:56:00
JUNG1,2017-03-09 18:24:00,2017-03-09 20:36:00,2017-03-09 18:24:00,2017-03-10 04:14:00,2017-03-10 04:16:00,-0.6363989819729607,-3.3346784152146385,2.6982794332416775,2.067718939577536,4.36852540480484,2.2,9.833333333333334,detector,107,2017-03-09 18:24:00,2017-03-09 18:24:00
LMKS,2017-03-14 22:34:00,2017-03-15 01:26:00,2017-03-14 22:34:00,2017-03-15 20:58:00,2017-03-15 21:02:00,-0.1070136368442053,-3.0642322807054008,2.9572186438611956,2.222724728110294,7.017521970760198,2.8666666666666667,22.4,detector,108,2017-03-15 07:05:00,2017-03-15 07:05:00
JUNG1,2017-03-15 15:36:00,2017-03-15 18:50:00,2017-03-15 15:36:00,2017-03-17 03:12:00,2017-03-17 03:14:00,0.5354376530051909,-2.429944948644529,2.96538260164972,2.2560984802014215,6.5265724496760935,3.2333333333333334,35.6,detector,108,2017-03-15 07:05:00,2017-03-15 07:05:00
LMKS,2017-03-17 19:54:00,2017-03-17 22:00:00,2017-03-17 19:54:00,2017-03-19 05:04:00,2017-03-19 05:06:00,0.3259540598585029,-2.154750041521346,2.4807041013798488,2.049348738091766,8.80333829877383,2.1,33.166666666666664,detector,109,2017-03-17 19:54:00,2017-03-17 19:54:00
NANM,2017-03-20 12:34:00,2017-03-20 14:36:00,2017-03-20 12:34:00,2017-03-21 04:14:00,2017-03-21 04:16:00,0.8369654122783472,-2.9942767711493077,3.831242183427655,2.2472377373772447,6.068574057436508,2.033333333333333,15.666666666666666,detector,110,2017-03-22 06:04:00,2017-03-22 06:04:00
DRBS,2017-03-20 20:06:00,2017-03-20 22:10:00,2017-03-20 20:06:00,2017-03-22 07:04:00,2017-03-22 07:10:00,0.13633382804680938,-8.541318108905264,8.677651936952074,2.0276152375794485,9.132048140583716,2.066666666666667,34.96666666666667,detector,110,2017-03-22 06:04:00,2017-03-22 06:04:00
FSMT,2017-03-21 04:48:00,2017-03-21 07:00:00,2017-03-21 04:48:00,2017-03-22 09:42:00,2017-03-22 09:44:00,0.0915776112143184,-4.338433843384332,4.430011454598651,2.069657076483763,7.420462670704422,2.2,28.9,detector,110,2017-03-22 06:04:00,2017-03-22 06:04:00
JUNG,2017-03-21 07:36:00,2017-03-21 10:42:00,2017-03-21 07:36:00,2017-03-22 07:18:00,2017-03-22 07:20:00,0.9878583579524853,-3.627065231526705,4.61492358947919,2.3223647325898926,6.717961221970297,3.1,23.7,detector,110,2017-03-22 06:04:00,2017-03-22 06:04:00
LMKS,2017-03-22 06:04:00,2017-03-22 08:04:00,2017-03-22 06:04:00,2017-03-22 21:32:00,2017-03-22 21:34:00,-0.1664468222271828,-2.624316541102765,2.4578697188755823,2.00169382604953,4.537763504733116,2.0,15.466666666666667,detector,110,2017-03-22 06:04:00,2017-03-22 06:04:00
JUNG1,2017-03-22 09:58:00,2017-03-22 21:00:00,2017-03-22 09:58:00,2017-03-23 21:28:00,2017-03-23 21:32:00,0.22592051241554564,-3.770989558202959,3.9969100706185046,2.240225205391328,7.225499623601131,11.033333333333333,35.5,detector,110,2017-03-22 06:04:00,2017-03-22 06:04:00
KERG,2017-03-22 11:58:00,2017-03-22 14:26:00,2017-03-22 11:58:00,2017-03-23 23:40:00,2017-03-23 23:42:00,-0.2119422254897509,-3.8614924048283137,3.6495501793385627,2.7047742282840908,6.905580110594748,2.466666666666667,35.7,detector,110,2017-03-22 06:04:00,2017-03-22 06:04:00
AATB,2017-03-23 16:08:00,2017-03-23 18:12:00,2017-03-23 16:08:00,2017-03-24 11:02:00,2017-03-24 11:04:00,0.1540640663644765,-2.701110591333585,2.8551746576980617,2.4787127352290557,3.6065626031685296,2.066666666666667,18.9,detector,110,2017-03-22 06:04:00,2017-03-22 06:04:00
NEWK,2017-03-24 01:06:00,2017-03-24 04:36:00,2017-03-24 01:06:00,2017-03-25 05:08:00,2017-03-25 05:10:00,0.15083262896262825,-6.60081726791847,6.751649896881098,2.0062121154428834,9.843453769185746,3.5,28.033333333333335,detector,110,2017-03-22 06:04:00,2017-03-22 06:04:00
KERG,2017-03-26 21:44:00,2017-03-27 01:02:00,2017-03-26 21:44:00,2017-03-28 00:24:00,2017-03-28 00:28:00,0.9140480767763094,-2.798526640397473,3.7125747171737826,2.0666800864170822,4.786342019842658,3.3,26.666666666666668,detector,111,2017-03-28 11:38:00,2017-03-28 11:38:00
BKSN,2017-03-27 19:28:00,2017-03-27 21:36:00,2017-03-27 19:28:00,2017-03-27 19:56:00,2017-03-27 20:02:00,0.59698675292632,-5.347350634444943,5.944337387371263,2.203527306827934,6.297580275529739,2.1333333333333333,0.4666666666666667,detector,111,2017-03-28 11:38:00,2017-03-28 11:38:00
JUNG1,2017-03-28 11:28:00,2017-03-28 13:52:00,2017-03-28 11:28:00,2017-03-29 19:18:00,2017-03-29 19:22:00,1.2446122353419828,-3.027398864858522,4.272011100200505,2.3494071028888186,4.930661218304816,2.4,31.833333333333332,detector,111,2017-03-28 11:38:00,2017-03-28 11:38:00
AATB,2017-03-28 11:48:00,2017-03-28 14:18:00,2017-03-28 11:48:00,2017-03-29 22:34:00,2017-03-29 22:52:00,0.8740763336129063,-2.046088663842103,2.9201649974550095,2.350434746702201,3.4574790955490444,2.5,34.766666666666666,detector,111,2017-03-28 11:38:00,2017-03-28 11:38:00
DRBS,2017-03-29 05:54:00,2017-03-29 08:04:00,2017-03-29 05:54:00,2017-03-30 17:36:00,2017-03-30 17:38:00,-0.4033964861060319,-6.937030296169215,6.533633810063184,2.308887495214251,8.99603382128564,2.1666666666666665,35.7,detector,111,2017-03-28 11:38:00,2017-03-28 11:38:00
LMKS,2017-03-30 00:40:00,2017-03-30 03:02:00,2017-03-30 00:40:00,2017-03-30 04:04:00,2017-03-30 04:10:00,-0.11232757236259715,-4.209635923658715,4.097308351296118,2.823285413665766,7.574566769028733,2.3666666666666667,3.4,detector,111,2017-03-28 11:38:00,2017-03-28 11:38:00
DRBS,2017-04-02 13:18:00,2017-04-02 15:22:00,2017-04-02 13:18:00,2017-04-03 15:20:00,2017-04-03 15:22:00,0.2205485818310265,-5.820924042251589,6.0414726240826155,2.04673993925866,4.703875927632383,2.066666666666667,26.033333333333335,detector,112,2017-04-04 13:41:00,2017-04-04 13:41:00
FSMT,2017-04-03 11:12:00,2017-04-03 14:30:00,2017-04-03 11:12:00,2017-04-04 17:20:00,2017-04-04 17:22:00,-0.1743455707162721,-3.58289866296152,3.408553092245248,2.3167577497493737,8.38657506792972,3.3,30.133333333333333,detector,112,2017-04-04 13:41:00,2017-04-04 13:41:00
BKSN,2017-04-04 12:58:00,2017-04-04 17:34:00,2017-04-04 12:58:00,2017-04-04 14:00:00,2017-04-04 14:06:00,-0.23999358466567838,-5.315594533268319,5.0756009486026405,2.3911163803088247,6.87622289450972,4.6,1.0333333333333334,detector,112,2017-04-04 13:41:00,2017-04-04 13:41:00
KERG,2017-04-04 14:24:00,2017-04-04 16:26:00,2017-04-04 14:24:00,2017-04-05 16:54:00,2017-04-05 16:56:00,0.6431604550743022,-4.0975286705810285,4.740689125655331,2.0547910590937626,3.7546398606821896,2.033333333333333,26.5,detector,112,2017-04-04 13:41:00,2017-04-04 13:41:00
LMKS,2017-04-04 19:00:00,2017-04-04 22:08:00,2017-04-04 19:00:00,2017-04-04 19:02:00,2017-04-04 19:16:00,-0.2342217661657347,-4.738461667105659,4.504239900939924,2.0251891336416006,4.328932600624926,3.1333333333333333,0.03333333333333333,detector,112,2017-04-04 13:41:00,2017-04-04 13:41:00
JUNG1,2017-04-04 19:36:00,2017-04-04 22:12:00,2017-04-04 19:36:00,2017-04-05 22:02:00,2017-04-05 22:04:00,-0.6871776625753181,-4.928191999216872,4.241014336641554,2.1460105335201183,6.702490183371599,2.6,26.433333333333334,detector,112,2017-04-04 13:41:00,2017-04-04 13:41:00
KERG,2017-04-08 22:46:00,2017-04-09 01:16:00,2017-04-08 22:46:00,2017-04-09 16:58:00,2017-04-09 17:00:00,0.9783842729301901,-3.1462609008712032,4.124645173801394,2.103991188902486,3.868276157150709,2.5,18.2,detector,113,2017-04-10 01:56:00,2017-04-10 01:56:00
FSMT,2017-04-09 20:06:00,2017-04-09 22:48:00,2017-04-09 20:06:00,2017-04-10 03:18:00,2017-04-10 03:22:00,0.5088198314911767,-2.3741712046298526,2.8829910361210294,2.363225968790484,7.855260092038736,2.7,7.2,detector,113,2017-04-10 01:56:00,2017-04-10 01:56:00
AATB,2017-04-10 01:56:00,2017-04-10 04:06:00,2017-04-10 01:56:00,2017-04-10 11:46:00,2017-04-10 11:48:00,0.5632524576099498,-1.7639220086968623,2.327174466306812,2.127210658857365,3.4546939002983996,2.1666666666666665,9.833333333333334,detector,113,2017-04-10 01:56:00,2017-04-10 01:56:00
LMKS,2017-04-10 05:20:00,2017-04-10 08:32:00,2017-04-10 05:20:00,2017-04-11 16:34:00,2017-04-11 16:38:00,1.9661393283728923,-1.289359234865844,3.2554985632387363,2.292380460742963,8.633072923168056,3.2,35.233333333333334,detector,113,2017-04-10 01:56:00,2017-04-10 01:56:00
APTY,2017-04-11 11:08:00,2017-04-11 13:54:00,2017-04-11 11:08:00,2017-04-12 17:20:00,2017-04-12 17:22:00,0.4652910993348165,-3.036441704282721,3.5017328036175375,2.036348190953924,4.263453626424851,2.7666666666666666,30.2,detector,113,2017-04-10 01:56:00,2017-04-10 01:56:00
JUNG1,2017-04-15 03:40:00,2017-04-15 07:32:00,2017-04-15 03:40:00,2017-04-16 11:44:00,2017-04-16 11:46:00,0.8226846069128249,-3.798106133578339,4.620790740491164,2.1124960228455714,7.142571394906601,3.8666666666666667,32.06666666666667,detector,114,2017-04-15 07:04:00,2017-04-15 07:04:00
LMKS,2017-04-15 10:28:00,2017-04-15 13:48:00,2017-04-15 10:28:00,2017-04-16 18:26:00,2017-04-16 18:28:00,0.6152161098779041,-2.296010083269629,2.9112261931475327,2.2497815099499023,6.426091712239373,3.3333333333333335,31.966666666666665,detector,114,2017-04-15 07:04:00,2017-04-15 07:04:00
LMKS,2017-04-18 11:54:00,2017-04-18 14:32:00,2017-04-18 11:54:00,2017-04-19 22:52:00,2017-04-19 23:02:00,-0.20101323924529854,-3.728588525500999,3.5275752862557006,2.0682617627054207,4.39320246394316,2.6333333333333333,34.96666666666667,detector,115,2017-04-19 23:04:00,2017-04-19 23:04:00
KIEL2,2017-04-18 21:38:00,2017-04-19 00:20:00,2017-04-18 21:38:00,2017-04-20 07:12:00,2017-04-20 07:14:00,0.1011358393961632,-4.8645620325499275,4.965697871946091,2.0367649187810253,3.362924486634062,2.7,33.56666666666667,detector,115,2017-04-19 23:04:00,2017-04-19 23:04:00
OULU,2017-04-19 01:48:00,2017-04-19 05:52:00,2017-04-19 01:48:00,2017-04-20 08:40:00,2017-04-20 08:42:00,0.15175047109643158,-4.875957011533272,5.027707482629704,2.0660875184840397,6.649562370890474,4.066666666666666,30.866666666666667,detector,115,2017-04-19 23:04:00,2017-04-19 23:04:00
NEWK,2017-04-19 21:06:00,2017-04-19 23:14:00,2017-04-19 21:06:00,2017-04-20 00:20:00,2017-04-20 00:22:00,-0.1284299440137269,-4.428846819237807,4.30041687522408,2.0860948929563325,4.315228929283865,2.1333333333333333,3.2333333333333334,detector,115,2017-04-19 23:04:00,2017-04-19 23:04:00
KERG,2017-04-20 01:02:00,2017-04-20 04:16:00,2017-04-20 01:02:00,2017-04-21 04:58:00,2017-04-21 05:00:00,-0.1753601046215452,-4.253449130774348,4.078089026152802,2.1579803254358056,6.272086364541009,3.2333333333333334,27.933333333333334,detector,115,2017-04-19 23:04:00,2017-04-19 23:04:00
JUNG1,2017-04-20 17:24:00,2017-04-20 19:56:00,2017-04-20 17:24:00,2017-04-22 00:22:00,2017-04-22 00:24:00,0.3195179583754366,-3.4337237506282436,3.7532417090036803,2.0561947896221255,3.243780242486482,2.533333333333333,30.966666666666665,detector,115,2017-04-19 23:04:00,2017-04-19 23:04:00
AATB,2017-04-20 20:16:00,2017-04-20 22:16:00,2017-04-20 20:16:00,2017-04-21 22:34:00,2017-04-21 22:36:00,-0.18856497315643225,-2.865761689291104,2.677196716134672,2.06609507781949,4.926511173264126,2.0,26.3,detector,115,2017-04-19 23:04:00,2017-04-19 23:04:00
JUNG,2017-04-21 06:46:00,2017-04-21 10:32:00,2017-04-21 06:46:00,2017-04-22 06:28:00,2017-04-22 06:36:00,0.3133079699778592,-4.766169906952124,5.079477876929983,2.0471801331282338,3.824303791142372,3.7666666666666666,23.7,detector,115,2017-04-19 23:04:00,2017-04-19 23:04:00
KERG,2017-04-27 06:46:00,2017-04-27 09:00:00,2017-04-27 06:46:00,2017-04-28 14:00:00,2017-04-28 14:02:00,0.6218935189064807,-2.882145831838228,3.5040393507447085,2.0163984630401086,4.411430436144109,2.2333333333333334,31.233333333333334,detector,116,2017-04-28 01:16:00,2017-04-28 01:16:00
JUNG1,2017-04-28 01:16:00,2017-04-28 03:34:00,2017-04-28 01:16:00,2017-04-28 11:00:00,2017-04-28 11:02:00,-0.04802212012088615,-3.0968931133269533,3.048870993206067,2.1349824903786367,4.803676300383366,2.3,9.733333333333333,detector,116,2017-04-28 01:16:00,2017-04-28 01:16:00
LMKS,2017-04-28 05:00:00,2017-04-28 07:06:00,2017-04-28 05:00:00,2017-04-28 17:58:00,2017-04-28 18:00:00,-0.2752268544665253,-3.142372472156399,2.8671456176898733,2.0137352875096592,5.8759116281287636,2.1,12.966666666666667,detector,116,2017-04-28 01:16:00,2017-04-28 01:16:00
CALM,2017-04-30 11:18:00,2017-04-30 13:46:00,2017-04-30 11:18:00,2017-05-01 08:26:00,2017-05-01 08:28:00,0.20636286078899616,-7.541123397700396,7.747486258489392,2.130229106194317,8.889765367463488,2.466666666666667,21.133333333333333,detector,117,2017-04-30 17:00:00,2017-04-30 17:00:00
JUNG,2017-04-30 12:12:00,2017-04-30 14:16:00,2017-04-30 12:12:00,2017-05-01 19:14:00,2017-05-01 19:18:00,0.7575263238632923,-4.276689153014237,5.034215476877529,2.178785015560619,6.303585621391546,2.066666666666667,31.033333333333335,detector,117,2017-04-30 17:00:00,2017-04-30 17:00:00
FSMT,2017-04-30 14:54:00,2017-04-30 17:16:00,2017-04-30 14:54:00,2017-05-02 01:40:00,2017-05-02 01:42:00,0.6278149310768371,-3.03153703452332,3.659351965600157,2.1351513580250936,5.184960127777829,2.3666666666666667,34.766666666666666,detector,117,2017-04-30 17:00:00,2017-04-30 17:00:00
ATHN,2017-04-30 17:00:00,2017-04-30 19:00:00,2017-04-30 17:00:00,2017-05-01 19:40:00,2017-05-01 19:42:00,0.29779689153156885,-8.539623641664456,8.837420533196024,2.5496223453365987,5.897655259115532,2.0,26.666666666666668,detector,117,2017-04-30 17:00:00,2017-04-30 17:00:00
KERG,2017-05-01 01:08:00,2017-05-01 04:58:00,2017-05-01 01:08:00,2017-05-02 11:42:00,2017-05-02 11:44:00,0.7282458162297505,-3.0635895532373194,3.79183536946707,2.051017969253534,7.901651125719849,3.8333333333333335,34.56666666666667,detector,117,2017-04-30 17:00:00,2017-04-30 17:00:00
APTY,2017-05-01 12:38:00,2017-05-01 15:24:00,2017-05-01 12:38:00,2017-05-02 23:36:00,2017-05-02 23:42:00,0.464228193375032,-3.632231347341718,4.09645954071675,2.060484919860517,8.474278558096938,2.7666666666666666,34.96666666666667,detector,117,2017-04-30 17:00:00,2017-04-30 17:00:00
LMKS,2017-05-01 15:18:00,2017-05-01 17:32:00,2017-05-01 15:18:00,2017-05-02 17:16:00,2017-05-02 17:18:00,0.42610964440770516,-3.0173044935641355,3.443414137971841,2.002981642522117,3.927734450362325,2.2333333333333334,25.966666666666665,detector,117,2017-04-30 17:00:00,2017-04-30 17:00:00
KERG,2017-05-05 12:08:00,2017-05-05 15:30:00,2017-05-05 12:08:00,2017-05-06 19:10:00,2017-05-06 19:12:00,0.398481857295267,-2.8287989339817,3.227280791276967,2.447930290177169,9.346291015769877,3.3666666666666667,31.033333333333335,detector,118,2017-05-05 12:08:00,2017-05-05 12:08:00
AATB,2017-05-08 15:30:00,2017-05-08 17:46:00,2017-05-08 15:30:00,2017-05-09 14:40:00,2017-05-09 14:42:00,0.1699606901381921,-2.5726402860046997,2.7426009761428918,2.0677874841972317,3.7328117766092737,2.2666666666666666,23.166666666666668,detector,119,2017-05-08 15:30:00,2017-05-08 15:30:00
LMKS,2017-05-10 06:50:00,2017-05-10 08:54:00,2017-05-10 06:50:00,2017-05-11 18:00:00,2017-05-11 18:04:00,0.28923233831540396,-1.9323878486653223,2.221620186980726,2.020385879168792,8.007819477913888,2.066666666666667,35.166666666666664,detector,120,2017-05-10 06:50:00,2017-05-10 06:50:00
JUNG1,2017-05-13 13:20:00,2017-05-13 18:02:00,2017-05-13 13:20:00,2017-05-13 22:44:00,2017-05-13 22:46:00,0.0098970707065325,-3.4103665415925697,3.4202636122991024,2.089703871675751,10.590495615417668,4.7,9.4,detector,121,2017-05-13 13:20:00,2017-05-13 13:20:00
APTY,2017-05-14 18:56:00,2017-05-14 21:02:00,2017-05-14 18:56:00,2017-05-15 20:36:00,2017-05-15 20:38:00,-0.03042379825031755,-4.2049078777123565,4.174484079462039,2.185262889330399,3.1347957538114355,2.1,25.666666666666668,detector,122,2017-05-15 03:23:00,2017-05-15 03:23:00
KERG,2017-05-15 11:50:00,2017-05-15 14:58:00,2017-05-15 11:50:00,2017-05-16 17:58:00,2017-05-16 18:00:00,0.43856947226019727,-3.3975096988101865,3.836079171070384,2.066026421434793,2.867426188283797,3.1333333333333333,30.133333333333333,detector,122,2017-05-15 03:23:00,2017-05-15 03:23:00
AATB,2017-05-18 09:22:00,2017-05-18 11:52:00,2017-05-18 09:22:00,2017-05-18 23:06:00,2017-05-18 23:08:00,-0.34379882013441815,-2.83453262601328,2.490733805878862,2.2309179033400177,6.05827941216976,2.5,13.733333333333333,detector,123,2017-05-18 10:18:00,2017-05-18 10:18:00
JUNG,2017-05-18 11:14:00,2017-05-18 13:26:00,2017-05-18 11:14:00,2017-05-18 16:32:00,2017-05-18 16:34:00,0.17437734387491088,-3.507131023774152,3.681508367649063,2.0050075507480147,3.9153731319221703,2.2,5.3,detector,123,2017-05-18 10:18:00,2017-05-18 10:18:00
FSMT,2017-05-19 14:46:00,2017-05-19 17:42:00,2017-05-19 14:46:00,2017-05-20 15:16:00,2017-05-20 15:22:00,0.4273504273504309,-3.1803533725969557,3.6077037999473864,2.059594581004925,6.0799740120489405,2.933333333333333,24.5,detector,124,2017-05-20 09:54:00,2017-05-20 09:54:00
LMKS,2017-05-20 03:16:00,2017-05-20 05:24:00,2017-05-20 03:16:00,2017-05-21 01:32:00,2017-05-21 01:34:00,0.7139362139447748,-2.732146088895641,3.4460823028404155,2.0586766526642135,3.1376834629906867,2.1333333333333333,22.266666666666666,detector,124,2017-05-20 09:54:00,2017-05-20 09:54:00
NANM,2017-05-20 16:32:00,2017-05-20 19:58:00,2017-05-20 16:32:00,2017-05-21 23:56:00,2017-05-22 00:00:00,0.3287537920525122,-3.1949314938211875,3.5236852858737,2.463916982390574,7.253453125600562,3.433333333333333,31.4,detector,124,2017-05-20 09:54:00,2017-05-20 09:54:00
DRBS,2017-05-20 20:48:00,2017-05-20 22:46:00,2017-05-20 20:48:00,2017-05-21 22:54:00,2017-05-21 22:56:00,0.7833013511905567,-6.183342688745449,6.966644039936005,2.243984722002869,4.875336568473276,1.9666666666666666,26.1,detector,124,2017-05-20 09:54:00,2017-05-20 09:54:00
APTY,2017-05-23 22:32:00,2017-05-24 01:00:00,2017-05-23 22:32:00,2017-05-25 01:50:00,2017-05-25 01:52:00,0.3662812222151355,-3.2741599991195476,3.640441221334683,2.2912452100927485,4.177643284220719,2.466666666666667,27.3,detector,125,2017-05-23 22:32:00,2017-05-23 22:32:00
JUNG,2017-05-27 01:04:00,2017-05-27 03:12:00,2017-05-27 01:04:00,2017-05-27 05:10:00,2017-05-27 05:12:00,0.14997216129459556,-3.499033129792407,3.6490052910870023,2.046477196081414,4.972395248401385,2.1333333333333333,4.1,detector,126,2017-05-27 12:56:00,2017-05-27 12:56:00
OULU,2017-05-27 04:36:00,2017-05-27 06:42:00,2017-05-27 04:36:00,2017-05-28 11:06:00,2017-05-28 11:08:00,0.1261487972172378,-5.528974430867457,5.655123228084695,2.1794196058789552,4.881394080196951,2.1,30.5,detector,126,2017-05-27 12:56:00,2017-05-27 12:56:00
JUNG1,2017-05-27 12:18:00,2017-05-27 14:56:00,2017-05-27 12:18:00,2017-05-28 16:54:00,2017-05-28 16:56:00,1.1231293599452554,-3.1961193030506285,4.319248662995884,2.078514500068747,5.859884145092992,2.6333333333333333,28.6,detector,126,2017-05-27 12:56:00,2017-05-27 12:56:00
DRBS,2017-05-27 12:56:00,2017-05-27 16:14:00,2017-05-27 12:56:00,2017-05-27 20:26:00,2017-05-27 20:28:00,0.6960346859984547,-9.186023096386709,9.882057782385164,2.009800387028683,18.426115194363167,3.3,7.5,detector,126,2017-05-27 12:56:00,2017-05-27 12:56:00
APTY,2017-05-27 16:46:00,2017-05-27 18:52:00,2017-05-27 16:46:00,2017-05-28 02:00:00,2017-05-28 02:02:00,-0.3170630241490652,-4.665447554742805,4.34838453059374,2.149424431637857,8.922551395623815,2.1,9.233333333333333,detector,126,2017-05-27 12:56:00,2017-05-27 12:56:00
KERG,2017-05-27 16:46:00,2017-05-27 19:40:00,2017-05-27 16:46:00,2017-05-28 21:58:00,2017-05-28 22:00:00,0.3034466969519313,-3.805848562395198,4.109295259347129,2.484913667280402,7.072990574860396,2.9,29.2,detector,126,2017-05-27 12:56:00,2017-05-27 12:56:00
NEWK,2017-05-27 22:28:00,2017-05-28 00:38:00,2017-05-27 22:28:00,2017-05-28 22:58:00,2017-05-28 23:00:00,-0.25507265343992774,-5.207391784674088,4.95231913123416,2.099301032414798,6.395741212156067,2.1666666666666665,24.5,detector,126,2017-05-27 12:56:00,2017-05-27 12:56:00
LMKS,2017-05-29 18:24:00,2017-05-29 20:38:00,2017-05-29 18:24:00,2017-05-31 01:44:00,2017-05-31 01:46:00,-0.29889680830090604,-3.0102390940741675,2.711342285773261,2.1306630083619313,7.342209481884365,2.2333333333333334,31.333333333333332,detector,127,2017-05-29 18:24:00,2017-05-29 18:24:00
KERG,2017-06-03 08:02:00,2017-06-03 11:42:00,2017-06-03 08:02:00,2017-06-03 23:16:00,2017-06-03 23:18:00,0.3629811349757762,-3.291374729235659,3.6543558642114355,2.13528450898717,10.55258065905849,3.6666666666666665,15.233333333333333,detector,128,2017-06-03 08:02:00,2017-06-03 08:02:00
AATB,2017-06-05 22:46:00,2017-06-06 01:30:00,2017-06-05 22:46:00,2017-06-07 01:46:00,2017-06-07 01:50:00,0.26828978243371315,-2.0250316411193894,2.2933214235531025,2.0498480267299963,8.279545737840426,2.7333333333333334,27.0,detector,129,2017-06-06 01:44:00,2017-06-06 01:44:00
JUNG1,2017-06-06 04:42:00,2017-06-06 07:00:00,2017-06-06 04:42:00,2017-06-06 14:54:00,2017-06-06 14:56:00,-0.13244680595906672,-3.393932466897301,3.2614856609382343,2.1736581434025255,11.488791710632604,2.3,10.2,detector,129,2017-06-06 01:44:00,2017-06-06 01:44:00
LMKS,2017-06-09 12:28:00,2017-06-09 15:24:00,2017-06-09 12:28:00,2017-06-10 13:20:00,2017-06-10 13:22:00,0.20514271346585128,-3.349663539650026,3.5548062531158773,2.400347140244941,6.164313748286569,2.933333333333333,24.866666666666667,detector,130,2017-06-09 12:28:00,2017-06-09 12:28:00
JUNG1,2017-06-12 08:14:00,2017-06-12 10:22:00,2017-06-12 08:14:00,2017-06-13 16:50:00,2017-06-13 16:52:00,1.3708248024595018,-1.6843188887203386,3.0551436911798406,2.11620155631894,3.5360234930219616,2.1333333333333333,32.6,detector,131,2017-06-12 15:10:00,2017-06-12 15:10:00
LMKS,2017-06-12 11:36:00,2017-06-12 13:52:00,2017-06-12 11:36:00,2017-06-13 23:06:00,2017-06-13 23:08:00,0.7425818441774,-2.9865866415796605,3.7291684857570604,2.4068058823283716,5.969311065932036,2.2666666666666666,35.5,detector,131,2017-06-12 15:10:00,2017-06-12 15:10:00
NANM,2017-06-12 15:10:00,2017-06-12 17:08:00,2017-06-12 15:10:00,2017-06-13 01:38:00,2017-06-13 01:42:00,0.4930622469357173,-3.238661056308278,3.7317233032439954,2.1685922980483054,5.206744992291394,1.9666666666666666,10.466666666666667,detector,131,2017-06-12 15:10:00,2017-06-12 15:10:00
NEWK,2017-06-12 15:16:00,2017-06-12 17:28:00,2017-06-12 15:16:00,2017-06-13 11:22:00,2017-06-13 11:24:00,0.42671765157935493,-4.678928686673126,5.105646338252481,2.2878171290481752,3.3051035716853425,2.2,20.1,detector,131,2017-06-12 15:10:00,2017-06-12 15:10:00
AATB,2017-06-12 21:38:00,2017-06-13 00:40:00,2017-06-12 21:38:00,2017-06-13 21:54:00,2017-06-13 22:00:00,0.42383149940668985,-1.8283703074840256,2.2522018068907155,2.281462284664302,7.90710330642388,3.033333333333333,24.266666666666666,detector,131,2017-06-12 15:10:00,2017-06-12 15:10:00
DRBS,2017-06-15 22:40:00,2017-06-16 02:14:00,2017-06-15 22:40:00,2017-06-17 05:32:00,2017-06-17 05:36:00,1.4118137899966943,-7.39107019208576,8.802883982082454,2.017358167248815,7.181090389764332,3.566666666666667,30.866666666666667,detector,132,2017-06-16 08:32:00,2017-06-16 08:32:00
FSMT,2017-06-16 04:14:00,2017-06-16 07:06:00,2017-06-16 04:14:00,2017-06-17 09:00:00,2017-06-17 09:02:00,0.4919256695136069,-3.118535146793436,3.610460816307043,2.505591817649806,6.3165649864434155,2.8666666666666667,28.766666666666666,detector,132,2017-06-16 08:32:00,2017-06-16 08:32:00
LMKS,2017-06-16 06:20:00,2017-06-16 08:28:00,2017-06-16 06:20:00,2017-06-17 08:22:00,2017-06-17 08:30:00,0.17432145203969257,-3.887835177300004,4.062156629339697,2.2972069677243416,6.263138086652855,2.1333333333333333,26.033333333333335,detector,132,2017-06-16 08:32:00,2017-06-16 08:32:00
JUNG1,2017-06-16 08:32:00,2017-06-16 10:36:00,2017-06-16 08:32:00,2017-06-17 08:36:00,2017-06-17 08:38:00,0.18248912252973445,-3.0494413766534088,3.231930499183143,2.1170376095155614,3.213868606279966,2.066666666666667,24.066666666666666,detector,132,2017-06-16 08:32:00,2017-06-16 08:32:00
KIEL2,2017-06-16 10:54:00,2017-06-16 13:02:00,2017-06-16 10:54:00,2017-06-17 19:28:00,2017-06-17 19:30:00,0.3007965696289674,-4.159988693378556,4.460785263007523,2.5503699357779888,6.547886660192328,2.1333333333333333,32.56666666666667,detector,132,2017-06-16 08:32:00,2017-06-16 08:32:00
NANM,2017-06-17 02:12:00,2017-06-17 05:06:00,2017-06-17 02:12:00,2017-06-18 06:40:00,2017-06-18 06:42:00,0.0618965096205294,-4.607479453132174,4.669375962752704,2.1323998751509454,4.566645534779453,2.9,28.466666666666665,detector,132,2017-06-16 08:32:00,2017-06-16 08:32:00
KERG,2017-06-17 04:56:00,2017-06-17 07:10:00,2017-06-17 04:56:00,2017-06-17 19:32:00,2017-06-17 19:34:00,0.1001915052822461,-3.326002311278998,3.426193816561244,2.116372681609949,7.331495538090202,2.2333333333333334,14.6,detector,132,2017-06-16 08:32:00,2017-06-16 08:32:00
JUNG,2017-06-22 08:46:00,2017-06-22 12:46:00,2017-06-22 08:46:00,2017-06-23 04:44:00,2017-06-23 04:46:00,0.13786593865334823,-3.8711726014969177,4.009038540150266,2.0838621721906865,7.688839640766188,4.0,19.966666666666665,detector,133,2017-06-22 20:02:00,2017-06-22 20:02:00
NEWK,2017-06-22 18:08:00,2017-06-22 21:34:00,2017-06-22 18:08:00,2017-06-24 05:36:00,2017-06-24 05:38:00,0.2968840906856124,-5.012994802079168,5.309878892764781,2.4391525243194994,5.796544108768164,3.433333333333333,35.46666666666667,detector,133,2017-06-22 20:02:00,2017-06-22 20:02:00
FSMT,2017-06-22 21:56:00,2017-06-23 01:32:00,2017-06-22 21:56:00,2017-06-24 09:02:00,2017-06-24 09:04:00,0.2229303071285479,-3.2235257727403352,3.446456079868883,2.1144641934256097,7.563749796407845,3.6,35.1,detector,133,2017-06-22 20:02:00,2017-06-22 20:02:00
OULU,2017-06-23 04:04:00,2017-06-23 07:54:00,2017-06-23 04:04:00,2017-06-24 06:52:00,2017-06-24 06:54:00,-0.17914361864030687,-5.07784108753196,4.898697468891653,2.005573580178566,10.424610674712692,3.8333333333333335,26.8,detector,133,2017-06-22 20:02:00,2017-06-22 20:02:00
LMKS,2017-06-25 07:20:00,2017-06-25 09:36:00,2017-06-25 07:20:00,2017-06-25 23:30:00,2017-06-25 23:32:00,-0.20364854410704641,-2.99165889707217,2.7880103529651237,2.2585499877823105,6.985995103878276,2.2666666666666666,16.166666666666668,detector,134,2017-06-25 12:58:00,2017-06-25 12:58:00
JUNG1,2017-06-25 12:58:00,2017-06-25 14:58:00,2017-06-25 12:58:00,2017-06-27 00:48:00,2017-06-27 00:50:00,-0.2735581579594317,-3.4372146900024103,3.1636565320429786,2.342794193045946,8.393914666176151,2.0,35.833333333333336,detector,134,2017-06-25 12:58:00,2017-06-25 12:58:00
JUNG,2017-06-25 23:42:00,2017-06-26 03:34:00,2017-06-25 23:42:00,2017-06-26 22:38:00,2017-06-26 22:40:00,-0.49768161442138065,-4.269478732123845,3.771797117702465,2.4419277589654085,8.52655555209331,3.8666666666666667,22.933333333333334,detector,134,2017-06-25 12:58:00,2017-06-25 12:58:00
KERG,2017-06-30 12:34:00,2017-06-30 14:42:00,2017-06-30 12:34:00,2017-07-01 20:30:00,2017-07-01 20:34:00,0.24616917272584654,-4.243746483306362,4.489915656032208,2.0243096718556943,5.453008771811687,2.1333333333333333,31.933333333333334,detector,135,2017-06-30 19:07:00,2017-06-30 19:07:00
MXCO,2017-06-30 13:10:00,2017-06-30 15:16:00,2017-06-30 13:10:00,2017-07-01 18:46:00,2017-07-01 18:48:00,0.3178126156119136,-2.7905843873414624,3.108397002953376,2.537837884405485,10.264998155491767,2.1,29.6,detector,135,2017-06-30 19:07:00,2017-06-30 19:07:00
JUNG,2017-07-01 01:04:00,2017-07-01 03:58:00,2017-07-01 01:04:00,2017-07-01 21:00:00,2017-07-01 21:02:00,0.32424664042009005,-3.9071661487117537,4.231412789131844,2.07847300354934,8.029295113336012,2.9,19.933333333333334,detector,135,2017-06-30 19:07:00,2017-06-30 19:07:00
JUNG1,2017-07-01 19:18:00,2017-07-01 21:28:00,2017-07-01 19:18:00,2017-07-01 21:04:00,2017-07-01 21:06:00,-0.6374143316043477,-3.9385151040524766,3.301100772448129,2.3416829088676296,5.940032971442609,2.1666666666666665,1.7666666666666666,detector,135,2017-06-30 19:07:00,2017-06-30 19:07:00
KERG,2017-07-03 05:52:00,2017-07-03 08:02:00,2017-07-03 05:52:00,2017-07-04 02:10:00,2017-07-04 02:12:00,0.1492177701036252,-3.4584538069668227,3.6076715770704477,2.5147100619739096,8.680343263816255,2.1666666666666665,20.3,detector,136,2017-07-03 05:52:00,2017-07-03 05:52:00
JUNG1,2017-07-07 05:14:00,2017-07-07 07:16:00,2017-07-07 05:14:00,2017-07-08 01:24:00,2017-07-08 01:26:00,1.4756165507660002,-2.1588912746437674,3.6345078254097674,2.4463851655521816,7.668034201685781,2.033333333333333,20.166666666666668,detector,137,2017-07-07 08:18:00,2017-07-07 08:18:00
JUNG,2017-07-07 11:22:00,2017-07-07 14:58:00,2017-07-07 11:22:00,2017-07-07 17:16:00,2017-07-07 17:18:00,0.36045106881279365,-4.025971252215867,4.386422321028661,2.3060705014766416,5.8789924263047375,3.6,5.9,detector,137,2017-07-07 08:18:00,2017-07-07 08:18:00
JUNG,2017-07-09 11:08:00,2017-07-09 13:48:00,2017-07-09 11:08:00,2017-07-10 22:48:00,2017-07-10 22:54:00,-0.0439623437008283,-3.39787355149774,3.3539112077969118,2.8199703376256093,6.936636958637951,2.6666666666666665,35.666666666666664,detector,138,2017-07-10 18:01:00,2017-07-10 18:01:00
JUNG1,2017-07-10 10:08:00,2017-07-10 13:30:00,2017-07-10 10:08:00,2017-07-11 00:36:00,2017-07-11 00:40:00,0.7332253437238847,-3.658440787448811,4.391666131172696,2.3070468063639766,7.043974546236123,3.3666666666666667,14.466666666666667,detector,138,2017-07-10 18:01:00,2017-07-10 18:01:00
AATB,2017-07-10 16:38:00,2017-07-10 18:50:00,2017-07-10 16:38:00,2017-07-10 19:56:00,2017-07-10 19:58:00,0.2602438870888857,-2.9698132961088786,3.230057183197764,2.525957903340714,7.837371755641595,2.2,3.3,detector,138,2017-07-10 18:01:00,2017-07-10 18:01:00
KERG,2017-07-10 19:24:00,2017-07-10 21:38:00,2017-07-10 19:24:00,2017-07-11 11:30:00,2017-07-11 11:32:00,0.29702700410394933,-3.4516271283678246,3.748654132471774,2.2350027693889074,6.181807798254633,2.2333333333333334,16.1,detector,138,2017-07-10 18:01:00,2017-07-10 18:01:00
OULU,2017-07-10 20:58:00,2017-07-10 23:16:00,2017-07-10 20:58:00,2017-07-11 05:54:00,2017-07-11 05:56:00,0.07390529920383981,-5.0558961413631485,5.129801440566988,2.7550149085186626,5.695266640902286,2.3,8.933333333333334,detector,138,2017-07-10 18:01:00,2017-07-10 18:01:00
LMKS,2017-07-10 21:42:00,2017-07-11 00:44:00,2017-07-10 21:42:00,2017-07-10 21:58:00,2017-07-10 22:02:00,0.10943439089852346,-3.5244044529763263,3.63383884387485,2.1900459597178292,6.078732596920637,3.033333333333333,0.26666666666666666,detector,138,2017-07-10 18:01:00,2017-07-10 18:01:00
AATB,2017-07-14 18:56:00,2017-07-14 21:48:00,2017-07-14 18:56:00,2017-07-16 06:50:00,2017-07-16 06:52:00,0.08117354579306875,-2.941740631593644,3.0229141773867125,2.0984276801548645,6.827606844620185,2.8666666666666667,35.9,detector,139,2017-07-16 15:48:00,2017-07-16 15:48:00
MXCO,2017-07-15 13:32:00,2017-07-15 15:52:00,2017-07-15 13:32:00,2017-07-17 00:42:00,2017-07-17 00:56:00,0.28864926671526414,-5.113280355375792,5.401929622091057,2.542062095746519,6.320402792046538,2.3333333333333335,35.166666666666664,detector,139,2017-07-16 15:48:00,2017-07-16 15:48:00
LMKS,2017-07-16 02:24:00,2017-07-16 04:22:00,2017-07-16 02:24:00,2017-07-16 18:36:00,2017-07-16 20:40:00,0.3651790816913013,-6.916608116819616,7.2817871985109175,2.041202859922155,6.7631213462938256,1.9666666666666666,16.2,detector,139,2017-07-16 15:48:00,2017-07-16 15:48:00
JUNG1,2017-07-16 03:12:00,2017-07-16 05:22:00,2017-07-16 03:12:00,2017-07-16 18:56:00,2017-07-16 19:12:00,0.15088564609722777,-6.183873232012887,6.334758878110115,2.1650333538522863,2.8067506683321146,2.1666666666666665,15.733333333333333,detector,139,2017-07-16 15:48:00,2017-07-16 15:48:00
ATHN,2017-07-16 15:48:00,2017-07-16 18:38:00,2017-07-16 15:48:00,2017-07-18 02:38:00,2017-07-18 02:40:00,-0.24387937015621894,-7.301451750640477,7.057572380484258,2.3435711935938977,4.74113805266727,2.8333333333333335,34.833333333333336,detector,139,2017-07-16 15:48:00,2017-07-16 15:48:00
KERG,2017-07-16 16:26:00,2017-07-16 18:58:00,2017-07-16 16:26:00,2017-07-16 18:58:00,2017-07-16 19:36:00,-0.3041758653786323,-9.226990846390736,8.922814981012104,2.0576251881750585,9.1309822773089,2.533333333333333,2.533333333333333,detector,139,2017-07-16 15:48:00,2017-07-16 15:48:00
FSMT,2017-07-16 19:26:00,2017-07-16 22:28:00,2017-07-16 19:26:00,2017-07-17 07:42:00,2017-07-17 11:50:00,-0.12834550842517617,-7.818223820996,7.689878312570824,2.040526981679598,8.884336265939583,3.033333333333333,12.266666666666667,detector,139,2017-07-16 15:48:00,2017-07-16 15:48:00
NANM,2017-07-16 21:18:00,2017-07-16 23:20:00,2017-07-16 21:18:00,2017-07-16 22:58:00,2017-07-16 23:00:00,-0.8670601767996198,-6.216763455933067,5.349703279133447,2.34741816475441,8.010484401982522,2.033333333333333,1.6666666666666667,detector,139,2017-07-16 15:48:00,2017-07-16 15:48:00
JUNG,2017-07-17 02:12:00,2017-07-17 07:02:00,2017-07-17 02:12:00,2017-07-17 02:48:00,2017-07-17 02:52:00,-1.7183738618912432,-6.827895213603504,5.10952135171226,2.4420273816433773,11.761170685877207,4.833333333333333,0.6,detector,139,2017-07-16 15:48:00,2017-07-16 15:48:00
AATB,2017-07-20 11:52:00,2017-07-20 13:56:00,2017-07-20 11:52:00,2017-07-20 18:42:00,2017-07-20 18:46:00,0.8358869778151692,-2.243895544012156,3.079782521827325,2.353012322672399,5.859998382354735,2.066666666666667,6.833333333333333,detector,140,2017-07-21 20:04:00,2017-07-21 20:04:00
FSMT,2017-07-20 14:30:00,2017-07-20 16:56:00,2017-07-20 14:30:00,2017-07-22 01:16:00,2017-07-22 01:18:00,1.4644732393106596,-2.710213882342478,4.174687121653138,2.8095536566399937,10.037717702289704,2.433333333333333,34.766666666666666,detector,140,2017-07-21 20:04:00,2017-07-21 20:04:00
APTY,2017-07-20 17:18:00,2017-07-20 19:16:00,2017-07-20 17:18:00,2017-07-22 03:30:00,2017-07-22 03:34:00,1.4106630298473937,-3.826284621776116,5.23694765162351,2.6845869015389656,4.87652067836738,1.9666666666666666,34.2,detector,140,2017-07-21 20:04:00,2017-07-21 20:04:00
KERG,2017-07-21 17:10:00,2017-07-21 20:18:00,2017-07-21 17:10:00,2017-07-22 19:42:00,2017-07-22 19:44:00,0.1514761687996815,-2.939673789375618,3.0911499581752997,2.134931522623376,9.070377849705412,3.1333333333333333,26.533333333333335,detector,140,2017-07-21 20:04:00,2017-07-21 20:04:00
JUNG1,2017-07-21 20:04:00,2017-07-21 22:04:00,2017-07-21 20:04:00,2017-07-23 03:18:00,2017-07-23 03:20:00,0.13517158194043266,-4.404168800031971,4.539340381972403,2.4433364541339446,5.113914802492457,2.0,31.233333333333334,detector,140,2017-07-21 20:04:00,2017-07-21 20:04:00
LMKS,2017-07-21 21:18:00,2017-07-21 23:56:00,2017-07-21 21:18:00,2017-07-23 03:34:00,2017-07-23 03:36:00,0.1049246129461987,-3.3854824928816325,3.490407105827831,2.3709358265246943,7.671021534636255,2.6333333333333333,30.266666666666666,detector,140,2017-07-21 20:04:00,2017-07-21 20:04:00
OULU,2017-07-21 21:44:00,2017-07-22 00:18:00,2017-07-21 21:44:00,2017-07-22 19:22:00,2017-07-22 19:24:00,0.0866853002249953,-5.116481602438493,5.203166902663488,2.040551100072342,3.493270089017571,2.566666666666667,21.633333333333333,detector,140,2017-07-21 20:04:00,2017-07-21 20:04:00
MXCO,2017-07-22 10:00:00,2017-07-22 12:46:00,2017-07-22 10:00:00,2017-07-23 04:26:00,2017-07-23 04:28:00,-0.072464242115331,-5.2117263843648205,5.139262142249489,2.1133715882664657,5.645800100595601,2.7666666666666666,18.433333333333334,detector,140,2017-07-21 20:04:00,2017-07-21 20:04:00
JUNG,2017-07-22 14:04:00,2017-07-22 17:02:00,2017-07-22 14:04:00,2017-07-23 03:18:00,2017-07-23 03:20:00,-0.2674573225162664,-5.099872891817828,4.832415569301562,2.0502830662364806,6.459057409545894,2.966666666666667,13.233333333333333,detector,140,2017-07-21 20:04:00,2017-07-21 20:04:00
JUNG1,2017-07-23 19:46:00,2017-07-23 23:36:00,2017-07-23 19:46:00,2017-07-24 22:26:00,2017-07-24 22:30:00,-0.9327815774693253,-5.427282291423584,4.494500713954259,2.1045800614640973,9.762801513798914,3.8333333333333335,26.666666666666668,detector,141,2017-07-26 11:50:00,2017-07-26 11:50:00
JUNG,2017-07-24 00:00:00,2017-07-24 02:40:00,2017-07-24 00:00:00,2017-07-24 21:22:00,2017-07-24 21:24:00,-0.7901290070844482,-5.049659447298212,4.259530440213764,2.02328199788023,4.523585070200545,2.6666666666666665,21.366666666666667,detector,141,2017-07-26 11:50:00,2017-07-26 11:50:00
KIEL2,2017-07-24 23:26:00,2017-07-25 05:26:00,2017-07-24 23:26:00,2017-07-25 13:10:00,2017-07-25 14:36:00,-0.5248911282989052,-12.304133570775734,11.779242442476829,2.3054506412371873,13.42015342137626,6.0,13.733333333333333,detector,141,2017-07-26 11:50:00,2017-07-26 11:50:00
KERG,2017-07-25 19:00:00,2017-07-25 22:04:00,2017-07-25 19:00:00,2017-07-27 06:00:00,2017-07-27 06:04:00,-0.19150136037728055,-3.57606222413468,3.3845608637573994,2.3156401698430713,8.27974650603605,3.066666666666667,35.0,detector,141,2017-07-26 11:50:00,2017-07-26 11:50:00
LMKS,2017-07-27 04:40:00,2017-07-27 07:20:00,2017-07-27 04:40:00,2017-07-28 13:26:00,2017-07-28 13:28:00,0.2577339843435676,-2.7325513400406547,2.9902853243842222,2.143138228012728,3.808790382456827,2.6666666666666665,32.766666666666666,detector,141,2017-07-26 11:50:00,2017-07-26 11:50:00
APTY,2017-07-28 05:46:00,2017-07-28 08:58:00,2017-07-28 05:46:00,2017-07-29 11:06:00,2017-07-29 11:08:00,0.34812317512049284,-3.731305392734845,4.079428567855338,2.1027853142067636,7.548647951713942,3.2,29.333333333333332,detector,141,2017-07-26 11:50:00,2017-07-26 11:50:00
AATB,2017-07-30 16:40:00,2017-07-30 19:24:00,2017-07-30 16:40:00,2017-07-31 04:14:00,2017-07-31 04:16:00,0.17789141129542152,-2.5158339197748063,2.693725331070228,2.2969204526445925,11.643328829294886,2.7333333333333334,11.566666666666666,detector,141,2017-07-26 11:50:00,2017-07-26 11:50:00
NEWK,2017-07-31 01:24:00,2017-07-31 03:44:00,2017-07-31 01:24:00,2017-07-31 18:06:00,2017-07-31 18:08:00,0.5549900114970387,-7.852498984152788,8.407488995649826,2.222106184002728,3.19746344531354,2.3333333333333335,16.7,detector,141,2017-07-26 11:50:00,2017-07-26 11:50:00
KERG,2017-08-01 18:10:00,2017-08-01 21:14:00,2017-08-01 18:10:00,2017-08-01 20:52:00,2017-08-01 20:56:00,-0.5143523755540924,-4.274658086331976,3.7603057107778834,2.5844019296771674,8.113709950928644,3.066666666666667,2.7,detector,142,2017-08-01 18:49:00,2017-08-01 18:49:00
LMKS,2017-08-01 19:28:00,2017-08-01 22:20:00,2017-08-01 19:28:00,2017-08-01 23:10:00,2017-08-01 23:12:00,-0.8163964046263438,-3.1760941579869333,2.3596977533605896,2.206016575845928,11.764981017161228,2.8666666666666667,3.7,detector,142,2017-08-01 18:49:00,2017-08-01 18:49:00
OULU,2017-08-04 01:04:00,2017-08-04 03:46:00,2017-08-04 01:04:00,2017-08-05 01:06:00,2017-08-05 01:08:00,0.4012419783634311,-5.339785554880233,5.741027533243664,2.632433950350861,5.875963559852717,2.7,24.033333333333335,detector,143,2017-08-04 01:04:00,2017-08-04 01:04:00
KERG,2017-08-09 03:58:00,2017-08-09 06:12:00,2017-08-09 03:58:00,2017-08-09 06:22:00,2017-08-09 06:24:00,0.6464148332996571,-2.470978549220782,3.117393382520439,2.1900287148894253,5.571175839170874,2.2333333333333334,2.4,detector,144,2017-08-09 03:58:00,2017-08-09 03:58:00
NEWK,2017-08-11 09:18:00,2017-08-11 12:54:00,2017-08-11 09:18:00,2017-08-12 05:50:00,2017-08-12 05:54:00,0.616057567159869,-4.274494008659757,4.890551575819626,2.4076039211514653,8.81784533033338,3.6,20.533333333333335,detector,145,2017-08-13 15:18:00,2017-08-13 15:18:00
KERG,2017-08-11 15:48:00,2017-08-11 17:58:00,2017-08-11 15:48:00,2017-08-12 00:16:00,2017-08-12 00:18:00,0.6124133474951101,-3.7825125290478017,4.394925876542912,2.302594872928985,6.847083456155255,2.1666666666666665,8.466666666666667,detector,145,2017-08-13 15:18:00,2017-08-13 15:18:00
FSMT,2017-08-12 05:50:00,2017-08-12 08:10:00,2017-08-12 05:50:00,2017-08-13 14:52:00,2017-08-13 15:00:00,0.5141158533394941,-3.014874269070859,3.5289901224103533,2.4646806922102353,6.760131761147619,2.3333333333333335,33.03333333333333,detector,145,2017-08-13 15:18:00,2017-08-13 15:18:00
NANM,2017-08-13 15:18:00,2017-08-13 17:28:00,2017-08-13 15:18:00,2017-08-14 22:42:00,2017-08-14 22:44:00,-0.06824368320697816,-3.6476253239481,3.579381640741122,2.6320799863181934,5.810685938234522,2.1666666666666665,31.4,detector,145,2017-08-13 15:18:00,2017-08-13 15:18:00
DRBS,2017-08-13 21:02:00,2017-08-14 00:00:00,2017-08-13 21:02:00,2017-08-15 07:14:00,2017-08-18 18:10:00,0.251998685916374,-7.507754301317576,7.7597529872339495,2.0770410844030804,6.174048642272187,2.966666666666667,34.2,detector,145,2017-08-13 15:18:00,2017-08-13 15:18:00
APTY,2017-08-14 23:04:00,2017-08-15 04:46:00,2017-08-14 23:04:00,2017-08-16 02:50:00,2017-08-16 02:52:00,0.05765213512646495,-4.0255698075285755,4.08322194265504,2.2557607937253668,9.95595122004112,5.7,27.766666666666666,detector,145,2017-08-13 15:18:00,2017-08-13 15:18:00
JUNG,2017-08-15 05:52:00,2017-08-15 08:50:00,2017-08-15 05:52:00,2017-08-15 22:58:00,2017-08-15 23:00:00,0.06301084714238944,-4.213414952690892,4.276425799833281,2.103831466895844,3.235954174363317,2.966666666666667,17.1,detector,145,2017-08-13 15:18:00,2017-08-13 15:18:00
KERG,2017-08-19 02:00:00,2017-08-19 04:02:00,2017-08-19 02:00:00,2017-08-19 17:50:00,2017-08-19 17:52:00,-0.1055179560313864,-4.3464278807605945,4.240909924729208,2.441335795030655,8.03356432616817,2.033333333333333,15.833333333333334,detector,146,2017-08-19 08:30:00,2017-08-19 08:30:00
JUNG1,2017-08-19 15:00:00,2017-08-19 17:30:00,2017-08-19 15:00:00,2017-08-20 02:10:00,2017-08-20 02:12:00,-0.16411665960928104,-3.703363509082243,3.539246849472962,2.2622253944693296,4.2448501371586,2.5,11.166666666666666,detector,146,2017-08-19 08:30:00,2017-08-19 08:30:00
DRBS,2017-08-23 17:04:00,2017-08-23 19:44:00,2017-08-23 17:04:00,2017-08-24 01:10:00,2017-08-24 01:14:00,0.891982891122594,-6.386260519740579,7.278243410863173,2.1247249672416744,6.445414566843468,2.6666666666666665,8.1,detector,147,2017-08-24 00:59:00,2017-08-24 00:59:00
AATB,2017-08-24 08:54:00,2017-08-24 12:00:00,2017-08-24 08:54:00,2017-08-25 17:34:00,2017-08-25 17:36:00,0.27744682466254533,-2.371569567224047,2.649016391886592,2.1428362355747943,9.594554153015038,3.1,32.666666666666664,detector,147,2017-08-24 00:59:00,2017-08-24 00:59:00
DRBS,2017-08-26 15:42:00,2017-08-26 19:34:00,2017-08-26 15:42:00,2017-08-27 13:22:00,2017-08-27 13:26:00,1.325838573017101,-7.563959955506118,8.889798528523219,2.161049786667571,7.310146924583444,3.8666666666666667,21.666666666666668,detector,148,2017-08-26 15:42:00,2017-08-26 15:42:00
AATB,2017-08-30 16:00:00,2017-08-30 18:00:00,2017-08-30 16:00:00,2017-08-31 06:36:00,2017-08-31 06:44:00,0.17435978570815464,-2.1864171254683327,2.360776911176487,2.5314878280892064,6.405620437041813,2.0,14.6,detector,149,2017-08-31 00:06:00,2017-08-31 00:06:00
OULU,2017-08-31 00:06:00,2017-08-31 02:30:00,2017-08-31 00:06:00,2017-08-31 10:56:00,2017-08-31 10:58:00,0.4847206669848182,-4.742925832651541,5.227646499636359,2.197956054357847,9.12038031289116,2.4,10.833333333333334,detector,149,2017-08-31 00:06:00,2017-08-31 00:06:00
JUNG1,2017-08-31 04:46:00,2017-08-31 07:22:00,2017-08-31 04:46:00,2017-08-31 06:48:00,2017-08-31 06:52:00,0.21176857376362984,-3.0156643222315545,3.227432895995184,2.0396045595857024,3.2572500101442556,2.6,2.033333333333333,detector,149,2017-08-31 00:06:00,2017-08-31 00:06:00
JUNG1,2017-09-01 15:44:00,2017-09-01 18:18:00,2017-09-01 15:44:00,2017-09-02 17:10:00,2017-09-02 17:16:00,0.08952679514883935,-3.8859011136042976,3.975427908753137,2.0199021117751332,4.123732921364646,2.566666666666667,25.433333333333334,detector,150,2017-09-02 01:00:00,2017-09-02 01:00:00
JUNG,2017-09-02 01:00:00,2017-09-02 03:22:00,2017-09-02 01:00:00,2017-09-03 00:48:00,2017-09-03 00:50:00,0.23685114811978702,-4.081176358886259,4.318027507006046,2.1124646382835137,2.9714224283274215,2.3666666666666667,23.8,detector,150,2017-09-02 01:00:00,2017-09-02 01:00:00
KERG,2017-09-03 06:40:00,2017-09-03 09:18:00,2017-09-03 06:40:00,2017-09-03 09:38:00,2017-09-03 09:40:00,0.0926081592903337,-3.094185210843554,3.1867933701338877,2.2151042572002875,4.901352173037251,2.6333333333333333,2.966666666666667,detector,150,2017-09-02 01:00:00,2017-09-02 01:00:00
JUNG,2017-09-05 19:44:00,2017-09-05 22:14:00,2017-09-05 19:44:00,2017-09-07 02:26:00,2017-09-07 02:28:00,-0.2426520181425624,-4.159555333576418,3.916903315433856,2.01235307295068,6.531066359713117,2.5,30.7,detector,151,2017-09-07 09:02:00,2017-09-07 09:02:00
JUNG1,2017-09-06 13:26:00,2017-09-06 17:12:00,2017-09-06 13:26:00,2017-09-07 01:34:00,2017-09-07 01:36:00,0.6420284651111674,-3.303552877623099,3.9455813427342665,2.00975934967678,9.366513888656408,3.7666666666666666,12.133333333333333,detector,151,2017-09-07 09:02:00,2017-09-07 09:02:00
AATB,2017-09-07 06:34:00,2017-09-07 09:02:00,2017-09-07 06:34:00,2017-09-08 16:06:00,2017-09-08 17:46:00,0.1293909881320929,-6.867020438186298,6.9964114263183905,2.55390450252669,5.979806757419737,2.466666666666667,33.53333333333333,detector,151,2017-09-07 09:02:00,2017-09-07 09:02:00
FSMT,2017-09-07 09:02:00,2017-09-07 11:34:00,2017-09-07 09:02:00,2017-09-08 10:02:00,2017-09-08 12:26:00,0.27820387935647606,-9.843964604958002,10.122168484314479,2.350000509302732,5.921576773334712,2.533333333333333,25.0,detector,151,2017-09-07 09:02:00,2017-09-07 09:02:00
KERG,2017-09-07 15:48:00,2017-09-07 18:42:00,2017-09-07 15:48:00,2017-09-08 13:10:00,2017-09-08 15:48:00,-0.665680604976151,-10.514636685495448,9.848956080519297,2.233956650271016,5.572407101779896,2.9,21.366666666666667,detector,151,2017-09-07 09:02:00,2017-09-07 09:02:00
LMKS,2017-09-07 17:56:00,2017-09-07 21:54:00,2017-09-07 17:56:00,2017-09-08 13:02:00,2017-09-08 15:14:00,-0.0665838909344635,-7.620393954563723,7.5538100636292596,2.0905202929155693,6.131169689414581,3.966666666666667,19.1,detector,151,2017-09-07 09:02:00,2017-09-07 09:02:00
ROME,2017-09-08 12:48:00,2017-09-08 15:46:00,2017-09-08 12:48:00,2017-09-08 15:42:00,2017-09-08 15:44:00,-0.8664562559031406,-7.694868238557562,6.828411982654421,2.3162776929982316,8.680276424265136,2.966666666666667,2.9,detector,151,2017-09-07 09:02:00,2017-09-07 09:02:00
NANM,2017-09-11 14:20:00,2017-09-11 16:50:00,2017-09-11 14:20:00,2017-09-12 21:00:00,2017-09-12 21:02:00,0.9752398555118635,-3.5173597402942747,4.492599595806138,2.025966474405237,3.858204651818979,2.5,30.666666666666668,detector,152,2017-09-12 19:38:00,2017-09-12 19:38:00
LMKS,2017-09-11 14:44:00,2017-09-11 16:42:00,2017-09-11 14:44:00,2017-09-13 02:12:00,2017-09-13 02:20:00,1.5304205843235097,-2.539348713855564,4.069769298179073,2.0247916782017015,8.992405405430123,1.9666666666666666,35.46666666666667,detector,152,2017-09-12 19:38:00,2017-09-12 19:38:00
JUNG,2017-09-11 15:24:00,2017-09-11 18:12:00,2017-09-11 15:24:00,2017-09-13 02:12:00,2017-09-13 02:16:00,1.8534816252608992,-3.350906044910321,5.20438767017122,2.0434796441002434,3.459031490455515,2.8,34.8,detector,152,2017-09-12 19:38:00,2017-09-12 19:38:00
OULU,2017-09-12 00:26:00,2017-09-12 03:06:00,2017-09-12 00:26:00,2017-09-12 20:44:00,2017-09-12 20:46:00,2.2536081951914237,-4.440154440154442,6.693762635345866,2.3558018694327525,6.009301907249418,2.6666666666666665,20.3,detector,152,2017-09-12 19:38:00,2017-09-12 19:38:00
AATB,2017-09-12 13:48:00,2017-09-12 15:46:00,2017-09-12 13:48:00,2017-09-12 22:34:00,2017-09-12 22:36:00,0.8707007302198599,-2.156115463335463,3.026816193555323,2.0475012940543498,5.778739319661,1.9666666666666666,8.766666666666667,detector,152,2017-09-12 19:38:00,2017-09-12 19:38:00
NEWK,2017-09-12 19:38:00,2017-09-12 22:02:00,2017-09-12 19:38:00,2017-09-14 04:00:00,2017-09-14 04:02:00,0.7315349038301253,-8.347321837326414,9.078856741156539,2.1315856264039637,4.482521491149277,2.4,32.36666666666667,detector,152,2017-09-12 19:38:00,2017-09-12 19:38:00
BKSN,2017-09-12 21:38:00,2017-09-13 00:40:00,2017-09-12 21:38:00,2017-09-14 03:44:00,2017-09-14 03:46:00,0.8236907287973863,-4.549533056238464,5.37322378503585,2.013621369976782,3.122613817590529,3.033333333333333,30.1,detector,152,2017-09-12 19:38:00,2017-09-12 19:38:00
MXCO,2017-09-12 21:48:00,2017-09-13 00:38:00,2017-09-12 21:48:00,2017-09-13 05:50:00,2017-09-13 05:52:00,0.658374079373579,-3.9808735745027737,4.639247653876352,2.68569620563676,10.585137966095765,2.8333333333333335,8.033333333333333,detector,152,2017-09-12 19:38:00,2017-09-12 19:38:00
DRBS,2017-09-12 23:42:00,2017-09-13 02:52:00,2017-09-12 23:42:00,2017-09-14 05:12:00,2017-09-14 05:14:00,0.9793797671086462,-7.692307692307685,8.671687459416331,2.0510120723371372,11.024131676765746,3.1666666666666665,29.5,detector,152,2017-09-12 19:38:00,2017-09-12 19:38:00
JUNG1,2017-09-14 11:18:00,2017-09-14 14:04:00,2017-09-14 11:18:00,2017-09-15 10:46:00,2017-09-15 10:48:00,-0.7720880340197214,-4.388641602045488,3.6165535680257666,2.1876077252877995,8.914875929802871,2.7666666666666666,23.466666666666665,detector,152,2017-09-12 19:38:00,2017-09-12 19:38:00
KERG,2017-09-14 18:32:00,2017-09-14 23:18:00,2017-09-14 18:32:00,2017-09-15 00:24:00,2017-09-15 00:28:00,0.04337217865599715,-3.969108803816486,4.012480982472483,2.377490929345314,8.938951647437335,4.766666666666667,5.866666666666666,detector,152,2017-09-12 19:38:00,2017-09-12 19:38:00
JUNG1,2017-09-17 14:54:00,2017-09-17 17:24:00,2017-09-17 14:54:00,2017-09-18 23:52:00,2017-09-18 23:58:00,0.5669486562646563,-2.941090468304333,3.5080391245689895,2.0579900846573747,6.236607693225519,2.5,32.96666666666667,detector,153,2017-09-19 01:05:00,2017-09-19 01:05:00
JUNG,2017-09-18 09:36:00,2017-09-18 11:42:00,2017-09-18 09:36:00,2017-09-19 17:32:00,2017-09-19 17:34:00,0.12120982232383246,-3.8189944479670666,3.940204270290899,2.0191067967457705,5.826454596980795,2.1,31.933333333333334,detector,153,2017-09-19 01:05:00,2017-09-19 01:05:00
ROME,2017-09-18 13:30:00,2017-09-18 16:50:00,2017-09-18 13:30:00,2017-09-18 14:18:00,2017-09-18 14:30:00,0.5124398362108155,-12.07982438635004,12.592264222560855,2.0311638821426268,4.6957792943186645,3.3333333333333335,0.8,detector,153,2017-09-19 01:05:00,2017-09-19 01:05:00
BKSN,2017-09-19 12:40:00,2017-09-19 14:46:00,2017-09-19 12:40:00,2017-09-20 19:00:00,2017-09-20 19:02:00,0.3839746550427263,-4.8155605670103085,5.199535222053035,2.8142597851459707,5.219969021195336,2.1,30.333333333333332,detector,153,2017-09-19 01:05:00,2017-09-19 01:05:00
KERG,2017-09-20 10:40:00,2017-09-20 12:46:00,2017-09-20 10:40:00,2017-09-20 15:30:00,2017-09-20 15:32:00,0.05846198985345,-3.391408140693615,3.4498701305470654,2.610688562703953,6.110577425467766,2.1,4.833333333333333,detector,153,2017-09-19 01:05:00,2017-09-19 01:05:00
LMKS,2017-09-20 23:42:00,2017-09-21 02:28:00,2017-09-20 23:42:00,2017-09-21 04:24:00,2017-09-21 04:26:00,-0.33372735480549387,-3.7693393168151985,3.4356119620097045,2.3505259369715468,9.643497012532274,2.7666666666666666,4.7,detector,153,2017-09-19 01:05:00,2017-09-19 01:05:00
JUNG1,2017-09-23 16:16:00,2017-09-23 18:18:00,2017-09-23 16:16:00,2017-09-24 23:44:00,2017-09-24 23:46:00,0.6761894752838686,-3.36710110399609,4.043290579279958,2.1118425402705823,4.84079985977214,2.033333333333333,31.466666666666665,detector,154,2017-09-23 16:16:00,2017-09-23 16:16:00
AATB,2017-09-25 18:22:00,2017-09-25 20:22:00,2017-09-25 18:22:00,2017-09-27 03:16:00,2017-09-27 03:18:00,-0.47055317862489576,-3.0276141123021287,2.557060933677233,2.6111082861699435,5.273089098374246,2.0,32.9,detector,155,2017-09-26 22:52:00,2017-09-26 22:52:00
APTY,2017-09-26 22:52:00,2017-09-27 01:00:00,2017-09-26 22:52:00,2017-09-28 01:24:00,2017-09-28 01:26:00,0.11943744816332155,-4.3079128440367,4.427350292200021,2.234111355487335,6.291599245533949,2.1333333333333333,26.533333333333335,detector,155,2017-09-26 22:52:00,2017-09-26 22:52:00
NANM,2017-09-28 11:46:00,2017-09-28 14:32:00,2017-09-28 11:46:00,2017-09-29 10:26:00,2017-09-29 10:32:00,0.3296869598442205,-3.720591254362563,4.0502782142067835,2.1749600421512567,3.1377469259548483,2.7666666666666666,22.666666666666668,detector,155,2017-09-26 22:52:00,2017-09-26 22:52:00
DRBS,2017-09-30 05:46:00,2017-09-30 07:58:00,2017-09-30 05:46:00,2017-10-01 11:06:00,2017-10-01 11:08:00,0.9166543207995839,-7.648485069457109,8.565139390256693,2.40413290127336,7.000078627587562,2.2,29.333333333333332,detector,156,2017-09-30 05:46:00,2017-09-30 05:46:00
JUNG1,2017-10-02 05:12:00,2017-10-02 07:10:00,2017-10-02 05:12:00,2017-10-03 13:10:00,2017-10-03 13:18:00,-0.20797275034594986,-4.584324550216327,4.376351799870378,2.681043210195002,5.123785314859656,1.9666666666666666,31.966666666666665,detector,157,2017-10-02 05:12:00,2017-10-02 05:12:00
AATB,2017-10-05 12:52:00,2017-10-05 16:16:00,2017-10-05 12:52:00,2017-10-06 19:52:00,2017-10-06 19:56:00,0.4900295167562859,-2.7549386011745893,3.2449681179308754,2.2375043600583293,16.669568173549603,3.4,31.0,detector,158,2017-10-05 12:52:00,2017-10-05 12:52:00
KERG,2017-10-12 15:24:00,2017-10-12 18:22:00,2017-10-12 15:24:00,2017-10-13 23:48:00,2017-10-13 23:50:00,0.28358360535286464,-3.598157242818014,3.881740848170879,2.1853433382199747,4.021324611077722,2.966666666666667,32.4,detector,159,2017-10-12 15:24:00,2017-10-12 15:24:00
NANM,2017-10-16 09:44:00,2017-10-16 14:00:00,2017-10-16 09:44:00,2017-10-16 22:36:00,2017-10-16 22:46:00,0.5761301340305265,-3.997939080191857,4.5740692142223836,2.1696915731124258,7.872344383274897,4.266666666666667,12.866666666666667,detector,160,2017-10-16 09:44:00,2017-10-16 09:44:00
APTY,2017-10-17 18:48:00,2017-10-17 22:06:00,2017-10-17 18:48:00,2017-10-19 01:56:00,2017-10-19 01:58:00,1.0350981744058023,-2.46314740758675,3.498245581992552,2.5965303584625468,8.070861800296935,3.3,31.133333333333333,detector,161,2017-10-17 18:48:00,2017-10-17 18:48:00
LMKS,2017-10-20 14:26:00,2017-10-20 17:08:00,2017-10-20 14:26:00,2017-10-21 16:38:00,2017-10-21 16:40:00,0.6139361653753419,-2.557359010775232,3.171295176150574,2.538752684593199,7.9478337804043875,2.7,26.2,detector,162,2017-10-20 18:52:00,2017-10-20 18:52:00
ROME,2017-10-20 23:18:00,2017-10-21 01:20:00,2017-10-20 23:18:00,2017-10-22 09:06:00,2017-10-22 09:12:00,1.350046715049682,-4.570991209935765,5.921037924985447,2.1672817708037857,3.011425252353498,2.033333333333333,33.8,detector,162,2017-10-20 18:52:00,2017-10-20 18:52:00
DRBS,2017-10-23 09:20:00,2017-10-23 11:18:00,2017-10-23 09:20:00,2017-10-24 10:18:00,2017-10-24 10:20:00,-0.3131297076180164,-5.629921975883444,5.316792268265427,2.4955029387365,6.128631429042357,1.9666666666666666,24.966666666666665,detector,163,2017-10-23 09:20:00,2017-10-23 09:20:00
APTY,2017-10-27 03:40:00,2017-10-27 05:46:00,2017-10-27 03:40:00,2017-10-28 15:24:00,2017-10-28 15:26:00,0.8859188443063979,-2.7696984429002933,3.655617287206691,2.208306891918743,3.291666874645756,2.1,35.733333333333334,detector,164,2017-10-27 03:40:00,2017-10-27 03:40:00
LMKS,2017-10-30 07:34:00,2017-10-30 10:46:00,2017-10-30 07:34:00,2017-10-31 00:14:00,2017-10-31 00:18:00,0.2667234595421587,-2.448081043404389,2.714804502946548,2.4367311608413806,3.347883857075772,3.2,16.666666666666668,detector,165,2017-11-01 15:18:00,2017-11-01 15:18:00
DRBS,2017-10-30 23:46:00,2017-10-31 01:54:00,2017-10-30 23:46:00,2017-11-01 08:32:00,2017-11-01 08:34:00,1.5691474695375875,-5.668783012324601,7.237930481862189,2.13365475909827,5.989250195599709,2.1333333333333333,32.766666666666666,detector,165,2017-11-01 15:18:00,2017-11-01 15:18:00
MXCO,2017-11-01 03:36:00,2017-11-01 06:32:00,2017-11-01 03:36:00,2017-11-01 23:52:00,2017-11-01 23:54:00,0.46989585546618573,-3.675675675675676,4.1455715311418615,2.1802066331396652,12.546642833659527,2.933333333333333,20.266666666666666,detector,165,2017-11-01 15:18:00,2017-11-01 15:18:00
FSMT,2017-11-01 06:36:00,2017-11-01 10:10:00,2017-11-01 06:36:00,2017-11-02 14:32:00,2017-11-02 14:34:00,0.9874326750448782,-3.2902873569621915,4.277720032007069,2.2254863701435768,7.650007029239339,3.566666666666667,31.933333333333334,detector,165,2017-11-01 15:18:00,2017-11-01 15:18:00
JUNG,2017-11-01 15:18:00,2017-11-01 17:28:00,2017-11-01 15:18:00,2017-11-02 18:34:00,2017-11-02 18:38:00,1.0790397494489157,-3.8422311530943087,4.921270902543224,2.1455423369555056,4.001416304628408,2.1666666666666665,27.266666666666666,detector,165,2017-11-01 15:18:00,2017-11-01 15:18:00
NEWK,2017-11-01 17:04:00,2017-11-02 00:50:00,2017-11-01 17:04:00,2017-11-03 00:46:00,2017-11-03 00:48:00,0.4623173041481935,-4.4473381078779965,4.90965541202619,2.146324279299561,5.528040720302557,7.766666666666667,31.7,detector,165,2017-11-01 15:18:00,2017-11-01 15:18:00
AATB,2017-11-02 09:20:00,2017-11-02 12:08:00,2017-11-02 09:20:00,2017-11-02 21:22:00,2017-11-02 21:24:00,0.13388517071637565,-3.1013311410029787,3.235216311719354,2.6347636311490437,6.717160359683047,2.8,12.033333333333333,detector,165,2017-11-01 15:18:00,2017-11-01 15:18:00
BKSN,2017-11-02 11:42:00,2017-11-02 14:08:00,2017-11-02 11:42:00,2017-11-02 17:28:00,2017-11-02 17:30:00,0.048450650772682,-5.572161464133189,5.620612114905871,2.748058324909154,5.968197142107173,2.433333333333333,5.766666666666667,detector,165,2017-11-01 15:18:00,2017-11-01 15:18:00
ROME,2017-11-02 19:36:00,2017-11-02 21:54:00,2017-11-02 19:36:00,2017-11-03 17:58:00,2017-11-03 18:00:00,-0.4146505431370822,-14.388483552424672,13.97383300928759,2.314841293958643,5.753059700813848,2.3,22.366666666666667,detector,165,2017-11-01 15:18:00,2017-11-01 15:18:00
AATB,2017-11-04 22:16:00,2017-11-05 02:22:00,2017-11-04 22:16:00,2017-11-05 10:26:00,2017-11-05 10:28:00,-0.6003794007410017,-2.2977551884794547,1.697375787738453,2.1912770058548454,24.26189357916713,4.1,12.166666666666666,detector,166,2017-11-04 22:16:00,2017-11-04 22:16:00
BKSN,2017-11-07 18:10:00,2017-11-07 20:14:00,2017-11-07 18:10:00,2017-11-08 09:00:00,2017-11-08 09:02:00,0.07494749451360094,-4.410574002614669,4.4855214971282695,2.0312275300602747,7.514791903880921,2.066666666666667,14.833333333333334,detector,167,2017-11-09 02:50:00,2017-11-09 02:50:00
ROME,2017-11-08 06:12:00,2017-11-08 08:28:00,2017-11-08 06:12:00,2017-11-09 17:10:00,2017-11-09 17:12:00,0.5388900285619548,-10.503401146312282,11.042291174874237,2.353912261367846,4.665214847283549,2.2666666666666666,34.96666666666667,detector,167,2017-11-09 02:50:00,2017-11-09 02:50:00
NEWK,2017-11-09 01:06:00,2017-11-09 03:56:00,2017-11-09 01:06:00,2017-11-09 17:14:00,2017-11-09 17:16:00,0.3009114718153476,-4.0462427745664655,4.347154246381813,2.078972976620346,2.6952571411005652,2.8333333333333335,16.133333333333333,detector,167,2017-11-09 02:50:00,2017-11-09 02:50:00
LMKS,2017-11-09 02:50:00,2017-11-09 05:40:00,2017-11-09 02:50:00,2017-11-10 04:36:00,2017-11-10 04:38:00,0.5649815226174691,-2.746255438517333,3.311236961134802,2.3026771616763333,8.695250363604748,2.8333333333333335,25.766666666666666,detector,167,2017-11-09 02:50:00,2017-11-09 02:50:00
DRBS,2017-11-09 06:12:00,2017-11-09 10:26:00,2017-11-09 06:12:00,2017-11-10 03:18:00,2017-11-10 03:20:00,0.4759991069435153,-8.07095383189893,8.546952938842445,2.337266760077194,10.674239749569942,4.233333333333333,21.1,detector,167,2017-11-09 02:50:00,2017-11-09 02:50:00
JUNG,2017-11-09 12:42:00,2017-11-09 14:42:00,2017-11-09 12:42:00,2017-11-10 18:34:00,2017-11-10 18:40:00,-0.070114121715615,-4.331177957240019,4.261063835524404,2.0327902181026594,5.76440318157848,2.0,29.866666666666667,detector,167,2017-11-09 02:50:00,2017-11-09 02:50:00
JUNG1,2017-11-09 13:44:00,2017-11-09 16:08:00,2017-11-09 13:44:00,2017-11-10 23:30:00,2017-11-10 23:34:00,-0.07338972878589234,-4.2145190890544,4.141129360268508,2.25558678847119,4.82080797870651,2.4,33.766666666666666,detector,167,2017-11-09 02:50:00,2017-11-09 02:50:00
APTY,2017-11-13 05:36:00,2017-11-13 09:08:00,2017-11-13 05:36:00,2017-11-14 08:08:00,2017-11-14 08:10:00,0.4420188190643434,-2.892270426729344,3.3342892457936877,2.182360273108127,5.728643769300785,3.533333333333333,26.533333333333335,detector,168,2017-11-14 06:34:00,2017-11-14 06:34:00
FSMT,2017-11-13 07:50:00,2017-11-13 10:50:00,2017-11-13 07:50:00,2017-11-14 04:32:00,2017-11-14 04:34:00,0.4194659848741755,-3.206435531384553,3.625901516258729,2.440767319011362,3.128048587049935,3.0,20.7,detector,168,2017-11-14 06:34:00,2017-11-14 06:34:00
DRBS,2017-11-14 06:34:00,2017-11-14 08:58:00,2017-11-14 06:34:00,2017-11-14 22:38:00,2017-11-14 22:40:00,1.16729759764371,-6.9524100609482105,8.11970765859192,2.029665166819461,11.166001102790784,2.4,16.066666666666666,detector,168,2017-11-14 06:34:00,2017-11-14 06:34:00
AATB,2017-11-14 06:50:00,2017-11-14 09:22:00,2017-11-14 06:50:00,2017-11-15 04:22:00,2017-11-15 04:26:00,0.7234564414937164,-1.974808973866924,2.6982654153606402,2.430873708048615,8.952133969160268,2.533333333333333,21.533333333333335,detector,168,2017-11-14 06:34:00,2017-11-14 06:34:00
JUNG,2017-11-14 10:38:00,2017-11-14 12:40:00,2017-11-14 10:38:00,2017-11-15 17:36:00,2017-11-15 17:38:00,1.055827906078857,-2.7157092345134717,3.7715371405923284,2.443384506010665,8.122708082968455,2.033333333333333,30.966666666666665,detector,168,2017-11-14 06:34:00,2017-11-14 06:34:00
JUNG,2017-11-18 00:20:00,2017-11-18 04:40:00,2017-11-18 00:20:00,2017-11-19 02:00:00,2017-11-19 02:02:00,0.3915723743846537,-3.1081385920095506,3.499710966394204,2.0203604006780687,8.761451791834716,4.333333333333333,25.666666666666668,detector,169,2017-11-18 04:43:00,2017-11-18 04:43:00
JUNG1,2017-11-18 09:06:00,2017-11-18 11:14:00,2017-11-18 09:06:00,2017-11-19 06:24:00,2017-11-19 06:28:00,0.40270221575751364,-3.628403670409895,4.031105886167409,2.1698405333639337,9.4024630563574,2.1333333333333333,21.3,detector,169,2017-11-18 04:43:00,2017-11-18 04:43:00
APTY,2017-11-20 03:08:00,2017-11-20 05:40:00,2017-11-20 03:08:00,2017-11-21 04:30:00,2017-11-21 04:32:00,0.6007947033138641,-4.300419325232617,4.90121402854648,2.273137958353486,5.313293787413874,2.533333333333333,25.366666666666667,detector,170,2017-11-20 15:26:00,2017-11-20 15:26:00
FSMT,2017-11-20 08:26:00,2017-11-20 11:22:00,2017-11-20 08:26:00,2017-11-21 14:00:00,2017-11-21 14:02:00,0.5690780769275757,-3.067264573991033,3.6363426509186088,2.382795585371223,3.853298384398887,2.933333333333333,29.566666666666666,detector,170,2017-11-20 15:26:00,2017-11-20 15:26:00
DRBS,2017-11-20 22:26:00,2017-11-21 00:32:00,2017-11-20 22:26:00,2017-11-22 02:12:00,2017-11-22 02:14:00,0.45922734618255756,-7.217511426578954,7.676738772761512,2.3496551515424873,5.4680132431799935,2.1,27.766666666666666,detector,170,2017-11-20 15:26:00,2017-11-20 15:26:00
LMKS,2017-11-21 10:40:00,2017-11-21 13:26:00,2017-11-21 10:40:00,2017-11-22 04:14:00,2017-11-22 04:16:00,0.7244073989134361,-2.2778659067226608,3.0022733056360966,2.117253174932447,6.819659803217606,2.7666666666666666,17.566666666666666,detector,170,2017-11-20 15:26:00,2017-11-20 15:26:00
JUNG1,2017-11-22 20:24:00,2017-11-22 23:04:00,2017-11-22 20:24:00,2017-11-24 07:04:00,2017-11-24 07:06:00,1.5259761067448068,-2.077971194150579,3.6039473008953857,2.1503001503933397,3.668162690544565,2.6666666666666665,34.666666666666664,detector,171,2017-11-24 21:10:00,2017-11-24 21:10:00
JUNG,2017-11-24 17:16:00,2017-11-24 20:40:00,2017-11-24 17:16:00,2017-11-26 01:58:00,2017-11-26 02:00:00,0.9076646447997242,-3.8907031788357225,4.798367823635447,2.099111942640211,4.031992485026626,3.4,32.7,detector,171,2017-11-24 21:10:00,2017-11-24 21:10:00
LMKS,2017-11-24 20:22:00,2017-11-24 22:20:00,2017-11-24 20:22:00,2017-11-26 05:36:00,2017-11-26 05:42:00,0.9323455692011364,-2.9750957617948477,3.907441330995984,2.01613384611954,3.8804779862798786,1.9666666666666666,33.233333333333334,detector,171,2017-11-24 21:10:00,2017-11-24 21:10:00
NANM,2017-11-24 21:10:00,2017-11-25 00:42:00,2017-11-24 21:10:00,2017-11-25 12:56:00,2017-11-25 12:58:00,0.3471780209715699,-4.132466010738858,4.479644031710428,2.337990124029053,3.439038372045356,3.533333333333333,15.766666666666667,detector,171,2017-11-24 21:10:00,2017-11-24 21:10:00
KERG,2017-11-25 10:16:00,2017-11-25 12:56:00,2017-11-25 10:16:00,2017-11-25 22:52:00,2017-11-25 22:54:00,0.7382402715849936,-2.7692177357011976,3.507458007286191,2.0724927949243703,6.222217905502751,2.6666666666666665,12.6,detector,171,2017-11-24 21:10:00,2017-11-24 21:10:00
APTY,2017-11-26 16:14:00,2017-11-26 18:14:00,2017-11-26 16:14:00,2017-11-28 01:12:00,2017-11-28 01:14:00,0.06061690879832765,-3.373684818418325,3.4343017272166527,2.4916101472747214,7.679973214057485,2.0,32.96666666666667,detector,171,2017-11-24 21:10:00,2017-11-24 21:10:00
AATB,2017-11-27 06:14:00,2017-11-27 08:14:00,2017-11-27 06:14:00,2017-11-27 21:10:00,2017-11-27 21:12:00,-0.3114784982846157,-3.1915624570564822,2.8800839587718663,2.0959099575958855,3.679535009623335,2.0,14.933333333333334,detector,171,2017-11-24 21:10:00,2017-11-24 21:10:00
LMKS,2017-11-28 13:38:00,2017-11-28 15:56:00,2017-11-28 13:38:00,2017-11-30 01:06:00,2017-11-30 01:08:00,-0.066784564402897,-3.1833236894118015,3.1165391250089045,2.114560868846522,6.046613603928843,2.3,35.46666666666667,detector,172,2017-11-29 17:02:00,2017-11-29 17:02:00
JUNG,2017-11-29 17:02:00,2017-11-29 19:08:00,2017-11-29 17:02:00,2017-12-01 02:42:00,2017-12-01 02:44:00,0.15413259266809248,-4.694565835530541,4.848698428198633,2.0263547079591824,3.755830620461029,2.1,33.666666666666664,detector,172,2017-11-29 17:02:00,2017-11-29 17:02:00
JUNG1,2017-11-30 10:12:00,2017-11-30 12:16:00,2017-11-30 10:12:00,2017-11-30 11:54:00,2017-11-30 11:56:00,-0.7437196137770397,-4.91790550264054,4.174185888863501,2.1620312951575316,3.090925347775987,2.066666666666667,1.7,detector,172,2017-11-29 17:02:00,2017-11-29 17:02:00
JUNG1,2017-12-03 06:34:00,2017-12-03 11:26:00,2017-12-03 06:34:00,2017-12-03 18:40:00,2017-12-03 18:42:00,0.0892271615953101,-2.93660881985456,3.02583598144987,2.126268677448852,6.445039094676285,4.866666666666666,12.1,detector,173,2017-12-05 02:10:00,2017-12-05 02:10:00
JUNG,2017-12-03 15:58:00,2017-12-03 18:06:00,2017-12-03 15:58:00,2017-12-04 05:00:00,2017-12-04 05:02:00,0.23579886057463964,-3.9254929888755217,4.161291849450161,2.492785985040025,5.8098453532917045,2.1333333333333333,13.033333333333333,detector,173,2017-12-05 02:10:00,2017-12-05 02:10:00
KERG,2017-12-04 13:42:00,2017-12-04 17:04:00,2017-12-04 13:42:00,2017-12-04 18:08:00,2017-12-04 18:12:00,0.4688769451104548,-2.9336486958923724,3.402525641002827,2.030803924174188,9.413170382938198,3.3666666666666667,4.433333333333334,detector,173,2017-12-05 02:10:00,2017-12-05 02:10:00
AATB,2017-12-05 14:38:00,2017-12-05 16:50:00,2017-12-05 14:38:00,2017-12-06 21:08:00,2017-12-06 21:16:00,0.8156918541347516,-2.9939074419984832,3.809599296133235,2.011281499622492,4.608884559220677,2.2,30.5,detector,173,2017-12-05 02:10:00,2017-12-05 02:10:00
NEWK,2017-12-05 15:30:00,2017-12-05 18:22:00,2017-12-05 15:30:00,2017-12-06 03:08:00,2017-12-06 03:10:00,0.3664566654752154,-4.812700320512827,5.179156985988043,2.0404938638437593,10.958483420178604,2.8666666666666667,11.633333333333333,detector,173,2017-12-05 02:10:00,2017-12-05 02:10:00
LMKS,2017-12-05 21:06:00,2017-12-05 23:24:00,2017-12-05 21:06:00,2017-12-06 05:40:00,2017-12-06 05:42:00,-0.042480127092237197,-3.622003387906973,3.579523260814736,2.1051875802352766,4.580123715237103,2.3,8.566666666666666,detector,173,2017-12-05 02:10:00,2017-12-05 02:10:00
MXCO,2017-12-07 22:46:00,2017-12-08 01:14:00,2017-12-07 22:46:00,2017-12-08 10:30:00,2017-12-08 10:32:00,-0.1808695652173899,-10.921076693981693,10.740207128764302,2.0429254227440414,4.903023771314685,2.466666666666667,11.733333333333333,detector,174,2017-12-08 05:17:00,2017-12-08 05:17:00
BKSN,2017-12-08 11:48:00,2017-12-08 14:46:00,2017-12-08 11:48:00,2017-12-08 21:38:00,2017-12-08 21:40:00,0.1688317778924119,-5.313752505010018,5.48258428290243,2.5904591722987345,6.076559951770234,2.966666666666667,9.833333333333334,detector,174,2017-12-08 05:17:00,2017-12-08 05:17:00
FSMT,2017-12-11 11:12:00,2017-12-11 14:06:00,2017-12-11 11:12:00,2017-12-12 13:40:00,2017-12-12 13:42:00,0.6848957339369878,-2.637400034030968,3.3222957679679554,2.0775673914846733,3.887203819925837,2.9,26.466666666666665,detector,175,2017-12-11 19:08:00,2017-12-11 19:08:00
AATB,2017-12-11 19:08:00,2017-12-11 21:48:00,2017-12-11 19:08:00,2017-12-12 20:36:00,2017-12-12 20:40:00,0.5712981238248511,-2.188964263235204,2.760262387060055,2.096237163080615,4.336258468651527,2.6666666666666665,25.466666666666665,detector,175,2017-12-11 19:08:00,2017-12-11 19:08:00
DRBS,2017-12-12 01:26:00,2017-12-12 04:02:00,2017-12-12 01:26:00,2017-12-12 13:30:00,2017-12-12 13:32:00,0.497913547323934,-10.623513707046694,11.121427254370628,2.4147196997035736,5.7759595646413535,2.6,12.066666666666666,detector,175,2017-12-11 19:08:00,2017-12-11 19:08:00
JUNG,2017-12-16 02:36:00,2017-12-16 06:26:00,2017-12-16 02:36:00,2017-12-16 23:00:00,2017-12-16 23:10:00,0.6445928107783789,-3.90210897749028,4.546701788268659,2.3591825928958983,10.758379523186136,3.8333333333333335,20.4,detector,176,2017-12-16 08:59:00,2017-12-16 08:59:00
JUNG1,2017-12-16 15:22:00,2017-12-16 17:42:00,2017-12-16 15:22:00,2017-12-17 08:36:00,2017-12-17 08:40:00,1.0216912494291397,-4.546807888521438,5.568499137950578,2.561584549826834,4.38782676659468,2.3333333333333335,17.233333333333334,detector,176,2017-12-16 08:59:00,2017-12-16 08:59:00
DRBS,2017-12-18 16:42:00,2017-12-18 19:10:00,2017-12-18 16:42:00,2017-12-18 20:32:00,2017-12-18 20:34:00,0.5195643067419968,-9.057719207185643,9.57728351392764,2.0273254034560946,3.236370413450314,2.466666666666667,3.8333333333333335,detector,177,2017-12-18 17:36:00,2017-12-18 17:36:00
MXCO,2017-12-18 18:30:00,2017-12-18 20:38:00,2017-12-18 18:30:00,2017-12-18 18:34:00,2017-12-18 18:36:00,0.1806072920194139,-11.78568329718004,11.966290589199453,2.08453193982566,5.1577370894603725,2.1333333333333333,0.06666666666666667,detector,177,2017-12-18 17:36:00,2017-12-18 17:36:00
KERG,2017-12-19 15:24:00,2017-12-19 17:28:00,2017-12-19 15:24:00,2017-12-20 19:16:00,2017-12-20 19:18:00,0.3839381227075323,-3.154220810390468,3.5381589330980003,2.2972974341506283,8.023592504159021,2.066666666666667,27.866666666666667,detector,178,2017-12-19 15:24:00,2017-12-19 15:24:00
DRBS,2017-12-22 04:08:00,2017-12-22 07:06:00,2017-12-22 04:08:00,2017-12-22 13:16:00,2017-12-22 13:20:00,-0.0984803988676895,-13.543906215439067,13.445425816571378,2.078913932424184,5.414862727388239,2.966666666666667,9.133333333333333,detector,179,2017-12-23 00:02:00,2017-12-23 00:02:00
LMKS,2017-12-22 09:02:00,2017-12-22 11:00:00,2017-12-22 09:02:00,2017-12-23 20:32:00,2017-12-23 20:42:00,0.05672029277612235,-3.2808290911364635,3.337549383912586,2.090691508420755,4.9314384897447,1.9666666666666666,35.5,detector,179,2017-12-23 00:02:00,2017-12-23 00:02:00
AATB,2017-12-22 16:44:00,2017-12-22 19:46:00,2017-12-22 16:44:00,2017-12-24 03:40:00,2017-12-24 03:42:00,0.5398251669557594,-2.6238356402890193,3.1636608072447787,2.5077740341639148,7.459876921937337,3.033333333333333,34.93333333333333,detector,179,2017-12-23 00:02:00,2017-12-23 00:02:00
OULU,2017-12-23 07:20:00,2017-12-23 11:14:00,2017-12-23 07:20:00,2017-12-23 23:06:00,2017-12-23 23:08:00,0.8990314585901755,-4.2712149850847885,5.170246443674964,2.116755107471361,8.183456199059277,3.9,15.766666666666667,detector,179,2017-12-23 00:02:00,2017-12-23 00:02:00
FSMT,2017-12-24 03:00:00,2017-12-24 05:28:00,2017-12-24 03:00:00,2017-12-24 09:44:00,2017-12-24 09:46:00,0.314508282783746,-3.1871614483828203,3.501669731166566,2.3031579967324065,6.833379033351801,2.466666666666667,6.733333333333333,detector,179,2017-12-23 00:02:00,2017-12-23 00:02:00
KERG,2017-12-24 05:38:00,2017-12-24 07:48:00,2017-12-24 05:38:00,2017-12-24 22:54:00,2017-12-24 23:02:00,0.24319437531276467,-3.0655789808242315,3.3087733561369963,2.3002402357264855,7.212459322275083,2.1666666666666665,17.266666666666666,detector,179,2017-12-23 00:02:00,2017-12-23 00:02:00
MXCO,2017-12-25 15:36:00,2017-12-25 19:56:00,2017-12-25 15:36:00,2017-12-25 16:24:00,2017-12-25 16:30:00,-0.26968716289104633,-4.319654427645788,4.049967264754741,2.1240358438362077,4.055933843842147,4.333333333333333,0.8,detector,180,2017-12-25 17:23:00,2017-12-25 17:23:00
NANM,2017-12-25 19:10:00,2017-12-25 21:26:00,2017-12-25 19:10:00,2017-12-26 12:38:00,2017-12-26 12:40:00,-0.12181023522264575,-4.024023047822603,3.9022128125999576,2.0003043639800455,4.518339855339854,2.2666666666666666,17.466666666666665,detector,180,2017-12-25 17:23:00,2017-12-25 17:23:00
LMKS,2017-12-27 00:40:00,2017-12-27 02:38:00,2017-12-27 00:40:00,2017-12-28 07:30:00,2017-12-28 07:32:00,1.0802173185492707,-2.51668287448442,3.5969001930336906,2.456306857229479,6.677670709545416,1.9666666666666666,30.833333333333332,detector,181,2017-12-27 09:46:00,2017-12-27 09:46:00
KERG,2017-12-27 18:52:00,2017-12-27 20:56:00,2017-12-27 18:52:00,2017-12-27 22:02:00,2017-12-27 22:04:00,-0.4033258179297905,-4.115625200145164,3.712299382215374,2.1859512091683335,5.3839985449295416,2.066666666666667,3.1666666666666665,detector,181,2017-12-27 09:46:00,2017-12-27 09:46:00
NEWK,2017-12-31 13:32:00,2017-12-31 17:34:00,2017-12-31 13:32:00,2018-01-01 19:18:00,2018-01-01 19:20:00,-0.0099937539100464,-4.552496127130085,4.542502373220039,2.011787425613602,4.6914062638616745,4.033333333333333,29.766666666666666,detector,182,2018-01-01 02:54:00,2018-01-01 02:54:00
FSMT,2017-12-31 13:40:00,2017-12-31 17:50:00,2017-12-31 13:40:00,2018-01-01 12:34:00,2018-01-01 12:38:00,-0.0627778316286926,-3.7715122665690135,3.708734434940321,2.528814142304516,10.372291896612976,4.166666666666667,22.9,detector,182,2018-01-01 02:54:00,2018-01-01 02:54:00
JUNG1,2018-01-01 16:08:00,2018-01-01 18:12:00,2018-01-01 16:08:00,2018-01-02 19:30:00,2018-01-02 19:36:00,1.1361303704434542,-4.889944039342033,6.026074409785487,2.487893369206357,6.309239769305627,2.066666666666667,27.366666666666667,detector,182,2018-01-01 02:54:00,2018-01-01 02:54:00
LMKS,2018-01-02 16:46:00,2018-01-02 18:46:00,2018-01-02 16:46:00,2018-01-03 20:24:00,2018-01-03 20:26:00,0.20764677550043684,-2.4657063069355036,2.6733530824359404,2.4659818238391016,7.8376643885995,2.0,27.633333333333333,detector,182,2018-01-01 02:54:00,2018-01-01 02:54:00
LMKS,2018-01-05 04:50:00,2018-01-05 08:52:00,2018-01-05 04:50:00,2018-01-05 19:54:00,2018-01-05 19:56:00,0.24119091725713915,-3.10366810462593,3.344859021883069,2.1962133028698863,6.234162288279366,4.033333333333333,15.066666666666666,detector,183,2018-01-05 04:50:00,2018-01-05 04:50:00
NEWK,2018-01-07 13:40:00,2018-01-07 16:46:00,2018-01-07 13:40:00,2018-01-08 03:18:00,2018-01-08 03:20:00,0.37415905963090423,-4.600352156337577,4.974511215968481,2.0902640440861124,6.143140129276421,3.1,13.633333333333333,detector,184,2018-01-08 03:08:00,2018-01-08 03:08:00
JUNG1,2018-01-07 20:32:00,2018-01-07 23:38:00,2018-01-07 20:32:00,2018-01-08 21:28:00,2018-01-08 21:30:00,0.699893472755583,-4.344007584689894,5.043901057445478,2.101529433432109,10.817149707974288,3.1,24.933333333333334,detector,184,2018-01-08 03:08:00,2018-01-08 03:08:00
MXCO,2018-01-08 02:18:00,2018-01-08 05:46:00,2018-01-08 02:18:00,2018-01-09 04:08:00,2018-01-09 04:12:00,0.3978284473398466,-3.218946518703048,3.6167749660428945,2.091275468638058,12.532407627826048,3.466666666666667,25.833333333333332,detector,184,2018-01-08 03:08:00,2018-01-08 03:08:00
KERG,2018-01-08 03:58:00,2018-01-08 07:10:00,2018-01-08 03:58:00,2018-01-09 06:32:00,2018-01-09 06:34:00,0.800366810528162,-3.787353292084016,4.587720102612178,2.0053978185938752,3.6307700415518434,3.2,26.566666666666666,detector,184,2018-01-08 03:08:00,2018-01-08 03:08:00
NANM,2018-01-09 16:28:00,2018-01-09 19:32:00,2018-01-09 16:28:00,2018-01-10 00:18:00,2018-01-10 00:20:00,-0.25505682334196034,-4.371816681789396,4.116759858447436,2.0896120731377232,7.0404338242317674,3.066666666666667,7.833333333333333,detector,184,2018-01-08 03:08:00,2018-01-08 03:08:00
APTY,2018-01-09 20:20:00,2018-01-09 23:44:00,2018-01-09 20:20:00,2018-01-10 03:48:00,2018-01-10 03:50:00,-0.5620790777237328,-4.308973831422309,3.7468947536985757,2.0583104552176716,5.76840885451827,3.4,7.466666666666667,detector,184,2018-01-08 03:08:00,2018-01-08 03:08:00
KERG,2018-01-13 12:46:00,2018-01-13 15:10:00,2018-01-13 12:46:00,2018-01-14 21:54:00,2018-01-14 21:58:00,0.843729065326535,-2.924943873732903,3.7686729390594382,2.5791952224141927,9.907134915397323,2.4,33.13333333333333,detector,185,2018-01-15 17:49:00,2018-01-15 17:49:00
JUNG1,2018-01-14 19:18:00,2018-01-14 22:20:00,2018-01-14 19:18:00,2018-01-16 07:16:00,2018-01-16 07:18:00,0.502075839082893,-4.169817980134126,4.6718938192170185,2.0514506366797,3.5421951044012943,3.033333333333333,35.96666666666667,detector,185,2018-01-15 17:49:00,2018-01-15 17:49:00
LMKS,2018-01-16 16:20:00,2018-01-16 18:34:00,2018-01-16 16:20:00,2018-01-17 21:58:00,2018-01-17 22:02:00,0.5418218455803431,-2.616659982659391,3.1584818282397342,2.132612295933919,3.226227694950631,2.2333333333333334,29.633333333333333,detector,185,2018-01-15 17:49:00,2018-01-15 17:49:00
NANM,2018-01-17 06:20:00,2018-01-17 09:18:00,2018-01-17 06:20:00,2018-01-18 16:14:00,2018-01-18 16:16:00,0.17617740970660234,-5.206061383626286,5.382238793332888,2.102102025301501,9.407169833070972,2.966666666666667,33.9,detector,185,2018-01-15 17:49:00,2018-01-15 17:49:00
DRBS,2018-01-19 21:38:00,2018-01-20 00:32:00,2018-01-19 21:38:00,2018-01-20 02:34:00,2018-01-20 02:36:00,0.4307288246881194,-8.46188055354512,8.892609378233239,2.022022448081398,4.819504093171742,2.9,4.933333333333334,detector,186,2018-01-20 06:25:00,2018-01-20 06:25:00
LMKS,2018-01-20 15:12:00,2018-01-20 17:24:00,2018-01-20 15:12:00,2018-01-22 02:36:00,2018-01-22 02:44:00,0.44286108262152374,-4.294946602867668,4.737807685489192,2.020728608955797,4.228636632793417,2.2,35.4,detector,186,2018-01-20 06:25:00,2018-01-20 06:25:00
LMKS,2018-01-24 01:42:00,2018-01-24 03:50:00,2018-01-24 01:42:00,2018-01-24 19:28:00,2018-01-24 19:30:00,-0.09306156012021449,-3.265554935631174,3.1724933755109594,2.039409662855728,3.716175015632135,2.1333333333333333,17.766666666666666,detector,187,2018-01-25 02:06:00,2018-01-25 02:06:00
AATB,2018-01-25 02:06:00,2018-01-25 07:20:00,2018-01-25 02:06:00,2018-01-25 12:54:00,2018-01-25 12:56:00,-0.175556359222629,-2.4929793429009344,2.3174229836783056,2.693630952044205,14.093188660000957,5.233333333333333,10.8,detector,187,2018-01-25 02:06:00,2018-01-25 02:06:00
APTY,2018-01-25 05:00:00,2018-01-25 07:30:00,2018-01-25 05:00:00,2018-01-26 16:32:00,2018-01-26 16:34:00,0.021815008739487447,-3.4357586723993734,3.457573681138861,2.254571488026431,5.8159399102184635,2.5,35.53333333333333,detector,187,2018-01-25 02:06:00,2018-01-25 02:06:00
LMKS,2018-01-27 22:54:00,2018-01-28 01:20:00,2018-01-27 22:54:00,2018-01-29 04:10:00,2018-01-29 04:12:00,-0.3769890621458165,-3.4018564722000466,3.02486741005423,2.4537440425531707,9.764926664807126,2.433333333333333,29.266666666666666,detector,188,2018-01-27 22:54:00,2018-01-27 22:54:00
LMKS,2018-02-02 06:28:00,2018-02-02 08:40:00,2018-02-02 06:28:00,2018-02-02 16:14:00,2018-02-02 16:16:00,1.0668422938054007,-1.7007834032244709,2.767625697029872,2.015713756333476,6.773357352531281,2.2,9.766666666666667,detector,189,2018-02-02 06:28:00,2018-02-02 06:28:00
OULU,2018-02-03 20:08:00,2018-02-03 23:18:00,2018-02-03 20:08:00,2018-02-04 22:22:00,2018-02-04 22:24:00,0.1725712344805771,-6.321373814488009,6.493945048968586,2.045507669183439,4.038068084817334,3.1666666666666665,26.233333333333334,detector,190,2018-02-06 10:46:00,2018-02-06 10:46:00
NEWK,2018-02-05 05:08:00,2018-02-05 09:12:00,2018-02-05 05:08:00,2018-02-06 02:50:00,2018-02-06 02:52:00,-0.12822269972832195,-5.203664973608201,5.0754422738798795,2.5084636721900035,12.390014703137467,4.066666666666666,21.7,detector,190,2018-02-06 10:46:00,2018-02-06 10:46:00
BKSN,2018-02-06 10:46:00,2018-02-06 12:58:00,2018-02-06 10:46:00,2018-02-07 16:28:00,2018-02-07 16:30:00,0.4896429572777913,-4.55884873764376,5.048491694921551,2.111448503215877,5.263265868343806,2.2,29.7,detector,190,2018-02-06 10:46:00,2018-02-06 10:46:00
JUNG1,2018-02-07 16:24:00,2018-02-07 19:50:00,2018-02-07 16:24:00,2018-02-09 00:20:00,2018-02-09 00:22:00,0.22756309362389188,-2.365606942219117,2.5931700358430088,2.280641539126582,9.866319467244244,3.433333333333333,31.933333333333334,detector,190,2018-02-06 10:46:00,2018-02-06 10:46:00
AATB,2018-02-09 05:42:00,2018-02-09 08:18:00,2018-02-09 05:42:00,2018-02-09 11:52:00,2018-02-09 11:54:00,0.31741565619785295,-3.374531315095135,3.691946971292988,2.691077531708889,8.151846439057621,2.6,6.166666666666667,detector,190,2018-02-06 10:46:00,2018-02-06 10:46:00
JUNG,2018-02-10 08:38:00,2018-02-10 10:50:00,2018-02-10 08:38:00,2018-02-11 06:12:00,2018-02-11 06:14:00,0.2150636361000652,-2.6206552853730627,2.835718921473128,2.2977554667806133,6.210559183113647,2.2,21.566666666666666,detector,191,2018-02-10 08:38:00,2018-02-10 08:38:00
ATHN,2018-02-11 18:14:00,2018-02-11 21:04:00,2018-02-11 18:14:00,2018-02-13 04:36:00,2018-02-13 04:38:00,0.48128039806706985,-5.449557739989794,5.930838138056864,2.046031871261224,3.4026619024958067,2.8333333333333335,34.36666666666667,detector,192,2018-02-12 08:46:00,2018-02-12 08:46:00
FSMT,2018-02-12 08:46:00,2018-02-12 11:10:00,2018-02-12 08:46:00,2018-02-13 04:00:00,2018-02-13 04:02:00,0.3502939408677507,-2.440018107741066,2.7903120486088167,2.0163055099033484,5.954739330171769,2.4,19.233333333333334,detector,192,2018-02-12 08:46:00,2018-02-12 08:46:00
KERG,2018-02-13 13:02:00,2018-02-13 15:08:00,2018-02-13 13:02:00,2018-02-13 19:58:00,2018-02-13 20:02:00,0.1243806501914761,-3.661372341620692,3.785752991812168,2.4721401631557165,5.414766423235573,2.1,6.933333333333334,detector,192,2018-02-12 08:46:00,2018-02-12 08:46:00
KERG,2018-02-15 13:56:00,2018-02-15 16:02:00,2018-02-15 13:56:00,2018-02-16 21:02:00,2018-02-16 21:06:00,0.38928227117905345,-3.88453284215152,4.273815113330573,2.4009144199316457,5.0642307031359906,2.1,31.1,detector,193,2018-02-16 04:56:00,2018-02-16 04:56:00
ROME,2018-02-16 04:56:00,2018-02-16 06:56:00,2018-02-16 04:56:00,2018-02-16 21:58:00,2018-02-16 22:00:00,0.1798896697736022,-4.990654205607478,5.17054387538108,2.159848506251702,6.410784357726202,2.0,17.033333333333335,detector,193,2018-02-16 04:56:00,2018-02-16 04:56:00
ATHN,2018-02-16 04:56:00,2018-02-16 07:42:00,2018-02-16 04:56:00,2018-02-17 07:30:00,2018-02-17 07:32:00,0.5061153182303754,-7.036991563327663,7.543106881558039,2.0138082693264505,3.5625180153435516,2.7666666666666666,26.566666666666666,detector,193,2018-02-16 04:56:00,2018-02-16 04:56:00
FSMT,2018-02-16 15:36:00,2018-02-16 18:48:00,2018-02-16 15:36:00,2018-02-17 09:10:00,2018-02-17 09:16:00,0.30620634379206724,-3.392539564620336,3.6987459084124032,2.040828500708146,8.056464122205398,3.2,17.566666666666666,detector,193,2018-02-16 04:56:00,2018-02-16 04:56:00
KERG,2018-02-17 22:22:00,2018-02-18 00:28:00,2018-02-17 22:22:00,2018-02-18 00:28:00,2018-02-18 00:42:00,-0.8520867329304178,-4.592065899980503,3.7399791670500857,2.033147385382137,3.0689471252407263,2.1,2.1,detector,194,2018-02-17 22:22:00,2018-02-17 22:22:00
JUNG,2018-02-19 13:30:00,2018-02-19 15:32:00,2018-02-19 13:30:00,2018-02-20 08:32:00,2018-02-20 08:34:00,1.022884141722697,-2.485768731262671,3.508652872985368,2.9766731962103945,5.697086968881167,2.033333333333333,19.033333333333335,detector,195,2018-02-19 13:30:00,2018-02-19 13:30:00
JUNG,2018-02-22 07:32:00,2018-02-22 10:22:00,2018-02-22 07:32:00,2018-02-23 08:24:00,2018-02-23 08:28:00,0.17496157703088033,-3.6138389484816376,3.788800525512518,2.4440675049362763,5.281929535043853,2.8333333333333335,24.866666666666667,detector,196,2018-02-23 03:12:00,2018-02-23 03:12:00
AATB,2018-02-22 13:42:00,2018-02-22 15:42:00,2018-02-22 13:42:00,2018-02-23 19:42:00,2018-02-23 19:46:00,0.14474525389735954,-2.974054650841853,3.1187999047392125,2.263972301760524,5.772558107673282,2.0,30.0,detector,196,2018-02-23 03:12:00,2018-02-23 03:12:00
JUNG1,2018-02-23 03:12:00,2018-02-23 05:26:00,2018-02-23 03:12:00,2018-02-23 19:34:00,2018-02-23 19:36:00,-0.14070756566574683,-3.811293949250397,3.6705863835846504,2.2844286283312076,11.50105770583137,2.2333333333333334,16.366666666666667,detector,196,2018-02-23 03:12:00,2018-02-23 03:12:00
BKSN,2018-02-23 04:04:00,2018-02-23 06:56:00,2018-02-23 04:04:00,2018-02-23 18:00:00,2018-02-23 18:06:00,0.40118623362263345,-4.73060302105221,5.131789254674843,2.1803364185020913,4.768217510051033,2.8666666666666667,13.933333333333334,detector,196,2018-02-23 03:12:00,2018-02-23 03:12:00
NEWK,2018-02-23 07:04:00,2018-02-23 10:00:00,2018-02-23 07:04:00,2018-02-23 23:12:00,2018-02-23 23:14:00,-0.15010341739378763,-5.353009979344497,5.2029065619507096,2.0950846200879916,3.438314789215711,2.933333333333333,16.133333333333333,detector,196,2018-02-23 03:12:00,2018-02-23 03:12:00
ROME,2018-03-03 11:00:00,2018-03-03 13:22:00,2018-03-03 11:00:00,2018-03-04 08:18:00,2018-03-04 08:20:00,0.1379038613081143,-4.871209137455689,5.009112998763803,2.600540318840691,6.738612954285326,2.3666666666666667,21.3,detector,197,2018-03-06 05:28:00,2018-03-06 05:28:00
KERG,2018-03-04 17:14:00,2018-03-04 20:44:00,2018-03-04 17:14:00,2018-03-06 00:14:00,2018-03-06 00:16:00,0.24846569164617915,-3.452244939720006,3.700710631366185,2.23813782563628,4.074323693893606,3.5,31.0,detector,197,2018-03-06 05:28:00,2018-03-06 05:28:00
AATB,2018-03-05 21:36:00,2018-03-06 00:12:00,2018-03-05 21:36:00,2018-03-06 16:38:00,2018-03-06 16:42:00,-0.4804683798363256,-2.7346298287991315,2.254161448962806,2.3110476599862255,5.818615570667178,2.6,19.033333333333335,detector,197,2018-03-06 05:28:00,2018-03-06 05:28:00
JUNG,2018-03-06 13:20:00,2018-03-06 16:18:00,2018-03-06 13:20:00,2018-03-06 18:36:00,2018-03-06 18:38:00,-0.1112187304388787,-3.3306887233221145,3.2194699928832358,2.2192949531086024,3.90851370723806,2.966666666666667,5.266666666666667,detector,197,2018-03-06 05:28:00,2018-03-06 05:28:00
NEWK,2018-03-06 23:14:00,2018-03-07 01:16:00,2018-03-06 23:14:00,2018-03-08 02:20:00,2018-03-08 02:26:00,-0.2284749367478613,-6.38233969064424,6.153864753896379,2.045801361731604,8.156438576210096,2.033333333333333,27.1,detector,197,2018-03-06 05:28:00,2018-03-06 05:28:00
LMKS,2018-03-08 08:52:00,2018-03-08 11:14:00,2018-03-08 08:52:00,2018-03-09 18:26:00,2018-03-09 18:30:00,-0.04317971967135775,-3.1405316153503895,3.0973518956790316,2.17978722619711,3.524316419915912,2.3666666666666667,33.56666666666667,detector,197,2018-03-06 05:28:00,2018-03-06 05:28:00
JUNG,2018-03-10 08:38:00,2018-03-10 11:12:00,2018-03-10 08:38:00,2018-03-11 03:04:00,2018-03-11 03:06:00,0.21490400367148477,-3.6328126190193273,3.847716622690812,2.1425603102836694,3.771975233385708,2.566666666666667,18.433333333333334,detector,198,2018-03-10 08:38:00,2018-03-10 08:38:00
NEWK,2018-03-15 09:32:00,2018-03-15 11:56:00,2018-03-15 09:32:00,2018-03-16 12:42:00,2018-03-16 12:44:00,0.7156426184971384,-4.054352358293892,4.769994976791031,2.020964962497341,7.723914505319407,2.4,27.166666666666668,detector,199,2018-03-16 03:51:00,2018-03-16 03:51:00
KERG,2018-03-15 14:10:00,2018-03-15 17:12:00,2018-03-15 14:10:00,2018-03-17 01:48:00,2018-03-17 01:50:00,0.4581826596569737,-3.529401781566169,3.987584441223143,2.0890546546481907,3.9400032305501784,3.033333333333333,35.63333333333333,detector,199,2018-03-16 03:51:00,2018-03-16 03:51:00
ATHN,2018-03-15 14:48:00,2018-03-15 17:00:00,2018-03-15 14:48:00,2018-03-16 06:36:00,2018-03-16 06:38:00,0.650262593403185,-5.255901217330596,5.906163810733781,2.1712551789833374,7.211187670403144,2.2,15.8,detector,199,2018-03-16 03:51:00,2018-03-16 03:51:00
JUNG1,2018-03-16 03:18:00,2018-03-16 05:22:00,2018-03-16 03:18:00,2018-03-17 15:18:00,2018-03-17 15:20:00,0.6096080517137361,-3.0334206804479065,3.6430287321616426,2.0411956553780457,5.2455732215137925,2.066666666666667,36.0,detector,199,2018-03-16 03:51:00,2018-03-16 03:51:00
AATB,2018-03-16 04:24:00,2018-03-16 06:32:00,2018-03-16 04:24:00,2018-03-17 12:54:00,2018-03-17 12:58:00,0.17268088724159553,-2.928301097022874,3.1009819842644695,2.5521056645381384,4.989534221899671,2.1333333333333333,32.5,detector,199,2018-03-16 03:51:00,2018-03-16 03:51:00
BKSN,2018-03-16 17:08:00,2018-03-16 19:40:00,2018-03-16 17:08:00,2018-03-17 01:24:00,2018-03-17 01:26:00,0.2912138813634467,-4.141898979624275,4.433112860987722,2.252208699458015,5.529264192091684,2.533333333333333,8.266666666666667,detector,199,2018-03-16 03:51:00,2018-03-16 03:51:00
JUNG,2018-03-16 23:44:00,2018-03-17 01:52:00,2018-03-16 23:44:00,2018-03-17 19:02:00,2018-03-17 19:14:00,0.9055963886983727,-4.0633372467563715,4.968933635454745,2.1157196732276247,12.807715026127797,2.1333333333333333,19.3,detector,199,2018-03-16 03:51:00,2018-03-16 03:51:00
LMKS,2018-03-17 17:38:00,2018-03-17 19:38:00,2018-03-17 17:38:00,2018-03-18 08:44:00,2018-03-18 08:46:00,0.0083290164911024,-2.6416234514993313,2.649952467990434,2.022301648943006,6.91845424167539,2.0,15.1,detector,199,2018-03-16 03:51:00,2018-03-16 03:51:00
NEWK,2018-03-22 01:44:00,2018-03-22 04:22:00,2018-03-22 01:44:00,2018-03-22 02:12:00,2018-03-22 02:14:00,-1.0108240020818613,-6.314955953677121,5.304131951595259,2.195803243799823,6.567709821372443,2.6333333333333333,0.4666666666666667,detector,200,2018-03-22 20:13:00,2018-03-22 20:13:00
BKSN,2018-03-22 09:18:00,2018-03-22 11:26:00,2018-03-22 09:18:00,2018-03-23 12:20:00,2018-03-23 12:22:00,0.3680881165716018,-5.671289371766797,6.039377488338398,2.0504960815002353,3.1496511400786456,2.1333333333333333,27.033333333333335,detector,200,2018-03-22 20:13:00,2018-03-22 20:13:00
FSMT,2018-03-22 16:42:00,2018-03-22 18:58:00,2018-03-22 16:42:00,2018-03-23 10:36:00,2018-03-23 10:42:00,0.3473253454215204,-3.796446785854397,4.1437721312759175,2.0147064916317508,6.578379112750838,2.2666666666666666,17.9,detector,200,2018-03-22 20:13:00,2018-03-22 20:13:00
KERG,2018-03-22 23:44:00,2018-03-23 02:34:00,2018-03-22 23:44:00,2018-03-23 05:54:00,2018-03-23 05:58:00,-0.16837503813374435,-4.9816669912696,4.813291953135856,2.008715728572462,5.599429872797022,2.8333333333333335,6.166666666666667,detector,200,2018-03-22 20:13:00,2018-03-22 20:13:00
JUNG,2018-03-23 02:32:00,2018-03-23 06:04:00,2018-03-23 02:32:00,2018-03-23 15:14:00,2018-03-23 15:16:00,-0.6799415215841215,-3.958283096214133,3.2783415746300113,2.2868477206964997,5.725777264157937,3.533333333333333,12.7,detector,200,2018-03-22 20:13:00,2018-03-22 20:13:00
AATB,2018-03-23 21:52:00,2018-03-24 00:42:00,2018-03-23 21:52:00,2018-03-24 19:22:00,2018-03-24 19:24:00,-1.0729327208345714,-3.4795870072046013,2.40665428637003,2.0627662176951205,4.670740876857773,2.8333333333333335,21.5,detector,200,2018-03-22 20:13:00,2018-03-22 20:13:00
JUNG,2018-03-25 15:02:00,2018-03-25 17:12:00,2018-03-25 15:02:00,2018-03-27 01:32:00,2018-03-27 01:36:00,-0.2575823773267545,-3.81299897144537,3.5554165941186153,2.5800852112032566,5.189999036554759,2.1666666666666665,34.5,detector,201,2018-03-25 15:02:00,2018-03-25 15:02:00
AATB,2018-03-28 09:30:00,2018-03-28 12:26:00,2018-03-28 09:30:00,2018-03-29 02:38:00,2018-03-29 02:40:00,0.4718051992569121,-2.205325870778131,2.6771310700350432,2.103834269681625,6.543933418521509,2.933333333333333,17.133333333333333,detector,202,2018-03-29 19:27:00,2018-03-29 19:27:00
JUNG1,2018-03-29 13:30:00,2018-03-29 15:36:00,2018-03-29 13:30:00,2018-03-31 01:00:00,2018-03-31 01:02:00,0.4105810715670284,-3.14472318196549,3.5553042535325186,2.0544018122272507,3.349101310045927,2.1,35.5,detector,202,2018-03-29 19:27:00,2018-03-29 19:27:00
KERG,2018-03-29 16:18:00,2018-03-29 19:04:00,2018-03-29 16:18:00,2018-03-30 07:00:00,2018-03-30 07:02:00,0.617630212960221,-3.739466254613681,4.357096467573902,2.1182427118953058,10.64086134512448,2.7666666666666666,14.7,detector,202,2018-03-29 19:27:00,2018-03-29 19:27:00
OULU,2018-03-29 22:36:00,2018-03-30 00:58:00,2018-03-29 22:36:00,2018-03-30 18:02:00,2018-03-30 18:04:00,0.37266406569673577,-4.642683519688863,5.015347585385599,2.3194159066503697,9.017757529877825,2.3666666666666667,19.433333333333334,detector,202,2018-03-29 19:27:00,2018-03-29 19:27:00
JUNG,2018-03-29 23:02:00,2018-03-30 01:28:00,2018-03-29 23:02:00,2018-03-31 03:16:00,2018-03-31 03:18:00,0.6662786069067714,-4.715909960366644,5.382188567273415,2.015832413728934,6.552856690771299,2.433333333333333,28.233333333333334,detector,202,2018-03-29 19:27:00,2018-03-29 19:27:00
LMKS,2018-03-30 06:06:00,2018-03-30 08:10:00,2018-03-30 06:06:00,2018-03-30 23:36:00,2018-03-30 23:42:00,-0.1408078838014035,-2.6295329247707033,2.4887250409693,2.3111257326488053,7.377558707059979,2.066666666666667,17.5,detector,202,2018-03-29 19:27:00,2018-03-29 19:27:00
JUNG,2018-04-03 19:38:00,2018-04-03 22:50:00,2018-04-03 19:38:00,2018-04-04 04:00:00,2018-04-04 04:02:00,0.44677237383891494,-3.1554297859720224,3.6022021598109375,2.026716663126787,3.7492739783315345,3.2,8.366666666666667,detector,203,2018-04-03 19:38:00,2018-04-03 19:38:00
FSMT,2018-04-05 01:20:00,2018-04-05 03:52:00,2018-04-05 01:20:00,2018-04-06 00:14:00,2018-04-06 00:16:00,0.11792514676426805,-2.8368474461607813,2.9547725929250492,2.252018143310244,6.718663435267359,2.533333333333333,22.9,detector,204,2018-04-05 01:20:00,2018-04-05 01:20:00
DRBS,2018-04-06 17:32:00,2018-04-06 20:06:00,2018-04-06 17:32:00,2018-04-07 08:52:00,2018-04-07 08:54:00,0.5659209613906485,-4.881659459168478,5.4475804205591265,2.0059706615835204,3.0464645839934854,2.566666666666667,15.333333333333334,detector,205,2018-04-06 17:32:00,2018-04-06 17:32:00
DRBS,2018-04-08 18:28:00,2018-04-08 22:16:00,2018-04-08 18:28:00,2018-04-08 22:14:00,2018-04-08 22:16:00,1.4983532545871583,-4.121134774401098,5.619488028988257,2.2536190542624057,5.021386052037327,3.8,3.7666666666666666,detector,206,2018-04-09 09:26:00,2018-04-09 09:26:00
FSMT,2018-04-09 01:38:00,2018-04-09 04:10:00,2018-04-09 01:38:00,2018-04-09 14:26:00,2018-04-09 14:28:00,0.45463449137238504,-2.919552357754604,3.374186849126989,2.0300023815364066,7.057941494650469,2.533333333333333,12.8,detector,206,2018-04-09 09:26:00,2018-04-09 09:26:00
AATB,2018-04-09 17:14:00,2018-04-09 19:22:00,2018-04-09 17:14:00,2018-04-10 21:06:00,2018-04-10 21:08:00,0.39743973423117074,-3.1400582472862,3.537497981517371,2.415936306989988,7.785404800966427,2.1333333333333333,27.866666666666667,detector,206,2018-04-09 09:26:00,2018-04-09 09:26:00
JUNG1,2018-04-11 10:44:00,2018-04-11 13:32:00,2018-04-11 10:44:00,2018-04-12 20:54:00,2018-04-12 20:56:00,0.2883431603511204,-2.534816535334835,2.8231596956859555,2.1535128927050495,5.914022162362742,2.8,34.166666666666664,detector,206,2018-04-09 09:26:00,2018-04-09 09:26:00
KERG,2018-04-13 16:22:00,2018-04-13 19:10:00,2018-04-13 16:22:00,2018-04-14 19:10:00,2018-04-14 19:12:00,0.7666475490242998,-3.039466182401758,3.806113731426058,2.1037817441198907,5.495870672666901,2.8,26.8,detector,207,2018-04-13 16:22:00,2018-04-13 16:22:00
LMKS,2018-04-16 20:30:00,2018-04-16 23:30:00,2018-04-16 20:30:00,2018-04-18 00:18:00,2018-04-18 00:20:00,0.2204907767610638,-2.6481048381290826,2.8685956148901464,2.1137323406274624,4.63113363445717,3.0,27.8,detector,208,2018-04-17 03:25:00,2018-04-17 03:25:00
AATB,2018-04-16 21:18:00,2018-04-17 00:32:00,2018-04-16 21:18:00,2018-04-18 04:00:00,2018-04-18 04:02:00,0.20088818593365948,-2.0074532414568944,2.208341427390554,2.2426828047273624,20.175038779240236,3.2333333333333334,30.7,detector,208,2018-04-17 03:25:00,2018-04-17 03:25:00
BKSN,2018-04-17 09:32:00,2018-04-17 11:38:00,2018-04-17 09:32:00,2018-04-18 02:50:00,2018-04-18 02:52:00,0.345057042391515,-4.558464333925816,4.903521376317331,2.3053154390570563,6.897887159092555,2.1,17.3,detector,208,2018-04-17 03:25:00,2018-04-17 03:25:00
APTY,2018-04-17 23:44:00,2018-04-18 01:42:00,2018-04-17 23:44:00,2018-04-18 05:44:00,2018-04-18 05:50:00,0.11819966957895656,-3.4735346494421737,3.59173431902113,2.5805554322788664,3.785883130513416,1.9666666666666666,6.0,detector,208,2018-04-17 03:25:00,2018-04-17 03:25:00
NANM,2018-04-20 03:18:00,2018-04-20 05:36:00,2018-04-20 03:18:00,2018-04-21 06:14:00,2018-04-21 06:16:00,0.03288994193947885,-4.356422314671462,4.389312256610941,2.0039365149095296,3.0037458260417083,2.3,26.933333333333334,detector,209,2018-04-22 00:54:00,2018-04-22 00:54:00
MXCO,2018-04-20 21:32:00,2018-04-21 00:24:00,2018-04-20 21:32:00,2018-04-22 00:30:00,2018-04-22 00:32:00,0.053635230917137705,-3.3694623655913993,3.423097596508537,2.0799331840943234,4.416155588505078,2.8666666666666667,26.966666666666665,detector,209,2018-04-22 00:54:00,2018-04-22 00:54:00
DRBS,2018-04-22 00:54:00,2018-04-22 02:56:00,2018-04-22 00:54:00,2018-04-23 09:18:00,2018-04-23 09:20:00,0.05916311817808235,-7.926418439716315,7.985581557894397,2.1121148216476655,4.276201020912152,2.033333333333333,32.4,detector,209,2018-04-22 00:54:00,2018-04-22 00:54:00
LMKS,2018-04-22 04:06:00,2018-04-22 06:58:00,2018-04-22 04:06:00,2018-04-23 12:46:00,2018-04-23 12:48:00,0.0803775161913846,-5.862810868539601,5.943188384730985,2.501320557688613,7.291022319102821,2.8666666666666667,32.666666666666664,detector,209,2018-04-22 00:54:00,2018-04-22 00:54:00
JUNG1,2018-04-22 17:42:00,2018-04-22 19:46:00,2018-04-22 17:42:00,2018-04-24 01:44:00,2018-04-24 01:46:00,0.20082054457897203,-2.7868065705372995,2.9876271151162714,2.0045526003271688,7.609422159478712,2.066666666666667,32.03333333333333,detector,209,2018-04-22 00:54:00,2018-04-22 00:54:00
LMKS,2018-04-25 00:20:00,2018-04-25 03:26:00,2018-04-25 00:20:00,2018-04-26 07:08:00,2018-04-26 07:10:00,-0.08252155963213545,-3.2174041488182112,3.1348825891860757,2.5609899460012393,6.480545324894587,3.1,30.8,detector,210,2018-04-25 00:20:00,2018-04-25 00:20:00
JUNG,2018-04-28 10:08:00,2018-04-28 15:50:00,2018-04-28 10:08:00,2018-04-29 20:16:00,2018-04-29 20:18:00,-0.16514931068533778,-3.8173716657510783,3.6522223550657404,2.2331819913923296,9.456918466474354,5.7,34.13333333333333,detector,211,2018-04-28 10:08:00,2018-04-28 10:08:00
KERG,2018-04-30 10:08:00,2018-04-30 12:30:00,2018-04-30 10:08:00,2018-05-01 02:36:00,2018-05-01 02:38:00,0.2576070072250287,-3.6701821668264616,3.9277891740514903,2.220566876136308,3.616518685614296,2.3666666666666667,16.466666666666665,detector,212,2018-04-30 12:37:00,2018-04-30 12:37:00
JUNG1,2018-04-30 15:06:00,2018-04-30 17:06:00,2018-04-30 15:06:00,2018-05-01 23:40:00,2018-05-01 23:42:00,0.2272826975813499,-3.1971245568224504,3.4244072544038002,2.0248230849827364,3.1801242187193095,2.0,32.56666666666667,detector,212,2018-04-30 12:37:00,2018-04-30 12:37:00
KERG,2018-05-04 14:30:00,2018-05-04 17:48:00,2018-05-04 14:30:00,2018-05-05 18:52:00,2018-05-05 18:54:00,0.4376984969046429,-2.7466886152853984,3.1843871121900413,2.0509694643140093,3.897266274173146,3.3,28.366666666666667,detector,213,2018-05-04 14:30:00,2018-05-04 14:30:00
AATB,2018-05-07 06:58:00,2018-05-07 09:16:00,2018-05-07 06:58:00,2018-05-08 13:36:00,2018-05-08 13:38:00,0.22710820266642023,-2.1495162708882996,2.37662447355472,2.096182616061501,3.4749215254102386,2.3,30.633333333333333,detector,214,2018-05-07 10:38:00,2018-05-07 10:38:00
JUNG,2018-05-07 14:18:00,2018-05-07 16:16:00,2018-05-07 14:18:00,2018-05-08 01:58:00,2018-05-08 02:02:00,0.4224825899531678,-3.066589049318176,3.489071639271344,2.146363078593949,3.3382652682373837,1.9666666666666666,11.666666666666666,detector,214,2018-05-07 10:38:00,2018-05-07 10:38:00
LMKS,2018-05-10 02:00:00,2018-05-10 04:38:00,2018-05-10 02:00:00,2018-05-10 04:14:00,2018-05-10 04:16:00,0.0176440244062595,-2.0309867427852977,2.048630767191557,2.2874727864235074,6.338455994912553,2.6333333333333333,2.2333333333333334,detector,215,2018-05-10 11:14:00,2018-05-10 11:14:00
KERG,2018-05-10 03:52:00,2018-05-10 06:42:00,2018-05-10 03:52:00,2018-05-11 11:44:00,2018-05-11 11:46:00,0.1218773818664778,-2.9836209585526934,3.1054983404191714,2.3619528661471856,4.081069902211161,2.8333333333333335,31.866666666666667,detector,215,2018-05-10 11:14:00,2018-05-10 11:14:00
DRBS,2018-05-10 11:14:00,2018-05-10 15:12:00,2018-05-10 11:14:00,2018-05-11 22:00:00,2018-05-11 22:02:00,0.7083111100523666,-8.007895107852807,8.716206217905174,2.0456843415027968,3.3640156808774804,3.966666666666667,34.766666666666666,detector,215,2018-05-10 11:14:00,2018-05-10 11:14:00
JUNG1,2018-05-11 07:02:00,2018-05-11 09:54:00,2018-05-11 07:02:00,2018-05-11 21:08:00,2018-05-11 21:10:00,-0.045039007467203795,-3.83011231136249,3.7850733038952864,2.0861462550380794,3.706866985296256,2.8666666666666667,14.1,detector,215,2018-05-10 11:14:00,2018-05-10 11:14:00
AATB,2018-05-12 07:04:00,2018-05-12 09:50:00,2018-05-12 07:04:00,2018-05-13 16:30:00,2018-05-13 16:32:00,0.27790482565970215,-2.490253240139092,2.7681580657987945,13.568015145458268,19.17980833712348,2.7666666666666666,33.43333333333333,detector,215,2018-05-10 11:14:00,2018-05-10 11:14:00
JUNG1,2018-05-15 06:42:00,2018-05-15 09:36:00,2018-05-15 06:42:00,2018-05-16 08:30:00,2018-05-16 08:34:00,-0.5708518109785417,-3.655982987332965,3.085131176354423,2.334156935167525,5.469341695983717,2.9,25.8,detector,216,2018-05-15 06:42:00,2018-05-15 06:42:00
KERG,2018-05-16 21:46:00,2018-05-17 00:48:00,2018-05-16 21:46:00,2018-05-18 01:12:00,2018-05-18 01:14:00,0.3199588402794785,-3.4894312938773915,3.80939013415687,2.281701074878442,7.866749174429018,3.033333333333333,27.433333333333334,detector,217,2018-05-16 21:46:00,2018-05-16 21:46:00
NANM,2018-05-19 09:26:00,2018-05-19 11:30:00,2018-05-19 09:26:00,2018-05-20 15:30:00,2018-05-20 15:32:00,0.45753997801577784,-3.569104089787973,4.026644067803751,2.192093849012379,3.679077567247635,2.066666666666667,30.066666666666666,detector,218,2018-05-19 09:26:00,2018-05-19 09:26:00
LMKS,2018-05-21 20:54:00,2018-05-22 00:18:00,2018-05-21 20:54:00,2018-05-22 22:28:00,2018-05-22 22:32:00,0.1813113864210289,-3.0788652054879955,3.2601765919090244,2.2067475308733524,4.374284936184559,3.4,25.566666666666666,detector,219,2018-05-22 01:42:00,2018-05-22 01:42:00
KERG,2018-05-22 01:42:00,2018-05-22 06:22:00,2018-05-22 01:42:00,2018-05-22 13:12:00,2018-05-22 13:14:00,-0.06824461967616191,-3.960330522060063,3.892085902383901,2.052226121770108,3.604508134615753,4.666666666666667,11.5,detector,219,2018-05-22 01:42:00,2018-05-22 01:42:00
JUNG,2018-05-22 05:12:00,2018-05-22 08:08:00,2018-05-22 05:12:00,2018-05-22 22:16:00,2018-05-22 22:18:00,-0.1465289387537152,-3.8203095967687983,3.673780658015083,2.2261815708302732,8.885900135019758,2.933333333333333,17.066666666666666,detector,219,2018-05-22 01:42:00,2018-05-22 01:42:00
KERG,2018-05-28 05:04:00,2018-05-28 07:04:00,2018-05-28 05:04:00,2018-05-29 04:04:00,2018-05-29 04:06:00,0.5349583066068013,-3.2687661630597415,3.803724469666543,2.2953977864015744,2.933399090240216,2.0,23.0,detector,220,2018-05-28 05:04:00,2018-05-28 05:04:00
MXCO,2018-05-31 22:26:00,2018-06-01 10:52:00,2018-05-31 22:26:00,2018-06-01 00:08:00,2018-06-01 00:10:00,0.5025666808112428,-12.652473118279572,13.155039799090815,2.435935524038034,11.451720549009844,12.433333333333334,1.7,detector,221,2018-06-01 21:04:00,2018-06-01 21:04:00
ROME,2018-05-31 22:56:00,2018-06-01 02:30:00,2018-05-31 22:56:00,2018-06-01 23:06:00,2018-06-01 23:10:00,0.4765656016307221,-3.5286107806924187,4.005176382323141,2.413723866436308,8.488345282969771,3.566666666666667,24.166666666666668,detector,221,2018-06-01 21:04:00,2018-06-01 21:04:00
LMKS,2018-06-01 20:00:00,2018-06-01 22:12:00,2018-06-01 20:00:00,2018-06-03 01:20:00,2018-06-03 01:26:00,0.8073298649267944,-2.438833261672684,3.2461631265994786,2.733418520391385,8.156309460792649,2.2,29.333333333333332,detector,221,2018-06-01 21:04:00,2018-06-01 21:04:00
BKSN,2018-06-01 21:04:00,2018-06-01 23:08:00,2018-06-01 21:04:00,2018-06-02 00:16:00,2018-06-02 00:18:00,0.5494767476704002,-4.334062622716965,4.883539370387366,2.0886487123766897,3.268100256726819,2.066666666666667,3.2,detector,221,2018-06-01 21:04:00,2018-06-01 21:04:00
AATB,2018-06-02 00:06:00,2018-06-02 02:54:00,2018-06-02 00:06:00,2018-06-03 02:30:00,2018-06-03 02:32:00,0.6013340348168237,-1.9319421473061773,2.533276182123001,2.481750385864403,6.976523679866142,2.8,26.4,detector,221,2018-06-01 21:04:00,2018-06-01 21:04:00
NANM,2018-06-02 12:04:00,2018-06-02 14:44:00,2018-06-02 12:04:00,2018-06-02 22:38:00,2018-06-02 22:40:00,0.13142242197529,-3.905605004188232,4.037027426163522,2.6063088650716235,5.915675435953874,2.6666666666666665,10.566666666666666,detector,221,2018-06-01 21:04:00,2018-06-01 21:04:00
DRBS,2018-06-02 23:14:00,2018-06-03 02:14:00,2018-06-02 23:14:00,2018-06-03 18:02:00,2018-06-03 18:04:00,1.276319945730841,-7.016391731504386,8.292711677235227,2.2238603470158513,3.719290581563262,3.0,18.8,detector,221,2018-06-01 21:04:00,2018-06-01 21:04:00
APTY,2018-06-04 22:26:00,2018-06-05 00:36:00,2018-06-04 22:26:00,2018-06-05 00:18:00,2018-06-05 00:20:00,0.38622276311886083,-2.9418849084698233,3.3281076715886844,2.1867889535128984,4.994545162001701,2.1666666666666665,1.8666666666666667,detector,222,2018-06-04 22:26:00,2018-06-04 22:26:00
LMKS,2018-06-06 09:50:00,2018-06-06 12:00:00,2018-06-06 09:50:00,2018-06-06 10:40:00,2018-06-06 10:42:00,0.4006048068953296,-2.0588855894477396,2.459490396343069,2.078669123163692,4.424348194037635,2.1666666666666665,0.8333333333333334,detector,223,2018-06-06 09:50:00,2018-06-06 09:50:00
AATB,2018-06-09 17:38:00,2018-06-09 20:22:00,2018-06-09 17:38:00,2018-06-11 03:20:00,2018-06-11 03:22:00,0.34136826013275057,-2.0258912014973163,2.367259461630067,2.2461343561701677,5.933668190171604,2.7333333333333334,33.7,detector,224,2018-06-11 11:31:00,2018-06-11 11:31:00
KERG,2018-06-10 05:20:00,2018-06-10 08:44:00,2018-06-10 05:20:00,2018-06-10 14:36:00,2018-06-10 14:38:00,0.3240419669736055,-2.733809310002477,3.0578512769760824,2.0475659516708835,3.417223660904647,3.4,9.266666666666667,detector,224,2018-06-11 11:31:00,2018-06-11 11:31:00
CALM,2018-06-10 11:52:00,2018-06-10 14:00:00,2018-06-10 11:52:00,2018-06-11 16:10:00,2018-06-11 16:12:00,0.28062036497605136,-9.27201689837506,9.552637263351112,2.4465165777403963,10.100910658394932,2.1333333333333333,28.3,detector,224,2018-06-11 11:31:00,2018-06-11 11:31:00
JUNG,2018-06-11 08:24:00,2018-06-11 10:28:00,2018-06-11 08:24:00,2018-06-12 13:18:00,2018-06-12 13:20:00,0.4237875951495802,-3.0503808113001405,3.4741684064497207,2.249570290832158,8.518472850461848,2.066666666666667,28.9,detector,224,2018-06-11 11:31:00,2018-06-11 11:31:00
NANM,2018-06-11 14:38:00,2018-06-11 17:26:00,2018-06-11 14:38:00,2018-06-11 16:36:00,2018-06-11 16:38:00,0.43853352532860723,-3.4505313503126267,3.889064875641234,2.104305971335128,3.4015945525894637,2.8,1.9666666666666666,detector,224,2018-06-11 11:31:00,2018-06-11 11:31:00
APTY,2018-06-12 06:34:00,2018-06-12 09:00:00,2018-06-12 06:34:00,2018-06-13 03:38:00,2018-06-13 03:40:00,0.5788945092644973,-3.1264665908899723,3.7053611001544695,2.24900726932877,7.103678933093123,2.433333333333333,21.066666666666666,detector,224,2018-06-11 11:31:00,2018-06-11 11:31:00
DRBS,2018-06-13 08:10:00,2018-06-13 10:56:00,2018-06-13 08:10:00,2018-06-14 14:36:00,2018-06-14 14:38:00,1.3621169667392863,-7.672433838283804,9.034550805023091,2.0712527908392167,5.479034311225763,2.7666666666666666,30.433333333333334,detector,224,2018-06-11 11:31:00,2018-06-11 11:31:00
LMKS,2018-06-13 14:26:00,2018-06-13 16:46:00,2018-06-13 14:26:00,2018-06-14 09:38:00,2018-06-14 09:40:00,-0.10563432803311709,-3.028854989891563,2.923220661858446,2.7945010319171852,5.8259962248387405,2.3333333333333335,19.2,detector,224,2018-06-11 11:31:00,2018-06-11 11:31:00
JUNG,2018-06-17 15:20:00,2018-06-17 17:18:00,2018-06-17 15:20:00,2018-06-17 22:22:00,2018-06-17 22:26:00,0.046469696137756006,-3.698133185736885,3.744602881874641,2.0191425747179452,9.7521462532519,1.9666666666666666,7.033333333333333,detector,225,2018-06-18 10:40:00,2018-06-18 10:40:00
NEWK,2018-06-18 02:42:00,2018-06-18 05:40:00,2018-06-18 02:42:00,2018-06-18 13:52:00,2018-06-18 14:12:00,-0.7063142898474376,-15.777888944472233,15.071574654624795,2.1527655624595923,3.9228072359072863,2.966666666666667,11.166666666666666,detector,225,2018-06-18 10:40:00,2018-06-18 10:40:00
KERG,2018-06-18 18:38:00,2018-06-18 21:46:00,2018-06-18 18:38:00,2018-06-19 02:00:00,2018-06-19 02:02:00,0.09585042191598594,-3.308796224581391,3.404646646497377,2.274297221589991,9.899851941634688,3.1333333333333333,7.366666666666666,detector,225,2018-06-18 10:40:00,2018-06-18 10:40:00
AATB,2018-06-19 13:04:00,2018-06-19 15:48:00,2018-06-19 13:04:00,2018-06-20 19:48:00,2018-06-20 19:50:00,-0.08374624927382045,-2.1291472922420756,2.045401042968255,2.1632468785170453,6.468050730035304,2.7333333333333334,30.733333333333334,detector,225,2018-06-18 10:40:00,2018-06-18 10:40:00
NEWK,2018-06-22 14:02:00,2018-06-22 17:20:00,2018-06-22 14:02:00,2018-06-23 10:32:00,2018-06-23 10:34:00,0.4089981015307082,-4.793223716990521,5.202221818521229,2.3342793606328818,6.0128557241164975,3.3,20.5,detector,226,2018-06-22 22:57:00,2018-06-22 22:57:00
NANM,2018-06-22 21:40:00,2018-06-23 00:26:00,2018-06-22 21:40:00,2018-06-23 20:34:00,2018-06-23 20:36:00,-0.1265314459099306,-4.082770571800482,3.956239125890551,2.240116021232336,5.927345958652888,2.7666666666666666,22.9,detector,226,2018-06-22 22:57:00,2018-06-22 22:57:00
LMKS,2018-06-23 00:14:00,2018-06-23 02:34:00,2018-06-23 00:14:00,2018-06-23 09:52:00,2018-06-23 09:54:00,0.9337702161629311,-3.4147635869114508,4.348533803074382,2.1229760711802887,7.692864349455965,2.3333333333333335,9.633333333333333,detector,226,2018-06-22 22:57:00,2018-06-22 22:57:00
AATB,2018-06-23 05:14:00,2018-06-23 07:34:00,2018-06-23 05:14:00,2018-06-23 17:58:00,2018-06-23 18:02:00,0.4551742214175165,-2.195804195804202,2.650978417221719,2.4369844460186005,5.687736042944436,2.3333333333333335,12.733333333333333,detector,226,2018-06-22 22:57:00,2018-06-22 22:57:00
DRBS,2018-06-26 12:48:00,2018-06-26 15:56:00,2018-06-26 12:48:00,2018-06-27 15:22:00,2018-06-27 15:24:00,1.356477023779336,-9.104104017104424,10.46058104088376,2.106326316658455,7.268728996921662,3.1333333333333333,26.566666666666666,detector,227,2018-06-26 23:06:00,2018-06-26 23:06:00
LMKS,2018-06-27 09:24:00,2018-06-27 13:10:00,2018-06-27 09:24:00,2018-06-27 19:00:00,2018-06-27 19:02:00,0.0179796755697523,-2.2791484199067775,2.2971280954765296,2.125732613049692,9.326997558104548,3.7666666666666666,9.6,detector,227,2018-06-26 23:06:00,2018-06-26 23:06:00
FSMT,2018-06-30 05:10:00,2018-06-30 07:22:00,2018-06-30 05:10:00,2018-06-30 07:12:00,2018-06-30 07:14:00,-0.10058618128828414,-2.8998485401258134,2.799262358837529,2.2390184956528434,3.4855947550067397,2.2,2.033333333333333,detector,228,2018-06-30 05:10:00,2018-06-30 05:10:00
KERG,2018-07-02 16:22:00,2018-07-02 19:02:00,2018-07-02 16:22:00,2018-07-03 21:36:00,2018-07-03 21:40:00,0.5035855949356233,-5.434067636212409,5.937653231148032,2.0878426104796866,4.536898039929389,2.6666666666666665,29.233333333333334,detector,229,2018-07-02 22:43:00,2018-07-02 22:43:00
LMKS,2018-07-03 05:04:00,2018-07-03 08:20:00,2018-07-03 05:04:00,2018-07-04 14:38:00,2018-07-04 14:40:00,0.3407375162513343,-2.1442466932317013,2.4849842094830357,2.101861267338919,6.345685588862815,3.2666666666666666,33.56666666666667,detector,229,2018-07-02 22:43:00,2018-07-02 22:43:00
FSMT,2018-07-05 17:18:00,2018-07-05 19:54:00,2018-07-05 17:18:00,2018-07-05 22:16:00,2018-07-05 22:18:00,0.4241026661592956,-2.667253521126762,3.0913561872860575,2.500862422286885,6.92016389239295,2.6,4.966666666666667,detector,230,2018-07-05 17:18:00,2018-07-05 17:18:00
JUNG1,2018-07-09 14:14:00,2018-07-09 17:04:00,2018-07-09 14:14:00,2018-07-10 15:34:00,2018-07-10 15:38:00,1.3798848792534941,-2.6498144747866457,4.02969935404014,2.1038975791558787,5.303034176257232,2.8333333333333335,25.333333333333332,detector,231,2018-07-10 00:56:00,2018-07-10 00:56:00
KERG,2018-07-10 11:38:00,2018-07-10 14:12:00,2018-07-10 11:38:00,2018-07-10 13:20:00,2018-07-10 13:22:00,0.27577859742041133,-3.909069899363416,4.184848496783827,2.3145779908350357,7.374339119844048,2.566666666666667,1.7,detector,231,2018-07-10 00:56:00,2018-07-10 00:56:00
LMKS,2018-07-11 05:02:00,2018-07-11 07:00:00,2018-07-11 05:02:00,2018-07-11 19:04:00,2018-07-11 19:06:00,0.039867448011540046,-2.8147020398925897,2.8545694879041297,2.1330458638808754,5.109931443139464,1.9666666666666666,14.033333333333333,detector,232,2018-07-11 08:06:00,2018-07-11 08:06:00
NEWK,2018-07-11 11:10:00,2018-07-11 14:56:00,2018-07-11 11:10:00,2018-07-11 13:54:00,2018-07-11 13:56:00,0.12823992981303634,-5.24603096341583,5.374270893228866,2.003780847611221,8.99325818237784,3.7666666666666666,2.7333333333333334,detector,232,2018-07-11 08:06:00,2018-07-11 08:06:00
JUNG1,2018-07-20 04:32:00,2018-07-20 06:40:00,2018-07-20 04:32:00,2018-07-21 05:06:00,2018-07-21 05:08:00,0.2725659897161864,-3.2488887190656373,3.5214547087818238,2.5016153051296093,8.435336107280657,2.1333333333333333,24.566666666666666,detector,233,2018-07-20 16:46:00,2018-07-20 16:46:00
NANM,2018-07-20 16:20:00,2018-07-20 19:28:00,2018-07-20 16:20:00,2018-07-21 23:48:00,2018-07-21 23:50:00,0.17681095544330155,-3.9413315774689512,4.118142532912253,2.2018631578926,7.344591740418327,3.1333333333333333,31.466666666666665,detector,233,2018-07-20 16:46:00,2018-07-20 16:46:00
KERG,2018-07-20 16:46:00,2018-07-20 19:50:00,2018-07-20 16:46:00,2018-07-21 10:24:00,2018-07-21 10:26:00,-0.10187014539986824,-2.8007809442826264,2.6989107988827583,2.152803134343156,11.94031115219855,3.066666666666667,17.633333333333333,detector,233,2018-07-20 16:46:00,2018-07-20 16:46:00
LMKS,2018-07-21 03:42:00,2018-07-21 06:08:00,2018-07-21 03:42:00,2018-07-21 19:00:00,2018-07-21 19:02:00,0.26015681523949286,-2.180129844905176,2.440286660144669,2.0305113404038235,3.2450720024342705,2.433333333333333,15.3,detector,233,2018-07-20 16:46:00,2018-07-20 16:46:00
MXCO,2018-07-21 05:16:00,2018-07-21 07:58:00,2018-07-21 05:16:00,2018-07-22 12:10:00,2018-07-22 12:12:00,0.0357694647961104,-3.814183251793093,3.849952716589203,2.18255941107409,6.48866237192125,2.7,30.9,detector,233,2018-07-20 16:46:00,2018-07-20 16:46:00
JUNG1,2018-07-24 07:04:00,2018-07-24 10:06:00,2018-07-24 07:04:00,2018-07-25 16:02:00,2018-07-25 16:04:00,0.9816648322138912,-2.724773126249735,3.706437958463626,2.3919206274665443,3.561487304376798,3.033333333333333,32.96666666666667,detector,234,2018-07-25 05:27:00,2018-07-25 05:27:00
KERG,2018-07-24 13:44:00,2018-07-24 17:38:00,2018-07-24 13:44:00,2018-07-24 23:54:00,2018-07-24 23:56:00,0.2072523394358124,-3.227378475385724,3.4346308148215363,2.074377348134137,3.791100948276634,3.9,10.166666666666666,detector,234,2018-07-25 05:27:00,2018-07-25 05:27:00
MXCO,2018-07-25 21:10:00,2018-07-26 00:06:00,2018-07-25 21:10:00,2018-07-26 18:02:00,2018-07-26 18:04:00,0.3948275862068952,-3.3698196337601516,3.764647219967047,2.2397486744923714,5.38236329662366,2.933333333333333,20.866666666666667,detector,234,2018-07-25 05:27:00,2018-07-25 05:27:00
APTY,2018-07-26 18:36:00,2018-07-26 22:36:00,2018-07-26 18:36:00,2018-07-26 22:48:00,2018-07-26 22:50:00,-0.0041253020900288,-4.472070188949089,4.46794488685906,2.1358628520483474,9.697889484616,4.0,4.2,detector,234,2018-07-25 05:27:00,2018-07-25 05:27:00
KERG,2018-07-27 22:22:00,2018-07-28 00:24:00,2018-07-27 22:22:00,2018-07-28 04:10:00,2018-07-28 04:12:00,0.030977600619800053,-3.13433056590378,3.1653081665235803,2.174305407473732,5.87669499138041,2.033333333333333,5.8,detector,235,2018-07-27 22:22:00,2018-07-27 22:22:00
AATB,2018-07-29 07:58:00,2018-07-29 11:30:00,2018-07-29 07:58:00,2018-07-30 06:52:00,2018-07-30 06:54:00,-0.16779244684287395,-2.4908552516983105,2.3230628048554367,2.5468673865180067,6.406773207773366,3.533333333333333,22.9,detector,236,2018-07-29 14:56:00,2018-07-29 14:56:00
FSMT,2018-07-29 21:54:00,2018-07-30 00:30:00,2018-07-29 21:54:00,2018-07-31 02:52:00,2018-07-31 02:54:00,0.1431866125982423,-3.4121251915079833,3.5553118041062257,2.099431448133496,10.56505708765194,2.6,28.966666666666665,detector,236,2018-07-29 14:56:00,2018-07-29 14:56:00
KERG,2018-08-01 23:50:00,2018-08-02 02:02:00,2018-08-01 23:50:00,2018-08-02 23:52:00,2018-08-02 23:56:00,0.24889451611177926,-2.7446191938913307,2.9935137100031097,2.2754378348148427,3.804753507149056,2.2,24.033333333333335,detector,237,2018-08-01 23:50:00,2018-08-01 23:50:00
OULU,2018-08-06 00:16:00,2018-08-06 05:08:00,2018-08-06 00:16:00,2018-08-06 23:04:00,2018-08-06 23:06:00,0.3254846802107185,-3.916521181458658,4.2420058616693765,2.2469235630798288,8.647612665239128,4.866666666666666,22.8,detector,238,2018-08-06 00:16:00,2018-08-06 00:16:00
KERG,2018-08-07 12:42:00,2018-08-07 15:02:00,2018-08-07 12:42:00,2018-08-08 00:56:00,2018-08-08 01:00:00,0.09453228485300845,-4.068382554438334,4.162914839291343,2.092509851262869,4.43611776702557,2.3333333333333335,12.233333333333333,detector,239,2018-08-07 20:56:00,2018-08-07 20:56:00
BKSN,2018-08-08 05:10:00,2018-08-08 07:48:00,2018-08-08 05:10:00,2018-08-08 18:00:00,2018-08-08 18:02:00,0.8793340337832327,-4.175070592981039,5.054404626764272,2.4997172021488847,5.145272607012338,2.6333333333333333,12.833333333333334,detector,239,2018-08-07 20:56:00,2018-08-07 20:56:00
NANM,2018-08-10 00:32:00,2018-08-10 05:04:00,2018-08-10 00:32:00,2018-08-11 10:40:00,2018-08-11 10:42:00,0.15679571450917623,-3.7991482038453106,3.9559439183544867,2.103138788148597,6.480056906396633,4.533333333333333,34.13333333333333,detector,240,2018-08-10 20:49:00,2018-08-10 20:49:00
AATB,2018-08-11 17:06:00,2018-08-11 19:32:00,2018-08-11 17:06:00,2018-08-12 14:34:00,2018-08-12 14:36:00,0.04191920075337045,-2.4387687362426096,2.48068793699598,2.637033233341662,4.777752510473311,2.433333333333333,21.466666666666665,detector,240,2018-08-10 20:49:00,2018-08-10 20:49:00
FSMT,2018-08-15 22:54:00,2018-08-16 01:56:00,2018-08-15 22:54:00,2018-08-16 04:48:00,2018-08-16 04:52:00,0.3735019399510393,-3.488904889703478,3.862406829654517,2.1568279785826623,8.471408538906697,3.033333333333333,5.9,detector,241,2018-08-16 16:10:00,2018-08-16 16:10:00
OULU,2018-08-16 16:10:00,2018-08-16 18:08:00,2018-08-16 16:10:00,2018-08-17 02:16:00,2018-08-17 02:18:00,-0.25286495010221155,-6.414381333499692,6.161516383397481,2.3022606495890483,5.112691700112172,1.9666666666666666,10.1,detector,241,2018-08-16 16:10:00,2018-08-16 16:10:00
DRBS,2018-08-17 11:18:00,2018-08-17 14:20:00,2018-08-17 11:18:00,2018-08-17 17:38:00,2018-08-17 17:40:00,-0.07713037648835175,-9.465508395109785,9.388378018621433,2.1640052954629927,4.548309231218737,3.033333333333333,6.333333333333333,detector,241,2018-08-16 16:10:00,2018-08-16 16:10:00
NEWK,2018-08-21 16:04:00,2018-08-21 19:20:00,2018-08-21 16:04:00,2018-08-23 00:00:00,2018-08-23 00:02:00,0.3877227551585326,-5.18674276559528,5.5744655207538125,2.0643907591615127,4.254470634725121,3.2666666666666666,31.933333333333334,detector,242,2018-08-25 11:38:00,2018-08-25 11:38:00
JUNG1,2018-08-23 03:46:00,2018-08-23 05:56:00,2018-08-23 03:46:00,2018-08-24 01:28:00,2018-08-24 01:30:00,0.0210085555522026,-3.3344240546056616,3.355432610157864,2.5947921002170244,4.8597158560147555,2.1666666666666665,21.7,detector,242,2018-08-25 11:38:00,2018-08-25 11:38:00
LMKS,2018-08-23 22:06:00,2018-08-24 00:26:00,2018-08-23 22:06:00,2018-08-25 08:42:00,2018-08-25 08:44:00,0.195401455117457,-2.0174880022364774,2.2128894573539344,2.320288734105251,8.47148640680209,2.3333333333333335,34.6,detector,242,2018-08-25 11:38:00,2018-08-25 11:38:00
AATB,2018-08-27 01:10:00,2018-08-27 03:10:00,2018-08-27 01:10:00,2018-08-28 11:22:00,2018-08-28 11:26:00,1.1323469739757854,-2.419425277316796,3.5517722512925816,2.413469085267728,6.640925600190245,2.0,34.2,detector,242,2018-08-25 11:38:00,2018-08-25 11:38:00
BKSN,2018-08-27 07:26:00,2018-08-27 10:56:00,2018-08-27 07:26:00,2018-08-27 21:44:00,2018-08-27 21:46:00,0.8507385390783946,-5.357272661190652,6.208011200269047,2.1290877054233186,10.42861696451286,3.5,14.3,detector,242,2018-08-25 11:38:00,2018-08-25 11:38:00
DRBS,2018-08-28 09:56:00,2018-08-28 12:38:00,2018-08-28 09:56:00,2018-08-28 21:36:00,2018-08-28 21:38:00,0.3266275914159291,-6.931181073254883,7.2578086646708115,2.0877488622954448,11.250540457569617,2.7,11.666666666666666,detector,242,2018-08-25 11:38:00,2018-08-25 11:38:00
KERG,2018-08-29 11:30:00,2018-08-29 14:12:00,2018-08-29 11:30:00,2018-08-29 15:02:00,2018-08-29 15:04:00,0.348455921032206,-2.6487409304310785,2.9971968514632845,2.19455677810844,3.26372832838893,2.7,3.533333333333333,detector,243,2018-08-29 11:30:00,2018-08-29 11:30:00
KERG,2018-09-05 04:26:00,2018-09-05 06:30:00,2018-09-05 04:26:00,2018-09-06 00:26:00,2018-09-06 00:28:00,0.3023972319825391,-2.862606723698792,3.165003955681331,2.1179412720873603,6.925507800727691,2.066666666666667,20.0,detector,244,2018-09-05 04:26:00,2018-09-05 04:26:00
JUNG,2018-09-06 20:56:00,2018-09-06 23:38:00,2018-09-06 20:56:00,2018-09-07 00:36:00,2018-09-07 00:38:00,0.0896498608949381,-3.486063828831653,3.5757136897265913,2.4480101766594258,7.995426224620913,2.7,3.6666666666666665,detector,245,2018-09-06 20:56:00,2018-09-06 20:56:00
KERG,2018-09-08 13:58:00,2018-09-08 17:42:00,2018-09-08 13:58:00,2018-09-08 21:50:00,2018-09-08 21:52:00,-0.10755753370360166,-3.515384582733786,3.4078270490301845,2.0103756381506384,12.42238696458843,3.7333333333333334,7.866666666666666,detector,246,2018-09-08 13:58:00,2018-09-08 13:58:00
KERG,2018-09-10 00:24:00,2018-09-10 02:58:00,2018-09-10 00:24:00,2018-09-11 06:26:00,2018-09-11 06:28:00,0.2599363227867283,-3.0984503500305896,3.3583866728173177,2.307454901235099,7.680418277452156,2.566666666666667,30.033333333333335,detector,247,2018-09-11 10:38:00,2018-09-11 10:38:00
FSMT,2018-09-10 23:10:00,2018-09-11 01:14:00,2018-09-10 23:10:00,2018-09-12 10:46:00,2018-09-12 10:48:00,0.3969907599483443,-3.221626844694311,3.6186176046426555,2.1021817653097066,8.096189013003285,2.066666666666667,35.6,detector,247,2018-09-11 10:38:00,2018-09-11 10:38:00
AATB,2018-09-11 10:38:00,2018-09-11 14:00:00,2018-09-11 10:38:00,2018-09-11 14:50:00,2018-09-11 14:52:00,0.25222868475792637,-2.336130641868914,2.5883593266268403,2.5062159307131497,13.599609782352475,3.3666666666666667,4.2,detector,247,2018-09-11 10:38:00,2018-09-11 10:38:00
DRBS,2018-09-11 12:20:00,2018-09-11 15:04:00,2018-09-11 12:20:00,2018-09-11 23:58:00,2018-09-12 00:00:00,0.9959498745275388,-6.628001860122313,7.623951734649852,2.0374251930437266,5.666683904637701,2.7333333333333334,11.633333333333333,detector,247,2018-09-11 10:38:00,2018-09-11 10:38:00
LMKS,2018-09-11 12:34:00,2018-09-11 14:52:00,2018-09-11 12:34:00,2018-09-12 03:56:00,2018-09-12 03:58:00,0.2377362320775438,-3.524510187361828,3.762246419439372,2.4031172639902043,6.6214311298545185,2.3,15.366666666666667,detector,247,2018-09-11 10:38:00,2018-09-11 10:38:00
LMKS,2018-09-14 13:36:00,2018-09-14 16:28:00,2018-09-14 13:36:00,2018-09-14 16:28:00,2018-09-14 16:30:00,0.2667981489676581,-1.8752939817298155,2.1420921306974736,2.395616457224667,6.463682754088841,2.8666666666666667,2.8666666666666667,detector,248,2018-09-14 13:36:00,2018-09-14 13:36:00
DRBS,2018-09-18 10:20:00,2018-09-18 13:14:00,2018-09-18 10:20:00,2018-09-18 20:18:00,2018-09-18 20:24:00,0.6036448490036017,-10.30421548154178,10.907860330545383,2.890779066927276,7.025146351489429,2.9,9.966666666666667,detector,249,2018-09-21 02:58:00,2018-09-21 02:58:00
AATB,2018-09-18 16:28:00,2018-09-18 18:32:00,2018-09-18 16:28:00,2018-09-19 16:24:00,2018-09-19 16:26:00,-0.08724633131833365,-2.3897701069107553,2.3025237755924217,2.0551120076788205,5.951335771206062,2.066666666666667,23.933333333333334,detector,249,2018-09-21 02:58:00,2018-09-21 02:58:00
APTY,2018-09-19 02:38:00,2018-09-19 04:48:00,2018-09-19 02:38:00,2018-09-19 23:18:00,2018-09-19 23:20:00,0.0293381807344804,-4.004990234720805,4.034328415455286,2.150402968695821,5.955914647715092,2.1666666666666665,20.666666666666668,detector,249,2018-09-21 02:58:00,2018-09-21 02:58:00
NEWK,2018-09-20 06:40:00,2018-09-20 08:46:00,2018-09-20 06:40:00,2018-09-20 07:58:00,2018-09-20 08:00:00,-0.04470272686634755,-4.71810679128964,4.673404064423292,2.2618677599139887,5.579123797734082,2.1,1.3,detector,249,2018-09-21 02:58:00,2018-09-21 02:58:00
KERG,2018-09-20 16:40:00,2018-09-20 20:26:00,2018-09-20 16:40:00,2018-09-21 20:40:00,2018-09-21 20:42:00,-0.3521421635731198,-3.834412893842272,3.4822707302691525,2.472888971088016,10.854192596518212,3.7666666666666666,28.0,detector,249,2018-09-21 02:58:00,2018-09-21 02:58:00
BKSN,2018-09-21 02:58:00,2018-09-21 05:58:00,2018-09-21 02:58:00,2018-09-21 21:36:00,2018-09-21 21:40:00,0.17075185029543666,-5.3710579990586265,5.541809849354063,2.00152389340855,3.581253535170429,3.0,18.633333333333333,detector,249,2018-09-21 02:58:00,2018-09-21 02:58:00
OULU,2018-09-21 06:56:00,2018-09-21 09:58:00,2018-09-21 06:56:00,2018-09-21 18:16:00,2018-09-21 18:18:00,0.1873124648712669,-4.654033124061492,4.841345588932759,2.3996714196598568,11.610904784884127,3.033333333333333,11.333333333333334,detector,249,2018-09-21 02:58:00,2018-09-21 02:58:00
FSMT,2018-09-22 03:34:00,2018-09-22 05:54:00,2018-09-22 03:34:00,2018-09-23 04:16:00,2018-09-23 04:18:00,-0.1152427612419602,-4.144368933101328,4.029126171859367,2.276013940916227,9.428293781642669,2.3333333333333335,24.7,detector,249,2018-09-21 02:58:00,2018-09-21 02:58:00
JUNG1,2018-09-22 10:10:00,2018-09-22 13:54:00,2018-09-22 10:10:00,2018-09-22 15:54:00,2018-09-22 15:56:00,-0.3285054214172015,-3.836345775031448,3.5078403536142466,2.053655084914235,10.33051575043264,3.7333333333333334,5.733333333333333,detector,249,2018-09-21 02:58:00,2018-09-21 02:58:00
MXCO,2018-09-22 21:52:00,2018-09-23 00:02:00,2018-09-22 21:52:00,2018-09-23 12:42:00,2018-09-23 12:44:00,0.1083831087997325,-3.2069189189189173,3.31530202771865,2.042185524149858,5.4093109537995865,2.1666666666666665,14.833333333333334,detector,249,2018-09-21 02:58:00,2018-09-21 02:58:00
NANM,2018-09-23 08:00:00,2018-09-23 10:00:00,2018-09-23 08:00:00,2018-09-23 09:44:00,2018-09-23 09:48:00,0.22955773304250243,-4.136465213489922,4.366022946532424,2.2137560775615017,11.066809260676626,2.0,1.7333333333333334,detector,249,2018-09-21 02:58:00,2018-09-21 02:58:00
KERG,2018-09-25 22:46:00,2018-09-26 01:02:00,2018-09-25 22:46:00,2018-09-27 00:12:00,2018-09-27 00:14:00,0.4573908685997408,-4.780322768481401,5.237713637081142,2.533880022635444,8.591016709518456,2.2666666666666666,25.433333333333334,detector,250,2018-09-25 22:46:00,2018-09-25 22:46:00
APTY,2018-09-27 17:26:00,2018-09-27 19:50:00,2018-09-27 17:26:00,2018-09-28 15:26:00,2018-09-28 15:28:00,0.7889668253548459,-3.835194601015843,4.624161426370689,2.1300001604678203,6.19429360949647,2.4,22.0,detector,251,2018-09-27 17:26:00,2018-09-27 17:26:00
KERG,2018-09-29 06:36:00,2018-09-29 09:06:00,2018-09-29 06:36:00,2018-09-30 16:06:00,2018-09-30 16:08:00,0.5544257181894934,-2.829608713532859,3.3840344317223523,2.064745190860101,7.73366406360662,2.5,33.5,detector,252,2018-09-30 10:56:00,2018-09-30 10:56:00
JUNG,2018-09-30 10:56:00,2018-09-30 15:18:00,2018-09-30 10:56:00,2018-10-01 21:40:00,2018-10-01 21:44:00,0.3868069462384388,-3.942356869941931,4.32916381618037,2.0098210498567335,8.48295140906196,4.366666666666666,34.733333333333334,detector,252,2018-09-30 10:56:00,2018-09-30 10:56:00
LMKS,2018-10-01 02:50:00,2018-10-01 04:54:00,2018-10-01 02:50:00,2018-10-02 10:00:00,2018-10-02 10:04:00,0.4556991220914157,-2.4639316523131134,2.919630774404529,2.077081799437488,7.175959829791008,2.066666666666667,31.166666666666668,detector,252,2018-09-30 10:56:00,2018-09-30 10:56:00
AATB,2018-10-06 01:40:00,2018-10-06 03:38:00,2018-10-06 01:40:00,2018-10-07 00:10:00,2018-10-07 00:14:00,0.226370411645887,-2.0646913408307417,2.2910617524766286,2.114125067208415,5.1507038941648755,1.9666666666666666,22.5,detector,253,2018-10-06 18:16:00,2018-10-06 18:16:00
APTY,2018-10-06 12:42:00,2018-10-06 16:42:00,2018-10-06 12:42:00,2018-10-07 17:56:00,2018-10-07 18:02:00,0.47921957483074207,-3.849146735547457,4.328366310378199,2.405447411734978,11.262230358143825,4.0,29.233333333333334,detector,253,2018-10-06 18:16:00,2018-10-06 18:16:00
JUNG,2018-10-06 18:16:00,2018-10-06 20:26:00,2018-10-06 18:16:00,2018-10-07 21:16:00,2018-10-07 21:18:00,0.6798349579961823,-3.7851008467820857,4.464935804778268,2.5682245847248972,5.655549916533726,2.1666666666666665,27.0,detector,253,2018-10-06 18:16:00,2018-10-06 18:16:00
FSMT,2018-10-07 10:02:00,2018-10-07 12:26:00,2018-10-07 10:02:00,2018-10-08 10:38:00,2018-10-08 10:40:00,0.34088677446837534,-3.884652831716094,4.225539606184469,2.19476046508836,6.166122828090286,2.4,24.6,detector,253,2018-10-06 18:16:00,2018-10-06 18:16:00
LMKS,2018-10-08 19:10:00,2018-10-08 21:26:00,2018-10-08 19:10:00,2018-10-09 09:14:00,2018-10-09 09:16:00,0.20678565470091853,-2.251472543883204,2.4582581985841223,2.0134260177880012,5.965064307383819,2.2666666666666666,14.066666666666666,detector,253,2018-10-06 18:16:00,2018-10-06 18:16:00
JUNG1,2018-10-10 02:04:00,2018-10-10 05:36:00,2018-10-10 02:04:00,2018-10-11 13:46:00,2018-10-11 13:48:00,0.06838506371100289,-3.1400771076057663,3.208462171316769,2.054766953490152,3.7772349197845743,3.533333333333333,35.7,detector,254,2018-10-10 18:02:00,2018-10-10 18:02:00
JUNG,2018-10-10 18:02:00,2018-10-10 20:06:00,2018-10-10 18:02:00,2018-10-11 03:36:00,2018-10-11 03:40:00,-0.14446652228658513,-3.354418363564594,3.209951841278009,2.014126694852098,2.7618012290104956,2.066666666666667,9.566666666666666,detector,254,2018-10-10 18:02:00,2018-10-10 18:02:00
APTY,2018-10-11 00:44:00,2018-10-11 05:08:00,2018-10-11 00:44:00,2018-10-11 16:22:00,2018-10-11 16:24:00,0.2579989896027118,-3.8824981136392847,4.140497103241996,2.1668964663854897,6.559952584903586,4.4,15.633333333333333,detector,254,2018-10-10 18:02:00,2018-10-10 18:02:00
AATB,2018-10-13 13:08:00,2018-10-13 16:30:00,2018-10-13 13:08:00,2018-10-13 15:24:00,2018-10-13 15:26:00,-0.7622694048033446,-5.184564929174514,4.42229552437117,21.848184974418217,21.90437680623313,3.3666666666666667,2.2666666666666666,detector,255,2018-10-13 13:08:00,2018-10-13 13:08:00
NEWK,2018-10-14 08:54:00,2018-10-14 11:28:00,2018-10-14 08:54:00,2018-10-15 02:48:00,2018-10-15 02:50:00,0.12372564090059555,-5.259515570934263,5.383241211834858,2.1846982900857883,7.623268549114113,2.566666666666667,17.9,detector,256,2018-10-14 08:54:00,2018-10-14 08:54:00
AATB,2018-10-17 10:46:00,2018-10-17 12:50:00,2018-10-17 10:46:00,2018-10-18 00:52:00,2018-10-18 00:56:00,0.2450795328702321,-2.1817158139207544,2.4267953467909864,2.065884851206179,5.98616620687739,2.066666666666667,14.1,detector,257,2018-10-17 10:46:00,2018-10-17 10:46:00
APTY,2018-10-19 06:54:00,2018-10-19 08:56:00,2018-10-19 06:54:00,2018-10-20 17:40:00,2018-10-20 17:42:00,0.43317025756458316,-3.679026572112802,4.112196829677385,2.4227504154657113,7.8933822859369345,2.033333333333333,34.766666666666666,detector,258,2018-10-19 22:32:00,2018-10-19 22:32:00
KERG,2018-10-20 14:10:00,2018-10-20 17:14:00,2018-10-20 14:10:00,2018-10-20 16:10:00,2018-10-20 16:12:00,0.3933057159363622,-3.2422527803462837,3.6355584962826457,2.3215283321383655,5.271662229848915,3.066666666666667,2.0,detector,258,2018-10-19 22:32:00,2018-10-19 22:32:00
BKSN,2018-10-21 17:50:00,2018-10-21 20:20:00,2018-10-21 17:50:00,2018-10-22 03:30:00,2018-10-22 03:32:00,-0.1089387435794198,-4.992874224015079,4.883935480435659,2.0832889091594344,3.3125942080478517,2.5,9.666666666666666,detector,259,2018-10-22 20:44:00,2018-10-22 20:44:00
KERG,2018-10-21 23:52:00,2018-10-22 02:12:00,2018-10-21 23:52:00,2018-10-22 17:44:00,2018-10-22 17:48:00,0.01642036753494275,-3.4941975298176606,3.510617897352603,2.016374124285132,3.371963706789154,2.3333333333333335,17.866666666666667,detector,259,2018-10-22 20:44:00,2018-10-22 20:44:00
JUNG1,2018-10-22 20:44:00,2018-10-22 22:58:00,2018-10-22 20:44:00,2018-10-23 21:36:00,2018-10-23 21:40:00,0.5774805437540127,-4.353772919152651,4.931253462906664,2.0301254095367254,4.184781334528008,2.2333333333333334,24.866666666666667,detector,259,2018-10-22 20:44:00,2018-10-22 20:44:00
JUNG,2018-10-22 22:22:00,2018-10-23 02:00:00,2018-10-22 22:22:00,2018-10-24 04:06:00,2018-10-24 04:08:00,0.3360198797839059,-5.284682997553382,5.620702877337288,2.2661091751938067,4.260214521974343,3.6333333333333333,29.733333333333334,detector,259,2018-10-22 20:44:00,2018-10-22 20:44:00
AATB,2018-10-24 12:26:00,2018-10-24 15:32:00,2018-10-24 12:26:00,2018-10-25 00:42:00,2018-10-25 00:48:00,0.2819954354493237,-1.8242180674471369,2.106213502896461,2.353623039997603,7.619338287598894,3.1,12.266666666666667,detector,259,2018-10-22 20:44:00,2018-10-22 20:44:00
KIEL2,2018-10-26 13:26:00,2018-10-26 15:30:00,2018-10-26 13:26:00,2018-10-28 00:26:00,2018-10-28 00:28:00,0.5387941446718967,-3.8128075165112265,4.351601661183123,2.246900558029605,3.586069708279986,2.066666666666667,35.0,detector,260,2018-10-29 17:35:00,2018-10-29 17:35:00
JUNG,2018-10-29 04:18:00,2018-10-29 06:52:00,2018-10-29 04:18:00,2018-10-29 22:48:00,2018-10-29 22:50:00,-0.09429925053724869,-4.247813736033667,4.153514485496418,2.1410813638900072,2.8881337249007024,2.566666666666667,18.5,detector,260,2018-10-29 17:35:00,2018-10-29 17:35:00
OULU,2018-10-30 06:52:00,2018-10-30 10:30:00,2018-10-30 06:52:00,2018-10-30 21:30:00,2018-10-30 21:32:00,0.2147910719848323,-4.578863638383534,4.793654710368366,2.1250946529475874,4.62205448899239,3.6333333333333333,14.633333333333333,detector,260,2018-10-29 17:35:00,2018-10-29 17:35:00
KERG,2018-10-30 15:06:00,2018-10-30 18:54:00,2018-10-30 15:06:00,2018-10-30 17:44:00,2018-10-30 17:46:00,0.1504282473369091,-4.027149607228091,4.1775778545649995,2.1200514669464776,7.114979674943859,3.8,2.6333333333333333,detector,260,2018-10-29 17:35:00,2018-10-29 17:35:00
JUNG,2018-10-31 15:02:00,2018-10-31 17:02:00,2018-10-31 15:02:00,2018-10-31 22:38:00,2018-10-31 22:40:00,-0.32744522277440213,-3.736793933846923,3.409348711072521,2.324768686732973,5.943437057121669,2.0,7.6,detector,261,2018-10-31 15:02:00,2018-10-31 15:02:00
KERG,2018-11-03 15:34:00,2018-11-03 18:14:00,2018-11-03 15:34:00,2018-11-04 16:46:00,2018-11-04 16:48:00,0.350343476495871,-3.100617693817406,3.4509611703132768,2.03760065467705,7.828518330902568,2.6666666666666665,25.2,detector,262,2018-11-05 15:12:00,2018-11-05 15:12:00
JUNG1,2018-11-05 15:12:00,2018-11-05 17:10:00,2018-11-05 15:12:00,2018-11-06 19:06:00,2018-11-06 19:08:00,0.08478341179067655,-3.2299331755895953,3.3147165873802718,2.164567171149673,7.542581391676693,1.9666666666666666,27.9,detector,262,2018-11-05 15:12:00,2018-11-05 15:12:00
JUNG,2018-11-05 17:22:00,2018-11-05 19:34:00,2018-11-05 17:22:00,2018-11-06 02:56:00,2018-11-06 02:58:00,0.19982284993938845,-4.533732080588922,4.73355493052831,2.031539323158394,5.232393692431252,2.2,9.566666666666666,detector,262,2018-11-05 15:12:00,2018-11-05 15:12:00
KIEL2,2018-11-07 12:32:00,2018-11-07 15:22:00,2018-11-07 12:32:00,2018-11-08 08:56:00,2018-11-08 08:58:00,-0.07199213613540284,-3.80355643421235,3.7315642980769472,2.5409197060606847,9.112181379972814,2.8333333333333335,20.4,detector,263,2018-11-07 12:32:00,2018-11-07 12:32:00
JUNG1,2018-11-11 04:16:00,2018-11-11 06:34:00,2018-11-11 04:16:00,2018-11-12 01:04:00,2018-11-12 01:08:00,-0.062159625380113354,-3.5129039813262786,3.4507443559461652,2.5822368505453097,6.31651043850894,2.3,20.8,detector,264,2018-11-11 08:20:00,2018-11-11 08:20:00
JUNG,2018-11-11 08:20:00,2018-11-11 10:34:00,2018-11-11 08:20:00,2018-11-12 01:20:00,2018-11-12 01:24:00,-0.3849312818959849,-4.472364564736565,4.08743328284058,2.025297976858291,6.277798678019405,2.2333333333333334,17.0,detector,264,2018-11-11 08:20:00,2018-11-11 08:20:00
KERG,2018-11-11 15:00:00,2018-11-11 17:54:00,2018-11-11 15:00:00,2018-11-12 23:28:00,2018-11-12 23:30:00,-0.0987933274777963,-4.313935613091704,4.215142285613908,2.012299992721378,7.112271045189025,2.9,32.46666666666667,detector,264,2018-11-11 08:20:00,2018-11-11 08:20:00
AATB,2018-11-14 05:30:00,2018-11-14 07:36:00,2018-11-14 05:30:00,2018-11-15 12:48:00,2018-11-15 12:52:00,0.01500480257639,-2.719524702054661,2.734529504631051,2.215648182510284,5.074714415274274,2.1,31.3,detector,265,2018-11-14 23:27:00,2018-11-14 23:27:00
NEWK,2018-11-15 17:24:00,2018-11-15 19:24:00,2018-11-15 17:24:00,2018-11-15 21:30:00,2018-11-15 21:32:00,0.16719487102927844,-5.745403677058353,5.912598548087631,2.288788881971022,10.102505755615391,2.0,4.1,detector,265,2018-11-14 23:27:00,2018-11-14 23:27:00
APTY,2018-11-16 09:58:00,2018-11-16 12:56:00,2018-11-16 09:58:00,2018-11-17 21:26:00,2018-11-17 21:48:00,-0.35622591501556666,-4.4569538987287185,4.100727983713152,2.5869423966183533,6.912010773358907,2.966666666666667,35.46666666666667,detector,266,2018-11-17 02:46:00,2018-11-17 02:46:00
KERG,2018-11-17 19:34:00,2018-11-17 22:34:00,2018-11-17 19:34:00,2018-11-18 23:54:00,2018-11-18 23:56:00,0.30084982574627117,-3.537363172546672,3.8382129982929434,2.351815448613707,10.952439596005863,3.0,28.333333333333332,detector,266,2018-11-17 02:46:00,2018-11-17 02:46:00
JUNG1,2018-11-22 13:22:00,2018-11-22 17:10:00,2018-11-22 13:22:00,2018-11-23 23:26:00,2018-11-23 23:28:00,-0.0697076719754561,-3.2643112125049396,3.1946035405294837,2.225388911692847,11.088184458738038,3.8,34.06666666666667,detector,267,2018-11-23 08:46:00,2018-11-23 08:46:00
KERG,2018-11-23 08:46:00,2018-11-23 10:52:00,2018-11-23 08:46:00,2018-11-23 20:12:00,2018-11-23 20:14:00,0.1961077090698209,-4.707477680703023,4.903585389772844,2.2667866082584553,5.979534712792436,2.1,11.433333333333334,detector,267,2018-11-23 08:46:00,2018-11-23 08:46:00
JUNG,2018-11-23 09:34:00,2018-11-23 13:10:00,2018-11-23 09:34:00,2018-11-24 00:14:00,2018-11-24 00:16:00,0.21218029409131414,-4.872138834505605,5.084319128596919,2.318315028614476,7.359068542535329,3.6,14.666666666666666,detector,267,2018-11-23 08:46:00,2018-11-23 08:46:00
APTY,2018-11-26 14:24:00,2018-11-26 17:20:00,2018-11-26 14:24:00,2018-11-27 10:40:00,2018-11-27 10:42:00,0.5086747076387528,-3.739434654063672,4.248109361702425,2.580513116995912,8.900208218945934,2.933333333333333,20.266666666666666,detector,268,2018-11-27 04:36:00,2018-11-27 04:36:00
JUNG1,2018-11-27 04:36:00,2018-11-27 07:16:00,2018-11-27 04:36:00,2018-11-27 15:06:00,2018-11-27 15:08:00,0.00789902274341735,-3.3768122881646514,3.384711310908069,2.334379494251947,5.688087874337661,2.6666666666666665,10.5,detector,268,2018-11-27 04:36:00,2018-11-27 04:36:00
KERG,2018-11-27 09:56:00,2018-11-27 12:44:00,2018-11-27 09:56:00,2018-11-28 00:10:00,2018-11-28 00:12:00,0.28674008894930564,-3.0667181620373607,3.3534582509866664,2.268195165573557,5.0081186751222635,2.8,14.233333333333333,detector,268,2018-11-27 04:36:00,2018-11-27 04:36:00
AATB,2018-11-30 21:30:00,2018-12-01 01:32:00,2018-11-30 21:30:00,2018-12-01 17:48:00,2018-12-01 17:50:00,-0.4814374386386602,-3.374728127411766,2.893290688773106,2.010417188366859,14.764906692491696,4.033333333333333,20.3,detector,269,2018-12-02 01:02:00,2018-12-02 01:02:00
LMKS,2018-12-01 07:20:00,2018-12-01 09:34:00,2018-12-01 07:20:00,2018-12-01 17:34:00,2018-12-01 17:38:00,1.203918848830419,-2.330449444555828,3.534368293386247,2.523026792975334,8.784218231505832,2.2333333333333334,10.233333333333333,detector,269,2018-12-02 01:02:00,2018-12-02 01:02:00
JUNG1,2018-12-01 17:02:00,2018-12-01 19:42:00,2018-12-01 17:02:00,2018-12-03 02:56:00,2018-12-03 02:58:00,-0.2314355603954918,-4.118019352355104,3.886583791959612,2.2604731858408864,8.727223933507174,2.6666666666666665,33.9,detector,269,2018-12-02 01:02:00,2018-12-02 01:02:00
JUNG,2018-12-02 01:02:00,2018-12-02 03:28:00,2018-12-02 01:02:00,2018-12-03 07:00:00,2018-12-03 07:02:00,0.16845118929755315,-3.5499726925177457,3.718423881815299,2.0801493772711455,3.2927627724066033,2.433333333333333,29.966666666666665,detector,269,2018-12-02 01:02:00,2018-12-02 01:02:00
KERG,2018-12-02 14:16:00,2018-12-02 16:32:00,2018-12-02 14:16:00,2018-12-03 22:36:00,2018-12-03 22:40:00,0.3454343665075653,-3.124382875558304,3.469817242065869,2.306369535721851,7.811396763914524,2.2666666666666666,32.333333333333336,detector,269,2018-12-02 01:02:00,2018-12-02 01:02:00
FSMT,2018-12-03 20:10:00,2018-12-03 22:50:00,2018-12-03 20:10:00,2018-12-04 11:02:00,2018-12-04 11:04:00,-0.3232468004082172,-3.4982226504102765,3.1749758500020593,2.119390293499277,6.003116530997568,2.6666666666666665,14.866666666666667,detector,269,2018-12-02 01:02:00,2018-12-02 01:02:00
NANM,2018-12-04 05:02:00,2018-12-04 07:16:00,2018-12-04 05:02:00,2018-12-04 22:44:00,2018-12-04 22:46:00,0.0067719430337344,-3.7579309940313994,3.7647029370651337,2.072364916086346,5.567950562250768,2.2333333333333334,17.7,detector,269,2018-12-02 01:02:00,2018-12-02 01:02:00
JUNG,2018-12-07 08:18:00,2018-12-07 10:34:00,2018-12-07 08:18:00,2018-12-08 12:32:00,2018-12-08 12:34:00,0.1415670483779875,-4.26373867959671,4.405305727974697,2.002873352066833,3.4068667233009142,2.2666666666666666,28.233333333333334,detector,270,2018-12-07 11:37:00,2018-12-07 11:37:00
KERG,2018-12-07 10:40:00,2018-12-07 13:44:00,2018-12-07 10:40:00,2018-12-07 20:20:00,2018-12-07 20:22:00,0.2098726038479699,-4.054638965271415,4.264511569119385,2.4449915663073964,7.014110044677157,3.066666666666667,9.666666666666666,detector,270,2018-12-07 11:37:00,2018-12-07 11:37:00
JUNG1,2018-12-07 12:34:00,2018-12-07 14:50:00,2018-12-07 12:34:00,2018-12-08 20:04:00,2018-12-08 20:10:00,0.20011641845787304,-4.748651341786072,4.948767760243945,2.313835391959607,7.881879346697715,2.2666666666666666,31.5,detector,270,2018-12-07 11:37:00,2018-12-07 11:37:00
AATB,2018-12-09 01:08:00,2018-12-09 04:30:00,2018-12-09 01:08:00,2018-12-10 01:16:00,2018-12-10 01:20:00,0.6464261115776866,-1.6270602100226907,2.2734863216003776,2.270658954985948,13.577308187461618,3.3666666666666667,24.133333333333333,detector,270,2018-12-07 11:37:00,2018-12-07 11:37:00
LMKS,2018-12-11 21:32:00,2018-12-11 23:44:00,2018-12-11 21:32:00,2018-12-12 12:56:00,2018-12-12 12:58:00,0.0966265204266344,-3.0641772539335883,3.1608037743602226,2.2851567047459733,3.28342729575728,2.2,15.4,detector,271,2018-12-13 00:49:00,2018-12-13 00:49:00
KERG,2018-12-12 22:22:00,2018-12-13 00:30:00,2018-12-12 22:22:00,2018-12-14 04:04:00,2018-12-14 04:06:00,0.3431501821640144,-3.619493723903016,3.96264390606703,2.327336863599721,5.064384926544769,2.1333333333333333,29.7,detector,271,2018-12-13 00:49:00,2018-12-13 00:49:00
BKSN,2018-12-13 03:16:00,2018-12-13 05:24:00,2018-12-13 03:16:00,2018-12-13 22:00:00,2018-12-13 22:02:00,0.8332933288528308,-4.008792504071701,4.842085832924532,2.4135732617401056,7.848864301030738,2.1333333333333333,18.733333333333334,detector,271,2018-12-13 00:49:00,2018-12-13 00:49:00
JUNG1,2018-12-13 14:48:00,2018-12-13 17:24:00,2018-12-13 14:48:00,2018-12-13 20:48:00,2018-12-13 20:52:00,1.3237020414202139,-2.7499880964347536,4.0736901378549675,2.3426386943737145,9.424882289630997,2.6,6.0,detector,271,2018-12-13 00:49:00,2018-12-13 00:49:00
JUNG1,2018-12-14 21:48:00,2018-12-15 00:08:00,2018-12-14 21:48:00,2018-12-16 02:46:00,2018-12-16 02:48:00,0.27873674481354044,-3.7739697813948063,4.052706526208347,2.114645942857716,4.694767018589261,2.3333333333333335,28.966666666666665,detector,272,2018-12-14 21:48:00,2018-12-14 21:48:00
KIEL2,2018-12-16 16:18:00,2018-12-16 18:28:00,2018-12-16 16:18:00,2018-12-18 00:58:00,2018-12-18 01:00:00,0.4487252077908158,-2.979408167995671,3.4281333757864867,2.2113965509007913,8.212118480196962,2.1666666666666665,32.666666666666664,detector,273,2018-12-17 11:36:00,2018-12-17 11:36:00
KERG,2018-12-17 05:14:00,2018-12-17 08:04:00,2018-12-17 05:14:00,2018-12-18 02:26:00,2018-12-18 02:28:00,0.2479609211099677,-3.4535947047706124,3.70155562588058,2.0106496123411475,3.491230255164985,2.8333333333333335,21.2,detector,273,2018-12-17 11:36:00,2018-12-17 11:36:00
JUNG1,2018-12-17 07:06:00,2018-12-17 10:44:00,2018-12-17 07:06:00,2018-12-17 22:00:00,2018-12-17 22:02:00,0.4140540759184358,-2.9803225500626938,3.3943766259811294,2.0390119689014714,6.894945148725156,3.6333333333333333,14.9,detector,273,2018-12-17 11:36:00,2018-12-17 11:36:00
JUNG,2018-12-17 16:06:00,2018-12-17 18:04:00,2018-12-17 16:06:00,2018-12-17 21:00:00,2018-12-17 21:14:00,0.20301852567976564,-3.1751002575227467,3.3781187832025124,2.1496557527425697,5.700455808900954,1.9666666666666666,4.9,detector,273,2018-12-17 11:36:00,2018-12-17 11:36:00
LMKS,2018-12-17 17:54:00,2018-12-17 20:14:00,2018-12-17 17:54:00,2018-12-18 12:26:00,2018-12-18 12:28:00,1.526761452732009,-3.4776146550604077,5.0043761077924165,2.3713536607976606,7.129151621235889,2.3333333333333335,18.533333333333335,detector,273,2018-12-17 11:36:00,2018-12-17 11:36:00
APTY,2018-12-17 21:22:00,2018-12-17 23:38:00,2018-12-17 21:22:00,2018-12-19 05:16:00,2018-12-19 05:18:00,0.5952980439340592,-4.1484782638783075,4.743776307812366,2.08942814225941,5.065301218602328,2.2666666666666666,31.9,detector,273,2018-12-17 11:36:00,2018-12-17 11:36:00
KERG,2018-12-20 01:38:00,2018-12-20 05:00:00,2018-12-20 01:38:00,2018-12-20 04:10:00,2018-12-20 04:12:00,0.20389864790548445,-2.6947668136924716,2.898665461597956,2.3043380687783013,5.030131291036448,3.3666666666666667,2.533333333333333,detector,274,2018-12-20 06:22:00,2018-12-20 06:22:00
JUNG,2018-12-20 06:22:00,2018-12-20 08:38:00,2018-12-20 06:22:00,2018-12-21 16:40:00,2018-12-21 16:42:00,0.576871419039213,-4.0353405791189685,4.612211998158181,2.516108826608215,10.65362497506888,2.2666666666666666,34.3,detector,274,2018-12-20 06:22:00,2018-12-20 06:22:00
LMKS,2018-12-20 20:42:00,2018-12-21 00:46:00,2018-12-20 20:42:00,2018-12-20 22:52:00,2018-12-20 22:56:00,0.24368993176113024,-2.323331407301896,2.567021339063026,2.3282409319322785,5.744321440196459,4.066666666666666,2.1666666666666665,detector,274,2018-12-20 06:22:00,2018-12-20 06:22:00
JUNG,2018-12-29 16:42:00,2018-12-29 22:24:00,2018-12-29 16:42:00,2018-12-31 04:40:00,2018-12-31 04:46:00,0.26753468493492116,-4.078928704008302,4.3464633889432225,2.1944708081161215,5.880353791855874,5.7,35.96666666666667,detector,275,2018-12-30 03:21:00,2018-12-30 03:21:00
JUNG1,2018-12-29 20:20:00,2018-12-29 22:38:00,2018-12-29 20:20:00,2018-12-30 02:14:00,2018-12-30 02:16:00,0.24781389392241465,-2.8975611556499903,3.145375049572405,2.075804989667771,6.225044513925897,2.3,5.9,detector,275,2018-12-30 03:21:00,2018-12-30 03:21:00
NANM,2018-12-30 10:22:00,2018-12-30 13:32:00,2018-12-30 10:22:00,2018-12-30 10:54:00,2018-12-30 10:56:00,0.09895632867039506,-4.50410405046642,4.603060379136815,2.1457837566062854,3.9412230269989825,3.1666666666666665,0.5333333333333333,detector,275,2018-12-30 03:21:00,2018-12-30 03:21:00
KERG,2018-12-31 11:10:00,2018-12-31 13:54:00,2018-12-31 11:10:00,2019-01-01 22:30:00,2019-01-01 22:38:00,0.25151738358820697,-3.413204910165526,3.6647222937537327,2.047136034209733,3.3406141572983157,2.7333333333333334,35.333333333333336,detector,275,2018-12-30 03:21:00,2018-12-30 03:21:00
DRBS,2019-01-03 04:12:00,2019-01-03 06:50:00,2019-01-03 04:12:00,2019-01-04 14:30:00,2019-01-04 14:32:00,0.7547843198259019,-8.50781078107811,9.262595100904012,2.0169374732589755,3.2160796218228964,2.6333333333333333,34.3,detector,276,2019-01-04 16:27:00,2019-01-04 16:27:00
AATB,2019-01-03 12:18:00,2019-01-03 14:30:00,2019-01-03 12:18:00,2019-01-03 19:54:00,2019-01-03 19:58:00,0.0105758243331698,-3.2163639569740723,3.2269397813072422,2.148615749822544,4.2864794505592405,2.2,7.6,detector,276,2019-01-04 16:27:00,2019-01-04 16:27:00
LMKS,2019-01-03 19:06:00,2019-01-03 21:46:00,2019-01-03 19:06:00,2019-01-03 22:18:00,2019-01-03 22:20:00,0.28010426433956437,-2.054497608412486,2.3346018727520503,2.4121270084737243,4.62356197432634,2.6666666666666665,3.2,detector,276,2019-01-04 16:27:00,2019-01-04 16:27:00
FSMT,2019-01-04 16:08:00,2019-01-04 18:16:00,2019-01-04 16:08:00,2019-01-05 01:24:00,2019-01-05 01:26:00,0.5129063180802118,-3.1018807380336963,3.614787056113908,2.1497030685208864,8.621914089281095,2.1333333333333333,9.266666666666667,detector,276,2019-01-04 16:27:00,2019-01-04 16:27:00
JUNG1,2019-01-04 16:46:00,2019-01-05 10:34:00,2019-01-04 16:46:00,2019-01-05 22:24:00,2019-01-05 22:26:00,0.4912014002102493,-3.2256202131693654,3.7168216133796146,2.5522367754238324,8.566242585687712,17.8,29.633333333333333,detector,276,2019-01-04 16:27:00,2019-01-04 16:27:00
ROME,2019-01-04 17:20:00,2019-01-04 20:04:00,2019-01-04 17:20:00,2019-01-05 23:50:00,2019-01-05 23:52:00,0.36750250237794513,-4.285192297226919,4.652694799604864,2.060114374732783,8.72260855898152,2.7333333333333334,30.5,detector,276,2019-01-04 16:27:00,2019-01-04 16:27:00
JUNG,2019-01-05 00:38:00,2019-01-05 03:48:00,2019-01-05 00:38:00,2019-01-05 18:36:00,2019-01-05 18:38:00,0.458692468342381,-3.710093342534408,4.1687858108767895,2.188795314471559,7.494718810063535,3.1666666666666665,17.966666666666665,detector,276,2019-01-04 16:27:00,2019-01-04 16:27:00
KERG,2019-01-06 04:14:00,2019-01-06 06:26:00,2019-01-06 04:14:00,2019-01-06 18:04:00,2019-01-06 18:10:00,0.01595275087647035,-3.7987033556480054,3.8146561065244757,2.1366231861842926,3.136758946184741,2.2,13.833333333333334,detector,276,2019-01-04 16:27:00,2019-01-04 16:27:00
JUNG1,2019-01-08 07:38:00,2019-01-08 11:28:00,2019-01-08 07:38:00,2019-01-09 07:26:00,2019-01-09 07:36:00,-0.3497500723892417,-4.335625830566994,3.9858757581777526,2.063596176123216,6.0999253305703744,3.8333333333333335,23.8,detector,277,2019-01-08 07:38:00,2019-01-08 07:38:00
KERG,2019-01-10 20:28:00,2019-01-10 23:46:00,2019-01-10 20:28:00,2019-01-11 00:02:00,2019-01-11 00:04:00,0.2529157605578088,-4.82581229557753,5.078728056135339,2.094249507211374,5.968710187896718,3.3,3.566666666666667,detector,278,2019-01-11 04:48:00,2019-01-11 04:48:00
JUNG,2019-01-11 13:08:00,2019-01-11 16:20:00,2019-01-11 13:08:00,2019-01-11 22:30:00,2019-01-11 22:36:00,0.60502372180266,-3.8653750575522134,4.470398779354873,2.6378044903844224,9.117410185499986,3.2,9.366666666666667,detector,278,2019-01-11 04:48:00,2019-01-11 04:48:00
KERG,2019-01-13 07:54:00,2019-01-13 10:32:00,2019-01-13 07:54:00,2019-01-14 18:28:00,2019-01-14 18:30:00,0.16635630384188935,-3.06971582238632,3.2360721262282093,2.1642404409075406,3.71206567456022,2.6333333333333333,34.56666666666667,detector,279,2019-01-13 21:58:00,2019-01-13 21:58:00
AATB,2019-01-13 21:58:00,2019-01-14 00:24:00,2019-01-13 21:58:00,2019-01-14 19:54:00,2019-01-14 20:02:00,0.1413879710641659,-2.20046306933668,2.341851040400846,2.430435989652779,3.961964133900347,2.433333333333333,21.933333333333334,detector,279,2019-01-13 21:58:00,2019-01-13 21:58:00
LMKS,2019-01-14 12:52:00,2019-01-14 15:22:00,2019-01-14 12:52:00,2019-01-16 00:46:00,2019-01-16 00:54:00,0.20548710775628182,-3.322461545535583,3.527948653291865,2.185408637173423,8.50723242476009,2.5,35.9,detector,279,2019-01-13 21:58:00,2019-01-13 21:58:00
JUNG,2019-01-17 08:02:00,2019-01-17 10:20:00,2019-01-17 08:02:00,2019-01-17 20:24:00,2019-01-17 20:28:00,1.5227253108547993,-3.2065414052831196,4.729266716137919,2.187591637395707,2.9574497276045695,2.3,12.366666666666667,detector,280,2019-01-17 14:07:00,2019-01-17 14:07:00
KIEL2,2019-01-17 20:12:00,2019-01-17 23:30:00,2019-01-17 20:12:00,2019-01-18 23:06:00,2019-01-18 23:08:00,0.6657186990460833,-3.9389338955697286,4.604652594615812,2.259291667181151,19.390145112791313,3.3,26.9,detector,280,2019-01-17 14:07:00,2019-01-17 14:07:00
KERG,2019-01-19 21:08:00,2019-01-20 00:04:00,2019-01-19 21:08:00,2019-01-21 03:06:00,2019-01-21 03:08:00,0.49150607888678394,-4.38331337173564,4.874819450622423,2.050708555070739,4.575920465720464,2.933333333333333,29.966666666666665,detector,281,2019-01-19 21:08:00,2019-01-19 21:08:00
DRBS,2019-01-22 16:32:00,2019-01-22 19:34:00,2019-01-22 16:32:00,2019-01-24 04:00:00,2019-01-24 04:04:00,0.7228715237243251,-7.749559882170443,8.472431405894769,2.0648216615506567,3.2337982420253386,3.033333333333333,35.46666666666667,detector,282,2019-01-24 09:42:00,2019-01-24 09:42:00
KERG,2019-01-23 04:04:00,2019-01-23 07:02:00,2019-01-23 04:04:00,2019-01-24 04:16:00,2019-01-24 04:18:00,0.6653759433290829,-2.64857052089886,3.313946464227943,2.075205840352114,4.152074885491267,2.966666666666667,24.2,detector,282,2019-01-24 09:42:00,2019-01-24 09:42:00
JUNG1,2019-01-24 09:14:00,2019-01-24 11:20:00,2019-01-24 09:14:00,2019-01-25 12:52:00,2019-01-25 12:56:00,0.5984570940976441,-3.441361943456913,4.039819037554557,2.1277248458378755,5.222248020689366,2.1,27.633333333333333,detector,282,2019-01-24 09:42:00,2019-01-24 09:42:00
LMKS,2019-01-24 10:10:00,2019-01-24 13:06:00,2019-01-24 10:10:00,2019-01-25 10:58:00,2019-01-25 11:00:00,0.3824094487960305,-5.534982915962076,5.917392364758107,2.097837085039864,5.960482179724452,2.933333333333333,24.8,detector,282,2019-01-24 09:42:00,2019-01-24 09:42:00
BKSN,2019-01-24 14:14:00,2019-01-24 16:42:00,2019-01-24 14:14:00,2019-01-25 19:50:00,2019-01-25 19:52:00,0.0261418694109055,-4.646840885225765,4.672982754636671,2.4195853239232568,9.54995828792939,2.466666666666667,29.6,detector,282,2019-01-24 09:42:00,2019-01-24 09:42:00
JUNG,2019-01-25 07:40:00,2019-01-25 09:54:00,2019-01-25 07:40:00,2019-01-26 01:20:00,2019-01-26 01:22:00,-0.46660502357720435,-4.416893024590109,3.950288001012904,2.486710984530044,4.978248984304461,2.2333333333333334,17.666666666666668,detector,282,2019-01-24 09:42:00,2019-01-24 09:42:00
JUNG1,2019-01-27 17:26:00,2019-01-27 19:28:00,2019-01-27 17:26:00,2019-01-28 02:26:00,2019-01-28 02:30:00,-0.012726269520485299,-2.8614055164005427,2.8486792468800575,2.4910949398684106,7.242337010383951,2.033333333333333,9.0,detector,283,2019-01-28 01:32:00,2019-01-28 01:32:00
APTY,2019-01-28 09:38:00,2019-01-28 12:28:00,2019-01-28 09:38:00,2019-01-28 14:00:00,2019-01-28 14:02:00,0.329605564529886,-3.3569232325844194,3.6865287971143053,2.458079367707675,7.794255190861353,2.8333333333333335,4.366666666666666,detector,283,2019-01-28 01:32:00,2019-01-28 01:32:00
DRBS,2019-01-29 15:32:00,2019-01-29 17:44:00,2019-01-29 15:32:00,2019-01-30 21:52:00,2019-01-30 21:54:00,0.1102292768959435,-7.741438167602695,7.851667444498639,2.490062122547059,3.2585023181185444,2.2,30.333333333333332,detector,284,2019-01-29 17:10:00,2019-01-29 17:10:00
LMKS,2019-01-29 18:48:00,2019-01-29 22:12:00,2019-01-29 18:48:00,2019-01-30 17:06:00,2019-01-30 17:08:00,0.16189552243934208,-2.0747076098717105,2.2366031323110525,2.4540571090717016,7.801948323517785,3.4,22.3,detector,284,2019-01-29 17:10:00,2019-01-29 17:10:00
NEWK,2019-01-31 17:56:00,2019-01-31 20:58:00,2019-01-31 17:56:00,2019-02-01 02:52:00,2019-02-01 02:54:00,0.1022055583058262,-4.852455785999322,4.954661344305148,2.1180948243047286,5.138418515431641,3.033333333333333,8.933333333333334,detector,285,2019-02-01 09:36:00,2019-02-01 09:36:00
DRBS,2019-01-31 18:32:00,2019-01-31 20:32:00,2019-01-31 18:32:00,2019-02-01 14:58:00,2019-02-01 15:00:00,-0.3493222590166414,-21.150584743666744,20.801262484650103,2.010742121632841,2.6795458020188594,2.0,20.433333333333334,detector,285,2019-02-01 09:36:00,2019-02-01 09:36:00
APTY,2019-02-02 00:40:00,2019-02-02 02:38:00,2019-02-02 00:40:00,2019-02-02 23:00:00,2019-02-02 23:02:00,-0.6841946219446906,-3.952748235987008,3.2685536140423173,2.1422555634229643,8.865623300135864,1.9666666666666666,22.333333333333332,detector,285,2019-02-01 09:36:00,2019-02-01 09:36:00
JUNG1,2019-02-02 09:56:00,2019-02-02 12:24:00,2019-02-02 09:56:00,2019-02-03 15:00:00,2019-02-03 15:02:00,0.3236622807905263,-3.0729869583339444,3.3966492391244705,2.2957284720410516,5.372971189536336,2.466666666666667,29.066666666666666,detector,285,2019-02-01 09:36:00,2019-02-01 09:36:00
KERG,2019-02-04 12:14:00,2019-02-04 15:54:00,2019-02-04 12:14:00,2019-02-05 02:24:00,2019-02-05 02:26:00,0.5905706860791994,-2.871238618021553,3.4618093041007523,2.519909997162154,8.352603123216042,3.6666666666666665,14.166666666666666,detector,286,2019-02-04 12:14:00,2019-02-04 12:14:00
DRBS,2019-02-05 15:34:00,2019-02-05 20:50:00,2019-02-05 15:34:00,2019-02-06 23:26:00,2019-02-06 23:28:00,1.066027527120212,-4.887304916634087,5.953332443754299,2.06953666675892,7.384676120310536,5.266666666666667,31.866666666666667,detector,287,2019-02-05 17:32:00,2019-02-05 17:32:00
KERG,2019-02-05 19:30:00,2019-02-05 21:48:00,2019-02-05 19:30:00,2019-02-06 10:32:00,2019-02-06 10:34:00,0.1560508892589653,-4.755720233775157,4.911771123034122,2.0052433004630075,6.709956963280228,2.3,15.033333333333333,detector,287,2019-02-05 17:32:00,2019-02-05 17:32:00
JUNG1,2019-02-07 15:44:00,2019-02-07 17:48:00,2019-02-07 15:44:00,2019-02-08 15:36:00,2019-02-08 15:38:00,0.08071742509335669,-2.8143337935795594,2.8950512186729163,2.146941011266428,5.003766223642909,2.066666666666667,23.866666666666667,detector,288,2019-02-08 14:12:00,2019-02-08 14:12:00
KERG,2019-02-08 14:12:00,2019-02-08 16:38:00,2019-02-08 14:12:00,2019-02-08 18:26:00,2019-02-08 18:28:00,0.3497883383775662,-3.712268276553531,4.062056614931097,2.0235562857785183,3.5691997453058115,2.433333333333333,4.233333333333333,detector,288,2019-02-08 14:12:00,2019-02-08 14:12:00
DRBS,2019-02-08 14:34:00,2019-02-08 18:12:00,2019-02-08 14:34:00,2019-02-09 23:00:00,2019-02-09 23:02:00,0.0995661759476519,-12.595980025415692,12.695546201363344,2.5996071517033155,17.561349204538033,3.6333333333333333,32.43333333333333,detector,288,2019-02-08 14:12:00,2019-02-08 14:12:00
KERG,2019-02-11 16:10:00,2019-02-11 18:24:00,2019-02-11 16:10:00,2019-02-11 21:22:00,2019-02-11 21:24:00,0.20365487941998064,-3.4434014639687685,3.647056343388749,2.112116749279619,7.033798900578041,2.2333333333333334,5.2,detector,289,2019-02-11 16:10:00,2019-02-11 16:10:00
APTY,2019-02-13 17:32:00,2019-02-13 21:04:00,2019-02-13 17:32:00,2019-02-14 13:24:00,2019-02-14 13:26:00,1.0382937893199466,-4.47885893396386,5.5171527232838065,2.772469335265802,5.400559226880269,3.533333333333333,19.866666666666667,detector,290,2019-02-14 22:10:00,2019-02-14 22:10:00
NEWK,2019-02-14 22:10:00,2019-02-15 01:24:00,2019-02-14 22:10:00,2019-02-16 04:42:00,2019-02-16 04:48:00,0.982058911498026,-3.432584825403105,4.414643736901131,2.026625459955772,10.183085297110097,3.2333333333333334,30.533333333333335,detector,290,2019-02-14 22:10:00,2019-02-14 22:10:00
AATB,2019-02-15 07:46:00,2019-02-15 10:14:00,2019-02-15 07:46:00,2019-02-16 03:04:00,2019-02-16 03:08:00,0.5483237302782964,-1.8352343846411416,2.3835581149194383,2.3283379265735467,4.112296794353396,2.466666666666667,19.3,detector,290,2019-02-14 22:10:00,2019-02-14 22:10:00
AATB,2019-02-18 16:36:00,2019-02-18 19:40:00,2019-02-18 16:36:00,2019-02-19 19:00:00,2019-02-19 19:02:00,0.9040764846584881,-2.105116408755041,3.0091928934135295,2.2908863894615297,3.138041418513084,3.066666666666667,26.4,detector,291,2019-02-19 19:48:00,2019-02-19 19:48:00
JUNG,2019-02-19 17:08:00,2019-02-19 21:32:00,2019-02-19 17:08:00,2019-02-20 19:56:00,2019-02-20 19:58:00,0.6851138743378988,-3.3869312350325016,4.0720451093704,2.6013687351480317,3.693355108671906,4.4,26.8,detector,291,2019-02-19 19:48:00,2019-02-19 19:48:00
LMKS,2019-02-19 22:28:00,2019-02-20 01:22:00,2019-02-19 22:28:00,2019-02-21 05:34:00,2019-02-21 05:36:00,0.5902833769833177,-2.403532985994619,2.993816362977937,2.364975179399062,5.56528849461026,2.9,31.1,detector,291,2019-02-19 19:48:00,2019-02-19 19:48:00
NEWK,2019-02-20 09:28:00,2019-02-20 11:58:00,2019-02-20 09:28:00,2019-02-21 09:16:00,2019-02-21 09:18:00,0.32354460565053766,-5.378683013644451,5.702227619294988,2.1565469666699713,3.3515103131965827,2.5,23.8,detector,291,2019-02-19 19:48:00,2019-02-19 19:48:00
BKSN,2019-02-22 20:58:00,2019-02-22 23:04:00,2019-02-22 20:58:00,2019-02-22 22:30:00,2019-02-22 22:32:00,0.15233663403518455,-5.070805321127164,5.223141955162348,2.3522246459526985,3.132020627929681,2.1,1.5333333333333334,detector,292,2019-02-22 20:58:00,2019-02-22 20:58:00
KIEL2,2019-02-24 17:28:00,2019-02-24 19:34:00,2019-02-24 17:28:00,2019-02-24 19:58:00,2019-02-24 20:22:00,2.57555022098579,-14.106919954699151,16.68247017568494,2.447478960732233,5.915021617652369,2.1,2.5,detector,293,2019-02-24 17:28:00,2019-02-24 17:28:00
AATB,2019-02-26 07:24:00,2019-02-26 10:10:00,2019-02-26 07:24:00,2019-02-27 14:58:00,2019-02-27 15:00:00,0.21423210787645655,-2.1447721179624635,2.35900422583892,2.1042454495322915,10.263988480132364,2.7666666666666666,31.566666666666666,detector,294,2019-02-26 07:24:00,2019-02-26 07:24:00
JUNG,2019-02-28 13:52:00,2019-02-28 17:04:00,2019-02-28 13:52:00,2019-02-28 20:46:00,2019-02-28 20:48:00,0.0946089945745695,-3.8566464519936625,3.951255446568232,2.192517958182264,6.843659427731604,3.2,6.9,detector,295,2019-02-28 16:12:00,2019-02-28 16:12:00
KIEL2,2019-02-28 16:12:00,2019-02-28 20:40:00,2019-02-28 16:12:00,2019-02-28 16:20:00,2019-02-28 16:26:00,0.6555364664107193,-12.21071946234399,12.86625592875471,2.310088918361921,6.143952751852751,4.466666666666667,0.13333333333333333,detector,295,2019-02-28 16:12:00,2019-02-28 16:12:00
BKSN,2019-02-28 22:40:00,2019-03-01 01:24:00,2019-02-28 22:40:00,2019-03-01 21:44:00,2019-03-01 21:46:00,0.518441502625953,-3.9137574743260406,4.432198976951994,2.4153780822473476,10.816146652406369,2.7333333333333334,23.066666666666666,detector,295,2019-02-28 16:12:00,2019-02-28 16:12:00
KIEL2,2019-03-02 13:48:00,2019-03-02 16:30:00,2019-03-02 13:48:00,2019-03-03 19:12:00,2019-03-03 19:16:00,0.9286668646705785,-2.7170907079645916,3.64575757263517,2.379996974153427,7.484067515128953,2.7,29.4,detector,296,2019-03-02 13:48:00,2019-03-02 13:48:00
LMKS,2019-03-04 20:38:00,2019-03-04 23:04:00,2019-03-04 20:38:00,2019-03-04 23:04:00,2019-03-04 23:06:00,0.1927216907625781,-2.492054005877035,2.684775696639613,2.076095530303805,11.834657245783944,2.433333333333333,2.433333333333333,detector,297,2019-03-04 20:38:00,2019-03-04 20:38:00
JUNG1,2019-03-05 14:50:00,2019-03-05 17:10:00,2019-03-05 14:50:00,2019-03-06 21:34:00,2019-03-06 21:36:00,0.20875309210241638,-3.3499363368276622,3.558689428930079,2.0004769877301194,6.189339812176702,2.3333333333333335,30.733333333333334,detector,298,2019-03-05 14:50:00,2019-03-05 14:50:00
LMKS,2019-03-09 22:48:00,2019-03-10 01:46:00,2019-03-09 22:48:00,2019-03-11 00:48:00,2019-03-11 00:50:00,0.3000550879026088,-3.804860935557264,4.1049160234598725,2.0321014973175524,10.275095108241567,2.966666666666667,26.0,detector,299,2019-03-09 22:48:00,2019-03-09 22:48:00
JUNG1,2019-03-13 07:32:00,2019-03-13 09:42:00,2019-03-13 07:32:00,2019-03-14 15:00:00,2019-03-14 15:26:00,0.49413838362693335,-3.7403498387584895,4.234488222385423,2.2064439176569124,3.202660544698106,2.1666666666666665,31.466666666666665,detector,300,2019-03-13 07:32:00,2019-03-13 07:32:00
CALM,2019-03-16 23:14:00,2019-03-17 02:54:00,2019-03-16 23:14:00,2019-03-18 08:34:00,2019-03-18 08:36:00,0.046089385474862,-6.303524776820037,6.349614162294899,2.7016981231349164,6.197606298689283,3.6666666666666665,33.333333333333336,detector,301,2019-03-17 23:54:00,2019-03-17 23:54:00
JUNG,2019-03-17 23:54:00,2019-03-18 02:06:00,2019-03-17 23:54:00,2019-03-18 18:20:00,2019-03-18 18:22:00,1.0920788895701519,-2.363797091270192,3.455875980840344,2.044637013738736,6.569483831014742,2.2,18.433333333333334,detector,301,2019-03-17 23:54:00,2019-03-17 23:54:00
JUNG1,2019-03-18 05:46:00,2019-03-18 07:46:00,2019-03-18 05:46:00,2019-03-18 18:52:00,2019-03-18 18:56:00,1.2821676099668955,-2.3817712240819566,3.663938834048852,2.01232808812892,2.752339071145286,2.0,13.1,detector,301,2019-03-17 23:54:00,2019-03-17 23:54:00
LMKS,2019-03-20 15:20:00,2019-03-20 18:14:00,2019-03-20 15:20:00,2019-03-22 02:34:00,2019-03-22 02:36:00,0.14525806878954273,-3.0062551257712635,3.151513194560806,2.1874848151211417,4.7672742870051295,2.9,35.233333333333334,detector,302,2019-03-20 17:48:00,2019-03-20 17:48:00
KERG,2019-03-20 20:16:00,2019-03-21 00:10:00,2019-03-20 20:16:00,2019-03-21 10:06:00,2019-03-21 10:08:00,0.804351578052775,-4.136235584582757,4.940587162635532,2.1681439269186806,5.451647625131865,3.9,13.833333333333334,detector,302,2019-03-20 17:48:00,2019-03-20 17:48:00
LMKS,2019-03-25 03:06:00,2019-03-25 07:00:00,2019-03-25 03:06:00,2019-03-26 02:02:00,2019-03-26 02:08:00,0.6764042458124302,-3.0264345344919343,3.7028387803043645,2.0859396052898784,7.789314698710664,3.9,22.933333333333334,detector,303,2019-03-25 12:18:00,2019-03-25 12:18:00
AATB,2019-03-25 12:18:00,2019-03-25 14:18:00,2019-03-25 12:18:00,2019-03-26 13:52:00,2019-03-26 13:56:00,0.3552275397118535,-2.723330442324371,3.0785579820362248,2.3276395932820155,3.934670455772965,2.0,25.566666666666666,detector,303,2019-03-25 12:18:00,2019-03-25 12:18:00
KERG,2019-03-26 18:56:00,2019-03-26 23:20:00,2019-03-26 18:56:00,2019-03-27 05:26:00,2019-03-27 05:28:00,-0.0810825399620495,-3.564604917174789,3.4835223772127395,2.0247128263958967,6.108951986592259,4.4,10.5,detector,303,2019-03-25 12:18:00,2019-03-25 12:18:00
JUNG1,2019-03-28 00:24:00,2019-03-29 10:34:00,2019-03-28 00:24:00,2019-03-29 08:48:00,2019-03-29 08:52:00,0.31069495290026516,-9.22719176726697,9.537886720167235,2.0567527552144704,11.298373830660193,34.166666666666664,32.4,detector,304,2019-03-28 15:09:00,2019-03-28 15:09:00
KERG,2019-03-29 05:54:00,2019-03-29 08:14:00,2019-03-29 05:54:00,2019-03-30 05:58:00,2019-03-30 06:00:00,-0.12717847220495634,-3.822511427712041,3.6953329555070846,2.1116110673180244,3.667670614783599,2.3333333333333335,24.066666666666666,detector,304,2019-03-28 15:09:00,2019-03-28 15:09:00
APTY,2019-03-31 02:26:00,2019-03-31 05:42:00,2019-03-31 02:26:00,2019-03-31 19:26:00,2019-03-31 19:28:00,0.30004671790925674,-3.1742548020256636,3.4743015199349205,2.04111690450003,3.2488151544215764,3.2666666666666666,17.0,detector,305,2019-03-31 02:26:00,2019-03-31 02:26:00
KERG,2019-04-02 04:58:00,2019-04-02 08:54:00,2019-04-02 04:58:00,2019-04-03 02:14:00,2019-04-03 02:16:00,0.00561958495726,-3.742830182677935,3.748449767635195,2.535660046389941,4.619850233570684,3.933333333333333,21.266666666666666,detector,306,2019-04-04 13:02:00,2019-04-04 13:02:00
NANM,2019-04-02 12:46:00,2019-04-02 15:00:00,2019-04-02 12:46:00,2019-04-03 20:40:00,2019-04-03 20:42:00,0.5512603195735004,-4.479276202036738,5.030536521610238,2.406827850814768,8.614409392443035,2.2333333333333334,31.9,detector,306,2019-04-04 13:02:00,2019-04-04 13:02:00
JUNG1,2019-04-04 13:02:00,2019-04-04 16:12:00,2019-04-04 13:02:00,2019-04-06 00:20:00,2019-04-06 00:22:00,0.7362308237772232,-3.073293303579423,3.8095241273566463,2.02077798472568,8.989334735835813,3.1666666666666665,35.3,detector,306,2019-04-04 13:02:00,2019-04-04 13:02:00
LMKS,2019-04-06 08:42:00,2019-04-06 11:00:00,2019-04-06 08:42:00,2019-04-06 21:56:00,2019-04-06 21:58:00,0.30984118308764574,-2.569894112943451,2.8797352960310967,2.230544097571874,4.640128444700366,2.3,13.233333333333333,detector,306,2019-04-04 13:02:00,2019-04-04 13:02:00
FSMT,2019-04-06 20:36:00,2019-04-06 23:02:00,2019-04-06 20:36:00,2019-04-08 06:32:00,2019-04-08 06:34:00,0.13201586040069319,-3.5977096457453044,3.7297255061459977,2.082913484490603,8.090459413742629,2.433333333333333,33.93333333333333,detector,306,2019-04-04 13:02:00,2019-04-04 13:02:00
JUNG,2019-04-09 08:12:00,2019-04-09 10:52:00,2019-04-09 08:12:00,2019-04-09 20:04:00,2019-04-09 20:06:00,0.24563800380549267,-3.127520813923361,3.3731588177288536,2.707335983419328,5.5033404117217595,2.6666666666666665,11.866666666666667,detector,307,2019-04-09 11:01:00,2019-04-09 11:01:00
AATB,2019-04-09 13:50:00,2019-04-09 16:00:00,2019-04-09 13:50:00,2019-04-10 00:24:00,2019-04-10 00:26:00,0.18000107343208455,-1.9492087889055691,2.1292098623376536,2.1262643950347866,6.291847701701671,2.1666666666666665,10.566666666666666,detector,307,2019-04-09 11:01:00,2019-04-09 11:01:00
AATB,2019-04-21 11:34:00,2019-04-21 14:26:00,2019-04-21 11:34:00,2019-04-22 17:38:00,2019-04-22 17:40:00,0.588957066795889,-2.0090845562543675,2.5980416230502565,2.2607818241370397,9.560362003631807,2.8666666666666667,30.066666666666666,detector,308,2019-04-21 11:34:00,2019-04-21 11:34:00
JUNG,2019-04-25 14:24:00,2019-04-25 17:24:00,2019-04-25 14:24:00,2019-04-25 19:06:00,2019-04-25 19:10:00,0.0362345926319939,-3.253628884188293,3.2898634768202872,2.1676278244884126,3.881406637627749,3.0,4.7,detector,309,2019-04-25 17:17:00,2019-04-25 17:17:00
JUNG1,2019-04-25 20:10:00,2019-04-25 22:56:00,2019-04-25 20:10:00,2019-04-26 19:20:00,2019-04-26 19:22:00,-0.6173853809789009,-4.541617292842921,3.92423191186402,2.071847799338051,7.238844039026277,2.7666666666666666,23.166666666666668,detector,309,2019-04-25 17:17:00,2019-04-25 17:17:00
LMKS,2019-04-27 13:16:00,2019-04-27 16:24:00,2019-04-27 13:16:00,2019-04-28 17:18:00,2019-04-28 17:36:00,1.0359714002310483,-4.897603132469743,5.933574532700791,2.0313837569915787,4.385862774811571,3.1333333333333333,28.033333333333335,detector,310,2019-04-27 13:16:00,2019-04-27 13:16:00
KERG,2019-05-01 19:00:00,2019-05-01 23:16:00,2019-05-01 19:00:00,2019-05-01 20:52:00,2019-05-01 21:00:00,0.05364969854553995,-3.8182692875771216,3.8719189861226617,2.0600079301272065,11.567669008209151,4.266666666666667,1.8666666666666667,detector,311,2019-05-02 05:26:00,2019-05-02 05:26:00
FSMT,2019-05-02 05:02:00,2019-05-02 08:40:00,2019-05-02 05:02:00,2019-05-03 05:46:00,2019-05-03 05:48:00,-0.14726248423301655,-2.9108537334386204,2.763591249205604,2.1010488469403805,3.627484419455615,3.6333333333333333,24.733333333333334,detector,311,2019-05-02 05:26:00,2019-05-02 05:26:00
JUNG,2019-05-02 05:50:00,2019-05-02 07:56:00,2019-05-02 05:50:00,2019-05-02 18:52:00,2019-05-02 18:56:00,-0.0210675308417189,-3.4833445162221923,3.4622769853804733,2.3244731131774263,10.995180883367716,2.1,13.033333333333333,detector,311,2019-05-02 05:26:00,2019-05-02 05:26:00
JUNG1,2019-05-03 00:06:00,2019-05-03 02:50:00,2019-05-03 00:06:00,2019-05-03 17:06:00,2019-05-03 17:08:00,-0.0686176230251328,-3.8319804692183386,3.7633628461932056,2.123716967592966,5.458596341645419,2.7333333333333334,17.0,detector,311,2019-05-02 05:26:00,2019-05-02 05:26:00
LMKS,2019-05-05 01:38:00,2019-05-05 03:44:00,2019-05-05 01:38:00,2019-05-06 06:36:00,2019-05-06 06:38:00,0.130660829231516,-2.8254853497264296,2.9561461789579457,2.165779090966236,7.59960122155273,2.1,28.966666666666665,detector,312,2019-05-06 17:04:00,2019-05-06 17:04:00
AATB,2019-05-06 17:04:00,2019-05-06 20:04:00,2019-05-06 17:04:00,2019-05-07 01:20:00,2019-05-07 01:22:00,-0.481944788971966,-3.954000141974874,3.472055353002908,2.5656407703608304,6.1385769162279935,3.0,8.266666666666667,detector,312,2019-05-06 17:04:00,2019-05-06 17:04:00
NEWK,2019-05-07 13:38:00,2019-05-07 16:00:00,2019-05-07 13:38:00,2019-05-08 13:08:00,2019-05-08 13:10:00,-0.0236355312669098,-5.027905122583219,5.004269591316309,2.0052618472292765,10.468562191783164,2.3666666666666667,23.5,detector,312,2019-05-06 17:04:00,2019-05-06 17:04:00
KIEL2,2019-05-09 18:54:00,2019-05-09 22:40:00,2019-05-09 18:54:00,2019-05-10 23:18:00,2019-05-10 23:24:00,-0.0122801905770497,-7.870125003345925,7.857844812768875,2.1070405865468738,5.524962181984455,3.7666666666666666,28.4,detector,313,2019-05-10 03:26:00,2019-05-10 03:26:00
NANM,2019-05-10 11:58:00,2019-05-10 14:10:00,2019-05-10 11:58:00,2019-05-11 03:50:00,2019-05-11 03:52:00,0.44468902633514706,-3.5979025834552236,4.042591609790371,2.1227599285934544,2.989530268581047,2.2,15.866666666666667,detector,313,2019-05-10 03:26:00,2019-05-10 03:26:00
JUNG1,2019-05-11 16:20:00,2019-05-11 18:46:00,2019-05-11 16:20:00,2019-05-11 21:02:00,2019-05-11 21:04:00,0.01893495665997255,-3.938700282640709,3.9576352393006813,2.0359052730196754,5.052655335252673,2.433333333333333,4.7,detector,314,2019-05-11 22:52:00,2019-05-11 22:52:00
KIEL2,2019-05-11 22:52:00,2019-05-12 02:04:00,2019-05-11 22:52:00,2019-05-12 16:08:00,2019-05-12 17:10:00,-0.9040103173612258,-9.641302206062962,8.737291888701735,2.1605626904777453,3.8188102818494887,3.2,17.266666666666666,detector,314,2019-05-11 22:52:00,2019-05-11 22:52:00
LMKS,2019-05-12 02:20:00,2019-05-12 06:18:00,2019-05-12 02:20:00,2019-05-12 11:46:00,2019-05-12 12:00:00,1.7278749945069547,-3.3702522114869367,5.098127205993891,2.532548792244124,5.163244478750896,3.966666666666667,9.433333333333334,detector,314,2019-05-11 22:52:00,2019-05-11 22:52:00
LMKS,2019-05-13 21:16:00,2019-05-14 00:14:00,2019-05-13 21:16:00,2019-05-15 07:22:00,2019-05-15 07:46:00,0.060148517381146197,-5.187061335296957,5.247209852678103,2.0361426985945013,4.185970459534944,2.966666666666667,34.1,detector,315,2019-05-16 09:24:00,2019-05-16 09:24:00
ATHN,2019-05-15 10:06:00,2019-05-15 13:12:00,2019-05-15 10:06:00,2019-05-16 20:32:00,2019-05-16 20:34:00,0.5518885349748832,-6.986962472088158,7.538851007063041,2.1950253824512815,9.825821157225503,3.1,34.43333333333333,detector,315,2019-05-16 09:24:00,2019-05-16 09:24:00
NEWK,2019-05-15 21:02:00,2019-05-15 23:20:00,2019-05-15 21:02:00,2019-05-17 05:12:00,2019-05-17 05:16:00,0.25063286069365903,-3.936020858403527,4.186653719097186,2.041402925468725,4.9761875587607545,2.3,32.166666666666664,detector,315,2019-05-16 09:24:00,2019-05-16 09:24:00
ROME,2019-05-16 09:24:00,2019-05-16 12:36:00,2019-05-16 09:24:00,2019-05-16 21:14:00,2019-05-16 21:22:00,0.4426287460327511,-5.1238725524708,5.566501298503551,2.118393760639554,6.844079217283207,3.2,11.833333333333334,detector,315,2019-05-16 09:24:00,2019-05-16 09:24:00
AATB,2019-05-16 11:16:00,2019-05-16 16:12:00,2019-05-16 11:16:00,2019-05-16 12:04:00,2019-05-16 12:06:00,-0.5482476743861375,-3.55456570155902,3.0063180271728824,2.1877011632890984,7.809796406092586,4.933333333333334,0.8,detector,315,2019-05-16 09:24:00,2019-05-16 09:24:00
JUNG,2019-05-16 14:50:00,2019-05-16 16:56:00,2019-05-16 14:50:00,2019-05-17 18:48:00,2019-05-17 18:54:00,-0.359053393499551,-4.084504457102312,3.7254510636027613,2.0250232984566856,9.892460493408477,2.1,27.966666666666665,detector,315,2019-05-16 09:24:00,2019-05-16 09:24:00
KERG,2019-05-17 11:04:00,2019-05-17 13:22:00,2019-05-17 11:04:00,2019-05-17 15:50:00,2019-05-17 15:52:00,0.04579861362445705,-3.2888375908990146,3.3346362045234716,2.38579509989277,5.141391900230224,2.3,4.766666666666667,detector,315,2019-05-16 09:24:00,2019-05-16 09:24:00
ROME,2019-05-19 06:52:00,2019-05-19 09:04:00,2019-05-19 06:52:00,2019-05-20 12:10:00,2019-05-20 12:18:00,2.417212428393776,-7.111846974355832,9.529059402749608,2.4061367208363587,8.229646476154143,2.2,29.3,detector,316,2019-05-19 20:50:00,2019-05-19 20:50:00
KERG,2019-05-20 10:48:00,2019-05-20 13:20:00,2019-05-20 10:48:00,2019-05-20 23:20:00,2019-05-20 23:22:00,0.7128562195328145,-2.8277612968218975,3.540617516354712,2.103673866887431,5.103234518080835,2.533333333333333,12.533333333333333,detector,316,2019-05-19 20:50:00,2019-05-19 20:50:00
KIEL2,2019-05-22 13:10:00,2019-05-22 16:56:00,2019-05-22 13:10:00,2019-05-24 01:08:00,2019-05-24 11:18:00,5.223213524402732,-7.675699422460809,12.898912946863542,2.4042150047282487,6.9747172364876615,3.7666666666666666,35.96666666666667,detector,317,2019-05-22 17:58:00,2019-05-22 17:58:00
NEWK,2019-05-22 17:58:00,2019-05-22 22:12:00,2019-05-22 17:58:00,2019-05-23 07:44:00,2019-05-23 07:46:00,0.6330229799380023,-4.613161958850193,5.246184938788195,2.176395450916976,10.746061296756393,4.233333333333333,13.766666666666667,detector,317,2019-05-22 17:58:00,2019-05-22 17:58:00
JUNG,2019-05-23 18:38:00,2019-05-23 21:28:00,2019-05-23 18:38:00,2019-05-24 23:34:00,2019-05-24 23:36:00,1.0641918916711846,-2.5748613734412853,3.63905326511247,2.0763296095258417,3.8654345943778554,2.8333333333333335,28.933333333333334,detector,317,2019-05-22 17:58:00,2019-05-22 17:58:00
LMKS,2019-05-26 20:22:00,2019-05-26 23:26:00,2019-05-26 20:22:00,2019-05-27 23:16:00,2019-05-27 23:18:00,0.8984297260093833,-1.7289701180278694,2.6273998440372526,2.086336288605892,6.643224730184666,3.066666666666667,26.9,detector,318,2019-05-27 02:28:00,2019-05-27 02:28:00
OULU,2019-05-27 02:28:00,2019-05-27 05:20:00,2019-05-27 02:28:00,2019-05-28 08:20:00,2019-05-28 08:22:00,0.8531919357755893,-4.0496805929619075,4.902872528737497,2.342231507880357,12.344867944653284,2.8666666666666667,29.866666666666667,detector,318,2019-05-27 02:28:00,2019-05-27 02:28:00
JUNG1,2019-05-27 04:38:00,2019-05-27 07:28:00,2019-05-27 04:38:00,2019-05-28 00:30:00,2019-05-28 00:32:00,0.3761713705119586,-3.834570772579543,4.210742143091501,2.1926261948111456,10.35241101427455,2.8333333333333335,19.866666666666667,detector,318,2019-05-27 02:28:00,2019-05-27 02:28:00
LMKS,2019-05-28 23:46:00,2019-05-29 02:40:00,2019-05-28 23:46:00,2019-05-30 11:26:00,2019-05-30 11:30:00,0.20526314334514656,-3.8783563097379607,4.083619453083108,2.1024768640171376,3.338633321943515,2.9,35.666666666666664,detector,319,2019-05-29 20:06:00,2019-05-29 20:06:00
KIEL2,2019-05-29 20:06:00,2019-05-29 22:26:00,2019-05-29 20:06:00,2019-05-30 00:40:00,2019-05-30 01:00:00,1.2981239130336637,-8.19679140955094,9.494915322584603,2.1627504675621982,3.5351476414159886,2.3333333333333335,4.566666666666666,detector,319,2019-05-29 20:06:00,2019-05-29 20:06:00
MXCO,2019-05-30 11:28:00,2019-05-30 13:38:00,2019-05-30 11:28:00,2019-05-30 19:04:00,2019-05-30 19:08:00,0.1472821821937596,-3.306476791785194,3.4537589739789536,2.0507422774445545,6.293600249408596,2.1666666666666665,7.6,detector,319,2019-05-29 20:06:00,2019-05-29 20:06:00
KIEL2,2019-05-31 20:04:00,2019-06-01 00:00:00,2019-05-31 20:04:00,2019-05-31 23:16:00,2019-05-31 23:46:00,-0.2559294008856545,-8.409961839942303,8.15403243905665,2.1779434972516434,3.69502786508839,3.933333333333333,3.2,detector,320,2019-05-31 21:12:00,2019-05-31 21:12:00
AATB,2019-05-31 22:20:00,2019-06-01 00:40:00,2019-05-31 22:20:00,2019-06-01 12:30:00,2019-06-01 12:32:00,0.48019845281992096,-2.1569317382125326,2.6371301910324534,2.1194722112834623,4.725513678604959,2.3333333333333335,14.166666666666666,detector,320,2019-05-31 21:12:00,2019-05-31 21:12:00
ATHN,2019-06-02 01:00:00,2019-06-02 05:00:00,2019-06-02 01:00:00,2019-06-03 06:00:00,2019-06-03 06:02:00,0.4410446783349543,-5.9305909151815595,6.371635593516514,2.4328541021563668,3.76884217795607,4.0,29.0,detector,321,2019-06-02 01:00:00,2019-06-02 01:00:00
AATB,2019-06-05 03:20:00,2019-06-05 08:32:00,2019-06-05 03:20:00,2019-06-05 13:06:00,2019-06-05 13:08:00,0.4866265859833829,-1.4834913139997854,1.9701178999831683,2.067984599054954,37.45797500823083,5.2,9.766666666666667,detector,322,2019-06-05 06:36:00,2019-06-05 06:36:00
KERG,2019-06-05 05:34:00,2019-06-05 09:24:00,2019-06-05 05:34:00,2019-06-05 21:50:00,2019-06-05 21:52:00,0.3216243691636934,-3.090347402054297,3.4119717712179902,2.0744173866029896,3.665426300756135,3.8333333333333335,16.266666666666666,detector,322,2019-06-05 06:36:00,2019-06-05 06:36:00
ATHN,2019-06-05 07:38:00,2019-06-05 09:52:00,2019-06-05 07:38:00,2019-06-06 11:16:00,2019-06-06 11:18:00,0.2816094772284252,-6.050821534305878,6.332431011534303,2.081024475359891,3.4920038168196004,2.2333333333333334,27.633333333333333,detector,322,2019-06-05 06:36:00,2019-06-05 06:36:00
JUNG,2019-06-06 05:14:00,2019-06-06 07:56:00,2019-06-06 05:14:00,2019-06-06 17:44:00,2019-06-06 17:46:00,-0.06479931929159966,-3.774847210000348,3.7100478907087484,2.7286077511703772,6.734198136045187,2.7,12.5,detector,322,2019-06-05 06:36:00,2019-06-05 06:36:00
KIEL2,2019-06-09 18:24:00,2019-06-09 22:06:00,2019-06-09 18:24:00,2019-06-09 22:28:00,2019-06-09 22:46:00,5.073520609327751,-2.728402368523665,7.801922977851416,2.2637623184068,3.777677146490068,3.7,4.066666666666666,detector,323,2019-06-09 18:24:00,2019-06-09 18:24:00
KIEL2,2019-06-10 21:48:00,2019-06-11 00:16:00,2019-06-10 21:48:00,2019-06-12 00:52:00,2019-06-13 02:04:00,4.971257956235176,-8.429310189048268,13.400568145283444,2.0731820367190332,4.177699678947048,2.466666666666667,27.066666666666666,detector,324,2019-06-12 18:01:00,2019-06-12 18:01:00
APTY,2019-06-11 19:48:00,2019-06-11 23:46:00,2019-06-11 19:48:00,2019-06-12 21:04:00,2019-06-12 21:06:00,0.01281477116030675,-4.447973282692691,4.460788053852998,2.2510064180676888,6.89162333045276,3.966666666666667,25.266666666666666,detector,324,2019-06-12 18:01:00,2019-06-12 18:01:00
KERG,2019-06-12 06:10:00,2019-06-12 08:16:00,2019-06-12 06:10:00,2019-06-13 00:56:00,2019-06-13 00:58:00,-0.18457570657056344,-3.849972328191869,3.6653966216213054,2.3834950730078575,7.111684833406946,2.1,18.766666666666666,detector,324,2019-06-12 18:01:00,2019-06-12 18:01:00
ROME,2019-06-12 16:54:00,2019-06-12 19:38:00,2019-06-12 16:54:00,2019-06-14 03:50:00,2019-06-14 03:52:00,-0.0655470769146998,-4.071613980880976,4.006066903966276,2.1118614997478065,5.993775410419466,2.7333333333333334,34.93333333333333,detector,324,2019-06-12 18:01:00,2019-06-12 18:01:00
JUNG1,2019-06-12 19:08:00,2019-06-12 21:18:00,2019-06-12 19:08:00,2019-06-13 22:18:00,2019-06-13 22:20:00,-0.22023553555351388,-3.9012264627944626,3.680990927240949,2.5026024018290887,7.083667370255527,2.1666666666666665,27.166666666666668,detector,324,2019-06-12 18:01:00,2019-06-12 18:01:00
LMKS,2019-06-13 03:34:00,2019-06-13 07:50:00,2019-06-13 03:34:00,2019-06-14 00:32:00,2019-06-14 00:36:00,-0.2617507743358294,-2.558552363118905,2.2968015887830755,2.0439122559657177,7.714637973649735,4.266666666666667,20.966666666666665,detector,324,2019-06-12 18:01:00,2019-06-12 18:01:00
FSMT,2019-06-13 06:26:00,2019-06-13 10:22:00,2019-06-13 06:26:00,2019-06-13 06:46:00,2019-06-13 06:48:00,-0.27212456063930585,-3.5622740716398273,3.2901495110005214,2.2717250813450445,14.789698712809232,3.933333333333333,0.3333333333333333,detector,324,2019-06-12 18:01:00,2019-06-12 18:01:00
MXCO,2019-06-13 11:08:00,2019-06-13 13:42:00,2019-06-13 11:08:00,2019-06-14 01:40:00,2019-06-14 01:42:00,0.0336088610389714,-3.2279813480878397,3.261590209126811,2.4301948596136596,8.380764627846094,2.566666666666667,14.533333333333333,detector,324,2019-06-12 18:01:00,2019-06-12 18:01:00
KIEL2,2019-06-16 05:28:00,2019-06-16 07:26:00,2019-06-16 05:28:00,2019-06-17 17:18:00,2019-06-17 18:44:00,0.5521200020446653,-8.009502709339875,8.56162271138454,2.6196331193157496,4.186639945602738,1.9666666666666666,35.833333333333336,detector,325,2019-06-16 05:28:00,2019-06-16 05:28:00
KERG,2019-06-19 09:04:00,2019-06-19 12:08:00,2019-06-19 09:04:00,2019-06-20 00:04:00,2019-06-20 00:06:00,0.49441980850410694,-3.4051658775757794,3.8995856860798863,2.273676898879194,11.236816617970083,3.066666666666667,15.0,detector,326,2019-06-19 14:28:00,2019-06-19 14:28:00
DRBS,2019-06-19 19:52:00,2019-06-20 10:30:00,2019-06-19 19:52:00,2019-06-19 22:00:00,2019-06-19 22:02:00,0.3503011850871066,-7.213659796093401,7.563960981180507,2.576320121666002,7.650982122299274,14.633333333333333,2.1333333333333333,detector,326,2019-06-19 14:28:00,2019-06-19 14:28:00
FSMT,2019-06-20 16:28:00,2019-06-20 19:36:00,2019-06-20 16:28:00,2019-06-21 15:48:00,2019-06-21 15:50:00,0.20117460625325378,-3.4452624909881453,3.646437097241399,2.279596576273057,10.94256337656354,3.1333333333333333,23.333333333333332,detector,327,2019-06-21 06:34:00,2019-06-21 06:34:00
JUNG1,2019-06-21 20:40:00,2019-06-21 23:04:00,2019-06-21 20:40:00,2019-06-22 17:50:00,2019-06-22 17:52:00,0.0775184280830104,-2.938806502099691,3.0163249301827015,2.028928287656352,4.260740027327144,2.4,21.166666666666668,detector,327,2019-06-21 06:34:00,2019-06-21 06:34:00
JUNG,2019-06-26 06:34:00,2019-06-26 09:46:00,2019-06-26 06:34:00,2019-06-27 15:10:00,2019-06-27 15:12:00,-0.1274160761939343,-3.9393346674089367,3.811918591215002,2.0769718222021982,10.470283738089828,3.2,32.6,detector,328,2019-06-26 07:23:00,2019-06-26 07:23:00
JUNG1,2019-06-26 08:12:00,2019-06-26 10:12:00,2019-06-26 08:12:00,2019-06-27 15:56:00,2019-06-27 15:58:00,1.0428741571573328,-2.734784923069121,3.777659080226454,2.259016281506338,6.854857611739445,2.0,31.733333333333334,detector,328,2019-06-26 07:23:00,2019-06-26 07:23:00
LMKS,2019-07-04 15:20:00,2019-07-04 17:34:00,2019-07-04 15:20:00,2019-07-05 01:48:00,2019-07-05 01:52:00,0.45724948218836003,-2.4192740007874507,2.8765234829758106,2.479159680982539,6.449177976439023,2.2333333333333334,10.466666666666667,detector,329,2019-07-07 08:24:00,2019-07-07 08:24:00
JUNG,2019-07-05 09:30:00,2019-07-05 11:52:00,2019-07-05 09:30:00,2019-07-06 20:24:00,2019-07-06 20:28:00,0.1657957383341643,-3.4979089568853916,3.6637046952195558,2.427178483884355,6.961653576334781,2.3666666666666667,34.9,detector,329,2019-07-07 08:24:00,2019-07-07 08:24:00
JUNG1,2019-07-05 19:12:00,2019-07-05 22:42:00,2019-07-05 19:12:00,2019-07-07 02:14:00,2019-07-07 02:16:00,0.03137442801416875,-3.0817361738085025,3.113110601822671,2.3423134123068667,8.292905634934456,3.5,31.033333333333335,detector,329,2019-07-07 08:24:00,2019-07-07 08:24:00
AATB,2019-07-07 08:24:00,2019-07-07 10:36:00,2019-07-07 08:24:00,2019-07-08 19:50:00,2019-07-08 19:52:00,-0.13913062455608796,-2.2992125984251905,2.1600819738691026,2.023792384110501,3.830651401036635,2.2,35.43333333333333,detector,329,2019-07-07 08:24:00,2019-07-07 08:24:00
NANM,2019-07-07 18:18:00,2019-07-07 20:40:00,2019-07-07 18:18:00,2019-07-08 21:40:00,2019-07-08 21:42:00,0.1646580239191649,-4.52583799796142,4.690496021880585,2.4240971620564133,10.6127411242108,2.3666666666666667,27.366666666666667,detector,329,2019-07-07 08:24:00,2019-07-07 08:24:00
DRBS,2019-07-08 04:54:00,2019-07-08 08:52:00,2019-07-08 04:54:00,2019-07-08 14:28:00,2019-07-08 14:30:00,0.241441682789972,-5.054319664860398,5.29576134765037,2.034928303452037,4.0932648699754965,3.966666666666667,9.566666666666666,detector,329,2019-07-07 08:24:00,2019-07-07 08:24:00
FSMT,2019-07-08 20:44:00,2019-07-08 23:04:00,2019-07-08 20:44:00,2019-07-10 02:14:00,2019-07-10 02:16:00,0.13871268689620586,-4.414389749767283,4.5531024366634885,2.10458288526002,3.235784716770042,2.3333333333333335,29.5,detector,329,2019-07-07 08:24:00,2019-07-07 08:24:00
JUNG1,2019-07-12 06:54:00,2019-07-12 09:44:00,2019-07-12 06:54:00,2019-07-13 02:00:00,2019-07-13 02:02:00,0.02930264189061755,-4.495975488907321,4.525278130797939,2.2266104786981757,7.618220595575661,2.8333333333333335,19.1,detector,330,2019-07-12 06:54:00,2019-07-12 06:54:00
ATHN,2019-07-18 02:20:00,2019-07-18 05:24:00,2019-07-18 02:20:00,2019-07-18 02:22:00,2019-07-18 02:24:00,0.35719455570031977,-6.4999509134559625,6.857145469156283,2.297795414909511,4.306629150178493,3.066666666666667,0.03333333333333333,detector,331,2019-07-18 02:20:00,2019-07-18 02:20:00
JUNG1,2019-07-19 09:10:00,2019-07-19 11:50:00,2019-07-19 09:10:00,2019-07-20 18:52:00,2019-07-20 18:54:00,0.7533696845145559,-3.010928948010187,3.764298632524743,2.225005016006252,3.235448310144248,2.6666666666666665,33.7,detector,332,2019-07-19 18:00:00,2019-07-19 18:00:00
FSMT,2019-07-19 18:00:00,2019-07-19 20:52:00,2019-07-19 18:00:00,2019-07-19 20:14:00,2019-07-19 20:16:00,0.5918916559262296,-2.6306282636539757,3.2225199195802054,2.1269963881518623,8.71690549342506,2.8666666666666667,2.2333333333333334,detector,332,2019-07-19 18:00:00,2019-07-19 18:00:00
LMKS,2019-07-20 12:38:00,2019-07-20 14:50:00,2019-07-20 12:38:00,2019-07-21 14:28:00,2019-07-21 14:30:00,-0.1826451619242162,-3.266953875193644,3.084308713269428,2.136372351489599,5.882829065606415,2.2,25.833333333333332,detector,332,2019-07-19 18:00:00,2019-07-19 18:00:00
KERG,2019-07-22 17:16:00,2019-07-22 20:16:00,2019-07-22 17:16:00,2019-07-23 10:24:00,2019-07-23 10:26:00,0.34759213459807037,-2.59397535121247,2.9415674858105403,2.2708894051808377,8.42488920728286,3.0,17.133333333333333,detector,333,2019-07-22 17:16:00,2019-07-22 17:16:00
JUNG1,2019-07-28 21:08:00,2019-07-29 02:12:00,2019-07-28 21:08:00,2019-07-28 21:28:00,2019-07-28 21:32:00,-1.8553139857587446,-6.149930971702174,4.2946169859434296,2.264686423375802,10.058297086374578,5.066666666666666,0.3333333333333333,detector,334,2019-07-28 21:08:00,2019-07-28 21:08:00
KERG,2019-07-29 21:04:00,2019-07-30 02:12:00,2019-07-29 21:04:00,2019-07-30 22:38:00,2019-07-30 22:40:00,0.31421442256691157,-2.8642648063637193,3.1784792289306307,2.197787327539705,9.821431462790812,5.133333333333334,25.566666666666666,detector,335,2019-07-30 15:08:00,2019-07-30 15:08:00
APTY,2019-07-30 08:50:00,2019-07-30 14:00:00,2019-07-30 08:50:00,2019-07-31 17:00:00,2019-07-31 17:02:00,0.8790614771748725,-3.924846747870399,4.803908225045271,2.330768239308575,8.891141116406999,5.166666666666667,32.166666666666664,detector,335,2019-07-30 15:08:00,2019-07-30 15:08:00
LMKS,2019-07-30 10:52:00,2019-07-30 12:50:00,2019-07-30 10:52:00,2019-07-31 11:28:00,2019-07-31 11:30:00,0.0927707618256308,-2.264022540634967,2.356793302460598,2.037729236229761,4.053282301653642,1.9666666666666666,24.6,detector,335,2019-07-30 15:08:00,2019-07-30 15:08:00
NANM,2019-07-30 19:24:00,2019-07-30 21:56:00,2019-07-30 19:24:00,2019-07-31 19:12:00,2019-07-31 19:16:00,0.2947667297591471,-4.150748041607814,4.445514771366962,2.0370646118142197,6.643093956088693,2.533333333333333,23.8,detector,335,2019-07-30 15:08:00,2019-07-30 15:08:00
DRBS,2019-07-31 00:18:00,2019-07-31 03:22:00,2019-07-31 00:18:00,2019-07-31 23:18:00,2019-07-31 23:24:00,0.26085211228317884,-5.151565931400646,5.412418043683825,2.0092122676941644,5.259570690093024,3.066666666666667,23.0,detector,335,2019-07-30 15:08:00,2019-07-30 15:08:00
JUNG1,2019-07-31 23:16:00,2019-08-01 01:26:00,2019-07-31 23:16:00,2019-08-02 08:22:00,2019-08-02 08:24:00,1.546937298037124,-2.2882536984624333,3.8351909964995574,2.013937790979405,5.3967662031121915,2.1666666666666665,33.1,detector,335,2019-07-30 15:08:00,2019-07-30 15:08:00
APTY,2019-08-03 10:14:00,2019-08-03 12:24:00,2019-08-03 10:14:00,2019-08-03 23:00:00,2019-08-03 23:02:00,0.2523886054244838,-3.3580128707777175,3.610401476202201,2.2448154639902587,7.397492408657851,2.1666666666666665,12.766666666666667,detector,336,2019-08-04 06:24:00,2019-08-04 06:24:00
LMKS,2019-08-03 12:58:00,2019-08-03 15:00:00,2019-08-03 12:58:00,2019-08-04 19:12:00,2019-08-04 19:16:00,0.37299911207101694,-2.2165229073129877,2.5895220193840047,2.1216932423020354,5.180598081539515,2.033333333333333,30.233333333333334,detector,336,2019-08-04 06:24:00,2019-08-04 06:24:00
JUNG1,2019-08-04 06:24:00,2019-08-04 09:44:00,2019-08-04 06:24:00,2019-08-05 01:00:00,2019-08-05 01:02:00,0.34384628465934935,-2.5795074429274596,2.923353727586809,2.1006810800294,5.672343879482608,3.3333333333333335,18.6,detector,336,2019-08-04 06:24:00,2019-08-04 06:24:00
BKSN,2019-08-04 10:38:00,2019-08-04 17:24:00,2019-08-04 10:38:00,2019-08-05 03:40:00,2019-08-05 03:42:00,0.4501654398615592,-3.99776527395347,4.447930713815029,2.046382324407888,6.978511680240333,6.766666666666667,17.033333333333335,detector,336,2019-08-04 06:24:00,2019-08-04 06:24:00
KERG,2019-08-04 11:16:00,2019-08-04 13:36:00,2019-08-04 11:16:00,2019-08-05 22:34:00,2019-08-05 22:36:00,0.2400696156382641,-4.656227402856078,4.896297018494342,2.1645900201435397,7.177081522301066,2.3333333333333335,35.3,detector,336,2019-08-04 06:24:00,2019-08-04 06:24:00
NANM,2019-08-06 12:42:00,2019-08-06 15:42:00,2019-08-06 12:42:00,2019-08-07 05:28:00,2019-08-07 05:30:00,0.0237821673883232,-3.6855091091705767,3.7092912765589,2.4356101104879997,11.51241281947362,3.0,16.766666666666666,detector,337,2019-08-06 12:42:00,2019-08-06 12:42:00
APTY,2019-08-08 16:04:00,2019-08-08 19:10:00,2019-08-08 16:04:00,2019-08-10 00:16:00,2019-08-10 00:18:00,0.21562663261611675,-3.9682299087519177,4.183856541368034,2.8813199596180055,6.643306389325177,3.1,32.2,detector,338,2019-08-08 20:17:00,2019-08-08 20:17:00
KERG,2019-08-09 00:30:00,2019-08-09 02:46:00,2019-08-09 00:30:00,2019-08-09 21:56:00,2019-08-09 22:00:00,0.6406592407004859,-3.681076401016961,4.321735641717447,2.008899377915193,5.129046757490175,2.2666666666666666,21.433333333333334,detector,338,2019-08-08 20:17:00,2019-08-08 20:17:00
JUNG1,2019-08-12 08:02:00,2019-08-12 10:58:00,2019-08-12 08:02:00,2019-08-13 07:08:00,2019-08-13 07:10:00,-0.10441875517534695,-3.408869340180443,3.304450585005096,2.3754393882821345,6.370605767346217,2.933333333333333,23.1,detector,339,2019-08-12 14:41:00,2019-08-12 14:41:00
KERG,2019-08-12 09:08:00,2019-08-12 12:58:00,2019-08-12 09:08:00,2019-08-13 01:48:00,2019-08-13 01:52:00,-0.10885756846567625,-2.995376065838038,2.8865184973723617,2.2109930937444355,8.521406252800631,3.8333333333333335,16.666666666666668,detector,339,2019-08-12 14:41:00,2019-08-12 14:41:00
JUNG,2019-08-12 20:14:00,2019-08-12 22:40:00,2019-08-12 20:14:00,2019-08-12 22:50:00,2019-08-12 22:52:00,0.055682568262065496,-3.448839490029423,3.504522058291488,2.2672479654535773,6.746999576239502,2.433333333333333,2.6,detector,339,2019-08-12 14:41:00,2019-08-12 14:41:00
DRBS,2019-08-12 20:32:00,2019-08-12 22:38:00,2019-08-12 20:32:00,2019-08-13 01:28:00,2019-08-13 01:32:00,0.4290474436847557,-4.747014846047545,5.1760622897323,2.0508375987119827,2.931078777040198,2.1,4.933333333333334,detector,339,2019-08-12 14:41:00,2019-08-12 14:41:00
AATB,2019-08-14 16:38:00,2019-08-14 20:28:00,2019-08-14 16:38:00,2019-08-16 00:28:00,2019-08-16 00:32:00,-0.0603147327062155,-2.982974532151406,2.9226597994451904,2.1577176234477733,8.56147818979357,3.8333333333333335,31.833333333333332,detector,340,2019-08-14 16:38:00,2019-08-14 16:38:00
APTY,2019-08-16 13:12:00,2019-08-16 15:20:00,2019-08-16 13:12:00,2019-08-17 08:18:00,2019-08-17 08:22:00,0.3462998559092909,-3.3796418514607587,3.7259417073700494,2.15378011959366,4.034796964010644,2.1333333333333333,19.1,detector,341,2019-08-17 05:44:00,2019-08-17 05:44:00
LMKS,2019-08-17 05:44:00,2019-08-17 08:24:00,2019-08-17 05:44:00,2019-08-18 13:20:00,2019-08-18 13:22:00,0.2300704462002383,-3.176652678800515,3.4067231250007532,2.121541399490734,6.47562049294271,2.6666666666666665,31.6,detector,341,2019-08-17 05:44:00,2019-08-17 05:44:00
JUNG,2019-08-19 00:22:00,2019-08-19 03:40:00,2019-08-19 00:22:00,2019-08-19 18:58:00,2019-08-19 19:00:00,0.09581224168197515,-3.2457710781901383,3.3415833198721137,2.220568141582845,4.294097110269443,3.3,18.6,detector,341,2019-08-17 05:44:00,2019-08-17 05:44:00
JUNG,2019-08-20 16:50:00,2019-08-20 19:40:00,2019-08-20 16:50:00,2019-08-20 19:40:00,2019-08-20 19:42:00,-0.36413674450502,-3.9217051471055617,3.5575684026005416,2.6511646335930843,5.642449290866273,2.8333333333333335,2.8333333333333335,detector,342,2019-08-20 16:50:00,2019-08-20 16:50:00
JUNG1,2019-08-23 15:56:00,2019-08-23 18:08:00,2019-08-23 15:56:00,2019-08-23 20:58:00,2019-08-23 21:00:00,0.8068121686431098,-2.0237727401708754,2.830584908813985,2.0695910089099865,4.246552256269695,2.2,5.033333333333333,detector,343,2019-08-23 15:56:00,2019-08-23 15:56:00
KERG,2019-08-25 00:08:00,2019-08-25 03:06:00,2019-08-25 00:08:00,2019-08-26 02:10:00,2019-08-26 02:12:00,0.4792942397089227,-3.3922671441902668,3.8715613838991896,2.1850686232414662,8.565169149996663,2.966666666666667,26.033333333333335,detector,344,2019-08-27 20:56:00,2019-08-27 20:56:00
AATB,2019-08-26 11:34:00,2019-08-26 14:36:00,2019-08-26 11:34:00,2019-08-27 18:36:00,2019-08-27 18:38:00,0.32083488388452086,-1.7764358938351323,2.097270777719653,2.3825341597496954,5.445340761340053,3.033333333333333,31.033333333333335,detector,344,2019-08-27 20:56:00,2019-08-27 20:56:00
JUNG1,2019-08-27 10:00:00,2019-08-27 12:26:00,2019-08-27 10:00:00,2019-08-27 21:12:00,2019-08-27 21:14:00,0.22179020134968125,-3.4298801427597256,3.651670344109407,2.0075892905335087,3.3987374397467978,2.433333333333333,11.2,detector,344,2019-08-27 20:56:00,2019-08-27 20:56:00
APTY,2019-08-28 07:52:00,2019-08-28 10:34:00,2019-08-28 07:52:00,2019-08-29 04:46:00,2019-08-29 04:48:00,-0.5576525232553102,-3.8122860219851673,3.254633498729857,2.1483636556969383,4.312931862791605,2.7,20.9,detector,344,2019-08-27 20:56:00,2019-08-27 20:56:00
FSMT,2019-08-29 19:20:00,2019-08-29 21:34:00,2019-08-29 19:20:00,2019-08-30 20:32:00,2019-08-30 20:34:00,0.24297878872488532,-2.953217014382979,3.196195803107864,2.313836653552801,9.617835480597105,2.2333333333333334,25.2,detector,344,2019-08-27 20:56:00,2019-08-27 20:56:00
LMKS,2019-08-30 07:34:00,2019-08-30 09:54:00,2019-08-30 07:34:00,2019-08-30 13:18:00,2019-08-30 13:26:00,-0.1616878004943012,-4.231070027569586,4.069382227075284,2.141255470552954,5.5888598795463,2.3333333333333335,5.733333333333333,detector,344,2019-08-27 20:56:00,2019-08-27 20:56:00
NANM,2019-09-01 17:30:00,2019-09-01 19:36:00,2019-09-01 17:30:00,2019-09-01 23:42:00,2019-09-01 23:44:00,0.8123239567133277,-3.8377505652905666,4.650074522003894,2.15654919195015,5.453796140256313,2.1,6.2,detector,345,2019-09-01 17:30:00,2019-09-01 17:30:00
JUNG,2019-09-05 12:54:00,2019-09-05 15:52:00,2019-09-05 12:54:00,2019-09-05 17:48:00,2019-09-05 17:50:00,0.5646431187461514,-3.0743247304330987,3.63896784917925,2.009315958004179,6.375869700606426,2.966666666666667,4.9,detector,346,2019-09-05 12:54:00,2019-09-05 12:54:00
OULU,2019-09-09 02:50:00,2019-09-09 05:48:00,2019-09-09 02:50:00,2019-09-09 11:48:00,2019-09-09 11:50:00,0.296058861400331,-4.354074245981095,4.650133107381426,2.2446570389576768,3.6158498847086538,2.966666666666667,8.966666666666667,detector,347,2019-09-09 13:00:00,2019-09-09 13:00:00
LMKS,2019-09-09 23:10:00,2019-09-10 01:38:00,2019-09-09 23:10:00,2019-09-10 01:42:00,2019-09-10 01:46:00,0.2873150360188985,-2.6647579224898834,2.952072958508782,2.149397895203785,3.3734360235238614,2.466666666666667,2.533333333333333,detector,347,2019-09-09 13:00:00,2019-09-09 13:00:00
KIEL2,2019-09-11 01:40:00,2019-09-11 03:54:00,2019-09-11 01:40:00,2019-09-12 12:10:00,2019-09-12 12:14:00,0.4884785287975339,-3.734527787229529,4.223006316027063,2.26813408375033,2.9606870760166895,2.2333333333333334,34.5,detector,348,2019-09-11 10:17:00,2019-09-11 10:17:00
FSMT,2019-09-11 18:54:00,2019-09-11 21:08:00,2019-09-11 18:54:00,2019-09-12 17:24:00,2019-09-12 17:26:00,0.1460983690715117,-2.8664509358054953,3.012549304877007,2.0777185037826773,3.5084550135736423,2.2333333333333334,22.5,detector,348,2019-09-11 10:17:00,2019-09-11 10:17:00
OULU,2019-09-14 00:08:00,2019-09-14 02:28:00,2019-09-14 00:08:00,2019-09-14 16:38:00,2019-09-14 16:44:00,0.20844668784813553,-4.204961294080516,4.413407981928652,2.0498002366443986,3.4965815041103565,2.3333333333333335,16.5,detector,349,2019-09-14 06:24:00,2019-09-14 06:24:00
ROME,2019-09-14 12:40:00,2019-09-14 15:58:00,2019-09-14 12:40:00,2019-09-14 14:56:00,2019-09-14 14:58:00,-0.2372642602688778,-9.74074494262902,9.503480682360141,2.126633476294338,3.988387163891394,3.3,2.2666666666666666,detector,349,2019-09-14 06:24:00,2019-09-14 06:24:00
ROME,2019-09-16 22:24:00,2019-09-17 01:20:00,2019-09-16 22:24:00,2019-09-17 14:06:00,2019-09-17 14:12:00,0.7232575734548432,-7.661710389241405,8.384967962696248,2.3484468416133737,4.8771271903218425,2.933333333333333,15.7,detector,350,2019-09-17 08:40:00,2019-09-17 08:40:00
AATB,2019-09-17 08:40:00,2019-09-17 15:30:00,2019-09-17 08:40:00,2019-09-17 23:32:00,2019-09-17 23:34:00,0.46629247084047615,-4.515736113350177,4.982028584190653,2.7446037611734986,8.674311916769183,6.833333333333333,14.866666666666667,detector,350,2019-09-17 08:40:00,2019-09-17 08:40:00
KERG,2019-09-17 19:02:00,2019-09-17 21:16:00,2019-09-17 19:02:00,2019-09-17 23:30:00,2019-09-17 23:32:00,0.08806572194885635,-3.5726053785517036,3.66067110050056,2.102355094329242,6.047501048045944,2.2333333333333334,4.466666666666667,detector,350,2019-09-17 08:40:00,2019-09-17 08:40:00
NEWK,2019-09-19 23:06:00,2019-09-20 01:28:00,2019-09-19 23:06:00,2019-09-21 04:08:00,2019-09-21 04:10:00,0.45969879939955977,-4.745461720599844,5.205160519999404,2.435032221079444,4.565132085857169,2.3666666666666667,29.033333333333335,detector,351,2019-09-21 16:39:00,2019-09-21 16:39:00
LMKS,2019-09-20 00:36:00,2019-09-20 03:32:00,2019-09-20 00:36:00,2019-09-21 06:18:00,2019-09-21 06:22:00,0.37083284169520425,-1.937311825072376,2.3081446667675802,2.2351542125347237,3.5518135611489163,2.933333333333333,29.7,detector,351,2019-09-21 16:39:00,2019-09-21 16:39:00
ROME,2019-09-21 14:22:00,2019-09-21 16:36:00,2019-09-21 14:22:00,2019-09-23 01:00:00,2019-09-23 01:36:00,5.590593149470276,-4.288015130694308,9.878608280164585,2.070819649724709,7.283803912926556,2.2333333333333334,34.63333333333333,detector,351,2019-09-21 16:39:00,2019-09-21 16:39:00
BKSN,2019-09-21 16:14:00,2019-09-21 19:44:00,2019-09-21 16:14:00,2019-09-22 14:44:00,2019-09-22 14:46:00,0.27550747641014517,-4.319035066698615,4.59454254310876,2.0891841965195237,4.434506034189178,3.5,22.5,detector,351,2019-09-21 16:39:00,2019-09-21 16:39:00
JUNG1,2019-09-21 17:04:00,2019-09-21 19:22:00,2019-09-21 17:04:00,2019-09-23 00:08:00,2019-09-23 00:12:00,0.39553243995368176,-2.933554705466616,3.3290871454202975,2.470488819599976,5.417728798780065,2.3,31.066666666666666,detector,351,2019-09-21 16:39:00,2019-09-21 16:39:00
NANM,2019-09-21 17:36:00,2019-09-21 22:48:00,2019-09-21 17:36:00,2019-09-22 16:08:00,2019-09-22 16:10:00,0.6726017774422157,-4.240206241323984,4.912808018766199,2.463598587575316,6.720064871719081,5.2,22.533333333333335,detector,351,2019-09-21 16:39:00,2019-09-21 16:39:00
OULU,2019-09-21 21:00:00,2019-09-21 23:58:00,2019-09-21 21:00:00,2019-09-22 10:36:00,2019-09-22 10:38:00,0.039179857509356,-5.203560820352096,5.242740677861452,2.030984485937693,3.617711311653836,2.966666666666667,13.6,detector,351,2019-09-21 16:39:00,2019-09-21 16:39:00
JUNG,2019-09-22 04:06:00,2019-09-22 07:26:00,2019-09-22 04:06:00,2019-09-23 12:54:00,2019-09-23 12:56:00,0.24445122788231366,-4.0433851178259514,4.287836345708265,2.0466036190599883,5.914068906339857,3.3333333333333335,32.8,detector,351,2019-09-21 16:39:00,2019-09-21 16:39:00
KERG,2019-09-24 18:10:00,2019-09-24 20:56:00,2019-09-24 18:10:00,2019-09-25 23:40:00,2019-09-25 23:42:00,0.18788177237117648,-3.0480093084433726,3.235891080814549,2.3567182361144408,10.938228127870037,2.7666666666666666,29.5,detector,352,2019-09-24 18:10:00,2019-09-24 18:10:00
OULU,2019-10-01 05:06:00,2019-10-01 07:34:00,2019-10-01 05:06:00,2019-10-02 06:06:00,2019-10-02 06:08:00,0.2881139542851401,-4.715280023746971,5.003393978032111,2.1759783080032307,3.126277291745808,2.466666666666667,25.0,detector,353,2019-10-02 02:03:00,2019-10-02 02:03:00
KERG,2019-10-01 13:52:00,2019-10-01 16:52:00,2019-10-01 13:52:00,2019-10-02 04:54:00,2019-10-02 04:56:00,0.1795045299418444,-3.3488407372759115,3.5283452672177558,2.441554463788209,6.270797115394674,3.0,15.033333333333333,detector,353,2019-10-02 02:03:00,2019-10-02 02:03:00
JUNG1,2019-10-02 14:14:00,2019-10-02 16:30:00,2019-10-02 14:14:00,2019-10-02 22:30:00,2019-10-02 22:38:00,-0.09861181403466865,-4.759633548004891,4.661021733970222,2.1862574631749685,4.014535521400041,2.2666666666666666,8.266666666666667,detector,353,2019-10-02 02:03:00,2019-10-02 02:03:00
BKSN,2019-10-03 08:08:00,2019-10-03 10:08:00,2019-10-03 08:08:00,2019-10-04 12:00:00,2019-10-04 12:02:00,-0.38590152571289593,-4.785653776860387,4.399752251147491,2.0107777972547063,3.2961642587656783,2.0,27.866666666666667,detector,353,2019-10-02 02:03:00,2019-10-02 02:03:00
LMKS,2019-10-05 19:48:00,2019-10-05 23:06:00,2019-10-05 19:48:00,2019-10-06 08:46:00,2019-10-06 08:48:00,-0.01741969300774235,-3.771425972573523,3.7540062795657807,2.2886352159231502,3.3678148885058277,3.3,12.966666666666667,detector,354,2019-10-05 19:48:00,2019-10-05 19:48:00
KERG,2019-10-06 22:38:00,2019-10-07 00:44:00,2019-10-06 22:38:00,2019-10-07 11:38:00,2019-10-07 11:40:00,0.5175085214256424,-3.213049298619229,3.7305578200448717,2.3440736451804476,5.639902494559318,2.1,13.0,detector,355,2019-10-06 22:38:00,2019-10-06 22:38:00
JUNG1,2019-10-09 08:18:00,2019-10-09 10:22:00,2019-10-09 08:18:00,2019-10-09 16:42:00,2019-10-09 16:44:00,-0.0645002109322011,-3.5745885456041764,3.510088334671975,2.1921980411726807,5.57109191504038,2.066666666666667,8.4,detector,356,2019-10-09 16:28:00,2019-10-09 16:28:00
APTY,2019-10-09 16:28:00,2019-10-09 18:54:00,2019-10-09 16:28:00,2019-10-10 11:06:00,2019-10-10 11:08:00,0.8637624672758544,-2.436254465923134,3.3000169331989886,2.4134143096152405,8.85152032716871,2.433333333333333,18.633333333333333,detector,356,2019-10-09 16:28:00,2019-10-09 16:28:00
FSMT,2019-10-09 20:36:00,2019-10-09 22:42:00,2019-10-09 20:36:00,2019-10-10 19:34:00,2019-10-10 19:36:00,0.27980007104649773,-3.5036176277132247,3.7834176987597226,2.40530037203662,5.563737931152796,2.1,22.966666666666665,detector,356,2019-10-09 16:28:00,2019-10-09 16:28:00
JUNG,2019-10-12 07:22:00,2019-10-12 10:32:00,2019-10-12 07:22:00,2019-10-13 13:48:00,2019-10-13 13:50:00,0.8252649831250403,-4.1806667807694735,5.005931763894514,2.199697821933826,7.238363409437466,3.1666666666666665,30.433333333333334,detector,357,2019-10-12 20:04:00,2019-10-12 20:04:00
BKSN,2019-10-12 17:34:00,2019-10-12 19:48:00,2019-10-12 17:34:00,2019-10-13 11:58:00,2019-10-13 12:04:00,0.2901991475723643,-4.710862835907599,5.001061983479963,2.3778413770354057,4.113654848395517,2.2333333333333334,18.4,detector,357,2019-10-12 20:04:00,2019-10-12 20:04:00
JUNG1,2019-10-12 20:04:00,2019-10-12 22:56:00,2019-10-12 20:04:00,2019-10-13 12:06:00,2019-10-13 12:08:00,0.8866643167101019,-2.915780956605204,3.802445273315306,2.4595952689702227,7.747587904539235,2.8666666666666667,16.033333333333335,detector,357,2019-10-12 20:04:00,2019-10-12 20:04:00
KIEL2,2019-10-13 04:40:00,2019-10-13 07:26:00,2019-10-13 04:40:00,2019-10-13 10:56:00,2019-10-13 10:58:00,0.11842699846399485,-3.648891301624428,3.767318300088423,2.063871423649651,6.636687902355309,2.7666666666666666,6.266666666666667,detector,357,2019-10-12 20:04:00,2019-10-12 20:04:00
AATB,2019-10-13 08:42:00,2019-10-13 11:02:00,2019-10-13 08:42:00,2019-10-13 18:54:00,2019-10-13 18:58:00,-1.2846052707681535,-6.206209766333536,4.921604495565382,2.1785885314215268,7.562318865418292,2.3333333333333335,10.2,detector,357,2019-10-12 20:04:00,2019-10-12 20:04:00
JUNG1,2019-10-15 03:28:00,2019-10-15 07:16:00,2019-10-15 03:28:00,2019-10-15 23:12:00,2019-10-15 23:18:00,-0.070121702387209,-3.3124534560747207,3.2423317536875116,2.277841114707985,4.1003110290423574,3.8,19.733333333333334,detector,358,2019-10-15 03:28:00,2019-10-15 03:28:00
KIEL2,2019-10-19 08:02:00,2019-10-19 10:34:00,2019-10-19 08:02:00,2019-10-20 12:18:00,2019-10-20 12:20:00,0.41360043029842186,-3.3231330564288273,3.7367334867272493,2.443386230679622,5.175869392333498,2.533333333333333,28.266666666666666,detector,359,2019-10-19 08:02:00,2019-10-19 08:02:00
KERG,2019-10-22 16:06:00,2019-10-22 18:22:00,2019-10-22 16:06:00,2019-10-22 22:10:00,2019-10-22 22:14:00,0.31945316020670056,-3.1793275348905596,3.49878069509726,2.114976970032814,5.846247891859388,2.2666666666666666,6.066666666666666,detector,360,2019-10-22 16:06:00,2019-10-22 16:06:00
AATB,2019-10-23 20:58:00,2019-10-23 23:32:00,2019-10-23 20:58:00,2019-10-24 09:16:00,2019-10-24 09:18:00,1.9648446518603206,-4.282737061479687,6.247581713340008,2.2332232229289875,14.200495941585974,2.566666666666667,12.3,detector,361,2019-10-24 03:51:00,2019-10-24 03:51:00
APTY,2019-10-24 10:44:00,2019-10-24 13:40:00,2019-10-24 10:44:00,2019-10-24 22:14:00,2019-10-24 22:18:00,0.06421998175093174,-4.055719318817215,4.119939300568147,2.223817123911529,6.101329275241177,2.933333333333333,11.5,detector,361,2019-10-24 03:51:00,2019-10-24 03:51:00
JUNG,2019-10-26 21:10:00,2019-10-26 23:08:00,2019-10-26 21:10:00,2019-10-27 00:22:00,2019-10-27 00:24:00,0.5544247283953265,-3.3237720584030384,3.878196786798365,2.06146438490085,5.742432183541513,1.9666666666666666,3.2,detector,362,2019-10-26 21:10:00,2019-10-26 21:10:00
JUNG,2019-10-28 16:56:00,2019-10-28 19:54:00,2019-10-28 16:56:00,2019-10-29 21:22:00,2019-10-29 21:24:00,-0.2517878490763693,-3.6274769779663503,3.375689128889981,2.231803199884812,6.422537326963266,2.966666666666667,28.433333333333334,detector,363,2019-10-30 08:06:00,2019-10-30 08:06:00
ATHN,2019-10-30 08:06:00,2019-10-30 11:32:00,2019-10-30 08:06:00,2019-10-30 23:16:00,2019-10-30 23:18:00,0.9870214819670577,-6.191599141828764,7.178620623795822,2.045485680962821,6.908934358610574,3.433333333333333,15.166666666666666,detector,363,2019-10-30 08:06:00,2019-10-30 08:06:00
KIEL2,2019-10-31 00:58:00,2019-10-31 03:08:00,2019-10-31 00:58:00,2019-10-31 19:26:00,2019-10-31 19:28:00,-0.5555400401761206,-4.5784391934640745,4.022899153287954,2.199862548479163,3.5750063595433,2.1666666666666665,18.466666666666665,detector,363,2019-10-30 08:06:00,2019-10-30 08:06:00
BKSN,2019-11-01 09:48:00,2019-11-01 12:58:00,2019-11-01 09:48:00,2019-11-02 16:34:00,2019-11-02 16:36:00,-0.11599366587490914,-4.648414732488605,4.532421066613695,2.384228278981665,17.24044424198946,3.1666666666666665,30.766666666666666,detector,364,2019-11-01 09:48:00,2019-11-01 09:48:00
KIEL2,2019-11-03 05:14:00,2019-11-03 07:30:00,2019-11-03 05:14:00,2019-11-03 09:30:00,2019-11-03 09:38:00,0.5411169932381328,-7.827850836541976,8.36896782978011,2.2899922610648593,5.606510953319775,2.2666666666666666,4.266666666666667,detector,365,2019-11-03 05:14:00,2019-11-03 05:14:00
KIEL2,2019-11-04 11:18:00,2019-11-04 13:34:00,2019-11-04 11:18:00,2019-11-05 16:48:00,2019-11-05 16:50:00,-0.16285243331233373,-8.181892805791577,8.019040372479243,2.2669150910330753,5.982257284053133,2.2666666666666666,29.5,detector,366,2019-11-04 11:18:00,2019-11-04 11:18:00
NANM,2019-11-06 20:54:00,2019-11-07 00:00:00,2019-11-06 20:54:00,2019-11-08 07:08:00,2019-11-08 07:10:00,0.7241636132194142,-3.247524314454554,3.971687927673968,2.3010139865990245,17.173438664353764,3.1,34.233333333333334,detector,367,2019-11-07 13:14:00,2019-11-07 13:14:00
KERG,2019-11-07 13:14:00,2019-11-07 15:56:00,2019-11-07 13:14:00,2019-11-08 13:24:00,2019-11-08 13:28:00,0.5017119320067145,-3.88337059322088,4.3850825252275945,2.653950745596912,11.200558056772802,2.7,24.166666666666668,detector,367,2019-11-07 13:14:00,2019-11-07 13:14:00
AATB,2019-11-08 21:50:00,2019-11-09 00:56:00,2019-11-08 21:50:00,2019-11-09 18:14:00,2019-11-09 18:18:00,-0.9109154246390192,-6.516774986825927,5.605859562186907,2.524627763229049,7.57097280188057,3.1,20.4,detector,367,2019-11-07 13:14:00,2019-11-07 13:14:00
AATB,2019-11-12 00:10:00,2019-11-12 02:20:00,2019-11-12 00:10:00,2019-11-12 22:40:00,2019-11-12 22:42:00,-0.527090143411898,-4.86425749392875,4.337167350516852,2.18316395954003,8.880230910924194,2.1666666666666665,22.5,detector,368,2019-11-12 01:38:00,2019-11-12 01:38:00
JUNG,2019-11-12 01:38:00,2019-11-12 03:54:00,2019-11-12 01:38:00,2019-11-12 15:06:00,2019-11-12 15:10:00,0.22402128726911605,-3.0563678078186074,3.2803890950877235,2.1866988245877472,4.12056366989425,2.2666666666666666,13.466666666666667,detector,368,2019-11-12 01:38:00,2019-11-12 01:38:00
LMKS,2019-11-12 07:32:00,2019-11-12 09:32:00,2019-11-12 07:32:00,2019-11-12 19:26:00,2019-11-12 19:30:00,0.37767892575301776,-3.379968117810691,3.7576470435637086,2.078531215656647,3.3232229175137675,2.0,11.9,detector,368,2019-11-12 01:38:00,2019-11-12 01:38:00
JUNG1,2019-11-15 21:48:00,2019-11-16 01:40:00,2019-11-15 21:48:00,2019-11-16 17:52:00,2019-11-16 17:54:00,0.6950348675050522,-1.9888567783592264,2.6838916458642785,2.222493887856627,5.319824596560479,3.8666666666666667,20.066666666666666,detector,369,2019-11-16 20:26:00,2019-11-16 20:26:00
LMKS,2019-11-16 03:40:00,2019-11-16 06:04:00,2019-11-16 03:40:00,2019-11-17 12:10:00,2019-11-17 12:16:00,0.6591189549543179,-2.105666874412453,2.7647858293667706,2.331739830207873,8.877837227265031,2.4,32.5,detector,369,2019-11-16 20:26:00,2019-11-16 20:26:00
JUNG,2019-11-16 20:26:00,2019-11-16 23:30:00,2019-11-16 20:26:00,2019-11-17 16:02:00,2019-11-17 16:04:00,0.4661236119891373,-3.308415052412935,3.774538664402072,2.075647012186295,5.5646172376247796,3.066666666666667,19.6,detector,369,2019-11-16 20:26:00,2019-11-16 20:26:00
KIEL2,2019-11-17 23:12:00,2019-11-18 01:30:00,2019-11-17 23:12:00,2019-11-18 03:18:00,2019-11-18 03:20:00,1.6354042738855328,-3.39046532948728,5.025869603372813,2.383033045672743,3.919805936199637,2.3,4.1,detector,369,2019-11-16 20:26:00,2019-11-16 20:26:00
KERG,2019-11-18 14:48:00,2019-11-18 17:42:00,2019-11-18 14:48:00,2019-11-18 21:46:00,2019-11-18 22:04:00,-0.03910351289164085,-4.920842826999787,4.881739314108146,2.6653545353623525,9.943745094291796,2.9,6.966666666666667,detector,369,2019-11-16 20:26:00,2019-11-16 20:26:00
LMKS,2019-11-20 13:18:00,2019-11-20 16:18:00,2019-11-20 13:18:00,2019-11-21 23:34:00,2019-11-21 23:36:00,0.4144808192915457,-2.0818860647898623,2.496366884081408,2.2071661329040055,3.079104052811062,3.0,34.266666666666666,detector,370,2019-11-20 13:18:00,2019-11-20 13:18:00
KIEL2,2019-11-23 22:08:00,2019-11-24 01:12:00,2019-11-23 22:08:00,2019-11-25 03:24:00,2019-11-25 03:28:00,0.1822420786479842,-3.091676384961954,3.273918463609938,2.0208852092388265,5.494026241383308,3.066666666666667,29.266666666666666,detector,371,2019-11-24 17:43:00,2019-11-24 17:43:00
KERG,2019-11-25 13:18:00,2019-11-25 15:16:00,2019-11-25 13:18:00,2019-11-26 12:40:00,2019-11-26 12:44:00,0.22788384481557283,-3.930107211413523,4.157991056229096,2.6512892375533728,6.232674134970295,1.9666666666666666,23.366666666666667,detector,371,2019-11-24 17:43:00,2019-11-24 17:43:00
KIEL2,2019-11-28 16:08:00,2019-11-28 18:42:00,2019-11-28 16:08:00,2019-11-30 02:30:00,2019-11-30 02:38:00,6.042557831392184,-7.740934580423926,13.783492411816109,2.379583526803584,8.42056028893948,2.566666666666667,34.36666666666667,detector,372,2019-11-30 14:42:00,2019-11-30 14:42:00
APTY,2019-11-30 14:42:00,2019-11-30 18:14:00,2019-11-30 14:42:00,2019-12-01 15:52:00,2019-12-01 15:54:00,0.1393811474008442,-3.381826180706246,3.5212073281070904,2.0690648571873465,3.0025217395821655,3.533333333333333,25.166666666666668,detector,372,2019-11-30 14:42:00,2019-11-30 14:42:00
AATB,2019-12-01 07:44:00,2019-12-01 10:32:00,2019-12-01 07:44:00,2019-12-01 12:58:00,2019-12-01 13:32:00,-1.8022094223017218,-9.614658751672795,7.8124493293710735,2.6642243482972288,5.6087947156686635,2.8,5.233333333333333,detector,372,2019-11-30 14:42:00,2019-11-30 14:42:00
KIEL2,2019-12-06 05:26:00,2019-12-07 06:18:00,2019-12-06 05:26:00,2019-12-06 05:38:00,2019-12-06 06:12:00,0.3344596049507299,-11.56752092593431,11.90198053088504,2.2771288277192374,6.8721195072984145,24.866666666666667,0.2,detector,373,2019-12-07 10:35:00,2019-12-07 10:35:00
JUNG,2019-12-06 17:48:00,2019-12-06 19:56:00,2019-12-06 17:48:00,2019-12-08 03:06:00,2019-12-08 03:10:00,0.619655097525096,-3.314983605571092,3.934638703096188,2.0565316179907325,3.4204125915036667,2.1333333333333333,33.3,detector,373,2019-12-07 10:35:00,2019-12-07 10:35:00
LMKS,2019-12-07 06:12:00,2019-12-07 10:04:00,2019-12-07 06:12:00,2019-12-08 14:52:00,2019-12-08 14:54:00,2.111517979587621,-2.119118369034396,4.230636348622017,2.1552340020050784,9.540627406961775,3.8666666666666667,32.666666666666664,detector,373,2019-12-07 10:35:00,2019-12-07 10:35:00
FSMT,2019-12-07 14:58:00,2019-12-07 17:56:00,2019-12-07 14:58:00,2019-12-08 18:42:00,2019-12-08 18:44:00,0.41419871428144583,-3.682249809310096,4.096448523591542,2.0159917340741806,10.293223020155873,2.966666666666667,27.733333333333334,detector,373,2019-12-07 10:35:00,2019-12-07 10:35:00
NEWK,2019-12-08 05:54:00,2019-12-08 08:04:00,2019-12-08 05:54:00,2019-12-08 13:26:00,2019-12-08 13:28:00,0.1754796696442631,-5.275814683941893,5.451294353586156,2.016240594659215,3.217755028850186,2.1666666666666665,7.533333333333333,detector,373,2019-12-07 10:35:00,2019-12-07 10:35:00
KERG,2019-12-08 13:30:00,2019-12-08 15:42:00,2019-12-08 13:30:00,2019-12-08 19:24:00,2019-12-08 19:26:00,0.2657553086879626,-3.5290321769628186,3.7947874856507813,2.232593658790266,6.991997414101927,2.2,5.9,detector,373,2019-12-07 10:35:00,2019-12-07 10:35:00
APTY,2019-12-09 18:40:00,2019-12-09 20:38:00,2019-12-09 18:40:00,2019-12-11 01:00:00,2019-12-11 01:04:00,-0.1927328851456211,-5.300920850690634,5.108187965545013,2.0316265450104423,6.738391580564225,1.9666666666666666,30.333333333333332,detector,374,2019-12-10 04:20:00,2019-12-10 04:20:00
OULU,2019-12-09 23:28:00,2019-12-10 02:10:00,2019-12-09 23:28:00,2019-12-10 20:38:00,2019-12-10 20:40:00,-0.3525819481580885,-6.1506998767651435,5.798117928607055,2.3774765619069473,6.120726876209463,2.7,21.166666666666668,detector,374,2019-12-10 04:20:00,2019-12-10 04:20:00
LMKS,2019-12-10 09:12:00,2019-12-10 12:44:00,2019-12-10 09:12:00,2019-12-10 22:18:00,2019-12-10 22:20:00,-0.21997838335166864,-2.7250483362797393,2.5050699529280704,2.4911927302555545,9.438830371498524,3.533333333333333,13.1,detector,374,2019-12-10 04:20:00,2019-12-10 04:20:00
KIEL2,2019-12-11 06:50:00,2019-12-11 11:14:00,2019-12-11 06:50:00,2019-12-11 09:08:00,2019-12-11 09:10:00,0.41940699052252006,-6.366425503374864,6.785832493897384,2.0041015006797003,4.996377224043609,4.4,2.3,detector,374,2019-12-10 04:20:00,2019-12-10 04:20:00
LMKS,2019-12-13 05:56:00,2019-12-13 08:38:00,2019-12-13 05:56:00,2019-12-14 17:34:00,2019-12-14 17:36:00,0.29862304692113817,-2.388722962289308,2.687346009210446,2.0017915424984083,11.834271989252231,2.7,35.63333333333333,detector,375,2019-12-13 12:48:00,2019-12-13 12:48:00
AATB,2019-12-13 08:22:00,2019-12-13 10:24:00,2019-12-13 08:22:00,2019-12-14 18:44:00,2019-12-14 18:50:00,0.7648189549453575,-1.5838454784899003,2.3486644334352578,2.0370269228526903,2.51215780055336,2.033333333333333,34.36666666666667,detector,375,2019-12-13 12:48:00,2019-12-13 12:48:00
JUNG1,2019-12-13 12:48:00,2019-12-13 15:42:00,2019-12-13 12:48:00,2019-12-14 00:44:00,2019-12-14 01:06:00,0.3762960900199564,-4.710290589666592,5.086586679686548,2.030898447955554,11.050995428857716,2.9,11.933333333333334,detector,375,2019-12-13 12:48:00,2019-12-13 12:48:00
KIEL2,2019-12-14 16:20:00,2019-12-14 21:30:00,2019-12-14 16:20:00,2019-12-16 02:12:00,2019-12-16 03:14:00,0.8073501511670509,-8.03284721773503,8.840197368902082,2.6148716677418613,8.685947658058325,5.166666666666667,33.86666666666667,detector,375,2019-12-13 12:48:00,2019-12-13 12:48:00
APTY,2019-12-14 18:22:00,2019-12-14 20:34:00,2019-12-14 18:22:00,2019-12-15 17:58:00,2019-12-15 18:00:00,1.2282602714061723,-2.756643299082223,3.9849035704883953,2.0337119275104123,9.111044065956218,2.2,23.6,detector,375,2019-12-13 12:48:00,2019-12-13 12:48:00
KIEL2,2019-12-18 17:34:00,2019-12-18 19:56:00,2019-12-18 17:34:00,2019-12-18 23:14:00,2019-12-19 00:22:00,0.4414266797905452,-7.764788290820156,8.2062149706107,2.169681826161197,3.115893261276695,2.3666666666666667,5.666666666666667,detector,376,2019-12-18 17:34:00,2019-12-18 17:34:00
KIEL2,2019-12-19 19:28:00,2019-12-19 22:14:00,2019-12-19 19:28:00,2019-12-21 03:28:00,2019-12-21 03:32:00,0.27226003379348684,-5.1139406760273705,5.386200709820857,2.5673131373858853,9.433568091550708,2.7666666666666666,32.0,detector,377,2019-12-19 19:28:00,2019-12-19 19:28:00
KIEL2,2019-12-23 06:20:00,2019-12-23 11:28:00,2019-12-23 06:20:00,2019-12-23 21:36:00,2019-12-24 12:20:00,0.05369021901658415,-13.964714944445028,14.018405163461612,2.143545552493875,5.952055747681118,5.133333333333334,15.266666666666667,detector,378,2019-12-23 10:20:00,2019-12-23 10:20:00
LMKS,2019-12-23 14:20:00,2019-12-23 17:58:00,2019-12-23 14:20:00,2019-12-24 02:38:00,2019-12-24 02:40:00,-1.2993192781555827,-3.912951677541156,2.6136323993855735,2.0925397401089247,4.32887909911621,3.6333333333333333,12.3,detector,378,2019-12-23 10:20:00,2019-12-23 10:20:00
LMKS,2019-12-25 05:46:00,2019-12-25 08:14:00,2019-12-25 05:46:00,2019-12-26 02:48:00,2019-12-26 02:50:00,0.31376160594372504,-3.2813571387445135,3.5951187446882384,2.0505767678533706,7.314797049990871,2.466666666666667,21.033333333333335,detector,379,2019-12-25 05:46:00,2019-12-25 05:46:00
LMKS,2019-12-26 16:30:00,2019-12-26 19:28:00,2019-12-26 16:30:00,2019-12-28 00:20:00,2019-12-28 00:38:00,-0.20589513965847966,-3.2391087741038738,3.033213634445394,2.292028602168072,9.46039767590452,2.966666666666667,31.833333333333332,detector,380,2019-12-27 03:08:00,2019-12-27 03:08:00
JUNG,2019-12-27 03:08:00,2019-12-27 05:06:00,2019-12-27 03:08:00,2019-12-27 18:12:00,2019-12-27 18:14:00,0.600330761187905,-3.4101848579749756,4.010515619162881,2.212670983916824,6.2633574726756445,1.9666666666666666,15.066666666666666,detector,380,2019-12-27 03:08:00,2019-12-27 03:08:00
KIEL2,2019-12-27 19:58:00,2019-12-27 22:20:00,2019-12-27 19:58:00,2019-12-28 18:44:00,2019-12-28 18:46:00,0.01416278066740165,-4.847280106096112,4.8614428867635135,2.2258911612941055,5.791146504291933,2.3666666666666667,22.766666666666666,detector,380,2019-12-27 03:08:00,2019-12-27 03:08:00
NEWK,2019-12-31 15:06:00,2019-12-31 18:08:00,2019-12-31 15:06:00,2020-01-01 00:12:00,2020-01-01 00:14:00,0.1647323266663454,-4.619269234577673,4.784001561244018,2.0203187965576843,5.73642065712843,3.033333333333333,9.1,detector,381,2020-01-01 03:03:00,2020-01-01 03:03:00
AATB,2019-12-31 17:48:00,2019-12-31 19:46:00,2019-12-31 17:48:00,2020-01-01 21:42:00,2020-01-01 21:44:00,0.1928910914826067,-2.2076602305778463,2.400551322060453,2.2725747009947463,7.908201145485552,1.9666666666666666,27.9,detector,381,2020-01-01 03:03:00,2020-01-01 03:03:00
KIEL2,2020-01-01 12:18:00,2020-01-01 14:56:00,2020-01-01 12:18:00,2020-01-02 19:22:00,2020-01-02 19:44:00,8.669230145840213,-2.2069058356330356,10.876135981473249,2.2156603304720788,8.485177686465445,2.6333333333333333,31.066666666666666,detector,381,2020-01-01 03:03:00,2020-01-01 03:03:00
LMKS,2020-01-03 04:48:00,2020-01-03 06:46:00,2020-01-03 04:48:00,2020-01-03 23:08:00,2020-01-03 23:10:00,0.8566174060885043,-1.7457723588314251,2.6023897649199297,2.1661695580705635,8.7130940066764,1.9666666666666666,18.333333333333332,detector,381,2020-01-01 03:03:00,2020-01-01 03:03:00
FSMT,2020-01-04 21:46:00,2020-01-04 23:50:00,2020-01-04 21:46:00,2020-01-05 11:32:00,2020-01-05 11:34:00,0.0848055666363621,-3.2032098601228056,3.2880154267591677,2.034247518792987,6.893884922073719,2.066666666666667,13.766666666666667,detector,382,2020-01-04 23:56:00,2020-01-04 23:56:00
OULU,2020-01-04 23:56:00,2020-01-05 05:08:00,2020-01-04 23:56:00,2020-01-05 23:30:00,2020-01-05 23:32:00,0.48607847232382945,-4.707854681535296,5.193933153859126,2.2793218637209525,14.0336187144445,5.2,23.566666666666666,detector,382,2020-01-04 23:56:00,2020-01-04 23:56:00
NANM,2020-01-05 08:42:00,2020-01-05 11:04:00,2020-01-05 08:42:00,2020-01-06 04:10:00,2020-01-06 04:12:00,0.2491421685789192,-4.530402154311452,4.779544322890371,2.1929499884052244,6.445083290644489,2.3666666666666667,19.466666666666665,detector,382,2020-01-04 23:56:00,2020-01-04 23:56:00
JUNG1,2020-01-10 08:56:00,2020-01-10 11:58:00,2020-01-10 08:56:00,2020-01-11 19:12:00,2020-01-11 19:14:00,0.7414892331352754,-2.4278818154758186,3.1693710486110938,2.170916509863986,9.389361036394778,3.033333333333333,34.266666666666666,detector,383,2020-01-10 08:56:00,2020-01-10 08:56:00
KERG,2020-01-13 08:00:00,2020-01-13 10:00:00,2020-01-13 08:00:00,2020-01-14 13:20:00,2020-01-14 13:22:00,0.2965159225755497,-4.582586969379961,4.879102891955511,2.0771944510479172,5.768400289775653,2.0,29.333333333333332,detector,384,2020-01-13 18:45:00,2020-01-13 18:45:00
APTY,2020-01-14 05:30:00,2020-01-14 09:44:00,2020-01-14 05:30:00,2020-01-15 14:00:00,2020-01-15 14:02:00,0.20184297952175814,-3.3598840630243867,3.5617270425461447,2.0224090569206616,12.342358759898008,4.233333333333333,32.5,detector,384,2020-01-13 18:45:00,2020-01-13 18:45:00
OULU,2020-01-17 01:44:00,2020-01-17 04:04:00,2020-01-17 01:44:00,2020-01-17 07:12:00,2020-01-17 07:14:00,0.01884627807437225,-4.440275171982487,4.459121450056859,2.610547793250396,5.931544430370512,2.3333333333333335,5.466666666666667,detector,385,2020-01-17 01:44:00,2020-01-17 01:44:00
ROME,2020-01-19 01:34:00,2020-01-19 03:52:00,2020-01-19 01:34:00,2020-01-19 07:06:00,2020-01-19 07:08:00,0.1008364844631791,-4.028648863964749,4.129485348427928,2.010397409423167,3.930988477900963,2.3,5.533333333333333,detector,386,2020-01-19 01:34:00,2020-01-19 01:34:00
LMKS,2020-01-19 20:40:00,2020-01-19 22:42:00,2020-01-19 20:40:00,2020-01-21 08:36:00,2020-01-21 08:38:00,0.5684572547973461,-2.4311665445693196,2.999623799366666,2.3069814814242706,5.03508157908452,2.033333333333333,35.93333333333333,detector,387,2020-01-19 20:40:00,2020-01-19 20:40:00
MXCO,2020-01-22 01:10:00,2020-01-22 03:18:00,2020-01-22 01:10:00,2020-01-23 01:58:00,2020-01-23 02:00:00,0.0279069378664627,-3.2152943732348493,3.243201311101312,2.0453544101494225,4.9273846667110766,2.1333333333333333,24.8,detector,388,2020-01-22 01:14:00,2020-01-22 01:14:00
AATB,2020-01-22 01:14:00,2020-01-22 03:28:00,2020-01-22 01:14:00,2020-01-23 03:04:00,2020-01-23 03:06:00,0.2131005032596342,-2.7327369303885876,2.945837433648222,2.150752778886347,3.184658869786387,2.2333333333333334,25.833333333333332,detector,388,2020-01-22 01:14:00,2020-01-22 01:14:00
OULU,2020-01-22 03:28:00,2020-01-22 06:22:00,2020-01-22 03:28:00,2020-01-23 14:58:00,2020-01-23 15:00:00,0.5834078544252572,-3.71599262272659,4.299400477151847,2.354510421579355,6.495273213815505,2.9,35.5,detector,388,2020-01-22 01:14:00,2020-01-22 01:14:00
BKSN,2020-01-24 13:56:00,2020-01-24 15:58:00,2020-01-24 13:56:00,2020-01-25 10:18:00,2020-01-25 10:20:00,0.30334349092380264,-4.746706991921694,5.050050482845497,2.166378654748536,5.915403429439911,2.033333333333333,20.366666666666667,detector,389,2020-01-24 13:56:00,2020-01-24 13:56:00
KIEL2,2020-01-28 22:42:00,2020-01-29 04:14:00,2020-01-28 22:42:00,2020-01-30 03:28:00,2020-01-30 03:34:00,0.9453979403746643,-3.6455835528126257,4.59098149318729,2.166367900304173,9.723956956648497,5.533333333333333,28.766666666666666,detector,390,2020-01-30 02:54:00,2020-01-30 02:54:00
KERG,2020-01-30 02:54:00,2020-01-30 05:50:00,2020-01-30 02:54:00,2020-01-31 03:10:00,2020-01-31 03:14:00,0.12141865953210025,-4.414994766867645,4.536413426399745,2.1155006604846385,7.184096767530486,2.933333333333333,24.266666666666666,detector,390,2020-01-30 02:54:00,2020-01-30 02:54:00
ROME,2020-01-30 14:10:00,2020-01-30 16:10:00,2020-01-30 14:10:00,2020-01-30 21:04:00,2020-01-30 21:06:00,-0.02281168452634045,-4.41400185672046,4.391190172194119,2.1025936533976366,4.881179666087988,2.0,6.9,detector,390,2020-01-30 02:54:00,2020-01-30 02:54:00
APTY,2020-02-02 09:48:00,2020-02-02 15:58:00,2020-02-02 09:48:00,2020-02-03 21:40:00,2020-02-03 21:42:00,0.5071810316090422,-2.8408967243443266,3.3480777559533688,2.014917519829375,8.90094899106413,6.166666666666667,35.86666666666667,detector,391,2020-02-02 09:48:00,2020-02-02 09:48:00
ROME,2020-02-06 03:04:00,2020-02-06 07:36:00,2020-02-06 03:04:00,2020-02-06 17:08:00,2020-02-06 17:10:00,0.684023969260602,-4.451348173755965,5.135372143016567,2.2131103615657177,9.37874381620465,4.533333333333333,14.066666666666666,detector,392,2020-02-06 03:04:00,2020-02-06 03:04:00
AATB,2020-02-10 13:30:00,2020-02-10 16:02:00,2020-02-10 13:30:00,2020-02-11 04:46:00,2020-02-11 04:48:00,0.41961714570355,-1.976160602258463,2.395777747962013,2.180750741395241,5.866280998514204,2.533333333333333,15.266666666666667,detector,393,2020-02-12 12:03:00,2020-02-12 12:03:00
OULU,2020-02-10 18:20:00,2020-02-10 20:36:00,2020-02-10 18:20:00,2020-02-11 11:06:00,2020-02-11 11:08:00,1.4432132088896719,-3.325540130591181,4.768753339480853,2.123862683847632,6.178640319876404,2.2666666666666666,16.766666666666666,detector,393,2020-02-12 12:03:00,2020-02-12 12:03:00
APTY,2020-02-11 19:14:00,2020-02-11 22:38:00,2020-02-11 19:14:00,2020-02-13 04:30:00,2020-02-13 04:36:00,0.7881467786993881,-3.123713697690385,3.911860476389773,2.0393871511454806,3.57144530547283,3.4,33.266666666666666,detector,393,2020-02-12 12:03:00,2020-02-12 12:03:00
JUNG1,2020-02-13 04:52:00,2020-02-13 06:54:00,2020-02-13 04:52:00,2020-02-13 20:36:00,2020-02-13 20:38:00,0.7021147863572583,-2.90772060682189,3.6098353931791483,2.0669259688173205,4.807693951076991,2.033333333333333,15.733333333333333,detector,393,2020-02-12 12:03:00,2020-02-12 12:03:00
BKSN,2020-02-13 17:32:00,2020-02-13 19:54:00,2020-02-13 17:32:00,2020-02-14 19:56:00,2020-02-14 19:58:00,-0.1821254169297166,-5.5467700792282235,5.364644662298507,2.0110855501343106,7.79944303675331,2.3666666666666667,26.4,detector,393,2020-02-12 12:03:00,2020-02-12 12:03:00
LMKS,2020-02-14 01:30:00,2020-02-14 04:12:00,2020-02-14 01:30:00,2020-02-15 05:16:00,2020-02-15 05:18:00,-0.1051430486556266,-3.0116714761238983,2.9065284274682717,2.3954925247094483,7.65984556143012,2.7,27.766666666666666,detector,393,2020-02-12 12:03:00,2020-02-12 12:03:00
KERG,2020-02-16 19:56:00,2020-02-16 22:30:00,2020-02-16 19:56:00,2020-02-18 02:56:00,2020-02-18 02:58:00,0.6794426925509238,-3.381608077284314,4.061050769835238,2.1657850964728667,12.49064663903514,2.566666666666667,31.0,detector,394,2020-02-18 13:02:00,2020-02-18 13:02:00
FSMT,2020-02-17 05:38:00,2020-02-17 07:50:00,2020-02-17 05:38:00,2020-02-18 08:14:00,2020-02-18 08:16:00,0.27331006047525114,-2.7078321894379056,2.9811422499131566,2.1059987790385564,3.725421192940936,2.2,26.6,detector,394,2020-02-18 13:02:00,2020-02-18 13:02:00
NEWK,2020-02-18 11:14:00,2020-02-18 13:58:00,2020-02-18 11:14:00,2020-02-19 08:00:00,2020-02-19 08:02:00,0.1391200656710348,-4.392957361742282,4.532077427413317,2.041135173982932,11.567149228158064,2.7333333333333334,20.766666666666666,detector,394,2020-02-18 13:02:00,2020-02-18 13:02:00
JUNG,2020-02-18 13:02:00,2020-02-18 16:04:00,2020-02-18 13:02:00,2020-02-19 20:20:00,2020-02-19 20:24:00,0.31341287239710036,-3.587696586114318,3.9011094585114185,2.415056081555821,6.188405235526093,3.033333333333333,31.3,detector,394,2020-02-18 13:02:00,2020-02-18 13:02:00
AATB,2020-02-18 15:56:00,2020-02-18 18:04:00,2020-02-18 15:56:00,2020-02-19 20:50:00,2020-02-19 20:52:00,0.28910855629045007,-2.465282648337766,2.7543912046282157,2.5703183953885724,9.31709875850999,2.1333333333333333,28.9,detector,394,2020-02-18 13:02:00,2020-02-18 13:02:00
NANM,2020-02-18 22:26:00,2020-02-19 00:48:00,2020-02-18 22:26:00,2020-02-19 18:58:00,2020-02-19 19:00:00,0.6471192058668898,-3.7262713850480353,4.373390590914925,2.038666697748645,3.5470597331816203,2.3666666666666667,20.533333333333335,detector,394,2020-02-18 13:02:00,2020-02-18 13:02:00
KIEL2,2020-02-19 03:40:00,2020-02-19 06:34:00,2020-02-19 03:40:00,2020-02-19 18:42:00,2020-02-19 18:44:00,0.1078335597735597,-5.205702433773524,5.313535993547084,2.1703309485937683,4.094894131310031,2.9,15.033333333333333,detector,394,2020-02-18 13:02:00,2020-02-18 13:02:00
LMKS,2020-02-20 17:52:00,2020-02-20 20:14:00,2020-02-20 17:52:00,2020-02-21 14:48:00,2020-02-21 14:50:00,-0.807990751052022,-4.056951994507169,3.2489612434551467,2.4620085285386297,8.549168259788068,2.3666666666666667,20.933333333333334,detector,395,2020-02-20 17:52:00,2020-02-20 17:52:00
JUNG1,2020-02-22 20:08:00,2020-02-22 23:48:00,2020-02-22 20:08:00,2020-02-23 14:40:00,2020-02-23 14:46:00,0.48387682409057503,-3.114388581482075,3.5982654055726497,2.066478567071945,6.493972680278928,3.6666666666666665,18.533333333333335,detector,396,2020-02-22 20:08:00,2020-02-22 20:08:00
AATB,2020-02-24 09:50:00,2020-02-24 12:44:00,2020-02-24 09:50:00,2020-02-25 21:34:00,2020-02-25 21:36:00,0.1639087006129634,-3.272676469560959,3.4365851701739225,2.2093657322900944,10.043346881970203,2.9,35.733333333333334,detector,397,2020-02-24 09:50:00,2020-02-24 09:50:00
LMKS,2020-02-26 21:24:00,2020-02-26 23:34:00,2020-02-26 21:24:00,2020-02-27 05:22:00,2020-02-27 05:26:00,0.9027322245071824,-1.7615025561235766,2.664234780630759,2.030490219601534,3.7087501517042503,2.1666666666666665,7.966666666666667,detector,398,2020-02-27 03:37:00,2020-02-27 03:37:00
JUNG,2020-02-27 09:50:00,2020-02-27 13:36:00,2020-02-27 09:50:00,2020-02-27 18:34:00,2020-02-27 18:36:00,0.07888493387816875,-3.5156858282524612,3.5945707621306298,2.15397622382907,5.652799873378609,3.7666666666666666,8.733333333333333,detector,398,2020-02-27 03:37:00,2020-02-27 03:37:00
LMKS,2020-02-28 10:08:00,2020-02-28 13:10:00,2020-02-28 10:08:00,2020-02-28 19:56:00,2020-02-28 20:00:00,0.5180672085969628,-3.273971059611468,3.792038268208431,2.0721659146362463,3.9143244267658894,3.033333333333333,9.8,detector,399,2020-02-28 14:24:00,2020-02-28 14:24:00
KERG,2020-02-28 18:40:00,2020-02-28 20:58:00,2020-02-28 18:40:00,2020-02-29 15:40:00,2020-02-29 15:44:00,0.23536446791765714,-3.877196952553372,4.112561420471029,2.112889213001145,3.2813222860319295,2.3,21.0,detector,399,2020-02-28 14:24:00,2020-02-28 14:24:00
AATB,2020-03-01 14:32:00,2020-03-01 19:18:00,2020-03-01 14:32:00,2020-03-02 00:42:00,2020-03-02 00:44:00,0.1629007755463701,-1.7498425141737244,1.9127432897200944,2.2375975978934655,8.420117937912519,4.766666666666667,10.166666666666666,detector,400,2020-03-01 14:32:00,2020-03-01 14:32:00
LMKS,2020-03-03 07:20:00,2020-03-03 09:30:00,2020-03-03 07:20:00,2020-03-04 18:24:00,2020-03-04 18:26:00,0.16475417002246961,-2.718710604466004,2.883464774488474,2.2657551929833617,5.662420669180269,2.1666666666666665,35.06666666666667,detector,401,2020-03-03 16:14:00,2020-03-03 16:14:00
JUNG,2020-03-04 01:08:00,2020-03-04 03:32:00,2020-03-04 01:08:00,2020-03-04 21:00:00,2020-03-04 21:02:00,0.39225388691832175,-3.4835021959125596,3.8757560828308812,2.1389443536809885,3.0562612554733244,2.4,19.866666666666667,detector,401,2020-03-03 16:14:00,2020-03-03 16:14:00
APTY,2020-03-07 14:42:00,2020-03-07 17:38:00,2020-03-07 14:42:00,2020-03-08 08:54:00,2020-03-08 08:56:00,0.3351995905983976,-3.6353960564917855,3.970595647090183,2.047185954027249,3.141019375161358,2.933333333333333,18.2,detector,402,2020-03-09 10:14:00,2020-03-09 10:14:00
NEWK,2020-03-08 02:06:00,2020-03-08 07:44:00,2020-03-08 02:06:00,2020-03-09 06:46:00,2020-03-09 06:50:00,0.4384108221983709,-4.90056994947608,5.338980771674451,2.613978389003147,6.322948734417862,5.633333333333334,28.666666666666668,detector,402,2020-03-09 10:14:00,2020-03-09 10:14:00
JUNG1,2020-03-09 10:14:00,2020-03-09 12:16:00,2020-03-09 10:14:00,2020-03-10 05:34:00,2020-03-10 05:38:00,-0.0814740885296493,-3.686704347298585,3.6052302587689358,2.5291109526344524,6.931978027206995,2.033333333333333,19.333333333333332,detector,402,2020-03-09 10:14:00,2020-03-09 10:14:00
LMKS,2020-03-11 03:02:00,2020-03-11 05:40:00,2020-03-11 03:02:00,2020-03-11 19:08:00,2020-03-11 19:10:00,-0.06765109483186141,-3.1125444660298545,3.044893371197993,2.039329903580527,2.901026998850466,2.6333333333333333,16.1,detector,402,2020-03-09 10:14:00,2020-03-09 10:14:00
KERG,2020-03-11 05:24:00,2020-03-11 07:50:00,2020-03-11 05:24:00,2020-03-11 19:08:00,2020-03-11 19:10:00,0.4187024273183379,-2.8105370362951163,3.229239463613454,2.017908240068586,7.14058503381515,2.433333333333333,13.733333333333333,detector,402,2020-03-09 10:14:00,2020-03-09 10:14:00
LMKS,2020-03-13 00:28:00,2020-03-13 03:48:00,2020-03-13 00:28:00,2020-03-13 11:36:00,2020-03-13 11:42:00,-0.14481102378614463,-2.9529216246207253,2.8081106008345804,2.6701606522738253,9.438897231242784,3.3333333333333335,11.133333333333333,detector,403,2020-03-13 00:28:00,2020-03-13 00:28:00
AATB,2020-03-14 20:44:00,2020-03-15 00:30:00,2020-03-14 20:44:00,2020-03-15 20:22:00,2020-03-15 20:24:00,0.6139608406128625,-2.3078263900993488,2.9217872307122112,2.0947653462960623,5.199373956964115,3.7666666666666666,23.633333333333333,detector,404,2020-03-16 05:22:00,2020-03-16 05:22:00
LMKS,2020-03-16 05:22:00,2020-03-16 07:30:00,2020-03-16 05:22:00,2020-03-17 08:36:00,2020-03-17 08:38:00,0.19567308527154742,-2.3126627765140255,2.508335861785573,2.146816990045219,6.48770630157198,2.1333333333333333,27.233333333333334,detector,404,2020-03-16 05:22:00,2020-03-16 05:22:00
NANM,2020-03-17 20:04:00,2020-03-18 01:00:00,2020-03-17 20:04:00,2020-03-18 10:46:00,2020-03-18 10:48:00,-0.1302731741181694,-3.4558197787376086,3.325546604619439,2.3804549037318994,7.1476639285005685,4.933333333333334,14.7,detector,404,2020-03-16 05:22:00,2020-03-16 05:22:00
LMKS,2020-03-22 21:28:00,2020-03-22 23:36:00,2020-03-22 21:28:00,2020-03-24 06:50:00,2020-03-24 06:54:00,-0.43429248169970075,-18.945510057844288,18.51121757614459,2.1079395567706025,4.825714527933109,2.1333333333333333,33.36666666666667,detector,405,2020-03-22 21:28:00,2020-03-22 21:28:00
APTY,2020-03-26 14:52:00,2020-03-26 17:12:00,2020-03-26 14:52:00,2020-03-26 15:16:00,2020-03-26 15:18:00,0.5434625715018189,-3.035249457700655,3.5787120292024737,2.2987306603747903,4.9328686996943425,2.3333333333333335,0.4,detector,406,2020-03-26 14:52:00,2020-03-26 14:52:00
KERG,2020-03-31 19:02:00,2020-03-31 21:10:00,2020-03-31 19:02:00,2020-04-01 03:06:00,2020-04-01 03:10:00,0.01771167826369085,-3.451327062513887,3.469038740777578,2.154567772015043,4.186706952954752,2.1333333333333333,8.066666666666666,detector,407,2020-03-31 19:02:00,2020-03-31 19:02:00
KERG,2020-04-06 13:30:00,2020-04-06 17:24:00,2020-04-06 13:30:00,2020-04-08 00:22:00,2020-04-08 00:26:00,0.19533922920339725,-3.679752559691203,3.8750917888946,2.2405148634606276,9.44685505435653,3.9,34.86666666666667,detector,408,2020-04-06 13:30:00,2020-04-06 13:30:00
LMKS,2020-04-09 13:58:00,2020-04-09 16:12:00,2020-04-09 13:58:00,2020-04-10 02:48:00,2020-04-10 02:50:00,0.27503889269353216,-2.340009190274825,2.6150480829683573,2.690009475736032,10.889687100174063,2.2333333333333334,12.833333333333334,detector,409,2020-04-09 13:58:00,2020-04-09 13:58:00
AATB,2020-04-17 01:48:00,2020-04-17 04:24:00,2020-04-17 01:48:00,2020-04-17 18:42:00,2020-04-17 18:46:00,-0.23885212617572285,-2.448032077661704,2.2091799514859813,2.698508320059327,5.853690054046436,2.6,16.9,detector,410,2020-04-17 01:48:00,2020-04-17 01:48:00
APTY,2020-04-20 00:32:00,2020-04-20 03:28:00,2020-04-20 00:32:00,2020-04-20 15:28:00,2020-04-20 15:30:00,-0.5906283647159887,-3.809183607196213,3.218555242480224,2.586024437222889,6.531307307107269,2.933333333333333,14.933333333333334,detector,411,2020-04-20 15:40:00,2020-04-20 15:40:00
LMKS,2020-04-20 15:40:00,2020-04-20 19:32:00,2020-04-20 15:40:00,2020-04-20 16:40:00,2020-04-20 16:58:00,0.18462271251121154,-18.605466913682097,18.790089626193307,2.0341253581413663,13.079582100658014,3.8666666666666667,1.0,detector,411,2020-04-20 15:40:00,2020-04-20 15:40:00
FSMT,2020-04-20 15:54:00,2020-04-20 17:54:00,2020-04-20 15:54:00,2020-04-21 05:24:00,2020-04-21 05:26:00,-0.0220933445121096,-2.748643361589714,2.7265500170776047,2.3044620626563077,5.851997873689792,2.0,13.5,detector,411,2020-04-20 15:40:00,2020-04-20 15:40:00
BKSN,2020-04-22 17:12:00,2020-04-22 19:34:00,2020-04-22 17:12:00,2020-04-23 06:00:00,2020-04-23 06:02:00,0.2134142993804917,-3.621191875475455,3.8346061748559466,2.5793897849724745,5.803217012453583,2.3666666666666667,12.8,detector,412,2020-04-22 20:57:00,2020-04-22 20:57:00
LMKS,2020-04-23 00:42:00,2020-04-23 04:40:00,2020-04-23 00:42:00,2020-04-23 01:32:00,2020-04-23 01:42:00,0.10391893912910985,-17.755093666003244,17.859012605132353,2.151626663385827,18.373341894801666,3.966666666666667,0.8333333333333334,detector,412,2020-04-22 20:57:00,2020-04-22 20:57:00
KERG,2020-04-23 21:42:00,2020-04-24 00:02:00,2020-04-23 21:42:00,2020-04-24 18:24:00,2020-04-24 18:26:00,0.8319408734379706,-2.319583839987571,3.1515247134255415,2.2108776305797035,7.618141921526689,2.3333333333333335,20.7,detector,413,2020-04-23 21:42:00,2020-04-23 21:42:00
JUNG,2020-04-27 13:58:00,2020-04-27 16:40:00,2020-04-27 13:58:00,2020-04-28 21:20:00,2020-04-28 21:22:00,0.5822603364708935,-4.139176084232529,4.721436420703423,2.1061847594370553,3.0996948295562277,2.7,31.366666666666667,detector,414,2020-04-28 10:17:00,2020-04-28 10:17:00
JUNG1,2020-04-28 05:48:00,2020-04-28 08:32:00,2020-04-28 05:48:00,2020-04-29 13:28:00,2020-04-29 13:32:00,0.14249750973169825,-4.210856793344678,4.353354303076376,2.669076731090171,9.043929806604318,2.7333333333333334,31.666666666666668,detector,414,2020-04-28 10:17:00,2020-04-28 10:17:00
BKSN,2020-04-28 14:46:00,2020-04-28 17:16:00,2020-04-28 14:46:00,2020-04-29 04:02:00,2020-04-29 04:04:00,-0.13017973833056157,-5.5680001250972415,5.43782038676668,2.2824578416215697,4.120506821741387,2.5,13.266666666666667,detector,414,2020-04-28 10:17:00,2020-04-28 10:17:00
KERG,2020-04-29 13:14:00,2020-04-29 15:12:00,2020-04-29 13:14:00,2020-04-30 16:02:00,2020-04-30 16:04:00,0.2810692351040638,-3.120006167090647,3.401075402194711,2.1667971239333887,2.6103779661514306,1.9666666666666666,26.8,detector,414,2020-04-28 10:17:00,2020-04-28 10:17:00
JUNG1,2020-05-01 23:36:00,2020-05-02 02:32:00,2020-05-01 23:36:00,2020-05-02 16:28:00,2020-05-02 16:30:00,-0.34426372743363987,-3.4041131865722254,3.0598494591385856,2.3420423880098524,8.474136853954592,2.933333333333333,16.866666666666667,detector,415,2020-05-01 23:36:00,2020-05-01 23:36:00
LMKS,2020-05-03 12:20:00,2020-05-03 17:42:00,2020-05-03 12:20:00,2020-05-03 19:36:00,2020-05-03 19:38:00,-0.1019488132912203,-3.6085512601176,3.50660244682638,2.0666806439487297,4.8830151853921855,5.366666666666666,7.266666666666667,detector,416,2020-05-03 12:20:00,2020-05-03 12:20:00
MXCO,2020-05-06 05:28:00,2020-05-06 08:22:00,2020-05-06 05:28:00,2020-05-06 12:30:00,2020-05-06 12:32:00,0.3588840154337366,-3.652079956780114,4.01096397221385,2.2061759176745124,7.17788638111262,2.9,7.033333333333333,detector,417,2020-05-06 05:28:00,2020-05-06 05:28:00
KERG,2020-05-08 18:52:00,2020-05-08 22:12:00,2020-05-08 18:52:00,2020-05-09 20:50:00,2020-05-09 20:52:00,-0.0983974515862297,-3.3132220607448466,3.214824609158617,2.0332590143694875,7.497067853296992,3.3333333333333335,25.966666666666665,detector,418,2020-05-08 18:52:00,2020-05-08 18:52:00
JUNG1,2020-05-16 06:02:00,2020-05-16 08:52:00,2020-05-16 06:02:00,2020-05-16 21:12:00,2020-05-16 21:14:00,0.3136717851948707,-3.456745822161679,3.7704176073565496,2.6803803501805183,7.7537413290549075,2.8333333333333335,15.166666666666666,detector,419,2020-05-16 11:50:00,2020-05-16 11:50:00
JUNG,2020-05-16 17:38:00,2020-05-16 19:44:00,2020-05-16 17:38:00,2020-05-17 00:14:00,2020-05-17 00:16:00,0.30049970238367885,-2.9665140540362613,3.2670137564199404,2.053747157306369,4.836555686265935,2.1,6.6,detector,419,2020-05-16 11:50:00,2020-05-16 11:50:00
AATB,2020-05-20 02:00:00,2020-05-20 04:32:00,2020-05-20 02:00:00,2020-05-20 23:10:00,2020-05-20 23:12:00,0.08639719737276125,-2.1050794204922387,2.191476617865,2.0433314218136114,5.89267810549444,2.533333333333333,21.166666666666668,detector,420,2020-05-20 08:56:00,2020-05-20 08:56:00
KERG,2020-05-20 08:56:00,2020-05-20 11:54:00,2020-05-20 08:56:00,2020-05-20 12:12:00,2020-05-20 12:14:00,0.2548451828887289,-3.98085908252429,4.235704265413019,2.482098378148808,8.400115789923861,2.966666666666667,3.2666666666666666,detector,420,2020-05-20 08:56:00,2020-05-20 08:56:00
JUNG1,2020-05-20 18:54:00,2020-05-20 22:56:00,2020-05-20 18:54:00,2020-05-22 02:50:00,2020-05-22 02:52:00,0.5832397669249842,-4.347453979313665,4.930693746238649,2.2654715987045426,8.40876812365,4.033333333333333,31.933333333333334,detector,420,2020-05-20 08:56:00,2020-05-20 08:56:00
JUNG1,2020-05-23 18:50:00,2020-05-23 21:30:00,2020-05-23 18:50:00,2020-05-24 04:14:00,2020-05-24 04:16:00,0.11809712801236544,-3.7790789641858846,3.89717609219825,2.09457848406614,4.214622929314102,2.6666666666666665,9.4,detector,421,2020-05-23 18:50:00,2020-05-23 18:50:00
KIEL2,2020-05-25 14:52:00,2020-05-25 18:32:00,2020-05-25 14:52:00,2020-05-26 15:20:00,2020-05-26 15:22:00,0.110484184368661,-3.806417963131729,3.91690214750039,2.327670960150765,6.77564998165482,3.6666666666666665,24.466666666666665,detector,422,2020-05-26 01:20:00,2020-05-26 01:20:00
JUNG1,2020-05-26 01:20:00,2020-05-26 04:44:00,2020-05-26 01:20:00,2020-05-26 08:30:00,2020-05-26 08:32:00,0.7572394866286276,-2.9052712224921673,3.662510709120795,2.2749956831475373,3.436067182873201,3.4,7.166666666666667,detector,422,2020-05-26 01:20:00,2020-05-26 01:20:00
LMKS,2020-05-26 18:00:00,2020-05-26 20:46:00,2020-05-26 18:00:00,2020-05-27 01:14:00,2020-05-27 01:18:00,-1.362912243932457,-4.795083252328241,3.432171008395784,2.0703540530092353,6.428446773078644,2.7666666666666666,7.233333333333333,detector,422,2020-05-26 01:20:00,2020-05-26 01:20:00
JUNG1,2020-05-27 14:16:00,2020-05-27 16:44:00,2020-05-27 14:16:00,2020-05-29 00:52:00,2020-05-29 00:54:00,1.8214949725273164,-2.0183161483728393,3.8398111209001557,2.087874103102474,2.91903942101041,2.466666666666667,34.6,detector,423,2020-05-27 14:16:00,2020-05-27 14:16:00
AATB,2020-05-30 11:32:00,2020-05-30 13:40:00,2020-05-30 11:32:00,2020-05-31 09:02:00,2020-05-31 09:04:00,0.2020765125553787,-2.934215106160814,3.1362916187161924,2.083339636476353,6.158768762984984,2.1333333333333333,21.5,detector,424,2020-05-30 22:04:00,2020-05-30 22:04:00
LMKS,2020-05-30 22:04:00,2020-05-31 00:12:00,2020-05-30 22:04:00,2020-05-31 23:22:00,2020-05-31 23:24:00,-0.9046745544725698,-4.013618693520102,3.108944139047532,2.0378938196280996,3.1468168096210944,2.1333333333333333,25.3,detector,424,2020-05-30 22:04:00,2020-05-30 22:04:00
KIEL2,2020-05-31 01:00:00,2020-05-31 06:10:00,2020-05-31 01:00:00,2020-06-01 09:50:00,2020-06-01 09:52:00,0.1705805995649334,-4.009535965569259,4.180116565134192,2.1106831408548814,4.58879221188998,5.166666666666667,32.833333333333336,detector,424,2020-05-30 22:04:00,2020-05-30 22:04:00
KERG,2020-06-02 20:16:00,2020-06-02 22:22:00,2020-06-02 20:16:00,2020-06-04 00:26:00,2020-06-04 00:28:00,-0.0606262505539184,-3.015953192743188,2.9553269421892696,2.076047290671978,3.5552537623247775,2.1,28.166666666666668,detector,425,2020-06-03 19:06:00,2020-06-03 19:06:00
BKSN,2020-06-03 19:06:00,2020-06-03 23:26:00,2020-06-03 19:06:00,2020-06-04 13:00:00,2020-06-04 13:02:00,0.15183264521111572,-4.136901673757059,4.288734318968174,2.2056412471437823,9.488451493889292,4.333333333333333,17.9,detector,425,2020-06-03 19:06:00,2020-06-03 19:06:00
JUNG1,2020-06-04 14:52:00,2020-06-04 17:04:00,2020-06-04 14:52:00,2020-06-04 17:46:00,2020-06-04 17:48:00,-0.33388603394307476,-4.0391979651543775,3.7053119312113028,2.2605080561748325,7.153606394033416,2.2,2.9,detector,425,2020-06-03 19:06:00,2020-06-03 19:06:00
JUNG,2020-06-08 00:30:00,2020-06-08 03:38:00,2020-06-08 00:30:00,2020-06-08 18:34:00,2020-06-08 18:36:00,0.49399764461781165,-3.2296708035842614,3.723668448202073,2.4370934058063156,9.02355803654552,3.1333333333333333,18.066666666666666,detector,426,2020-06-08 05:52:00,2020-06-08 05:52:00
JUNG1,2020-06-08 11:14:00,2020-06-08 13:28:00,2020-06-08 11:14:00,2020-06-08 21:18:00,2020-06-08 21:20:00,0.4732726956202623,-3.075247255127688,3.5485199507479503,2.430702833261187,5.127787041615576,2.2333333333333334,10.066666666666666,detector,426,2020-06-08 05:52:00,2020-06-08 05:52:00
JUNG,2020-06-11 14:50:00,2020-06-11 17:14:00,2020-06-11 14:50:00,2020-06-12 13:02:00,2020-06-12 13:04:00,0.02941093609768495,-3.516032354549463,3.5454432906471482,2.1798868624160295,7.261684885830692,2.4,22.2,detector,427,2020-06-11 14:50:00,2020-06-11 14:50:00
JUNG1,2020-06-18 00:32:00,2020-06-18 03:18:00,2020-06-18 00:32:00,2020-06-19 02:46:00,2020-06-19 02:50:00,-0.02163496923683525,-3.4470217460624295,3.425386776825594,2.676119342090641,5.449552640335859,2.7666666666666666,26.233333333333334,detector,428,2020-06-18 11:38:00,2020-06-18 11:38:00
LMKS,2020-06-18 11:38:00,2020-06-18 17:18:00,2020-06-18 11:38:00,2020-06-19 17:12:00,2020-06-19 17:14:00,0.44773242070523356,-2.3930733154287105,2.840805736133944,2.035383209997401,9.104929293361206,5.666666666666667,29.566666666666666,detector,428,2020-06-18 11:38:00,2020-06-18 11:38:00
JUNG,2020-06-19 02:36:00,2020-06-19 05:04:00,2020-06-19 02:36:00,2020-06-19 03:28:00,2020-06-19 03:30:00,0.32362695676911224,-3.245896702303859,3.5695236590729715,2.014106557830916,8.023584021673154,2.466666666666667,0.8666666666666667,detector,428,2020-06-18 11:38:00,2020-06-18 11:38:00
BKSN,2020-06-20 12:56:00,2020-06-20 14:58:00,2020-06-20 12:56:00,2020-06-21 17:56:00,2020-06-21 17:58:00,0.051765734610147954,-4.400773221451731,4.452538956061879,2.355060487854383,3.397495993429782,2.033333333333333,29.0,detector,429,2020-06-20 12:56:00,2020-06-20 12:56:00
LMKS,2020-06-24 18:40:00,2020-06-24 20:52:00,2020-06-24 18:40:00,2020-06-25 22:24:00,2020-06-25 22:26:00,0.6803447983276651,-1.9787914464744811,2.6591362448021463,2.3055446271067765,6.791835707461582,2.2,27.733333333333334,detector,430,2020-06-24 18:40:00,2020-06-24 18:40:00
JUNG1,2020-06-26 19:54:00,2020-06-26 21:54:00,2020-06-26 19:54:00,2020-06-28 02:06:00,2020-06-28 02:08:00,1.522877330261565,-2.1216836165836126,3.6445609468451776,2.295406862131152,8.37730334992956,2.0,30.2,detector,431,2020-06-26 19:54:00,2020-06-26 19:54:00
JUNG1,2020-06-29 07:04:00,2020-06-29 09:06:00,2020-06-29 07:04:00,2020-06-29 08:36:00,2020-06-29 08:38:00,0.22734761036251872,-2.789480244297644,3.016827854660163,2.0515862690221476,6.132111611549759,2.033333333333333,1.5333333333333334,detector,432,2020-06-29 07:04:00,2020-06-29 07:04:00
LMKS,2020-06-30 20:14:00,2020-06-30 22:14:00,2020-06-30 20:14:00,2020-07-01 18:58:00,2020-07-01 19:00:00,0.25879162411517487,-2.42104527669089,2.679836900806065,2.0517686019314243,7.134825784287471,2.0,22.733333333333334,detector,433,2020-07-01 03:04:00,2020-07-01 03:04:00
KIEL2,2020-07-01 03:04:00,2020-07-01 05:30:00,2020-07-01 03:04:00,2020-07-01 14:00:00,2020-07-01 14:02:00,0.19096750216845726,-3.5445790943025344,3.7355465964709915,2.074297150796137,6.05875990455501,2.433333333333333,10.933333333333334,detector,433,2020-07-01 03:04:00,2020-07-01 03:04:00
JUNG,2020-07-01 20:50:00,2020-07-01 23:28:00,2020-07-01 20:50:00,2020-07-03 02:58:00,2020-07-03 03:00:00,0.06790183043455805,-3.9372863020553983,4.005188132489956,2.392148625740771,7.01569563037701,2.6333333333333333,30.133333333333333,detector,433,2020-07-01 03:04:00,2020-07-01 03:04:00
LMKS,2020-07-05 22:54:00,2020-07-06 01:48:00,2020-07-05 22:54:00,2020-07-06 21:46:00,2020-07-06 21:56:00,0.26287637280285486,-2.822058545875868,3.0849349186787225,2.034893940124539,3.7253815016094305,2.9,22.866666666666667,detector,434,2020-07-05 22:54:00,2020-07-05 22:54:00
KERG,2020-07-07 23:40:00,2020-07-08 05:18:00,2020-07-07 23:40:00,2020-07-09 00:08:00,2020-07-09 00:10:00,0.1539179906779803,-2.716850339580094,2.870768330258074,2.0222836195714367,11.325575964754677,5.633333333333334,24.466666666666665,detector,435,2020-07-07 23:40:00,2020-07-07 23:40:00
JUNG1,2020-07-09 23:02:00,2020-07-10 04:00:00,2020-07-09 23:02:00,2020-07-11 06:46:00,2020-07-11 06:48:00,0.9903528129485001,-3.5197486622187157,4.5101014751672155,2.2022601404337823,4.243293981948083,4.966666666666667,31.733333333333334,detector,436,2020-07-09 23:02:00,2020-07-09 23:02:00
FSMT,2020-07-14 03:20:00,2020-07-14 05:18:00,2020-07-14 03:20:00,2020-07-14 20:08:00,2020-07-14 20:10:00,-0.4318906125813812,-3.459987728985893,3.0280971164045116,2.2017295736815554,6.993121030785226,1.9666666666666666,16.8,detector,437,2020-07-14 03:20:00,2020-07-14 03:20:00
LMKS,2020-07-15 17:04:00,2020-07-15 19:32:00,2020-07-15 17:04:00,2020-07-17 04:48:00,2020-07-17 04:50:00,-0.0052527206920409,-3.4971194247512787,3.491866704059238,2.003917124643686,7.0678900924109005,2.466666666666667,35.733333333333334,detector,438,2020-07-15 17:04:00,2020-07-15 17:04:00
APTY,2020-07-23 09:00:00,2020-07-23 11:32:00,2020-07-23 09:00:00,2020-07-24 14:58:00,2020-07-24 15:00:00,0.40699651286045957,-2.764548569746162,3.171545082606621,2.1143716453160346,8.104814808991796,2.533333333333333,29.966666666666665,detector,439,2020-07-25 02:02:00,2020-07-25 02:02:00
JUNG1,2020-07-24 13:50:00,2020-07-24 16:44:00,2020-07-24 13:50:00,2020-07-24 19:46:00,2020-07-24 19:50:00,0.1469183460148975,-3.960688732233693,4.1076070782485905,2.2996791912477983,13.90386956274839,2.9,5.933333333333334,detector,439,2020-07-25 02:02:00,2020-07-25 02:02:00
ROME,2020-07-25 02:02:00,2020-07-25 04:02:00,2020-07-25 02:02:00,2020-07-25 23:18:00,2020-07-25 23:20:00,1.1116005497635508,-4.253263198909008,5.364863748672558,2.1629004580062285,8.97961667740922,2.0,21.266666666666666,detector,439,2020-07-25 02:02:00,2020-07-25 02:02:00
LMKS,2020-07-25 19:00:00,2020-07-25 22:24:00,2020-07-25 19:00:00,2020-07-26 12:44:00,2020-07-26 12:46:00,0.3700530405700879,-2.69552027754713,3.0655733181172176,2.172053821130488,10.064875907785018,3.4,17.733333333333334,detector,439,2020-07-25 02:02:00,2020-07-25 02:02:00
DRBS,2020-07-25 22:02:00,2020-07-26 02:32:00,2020-07-25 22:02:00,2020-07-26 10:24:00,2020-07-26 10:26:00,0.6268985620783827,-22.44507531713053,23.07197387920891,2.012666253375558,6.845149345245849,4.5,12.366666666666667,detector,439,2020-07-25 02:02:00,2020-07-25 02:02:00
DRBS,2020-07-27 01:20:00,2020-07-27 03:36:00,2020-07-27 01:20:00,2020-07-28 07:34:00,2020-07-28 07:36:00,0.2800702370500337,-4.786402823380692,5.066473060430726,2.0757273430011542,2.7838577689844457,2.2666666666666666,30.233333333333334,detector,440,2020-07-27 05:46:00,2020-07-27 05:46:00
LMKS,2020-07-27 10:12:00,2020-07-27 12:40:00,2020-07-27 10:12:00,2020-07-27 19:52:00,2020-07-27 19:54:00,-0.12027858655656196,-2.646472312981623,2.526193726425061,2.0504661790291223,5.579437086474029,2.466666666666667,9.666666666666666,detector,440,2020-07-27 05:46:00,2020-07-27 05:46:00
JUNG1,2020-08-01 14:22:00,2020-08-01 17:14:00,2020-08-01 14:22:00,2020-08-02 19:34:00,2020-08-02 19:36:00,0.36172642502956687,-2.8285808331403075,3.1903072581698746,2.125635067056099,10.411934085884551,2.8666666666666667,29.2,detector,441,2020-08-01 14:22:00,2020-08-01 14:22:00
KERG,2020-08-07 02:16:00,2020-08-07 04:22:00,2020-08-07 02:16:00,2020-08-08 12:12:00,2020-08-08 12:14:00,0.7467644299893867,-2.6200146481123876,3.366779078101774,2.152058140883576,3.324826984998236,2.1,33.93333333333333,detector,442,2020-08-07 02:16:00,2020-08-07 02:16:00
FSMT,2020-08-09 22:12:00,2020-08-10 01:22:00,2020-08-09 22:12:00,2020-08-11 01:26:00,2020-08-11 01:30:00,0.2932320167608412,-2.483407799418728,2.776639816179569,2.0341580463204503,7.106301341659779,3.1666666666666665,27.233333333333334,detector,443,2020-08-10 19:12:00,2020-08-10 19:12:00
JUNG1,2020-08-10 16:32:00,2020-08-10 18:32:00,2020-08-10 16:32:00,2020-08-12 02:46:00,2020-08-12 02:48:00,1.0660789635119499,-2.799498394960701,3.8655773584726507,2.135064264297058,2.9996988847450674,2.0,34.233333333333334,detector,443,2020-08-10 19:12:00,2020-08-10 19:12:00
JUNG,2020-08-10 21:52:00,2020-08-11 00:10:00,2020-08-10 21:52:00,2020-08-11 23:58:00,2020-08-12 00:00:00,0.3564090136769994,-4.095807387478882,4.452216401155881,2.0865184006379685,2.8762744904281714,2.3,26.1,detector,443,2020-08-10 19:12:00,2020-08-10 19:12:00
AATB,2020-08-11 15:24:00,2020-08-11 18:20:00,2020-08-11 15:24:00,2020-08-12 11:24:00,2020-08-12 11:26:00,0.0366354016363565,-2.548615717627343,2.5852511192636998,2.041101516592012,9.838284028688502,2.933333333333333,20.0,detector,443,2020-08-10 19:12:00,2020-08-10 19:12:00
APTY,2020-08-18 04:56:00,2020-08-18 08:16:00,2020-08-18 04:56:00,2020-08-18 22:48:00,2020-08-18 22:50:00,0.1881545207891826,-4.096243265185611,4.284397785974793,2.5862451048127273,10.136407706750102,3.3333333333333335,17.866666666666667,detector,444,2020-08-18 04:56:00,2020-08-18 04:56:00
FSMT,2020-08-22 08:12:00,2020-08-22 11:12:00,2020-08-22 08:12:00,2020-08-23 07:04:00,2020-08-23 07:06:00,0.1425892169986202,-3.594961134073737,3.737550351072357,2.142160265750068,7.342340097972816,3.0,22.866666666666667,detector,445,2020-08-22 08:12:00,2020-08-22 08:12:00
JUNG,2020-08-25 12:28:00,2020-08-25 16:24:00,2020-08-25 12:28:00,2020-08-26 23:24:00,2020-08-26 23:26:00,-0.36185225644854013,-3.8682224740230033,3.5063702175744633,2.1661354962499617,25.09176436506276,3.933333333333333,34.93333333333333,detector,446,2020-08-25 12:28:00,2020-08-25 12:28:00
KERG,2020-08-29 17:30:00,2020-08-29 19:44:00,2020-08-29 17:30:00,2020-08-30 00:52:00,2020-08-30 00:56:00,0.4068485825818046,-3.13433340948126,3.5411819920630645,2.27973602907106,3.147777932688665,2.2333333333333334,7.366666666666666,detector,447,2020-08-29 17:30:00,2020-08-29 17:30:00
JUNG,2020-09-02 18:12:00,2020-09-02 21:04:00,2020-09-02 18:12:00,2020-09-03 19:40:00,2020-09-03 19:42:00,0.3932607020470338,-3.820717850057126,4.21397855210416,2.2381741165182123,8.534336321274024,2.8666666666666667,25.466666666666665,detector,448,2020-09-02 18:12:00,2020-09-02 18:12:00
AATB,2020-09-08 02:58:00,2020-09-08 06:26:00,2020-09-08 02:58:00,2020-09-08 05:28:00,2020-09-08 05:30:00,0.06675684715412994,-2.6211306700397,2.68788751719383,2.2066857548369416,4.20174951932807,3.466666666666667,2.5,detector,449,2020-09-08 16:18:00,2020-09-08 16:18:00
JUNG,2020-09-08 11:26:00,2020-09-08 14:12:00,2020-09-08 11:26:00,2020-09-09 18:06:00,2020-09-09 18:08:00,0.09106839035369135,-4.227775892150046,4.318844282503737,2.6723523486522556,4.985131624704138,2.7666666666666666,30.666666666666668,detector,449,2020-09-08 16:18:00,2020-09-08 16:18:00
LMKS,2020-09-08 21:10:00,2020-09-08 23:54:00,2020-09-08 21:10:00,2020-09-09 20:30:00,2020-09-09 20:32:00,0.0074057983356918995,-2.57310329527242,2.580509093608112,2.1984641581919777,4.042687584329063,2.7333333333333334,23.333333333333332,detector,449,2020-09-08 16:18:00,2020-09-08 16:18:00
APTY,2020-09-10 06:00:00,2020-09-10 09:10:00,2020-09-10 06:00:00,2020-09-11 11:24:00,2020-09-11 11:26:00,0.31912216697802187,-3.334752761782827,3.6538749287608487,2.1453852325789886,3.8371050159892097,3.1666666666666665,29.4,detector,449,2020-09-08 16:18:00,2020-09-08 16:18:00
DRBS,2020-09-12 18:16:00,2020-09-12 22:10:00,2020-09-12 18:16:00,2020-09-13 19:40:00,2020-09-13 19:42:00,0.6813689996935408,-4.636251970973337,5.317620970666878,2.0221653389307455,4.545187504682087,3.9,25.4,detector,450,2020-09-12 18:16:00,2020-09-12 18:16:00
FSMT,2020-09-16 20:40:00,2020-09-17 03:52:00,2020-09-16 20:40:00,2020-09-18 08:06:00,2020-09-18 08:08:00,0.8621764068214111,-2.839997817904094,3.702174224725505,2.1623133599159345,4.950247975713014,7.2,35.43333333333333,detector,451,2020-09-17 05:13:00,2020-09-17 05:13:00
KERG,2020-09-17 13:46:00,2020-09-17 17:20:00,2020-09-17 13:46:00,2020-09-18 08:54:00,2020-09-18 08:56:00,0.3749029855635976,-2.8330872419968047,3.207990227560402,2.471849439812189,6.820699419987294,3.566666666666667,19.133333333333333,detector,451,2020-09-17 05:13:00,2020-09-17 05:13:00
KERG,2020-09-21 05:58:00,2020-09-21 08:14:00,2020-09-21 05:58:00,2020-09-22 02:36:00,2020-09-22 02:38:00,0.23883778349269763,-3.5510947989733403,3.789932582466038,2.1149677686202937,3.1991390544375737,2.2666666666666666,20.633333333333333,detector,452,2020-09-21 10:18:00,2020-09-21 10:18:00
JUNG,2020-09-21 14:38:00,2020-09-21 17:22:00,2020-09-21 14:38:00,2020-09-22 03:26:00,2020-09-22 03:28:00,0.07497797713785005,-3.082408590847738,3.157386567985588,2.058184119417308,7.331564437420559,2.7333333333333334,12.8,detector,452,2020-09-21 10:18:00,2020-09-21 10:18:00
JUNG,2020-09-27 11:46:00,2020-09-27 14:46:00,2020-09-27 11:46:00,2020-09-28 23:34:00,2020-09-28 23:38:00,0.1605061422463563,-3.3475917606019068,3.508097902848263,2.1746546061561767,6.546385405824906,3.0,35.8,detector,453,2020-09-27 20:59:00,2020-09-27 20:59:00
JUNG1,2020-09-28 06:12:00,2020-09-28 08:38:00,2020-09-28 06:12:00,2020-09-29 05:20:00,2020-09-29 05:22:00,-0.0008664879794484501,-4.463793591443337,4.462927103463889,2.053660551796926,5.6487193480587425,2.433333333333333,23.133333333333333,detector,453,2020-09-27 20:59:00,2020-09-27 20:59:00
KERG,2020-09-29 17:54:00,2020-09-29 20:40:00,2020-09-29 17:54:00,2020-09-30 08:12:00,2020-09-30 08:16:00,-0.0028478727387810498,-3.2043247623026647,3.201476889563884,2.682441890528443,6.728690089085935,2.7666666666666666,14.3,detector,454,2020-09-30 01:12:00,2020-09-30 01:12:00
LMKS,2020-09-30 08:30:00,2020-09-30 11:18:00,2020-09-30 08:30:00,2020-09-30 08:34:00,2020-09-30 08:40:00,-1.8976066518746255,-4.297857985462869,2.4002513335882436,2.2242828644741843,4.915688424881817,2.8,0.06666666666666667,detector,454,2020-09-30 01:12:00,2020-09-30 01:12:00
JUNG1,2020-10-02 09:54:00,2020-10-02 12:02:00,2020-10-02 09:54:00,2020-10-03 20:14:00,2020-10-03 20:16:00,0.7727060291279433,-3.365795404010368,4.138501433138312,2.167163880006335,3.218929580318384,2.1333333333333333,34.333333333333336,detector,455,2020-10-04 16:57:00,2020-10-04 16:57:00
LMKS,2020-10-03 17:04:00,2020-10-03 19:02:00,2020-10-03 17:04:00,2020-10-04 10:48:00,2020-10-04 11:04:00,3.32213210437713,-1.0023278190535074,4.324459923430638,2.5665364055933795,6.572075396487766,1.9666666666666666,17.733333333333334,detector,455,2020-10-04 16:57:00,2020-10-04 16:57:00
KIEL2,2020-10-04 14:58:00,2020-10-04 19:02:00,2020-10-04 14:58:00,2020-10-06 01:04:00,2020-10-06 01:06:00,0.713079188149492,-3.243282702666061,3.956361890815553,2.036344179923975,12.479367015953988,4.066666666666666,34.1,detector,455,2020-10-04 16:57:00,2020-10-04 16:57:00
FSMT,2020-10-04 18:56:00,2020-10-04 23:04:00,2020-10-04 18:56:00,2020-10-05 03:06:00,2020-10-05 03:08:00,0.6912063437587241,-2.373303612404108,3.0645099561628317,2.0620236966084367,5.496197655519317,4.133333333333334,8.166666666666666,detector,455,2020-10-04 16:57:00,2020-10-04 16:57:00
KERG,2020-10-04 20:54:00,2020-10-04 22:58:00,2020-10-04 20:54:00,2020-10-05 12:04:00,2020-10-05 12:06:00,0.27263877999031016,-4.45143292969607,4.72407170968638,2.427819286071118,5.494310585745505,2.066666666666667,15.166666666666666,detector,455,2020-10-04 16:57:00,2020-10-04 16:57:00
APTY,2020-10-05 15:26:00,2020-10-05 18:14:00,2020-10-05 15:26:00,2020-10-06 02:36:00,2020-10-06 02:38:00,0.7995818686502978,-3.629746212866415,4.429328081516713,2.2640327123325306,8.850428880326549,2.8,11.166666666666666,detector,455,2020-10-04 16:57:00,2020-10-04 16:57:00
ROME,2020-10-06 15:52:00,2020-10-06 18:08:00,2020-10-06 15:52:00,2020-10-07 19:04:00,2020-10-07 19:06:00,0.30370164168678043,-4.3495145631067915,4.653216204793572,2.187754882859144,5.804371311903207,2.2666666666666666,27.2,detector,456,2020-10-06 15:52:00,2020-10-06 15:52:00
JUNG,2020-10-11 07:40:00,2020-10-11 10:36:00,2020-10-11 07:40:00,2020-10-11 22:12:00,2020-10-11 22:14:00,0.08558515886864185,-2.94794276353826,3.033527922406902,2.109393242348249,9.2589337399943,2.933333333333333,14.533333333333333,detector,457,2020-10-11 07:40:00,2020-10-11 07:40:00
LMKS,2020-10-12 17:02:00,2020-10-12 23:06:00,2020-10-12 17:02:00,2020-10-13 11:32:00,2020-10-13 11:52:00,-0.0530903436538635,-5.8628716238522625,5.809781280198399,2.0500377529803027,8.362704418353935,6.066666666666666,18.5,detector,458,2020-10-13 01:48:00,2020-10-13 01:48:00
KERG,2020-10-13 10:34:00,2020-10-13 13:22:00,2020-10-13 10:34:00,2020-10-13 14:32:00,2020-10-13 14:34:00,0.11238890360593029,-3.300489506082068,3.4128784096879983,2.0445296634171477,11.450718340784546,2.8,3.966666666666667,detector,458,2020-10-13 01:48:00,2020-10-13 01:48:00
FSMT,2020-10-17 08:16:00,2020-10-17 10:24:00,2020-10-17 08:16:00,2020-10-18 19:50:00,2020-10-18 19:52:00,-0.08216302409828674,-3.1625553447185326,3.0803923206202457,2.0016829115678627,7.015890146821896,2.1333333333333333,35.56666666666667,detector,459,2020-10-18 00:08:00,2020-10-18 00:08:00
NEWK,2020-10-17 22:54:00,2020-10-18 01:20:00,2020-10-17 22:54:00,2020-10-18 15:50:00,2020-10-18 15:54:00,0.5442877746673405,-4.579771011449426,5.124058786116767,2.316008424561494,6.787507595743175,2.433333333333333,16.933333333333334,detector,459,2020-10-18 00:08:00,2020-10-18 00:08:00
OULU,2020-10-18 00:08:00,2020-10-18 02:08:00,2020-10-18 00:08:00,2020-10-19 08:56:00,2020-10-19 08:58:00,0.5714691085196906,-4.269463993272259,4.84093310179195,2.2513115287959375,3.4134122077409494,2.0,32.8,detector,459,2020-10-18 00:08:00,2020-10-18 00:08:00
JUNG,2020-10-18 01:52:00,2020-10-18 06:12:00,2020-10-18 01:52:00,2020-10-18 02:58:00,2020-10-18 03:00:00,0.070434429144825,-4.513057028602534,4.5834914577473596,2.1707772935227214,5.531377169833535,4.333333333333333,1.1,detector,459,2020-10-18 00:08:00,2020-10-18 00:08:00
KERG,2020-10-19 00:16:00,2020-10-19 02:16:00,2020-10-19 00:16:00,2020-10-19 01:56:00,2020-10-19 01:58:00,-0.0150199825530749,-3.998336651629327,3.983316669076252,2.3256974496794074,7.0654734003013875,2.0,1.6666666666666667,detector,459,2020-10-18 00:08:00,2020-10-18 00:08:00
KERG,2020-10-21 09:50:00,2020-10-21 12:20:00,2020-10-21 09:50:00,2020-10-21 15:42:00,2020-10-21 15:44:00,0.16398964364861945,-3.131899617413578,3.2958892610621975,2.1776162174083904,3.8022714068169847,2.5,5.866666666666666,detector,460,2020-10-22 04:26:00,2020-10-22 04:26:00
ATHN,2020-10-21 20:56:00,2020-10-21 23:20:00,2020-10-21 20:56:00,2020-10-22 17:08:00,2020-10-22 17:10:00,0.18479502928152547,-5.6353354621189125,5.8201304914004375,2.644950928506763,5.369404752059513,2.4,20.2,detector,460,2020-10-22 04:26:00,2020-10-22 04:26:00
AATB,2020-10-22 11:56:00,2020-10-22 14:32:00,2020-10-22 11:56:00,2020-10-23 11:08:00,2020-10-23 11:10:00,0.08153943459278225,-2.687153581702095,2.7686930162948773,2.258423734313605,11.943602302216853,2.6,23.2,detector,460,2020-10-22 04:26:00,2020-10-22 04:26:00
LMKS,2020-10-23 22:24:00,2020-10-24 01:24:00,2020-10-23 22:24:00,2020-10-25 04:56:00,2020-10-25 05:56:00,2.3530722606238044,-2.162695704220164,4.515767964843969,2.1741668613430414,3.644374614542949,3.0,30.533333333333335,detector,460,2020-10-22 04:26:00,2020-10-22 04:26:00
JUNG1,2020-10-26 23:48:00,2020-10-27 02:18:00,2020-10-26 23:48:00,2020-10-28 02:08:00,2020-10-28 02:10:00,0.26461048640983353,-2.538231519588311,2.8028420059981447,2.0630198410222995,5.243066663832659,2.5,26.333333333333332,detector,461,2020-10-26 23:48:00,2020-10-26 23:48:00
KERG,2020-10-28 23:58:00,2020-10-29 03:58:00,2020-10-28 23:58:00,2020-10-30 10:22:00,2020-10-30 10:26:00,0.3446346909658021,-3.5813240582444124,3.9259587492102144,2.27333152957519,4.687128557463328,4.0,34.4,detector,462,2020-10-29 05:02:00,2020-10-29 05:02:00
APTY,2020-10-29 10:06:00,2020-10-29 13:38:00,2020-10-29 10:06:00,2020-10-30 21:08:00,2020-10-30 21:10:00,0.8764902452655601,-2.8315409250628587,3.708031170328419,2.063444135778714,3.8954940991466582,3.533333333333333,35.03333333333333,detector,462,2020-10-29 05:02:00,2020-10-29 05:02:00
LMKS,2020-10-31 09:58:00,2020-10-31 12:02:00,2020-10-31 09:58:00,2020-10-31 15:26:00,2020-10-31 15:30:00,-1.6327539566856384,-4.338609723918078,2.70585576723244,2.0047681419999583,6.550956839743652,2.066666666666667,5.466666666666667,detector,463,2020-10-31 09:58:00,2020-10-31 09:58:00
LMKS,2020-11-05 17:46:00,2020-11-05 20:00:00,2020-11-05 17:46:00,2020-11-06 23:54:00,2020-11-06 23:56:00,0.3240943165519006,-3.032068813916498,3.3561631304683983,2.152401025259728,8.176678109384516,2.2333333333333334,30.133333333333333,detector,464,2020-11-08 14:18:00,2020-11-08 14:18:00
APTY,2020-11-06 23:04:00,2020-11-07 03:28:00,2020-11-06 23:04:00,2020-11-07 13:40:00,2020-11-07 13:42:00,-0.2481604213516948,-3.4591135429880646,3.21095312163637,2.196378578553309,4.961079835789523,4.4,14.6,detector,464,2020-11-08 14:18:00,2020-11-08 14:18:00
KERG,2020-11-08 00:48:00,2020-11-08 02:50:00,2020-11-08 00:48:00,2020-11-08 02:50:00,2020-11-08 02:52:00,-0.3486923751787431,-4.105122093353497,3.756429718174754,2.331039887761798,11.293733176744494,2.033333333333333,2.033333333333333,detector,464,2020-11-08 14:18:00,2020-11-08 14:18:00
AATB,2020-11-08 14:18:00,2020-11-08 17:32:00,2020-11-08 14:18:00,2020-11-09 21:14:00,2020-11-09 21:16:00,-0.05176665418875985,-2.7486589769659604,2.6968923227772006,2.043764021845856,3.0754511966773252,3.2333333333333334,30.933333333333334,detector,464,2020-11-08 14:18:00,2020-11-08 14:18:00
ROME,2020-11-09 13:00:00,2020-11-09 15:08:00,2020-11-09 13:00:00,2020-11-09 22:34:00,2020-11-09 22:38:00,0.3512891758279061,-4.827930407929318,5.179219583757225,2.5801872038657856,6.612327284144582,2.1333333333333333,9.566666666666666,detector,464,2020-11-08 14:18:00,2020-11-08 14:18:00
JUNG1,2020-11-09 19:16:00,2020-11-09 21:44:00,2020-11-09 19:16:00,2020-11-09 21:28:00,2020-11-09 21:32:00,0.3997780611244771,-3.315383313377255,3.715161374501732,2.117838453761876,6.076658540353022,2.466666666666667,2.2,detector,464,2020-11-08 14:18:00,2020-11-08 14:18:00
OULU,2020-11-09 21:50:00,2020-11-09 23:50:00,2020-11-09 21:50:00,2020-11-10 03:20:00,2020-11-10 03:22:00,0.34935715617336016,-4.299417532666595,4.648774688839955,2.048295615723823,5.547758302381486,2.0,5.5,detector,464,2020-11-08 14:18:00,2020-11-08 14:18:00
AATB,2020-11-18 10:38:00,2020-11-18 12:56:00,2020-11-18 10:38:00,2020-11-19 14:28:00,2020-11-19 14:36:00,0.6740542746619498,-2.3875663701255347,3.0616206447874843,2.3278155462068013,7.123292788675246,2.3,27.833333333333332,detector,465,2020-11-19 00:18:00,2020-11-19 00:18:00
APTY,2020-11-19 13:58:00,2020-11-19 17:00:00,2020-11-19 13:58:00,2020-11-20 11:08:00,2020-11-20 11:12:00,0.8218049337563171,-3.5487820877246636,4.370587021480981,2.065171072451312,13.071405782877775,3.033333333333333,21.166666666666668,detector,465,2020-11-19 00:18:00,2020-11-19 00:18:00
BKSN,2020-11-22 13:34:00,2020-11-22 16:18:00,2020-11-22 13:34:00,2020-11-23 22:08:00,2020-11-23 22:20:00,0.15061995057199246,-4.273504273504279,4.424124224076271,2.4540699447505507,7.687016945920101,2.7333333333333334,32.56666666666667,detector,466,2020-11-22 16:52:00,2020-11-22 16:52:00
KERG,2020-11-22 16:52:00,2020-11-22 19:34:00,2020-11-22 16:52:00,2020-11-23 22:24:00,2020-11-23 22:26:00,0.0671949407862678,-3.6233106683088985,3.6905056090951662,2.079621150300389,4.938554723005579,2.7,29.533333333333335,detector,466,2020-11-22 16:52:00,2020-11-22 16:52:00
AATB,2020-11-22 23:18:00,2020-11-23 02:00:00,2020-11-22 23:18:00,2020-11-23 19:20:00,2020-11-23 19:22:00,0.3612698191265685,-3.0548052626993147,3.416075081825883,2.382026023642904,6.835415115784909,2.7,20.033333333333335,detector,466,2020-11-22 16:52:00,2020-11-22 16:52:00
JUNG1,2020-11-26 15:26:00,2020-11-26 17:32:00,2020-11-26 15:26:00,2020-11-27 04:02:00,2020-11-27 04:04:00,0.5900072569105557,-2.691531025118131,3.281538282028687,2.4065224620564623,5.800881830601243,2.1,12.6,detector,467,2020-11-26 15:26:00,2020-11-26 15:26:00
LMKS,2020-11-28 12:18:00,2020-11-28 14:16:00,2020-11-28 12:18:00,2020-11-29 22:16:00,2020-11-29 22:18:00,0.5146137783793168,-2.155572485918988,2.6701862642983047,2.0034566571720465,4.679958101316743,1.9666666666666666,33.96666666666667,detector,468,2020-11-29 07:12:00,2020-11-29 07:12:00
NEWK,2020-11-29 07:12:00,2020-11-29 09:18:00,2020-11-29 07:12:00,2020-11-30 10:50:00,2020-11-30 10:52:00,0.6594236964669329,-4.045178624738778,4.70460232120571,2.0794866422174323,3.8750652271042054,2.1,27.633333333333333,detector,468,2020-11-29 07:12:00,2020-11-29 07:12:00
JUNG1,2020-11-29 18:04:00,2020-11-29 20:36:00,2020-11-29 18:04:00,2020-12-01 04:38:00,2020-12-01 04:40:00,0.2576247859984576,-2.376931908066843,2.6345566940653007,2.259489361188737,7.396592266435441,2.533333333333333,34.56666666666667,detector,468,2020-11-29 07:12:00,2020-11-29 07:12:00
BKSN,2020-12-02 07:58:00,2020-12-02 11:14:00,2020-12-02 07:58:00,2020-12-03 17:46:00,2020-12-03 17:48:00,0.30318441436507537,-5.425992468900943,5.729176883266018,2.0691098502338092,18.70004531678997,3.2666666666666666,33.8,detector,469,2020-12-03 01:18:00,2020-12-03 01:18:00
JUNG,2020-12-03 18:38:00,2020-12-03 21:54:00,2020-12-03 18:38:00,2020-12-04 00:42:00,2020-12-04 00:44:00,-0.5857820198535629,-4.594858269760324,4.0090762499067605,2.093575584199153,3.3926995242964932,3.2666666666666666,6.066666666666666,detector,469,2020-12-03 01:18:00,2020-12-03 01:18:00
JUNG,2020-12-08 23:02:00,2020-12-09 04:00:00,2020-12-08 23:02:00,2020-12-10 03:10:00,2020-12-10 03:14:00,0.8348740995535875,-3.0053179537113173,3.8401920532649045,2.049053541546636,2.9233062175425295,4.966666666666667,28.133333333333333,detector,470,2020-12-09 10:50:00,2020-12-09 10:50:00
KERG,2020-12-09 02:44:00,2020-12-09 04:52:00,2020-12-09 02:44:00,2020-12-10 14:42:00,2020-12-10 14:50:00,0.882199857837141,-3.517866044798188,4.400065902635329,2.0396172579669685,6.0812692288564225,2.1333333333333333,35.96666666666667,detector,470,2020-12-09 10:50:00,2020-12-09 10:50:00
FSMT,2020-12-09 07:26:00,2020-12-09 10:00:00,2020-12-09 07:26:00,2020-12-10 11:00:00,2020-12-10 11:02:00,0.6915196382598149,-4.458513531588569,5.150033169848384,2.3797060791561404,8.854208412806202,2.566666666666667,27.566666666666666,detector,470,2020-12-09 10:50:00,2020-12-09 10:50:00
DRBS,2020-12-09 09:52:00,2020-12-09 12:06:00,2020-12-09 09:52:00,2020-12-10 01:48:00,2020-12-10 01:50:00,0.3878012009989955,-4.704789704126313,5.092590905125308,2.531462368660603,6.330823408154477,2.2333333333333334,15.933333333333334,detector,470,2020-12-09 10:50:00,2020-12-09 10:50:00
LMKS,2020-12-09 10:50:00,2020-12-09 13:44:00,2020-12-09 10:50:00,2020-12-10 16:50:00,2020-12-10 17:08:00,1.0797976585770916,-3.110463439180677,4.190261097757769,2.162340368221777,6.305080475317908,2.9,30.0,detector,470,2020-12-09 10:50:00,2020-12-09 10:50:00
APTY,2020-12-09 16:14:00,2020-12-09 18:20:00,2020-12-09 16:14:00,2020-12-10 20:06:00,2020-12-10 20:10:00,0.5452958101632936,-3.7983275563740495,4.343623366537344,2.12376183210104,4.241777727276811,2.1,27.866666666666667,detector,470,2020-12-09 10:50:00,2020-12-09 10:50:00
KIEL2,2020-12-09 18:40:00,2020-12-09 22:44:00,2020-12-09 18:40:00,2020-12-11 05:32:00,2020-12-11 05:34:00,0.3979028113189661,-3.9284286020747934,4.32633141339376,2.012642009260508,7.41651071569834,4.066666666666666,34.86666666666667,detector,470,2020-12-09 10:50:00,2020-12-09 10:50:00
OULU,2020-12-10 00:18:00,2020-12-10 03:20:00,2020-12-10 00:18:00,2020-12-10 19:24:00,2020-12-10 19:26:00,0.6008436981757541,-5.669616281515885,6.270459979691639,2.2324128480807683,6.012529972389805,3.033333333333333,19.1,detector,470,2020-12-09 10:50:00,2020-12-09 10:50:00
JUNG1,2020-12-11 07:22:00,2020-12-11 10:18:00,2020-12-11 07:22:00,2020-12-12 17:02:00,2020-12-12 17:04:00,-0.6979572613313758,-2.9186352368276625,2.2206779754962866,2.284076911910718,7.588105761082675,2.933333333333333,33.666666666666664,detector,470,2020-12-09 10:50:00,2020-12-09 10:50:00
AATB,2020-12-16 02:14:00,2020-12-16 04:44:00,2020-12-16 02:14:00,2020-12-17 13:26:00,2020-12-17 13:28:00,0.36696711671333754,-2.399378069896466,2.7663451866098034,2.639025714528825,5.9216470620491215,2.5,35.2,detector,471,2020-12-16 15:56:00,2020-12-16 15:56:00
NEWK,2020-12-16 15:56:00,2020-12-16 18:30:00,2020-12-16 15:56:00,2020-12-16 17:24:00,2020-12-16 17:26:00,0.38950164748674165,-6.092558572614939,6.482060220101681,2.047703135941621,3.215400610167511,2.566666666666667,1.4666666666666666,detector,471,2020-12-16 15:56:00,2020-12-16 15:56:00
KERG,2020-12-17 01:12:00,2020-12-17 05:14:00,2020-12-17 01:12:00,2020-12-17 17:16:00,2020-12-17 17:18:00,0.11000831389042005,-4.44841407230718,4.5584223861976,2.0460239973945447,6.458055538225981,4.033333333333333,16.066666666666666,detector,471,2020-12-16 15:56:00,2020-12-16 15:56:00
KERG,2020-12-22 00:10:00,2020-12-22 03:16:00,2020-12-22 00:10:00,2020-12-23 11:46:00,2020-12-23 11:48:00,0.16974452036768156,-3.1365497740198105,3.306294294387492,2.311136786721544,9.045657130701954,3.1,35.6,detector,472,2020-12-22 00:10:00,2020-12-22 00:10:00
KERG,2020-12-24 23:36:00,2020-12-25 01:44:00,2020-12-24 23:36:00,2020-12-25 19:58:00,2020-12-25 20:06:00,0.20698705759979474,-4.137696701989845,4.34468375958964,2.018921267504972,5.737459784103318,2.1333333333333333,20.366666666666667,detector,473,2020-12-24 23:36:00,2020-12-24 23:36:00
KERG,2020-12-26 17:46:00,2020-12-26 20:44:00,2020-12-26 17:46:00,2020-12-26 18:56:00,2020-12-26 18:58:00,0.963778172630824,-2.487414802604431,3.451192975235255,2.122665098165903,9.484156861207758,2.966666666666667,1.1666666666666667,detector,474,2020-12-26 17:46:00,2020-12-26 17:46:00
KERG,2020-12-27 23:30:00,2020-12-28 02:16:00,2020-12-27 23:30:00,2020-12-28 19:00:00,2020-12-28 19:08:00,0.7451820639033253,-3.8705785162186785,4.615760580122004,2.0367396615175597,11.168356964067376,2.7666666666666666,19.5,detector,475,2020-12-28 03:26:00,2020-12-28 03:26:00
APTY,2020-12-28 03:18:00,2020-12-28 05:42:00,2020-12-28 03:18:00,2020-12-28 06:48:00,2020-12-28 06:50:00,0.4843663354922816,-3.482995430791545,3.9673617662838265,2.3431033311769336,5.583073487999923,2.4,3.5,detector,475,2020-12-28 03:26:00,2020-12-28 03:26:00
AATB,2020-12-28 03:26:00,2020-12-28 08:28:00,2020-12-28 03:26:00,2020-12-28 21:48:00,2020-12-28 21:50:00,0.4205853954365263,-2.518142108835232,2.938727504271758,2.4499712174970827,12.564570853124902,5.033333333333333,18.366666666666667,detector,475,2020-12-28 03:26:00,2020-12-28 03:26:00
KIEL2,2020-12-28 12:02:00,2020-12-28 14:04:00,2020-12-28 12:02:00,2020-12-29 21:04:00,2020-12-29 21:06:00,0.9475034828011004,-3.7840262456513662,4.731529728452466,2.291046769570539,6.154379082934111,2.033333333333333,33.03333333333333,detector,475,2020-12-28 03:26:00,2020-12-28 03:26:00
LMKS,2020-12-29 22:10:00,2020-12-30 01:22:00,2020-12-29 22:10:00,2020-12-30 02:12:00,2020-12-30 02:14:00,0.07012567433519046,-2.188085623036916,2.2582112973721062,2.2175523797096415,8.030334296498305,3.2,4.033333333333333,detector,475,2020-12-28 03:26:00,2020-12-28 03:26:00
ROME,2020-12-30 18:26:00,2020-12-30 21:10:00,2020-12-30 18:26:00,2020-12-31 19:12:00,2020-12-31 19:16:00,-0.8060213672158988,-9.14254305606449,8.336521688848592,2.041892788967402,3.119231354560405,2.7333333333333334,24.766666666666666,detector,476,2020-12-30 18:26:00,2020-12-30 18:26:00
ROME,2021-01-02 17:08:00,2021-01-02 19:12:00,2021-01-02 17:08:00,2021-01-04 02:04:00,2021-01-04 02:08:00,2.1366646187453013,-5.327092894685029,7.4637575134303304,2.1955477690153087,4.411686673870107,2.066666666666667,32.93333333333333,detector,477,2021-01-02 19:03:00,2021-01-02 19:03:00
KERG,2021-01-02 20:58:00,2021-01-02 23:10:00,2021-01-02 20:58:00,2021-01-03 23:18:00,2021-01-03 23:20:00,0.5564841326120632,-3.687429237639471,4.243913370251534,2.1748706826229194,5.204641847393547,2.2,26.333333333333332,detector,477,2021-01-02 19:03:00,2021-01-02 19:03:00
AATB,2021-01-04 19:58:00,2021-01-04 22:36:00,2021-01-04 19:58:00,2021-01-05 21:12:00,2021-01-05 21:14:00,0.1303086041198227,-2.3686340759511553,2.4989426800709778,2.2900710752580955,5.591544444555747,2.6333333333333333,25.233333333333334,detector,478,2021-01-04 22:32:00,2021-01-04 22:32:00
LMKS,2021-01-04 22:32:00,2021-01-05 00:40:00,2021-01-04 22:32:00,2021-01-06 03:36:00,2021-01-06 03:38:00,-0.08846406325296374,-2.4419266935004087,2.353462630247445,2.343731212197975,5.949971043228622,2.1333333333333333,29.066666666666666,detector,478,2021-01-04 22:32:00,2021-01-04 22:32:00
KERG,2021-01-06 07:00:00,2021-01-06 10:10:00,2021-01-06 07:00:00,2021-01-06 10:52:00,2021-01-06 10:54:00,-0.291426651316842,-4.477341109249661,4.185914457932819,2.503989451568479,10.040224683911324,3.1666666666666665,3.8666666666666667,detector,478,2021-01-04 22:32:00,2021-01-04 22:32:00
AATB,2021-01-08 06:00:00,2021-01-08 08:52:00,2021-01-08 06:00:00,2021-01-09 15:20:00,2021-01-09 15:22:00,0.31446547955727466,-2.9291935937060845,3.243659073263359,2.096399515840907,5.259249574381457,2.8666666666666667,33.333333333333336,detector,479,2021-01-08 06:00:00,2021-01-08 06:00:00
KERG,2021-01-12 06:06:00,2021-01-12 08:24:00,2021-01-12 06:06:00,2021-01-13 04:06:00,2021-01-13 04:08:00,-0.3042696529585729,-3.5068036750894587,3.2025340221308856,2.311557711418375,7.082634624345412,2.3,22.0,detector,480,2021-01-13 21:36:00,2021-01-13 21:36:00
JUNG,2021-01-12 09:04:00,2021-01-12 11:02:00,2021-01-12 09:04:00,2021-01-13 00:22:00,2021-01-13 00:36:00,-0.2176051000914953,-4.039189034768545,3.8215839346770495,2.2874774457781637,5.841256111227113,1.9666666666666666,15.3,detector,480,2021-01-13 21:36:00,2021-01-13 21:36:00
AATB,2021-01-12 14:14:00,2021-01-12 17:04:00,2021-01-12 14:14:00,2021-01-12 19:20:00,2021-01-12 19:22:00,0.12026468754798925,-3.287719298245608,3.407983985793597,2.5507005055335776,8.427157777136326,2.8333333333333335,5.1,detector,480,2021-01-13 21:36:00,2021-01-13 21:36:00
KIEL2,2021-01-13 21:36:00,2021-01-14 00:34:00,2021-01-13 21:36:00,2021-01-15 02:32:00,2021-01-15 02:34:00,-0.0017313796343517,-4.207962394320723,4.206231014686371,2.1894496348233377,8.663108057121484,2.966666666666667,28.933333333333334,detector,480,2021-01-13 21:36:00,2021-01-13 21:36:00
DRBS,2021-01-14 08:58:00,2021-01-14 12:42:00,2021-01-14 08:58:00,2021-01-15 18:06:00,2021-01-15 18:08:00,-0.2721801464629024,-5.129437122521836,4.857256976058933,2.1427576070881806,9.467314055407073,3.7333333333333334,33.13333333333333,detector,480,2021-01-13 21:36:00,2021-01-13 21:36:00
LMKS,2021-01-14 16:28:00,2021-01-14 20:26:00,2021-01-14 16:28:00,2021-01-14 17:20:00,2021-01-14 17:28:00,-0.24500938792536306,-4.261173226094263,4.016163838168899,2.1574568096931372,8.158263740181724,3.966666666666667,0.8666666666666667,detector,480,2021-01-13 21:36:00,2021-01-13 21:36:00
JUNG1,2021-01-15 08:18:00,2021-01-15 11:18:00,2021-01-15 08:18:00,2021-01-15 23:26:00,2021-01-15 23:28:00,-0.3540799038816173,-3.4317592186028687,3.0776793147212516,2.0558611330166627,5.78216924415192,3.0,15.133333333333333,detector,480,2021-01-13 21:36:00,2021-01-13 21:36:00
LMKS,2021-01-18 10:48:00,2021-01-18 13:26:00,2021-01-18 10:48:00,2021-01-19 18:36:00,2021-01-19 18:40:00,1.3468720365293458,-1.5596854639596798,2.9065575004890256,2.1944279434935687,7.80168167385118,2.6333333333333333,31.8,detector,481,2021-01-18 10:48:00,2021-01-18 10:48:00
JUNG,2021-01-20 06:48:00,2021-01-20 09:08:00,2021-01-20 06:48:00,2021-01-21 01:02:00,2021-01-21 01:06:00,0.9151000948462247,-2.895254413166487,3.8103545080127112,2.061959222689969,3.269449121352682,2.3333333333333335,18.233333333333334,detector,482,2021-01-20 11:22:00,2021-01-20 11:22:00
AATB,2021-01-20 11:22:00,2021-01-20 13:30:00,2021-01-20 11:22:00,2021-01-20 20:46:00,2021-01-20 20:48:00,0.1365018880201161,-3.228532197303111,3.3650340853232272,2.3213231083231425,6.40406292815519,2.1333333333333333,9.4,detector,482,2021-01-20 11:22:00,2021-01-20 11:22:00
KERG,2021-01-20 14:48:00,2021-01-20 16:46:00,2021-01-20 14:48:00,2021-01-21 23:56:00,2021-01-21 23:58:00,0.6134107147078077,-3.310831988792107,3.9242427034999148,2.1137943770593695,3.785789928672709,1.9666666666666666,33.13333333333333,detector,482,2021-01-20 11:22:00,2021-01-20 11:22:00
JUNG1,2021-01-23 03:44:00,2021-01-23 06:26:00,2021-01-23 03:44:00,2021-01-23 05:14:00,2021-01-23 05:18:00,0.15496022244947638,-3.1694011474313544,3.3243613698808305,2.202610503703982,3.376812956676941,2.7,1.5,detector,483,2021-01-23 03:44:00,2021-01-23 03:44:00
BKSN,2021-01-25 11:52:00,2021-01-25 14:58:00,2021-01-25 11:52:00,2021-01-26 14:14:00,2021-01-26 14:16:00,0.5982004822064915,-4.171207922025351,4.769408404231843,2.132324887443853,7.278175887359971,3.1,26.366666666666667,detector,484,2021-01-25 11:52:00,2021-01-25 11:52:00
JUNG1,2021-01-27 20:16:00,2021-01-27 22:22:00,2021-01-27 20:16:00,2021-01-28 07:54:00,2021-01-28 08:02:00,-0.7271577543110295,-5.985069648254982,5.257911893943953,2.548743894427112,6.261896424435943,2.1,11.633333333333333,detector,485,2021-01-27 20:16:00,2021-01-27 20:16:00
JUNG,2021-01-30 05:16:00,2021-01-30 07:36:00,2021-01-30 05:16:00,2021-01-31 02:38:00,2021-01-31 02:40:00,0.4601113513743422,-2.7153807094324964,3.175492060806839,2.1636898724208424,9.87214150491058,2.3333333333333335,21.366666666666667,detector,486,2021-01-31 09:24:00,2021-01-31 09:24:00
APTY,2021-01-30 22:14:00,2021-01-31 00:28:00,2021-01-30 22:14:00,2021-02-01 01:10:00,2021-02-01 01:12:00,0.3550881505782685,-3.108593726115785,3.4636818766940536,2.5401298330231605,5.8893688602357,2.2333333333333334,26.933333333333334,detector,486,2021-01-31 09:24:00,2021-01-31 09:24:00
JUNG1,2021-01-30 23:28:00,2021-01-31 01:30:00,2021-01-30 23:28:00,2021-02-01 01:46:00,2021-02-01 01:48:00,1.559102252220966,-2.000311322490217,3.5594135747111832,2.462474598490368,8.699451068184887,2.033333333333333,26.3,detector,486,2021-01-31 09:24:00,2021-01-31 09:24:00
LMKS,2021-01-31 19:20:00,2021-02-01 00:44:00,2021-01-31 19:20:00,2021-02-01 23:46:00,2021-02-01 23:48:00,0.6100654140676018,-2.4541761884302553,3.064241602497857,2.0255872053069437,11.447648089243726,5.4,28.433333333333334,detector,486,2021-01-31 09:24:00,2021-01-31 09:24:00
KERG,2021-02-01 04:48:00,2021-02-01 08:24:00,2021-02-01 04:48:00,2021-02-02 03:34:00,2021-02-02 03:36:00,0.5220213798655888,-3.8968583907804097,4.418879770645999,2.1270692053328357,3.846997472713232,3.6,22.766666666666666,detector,486,2021-01-31 09:24:00,2021-01-31 09:24:00
AATB,2021-02-01 05:06:00,2021-02-01 08:12:00,2021-02-01 05:06:00,2021-02-02 02:12:00,2021-02-02 02:18:00,0.4160671466289205,-2.2657197297765492,2.6817868764054698,2.432911105356341,4.6056677977037666,3.1,21.1,detector,486,2021-01-31 09:24:00,2021-01-31 09:24:00
LMKS,2021-02-02 22:06:00,2021-02-03 00:52:00,2021-02-02 22:06:00,2021-02-03 02:30:00,2021-02-03 02:32:00,-0.410819496236589,-2.826064371350801,2.4152448751142117,2.3774212074856487,6.212745772244503,2.7666666666666666,4.4,detector,487,2021-02-03 14:02:00,2021-02-03 14:02:00
JUNG,2021-02-04 05:58:00,2021-02-04 09:16:00,2021-02-04 05:58:00,2021-02-05 02:12:00,2021-02-05 02:14:00,-0.25138826814284454,-3.950965613700147,3.6995773455573024,2.124548993650763,3.688580853175946,3.3,20.233333333333334,detector,487,2021-02-03 14:02:00,2021-02-03 14:02:00
OULU,2021-02-05 23:22:00,2021-02-06 03:52:00,2021-02-05 23:22:00,2021-02-06 04:00:00,2021-02-06 04:02:00,-0.18048567027174,-5.747594240648293,5.567108570376552,2.348212293160423,4.588570733337947,4.5,4.633333333333334,detector,488,2021-02-06 20:29:00,2021-02-06 20:29:00
AATB,2021-02-06 13:40:00,2021-02-06 16:42:00,2021-02-06 13:40:00,2021-02-07 18:54:00,2021-02-07 18:56:00,-0.1601602970417331,-3.716714677158706,3.556554380116973,2.150723647390004,6.018244757844025,3.033333333333333,29.233333333333334,detector,488,2021-02-06 20:29:00,2021-02-06 20:29:00
NEWK,2021-02-07 03:18:00,2021-02-07 07:24:00,2021-02-07 03:18:00,2021-02-07 20:16:00,2021-02-07 20:20:00,-0.15432868405379063,-10.474476276186186,10.320147592132395,2.0084204739238234,4.541499853898481,4.1,16.966666666666665,detector,488,2021-02-06 20:29:00,2021-02-06 20:29:00
KERG,2021-02-07 21:40:00,2021-02-08 00:40:00,2021-02-07 21:40:00,2021-02-08 17:46:00,2021-02-08 17:48:00,0.18179702951847326,-3.9273040431186774,4.10910107263715,2.583836884838141,4.898609390382208,3.0,20.1,detector,488,2021-02-06 20:29:00,2021-02-06 20:29:00
KERG,2021-02-13 14:16:00,2021-02-13 17:06:00,2021-02-13 14:16:00,2021-02-13 15:20:00,2021-02-13 15:22:00,0.3346389862730259,-4.191220852235526,4.525859838508552,2.69660860195247,7.900210808546868,2.8333333333333335,1.0666666666666667,detector,489,2021-02-13 14:16:00,2021-02-13 14:16:00
KERG,2021-02-15 23:02:00,2021-02-16 01:04:00,2021-02-15 23:02:00,2021-02-16 18:58:00,2021-02-16 19:02:00,0.5055369555463167,-3.671314459784962,4.176851415331279,2.1071962602462677,5.258434683013233,2.033333333333333,19.933333333333334,detector,490,2021-02-16 00:15:00,2021-02-16 00:15:00
BKSN,2021-02-16 01:28:00,2021-02-16 03:28:00,2021-02-16 01:28:00,2021-02-16 19:40:00,2021-02-16 19:42:00,-0.2165186519925484,-5.641033754439813,5.424515102447264,2.0875470549412305,6.734308986067062,2.0,18.2,detector,490,2021-02-16 00:15:00,2021-02-16 00:15:00
KERG,2021-02-19 02:30:00,2021-02-19 05:22:00,2021-02-19 02:30:00,2021-02-20 08:46:00,2021-02-20 08:48:00,1.0912849471855497,-2.9726294776064086,4.0639144247919585,2.1831316122039515,5.642726227237604,2.8666666666666667,30.266666666666666,detector,491,2021-02-19 17:40:00,2021-02-19 17:40:00
KIEL2,2021-02-19 17:40:00,2021-02-19 19:52:00,2021-02-19 17:40:00,2021-02-20 22:48:00,2021-02-20 22:50:00,0.8106558710017091,-3.355676135759134,4.166332006760843,2.260183356096267,10.65896400115158,2.2,29.133333333333333,detector,491,2021-02-19 17:40:00,2021-02-19 17:40:00
JUNG,2021-02-20 11:20:00,2021-02-20 13:54:00,2021-02-20 11:20:00,2021-02-21 18:36:00,2021-02-21 18:42:00,0.8061480162566487,-3.747293521521551,4.553441537778199,2.546462737540043,6.067630367602818,2.566666666666667,31.266666666666666,detector,491,2021-02-19 17:40:00,2021-02-19 17:40:00
JUNG1,2021-02-22 08:30:00,2021-02-22 10:34:00,2021-02-22 08:30:00,2021-02-23 20:12:00,2021-02-23 20:16:00,-0.05791510414695625,-3.72420818080535,3.666293076658394,2.2669196407474925,6.674251610415605,2.066666666666667,35.7,detector,492,2021-02-22 19:47:00,2021-02-22 19:47:00
BKSN,2021-02-22 15:02:00,2021-02-22 17:40:00,2021-02-22 15:02:00,2021-02-23 15:28:00,2021-02-23 15:30:00,-0.16797498030553154,-4.436631241195177,4.268656260889645,2.3350867283697845,7.461218275297644,2.6333333333333333,24.433333333333334,detector,492,2021-02-22 19:47:00,2021-02-22 19:47:00
ROME,2021-02-22 17:48:00,2021-02-22 23:10:00,2021-02-22 17:48:00,2021-02-22 22:28:00,2021-02-22 22:30:00,-0.0993850735131376,-4.36655570785197,4.267170634338832,2.060771886426578,5.019698923352792,5.366666666666666,4.666666666666667,detector,492,2021-02-22 19:47:00,2021-02-22 19:47:00
FSMT,2021-02-22 21:46:00,2021-02-22 23:44:00,2021-02-22 21:46:00,2021-02-23 13:04:00,2021-02-23 13:06:00,-0.12239218344045996,-3.5805511987452427,3.458159015304783,2.2692786240593716,7.703439025401757,1.9666666666666666,15.3,detector,492,2021-02-22 19:47:00,2021-02-22 19:47:00
LMKS,2021-02-24 06:38:00,2021-02-24 09:34:00,2021-02-24 06:38:00,2021-02-24 16:40:00,2021-02-24 16:42:00,-0.642802925642571,-3.3092387022618217,2.6664357766192506,2.0143768756155493,3.548778873203832,2.933333333333333,10.033333333333333,detector,492,2021-02-22 19:47:00,2021-02-22 19:47:00
KERG,2021-02-24 11:42:00,2021-02-24 14:20:00,2021-02-24 11:42:00,2021-02-24 15:44:00,2021-02-24 15:46:00,0.2273470375845714,-4.082733351026026,4.310080388610597,2.352288246985116,6.261245793087833,2.6333333333333333,4.033333333333333,detector,492,2021-02-22 19:47:00,2021-02-22 19:47:00
CALM,2021-02-25 21:38:00,2021-02-25 23:58:00,2021-02-25 21:38:00,2021-02-25 22:28:00,2021-02-25 22:30:00,0.10988367019894871,-8.860184819061852,8.9700684892608,2.304020238016958,6.087993687269406,2.3333333333333335,0.8333333333333334,detector,493,2021-02-25 21:38:00,2021-02-25 21:38:00
FSMT,2021-02-28 07:22:00,2021-02-28 09:44:00,2021-02-28 07:22:00,2021-02-28 22:06:00,2021-02-28 22:08:00,0.6949888295619605,-2.6722422236633174,3.367231053225278,2.0951765922281353,5.9464564869067935,2.3666666666666667,14.733333333333333,detector,494,2021-03-01 03:28:00,2021-03-01 03:28:00
KERG,2021-03-01 03:28:00,2021-03-01 05:32:00,2021-03-01 03:28:00,2021-03-02 13:46:00,2021-03-02 13:48:00,0.7278051264640992,-3.032647246564285,3.760452373028384,2.2571005485173683,5.0042063223878115,2.066666666666667,34.3,detector,494,2021-03-01 03:28:00,2021-03-01 03:28:00
JUNG1,2021-03-02 07:10:00,2021-03-02 09:26:00,2021-03-02 07:10:00,2021-03-03 18:48:00,2021-03-03 18:50:00,0.40110752343061407,-2.77783372271006,3.178941246140674,2.127037523655307,16.220481360459562,2.2666666666666666,35.63333333333333,detector,494,2021-03-01 03:28:00,2021-03-01 03:28:00
OULU,2021-03-05 14:32:00,2021-03-05 16:32:00,2021-03-05 14:32:00,2021-03-05 16:44:00,2021-03-05 16:46:00,0.660222701622859,-3.778173429182123,4.438396130804982,2.082449674096413,6.776543812350392,2.0,2.2,detector,495,2021-03-06 15:58:00,2021-03-06 15:58:00
LMKS,2021-03-05 22:38:00,2021-03-06 04:06:00,2021-03-05 22:38:00,2021-03-07 06:56:00,2021-03-07 06:58:00,0.5939473714830488,-2.148443641348898,2.7423910128319466,2.1815449796088973,6.250310594319132,5.466666666666667,32.3,detector,495,2021-03-06 15:58:00,2021-03-06 15:58:00
KIEL2,2021-03-06 15:58:00,2021-03-06 18:50:00,2021-03-06 15:58:00,2021-03-06 19:42:00,2021-03-06 19:44:00,0.39397472846093895,-3.754939140251703,4.148913868712642,2.2794940615225516,7.809991836323721,2.8666666666666667,3.7333333333333334,detector,495,2021-03-06 15:58:00,2021-03-06 15:58:00
AATB,2021-03-07 11:28:00,2021-03-09 16:32:00,2021-03-07 11:28:00,2021-03-08 21:06:00,2021-03-08 21:08:00,0.3560292177391465,-3.161634103019538,3.5176633207586847,2.2901633008412827,22.25140867223201,53.06666666666667,33.63333333333333,detector,495,2021-03-06 15:58:00,2021-03-06 15:58:00
JUNG1,2021-03-09 13:40:00,2021-03-09 15:40:00,2021-03-09 13:40:00,2021-03-10 21:22:00,2021-03-10 21:24:00,-0.21310364029595036,-3.086267645885781,2.873164005589831,2.090943298924531,4.73965437732492,2.0,31.7,detector,495,2021-03-06 15:58:00,2021-03-06 15:58:00
LMKS,2021-03-13 01:50:00,2021-03-13 04:30:00,2021-03-13 01:50:00,2021-03-13 15:46:00,2021-03-13 15:52:00,0.25698915806411615,-2.57179520379301,2.8287843618571262,2.2650489376211564,8.560646843290998,2.6666666666666665,13.933333333333334,detector,496,2021-03-13 11:14:00,2021-03-13 11:14:00
AATB,2021-03-13 11:14:00,2021-03-13 15:42:00,2021-03-13 11:14:00,2021-03-13 20:08:00,2021-03-13 20:10:00,-0.09085402812140675,-3.388227737434647,3.29737370931324,2.3208698316878604,8.843268481167746,4.466666666666667,8.9,detector,496,2021-03-13 11:14:00,2021-03-13 11:14:00
JUNG1,2021-03-13 20:44:00,2021-03-13 23:46:00,2021-03-13 20:44:00,2021-03-15 04:24:00,2021-03-15 04:26:00,0.32422881042798396,-4.383352882689817,4.707581693117801,2.0696635087923068,3.36006998951501,3.033333333333333,31.666666666666668,detector,496,2021-03-13 11:14:00,2021-03-13 11:14:00
JUNG1,2021-03-19 04:48:00,2021-03-19 07:50:00,2021-03-19 04:48:00,2021-03-20 04:30:00,2021-03-20 04:32:00,1.0146743147000556,-2.3957208115881548,3.4103951262882104,2.2123062994237936,10.987163577201173,3.033333333333333,23.7,detector,497,2021-03-20 14:34:00,2021-03-20 14:34:00
BKSN,2021-03-19 08:32:00,2021-03-19 13:02:00,2021-03-19 08:32:00,2021-03-20 01:38:00,2021-03-20 01:40:00,0.30512665020316165,-4.903462103152679,5.208588753355841,2.1102327637572977,6.472013637913892,4.5,17.1,detector,497,2021-03-20 14:34:00,2021-03-20 14:34:00
DRBS,2021-03-20 12:12:00,2021-03-20 15:26:00,2021-03-20 12:12:00,2021-03-20 22:30:00,2021-03-20 22:32:00,0.41766017344942163,-4.327737563529959,4.74539773697938,2.0651113122804183,6.317391507146297,3.2333333333333334,10.3,detector,497,2021-03-20 14:34:00,2021-03-20 14:34:00
OULU,2021-03-20 14:08:00,2021-03-20 16:38:00,2021-03-20 14:08:00,2021-03-21 00:20:00,2021-03-21 00:22:00,0.18489012462927112,-3.851810131731289,4.03670025636056,2.224243103392122,8.527239344711406,2.5,10.2,detector,497,2021-03-20 14:34:00,2021-03-20 14:34:00
JUNG,2021-03-20 14:34:00,2021-03-20 16:52:00,2021-03-20 14:34:00,2021-03-21 14:08:00,2021-03-21 14:12:00,0.796105933206247,-3.238526044331155,4.034631977537402,2.230065263739953,4.761771710346879,2.3,23.566666666666666,detector,497,2021-03-20 14:34:00,2021-03-20 14:34:00
KERG,2021-03-20 15:16:00,2021-03-20 17:16:00,2021-03-20 15:16:00,2021-03-20 23:20:00,2021-03-20 23:22:00,0.1962798193156743,-3.8920853894829266,4.088365208798601,2.1254877245841715,3.2957870242706946,2.0,8.066666666666666,detector,497,2021-03-20 14:34:00,2021-03-20 14:34:00
FSMT,2021-03-20 17:58:00,2021-03-20 20:26:00,2021-03-20 17:58:00,2021-03-21 15:14:00,2021-03-21 15:16:00,0.2704290018921507,-3.069654971676775,3.340083973568926,2.0704370911595142,3.1801603645937164,2.466666666666667,21.266666666666666,detector,497,2021-03-20 14:34:00,2021-03-20 14:34:00
NEWK,2021-03-20 23:58:00,2021-03-21 03:34:00,2021-03-20 23:58:00,2021-03-22 11:46:00,2021-03-22 11:48:00,0.16439175419465113,-4.775896414342631,4.940288168537282,2.3801000386956783,8.44918864332694,3.6,35.8,detector,497,2021-03-20 14:34:00,2021-03-20 14:34:00
APTY,2021-03-21 16:08:00,2021-03-21 19:30:00,2021-03-21 16:08:00,2021-03-22 19:26:00,2021-03-22 19:28:00,0.3932680325064299,-4.960937712368908,5.354205744875338,2.0729535984860603,3.63556619311797,3.3666666666666667,27.3,detector,497,2021-03-20 14:34:00,2021-03-20 14:34:00
BKSN,2021-03-26 04:00:00,2021-03-26 06:12:00,2021-03-26 04:00:00,2021-03-26 18:24:00,2021-03-26 18:26:00,0.44596522720071724,-4.462564862861374,4.908530090062091,2.0054536746494285,3.593713704724415,2.2,14.4,detector,498,2021-03-26 05:25:00,2021-03-26 05:25:00
LMKS,2021-03-26 06:50:00,2021-03-26 10:10:00,2021-03-26 06:50:00,2021-03-27 17:48:00,2021-03-27 17:58:00,1.7543543919302511,-1.622029981631799,3.37638437356205,2.288827260881204,3.8508555144691536,3.3333333333333335,34.96666666666667,detector,498,2021-03-26 05:25:00,2021-03-26 05:25:00
DRBS,2021-03-30 15:42:00,2021-03-30 21:40:00,2021-03-30 15:42:00,2021-03-30 20:46:00,2021-03-30 20:48:00,0.8637856740159231,-4.7829189596221,5.646704633638023,2.279383386516871,12.94382966616133,5.966666666666667,5.066666666666666,detector,499,2021-03-30 19:14:00,2021-03-30 19:14:00
NEWK,2021-03-30 22:46:00,2021-03-31 01:06:00,2021-03-30 22:46:00,2021-03-31 20:54:00,2021-03-31 20:56:00,0.6047927039963157,-4.8020636967953205,5.406856400791636,2.132018356772469,8.446769866087006,2.3333333333333335,22.133333333333333,detector,499,2021-03-30 19:14:00,2021-03-30 19:14:00
JUNG,2021-04-02 11:44:00,2021-04-02 14:08:00,2021-04-02 11:44:00,2021-04-03 00:02:00,2021-04-03 00:04:00,0.1184741420137379,-3.02713584550474,3.145609987518478,2.102989122792283,9.265023388508348,2.4,12.3,detector,500,2021-04-02 11:44:00,2021-04-02 11:44:00
DRBS,2021-04-04 18:36:00,2021-04-04 21:00:00,2021-04-04 18:36:00,2021-04-06 04:32:00,2021-04-06 04:34:00,0.0504129018417243,-4.583989079115552,4.634401980957277,2.017454030209321,3.714920688685427,2.4,33.93333333333333,detector,501,2021-04-05 00:34:00,2021-04-05 00:34:00
KERG,2021-04-05 06:32:00,2021-04-05 09:22:00,2021-04-05 06:32:00,2021-04-06 13:52:00,2021-04-06 13:54:00,-0.0386320100052185,-3.468795600428483,3.4301635904232644,2.0102775106207145,3.790676441094976,2.8333333333333335,31.333333333333332,detector,501,2021-04-05 00:34:00,2021-04-05 00:34:00
LMKS,2021-04-12 22:54:00,2021-04-13 03:46:00,2021-04-12 22:54:00,2021-04-13 00:38:00,2021-04-13 00:42:00,-0.16187614282945134,-3.261987693880522,3.1001115510510706,2.0675263968409965,11.483796548129089,4.866666666666666,1.7333333333333334,detector,502,2021-04-12 22:54:00,2021-04-12 22:54:00
APTY,2021-04-15 22:00:00,2021-04-16 00:26:00,2021-04-15 22:00:00,2021-04-17 01:00:00,2021-04-17 01:02:00,-0.18945521538464885,-3.919902545530555,3.730447330145906,2.1144965590047384,3.292221051922537,2.433333333333333,27.0,detector,503,2021-04-17 00:18:00,2021-04-17 00:18:00
ATHN,2021-04-15 23:30:00,2021-04-16 01:54:00,2021-04-15 23:30:00,2021-04-16 17:30:00,2021-04-16 17:32:00,-0.0555871605293725,-6.3443033016726424,6.28871614114327,2.2870861497040917,9.558707718220605,2.4,18.0,detector,503,2021-04-17 00:18:00,2021-04-17 00:18:00
BKSN,2021-04-17 00:18:00,2021-04-17 02:34:00,2021-04-17 00:18:00,2021-04-17 22:22:00,2021-04-17 22:24:00,0.00768937636561135,-4.669464228828532,4.677153605194143,2.011393336152848,5.561406208257101,2.2666666666666666,22.066666666666666,detector,503,2021-04-17 00:18:00,2021-04-17 00:18:00
FSMT,2021-04-17 23:20:00,2021-04-18 01:30:00,2021-04-17 23:20:00,2021-04-18 03:44:00,2021-04-18 03:46:00,0.0808826325452429,-3.1376734258271024,3.218556058372345,2.2822586737864308,5.621969855529637,2.1666666666666665,4.4,detector,503,2021-04-17 00:18:00,2021-04-17 00:18:00
LMKS,2021-04-18 13:24:00,2021-04-18 15:50:00,2021-04-18 13:24:00,2021-04-20 00:18:00,2021-04-20 00:22:00,-0.13599117353388596,-4.42514219567573,4.289151022141844,2.1890212132395077,11.270404405513974,2.433333333333333,34.9,detector,503,2021-04-17 00:18:00,2021-04-17 00:18:00
APTY,2021-04-22 03:04:00,2021-04-22 05:38:00,2021-04-22 03:04:00,2021-04-23 05:46:00,2021-04-23 05:48:00,0.954075079131393,-3.0819420456726054,4.036017124803998,2.070063052763031,3.2176888436906976,2.566666666666667,26.7,detector,504,2021-04-23 00:08:00,2021-04-23 00:08:00
DRBS,2021-04-22 12:32:00,2021-04-22 14:58:00,2021-04-22 12:32:00,2021-04-22 12:48:00,2021-04-22 13:12:00,0.2722624925587358,-21.864902412248743,22.137164904807477,2.430115863437165,42.61279301506695,2.433333333333333,0.26666666666666666,detector,504,2021-04-23 00:08:00,2021-04-23 00:08:00
LMKS,2021-04-23 11:44:00,2021-04-23 14:22:00,2021-04-23 11:44:00,2021-04-24 04:00:00,2021-04-24 04:02:00,0.39409351128518605,-2.140449988261269,2.534543499546455,2.091586294238971,5.482987914587958,2.6333333333333333,16.266666666666666,detector,504,2021-04-23 00:08:00,2021-04-23 00:08:00
KERG,2021-04-24 15:14:00,2021-04-24 17:24:00,2021-04-24 15:14:00,2021-04-25 17:16:00,2021-04-25 17:26:00,0.0633427606003866,-3.1661900813860955,3.229532841986482,2.1708517257854516,7.000586560090896,2.1666666666666665,26.033333333333335,detector,504,2021-04-23 00:08:00,2021-04-23 00:08:00
DRBS,2021-04-30 08:54:00,2021-04-30 11:04:00,2021-04-30 08:54:00,2021-04-30 11:48:00,2021-04-30 11:56:00,-0.0216810628924321,-21.781182832975094,21.75950177008266,37.95046468394409,37.95046468394409,2.1666666666666665,2.9,detector,505,2021-04-30 13:02:00,2021-04-30 13:02:00
KIEL2,2021-04-30 09:46:00,2021-04-30 12:22:00,2021-04-30 09:46:00,2021-05-01 01:12:00,2021-05-01 01:14:00,0.20873083115720031,-4.029805913754666,4.238536744911866,2.054834904189849,2.8907451839009344,2.6,15.433333333333334,detector,505,2021-04-30 13:02:00,2021-04-30 13:02:00
AATB,2021-04-30 16:18:00,2021-04-30 18:52:00,2021-04-30 16:18:00,2021-05-01 16:12:00,2021-05-01 16:14:00,0.26017615302556024,-2.578009438613801,2.8381855916393612,2.0527767138206063,5.886316358627934,2.566666666666667,23.9,detector,505,2021-04-30 13:02:00,2021-04-30 13:02:00
KERG,2021-05-01 00:26:00,2021-05-01 03:40:00,2021-05-01 00:26:00,2021-05-01 00:58:00,2021-05-01 01:00:00,0.28502380698230906,-3.3055399511459274,3.5905637581282366,2.0454510674426563,7.950616522248677,3.2333333333333334,0.5333333333333333,detector,505,2021-04-30 13:02:00,2021-04-30 13:02:00
LMKS,2021-05-03 12:26:00,2021-05-03 17:04:00,2021-05-03 12:26:00,2021-05-04 14:20:00,2021-05-04 14:22:00,0.02841359586436455,-2.576839686802743,2.6052532826671073,2.290178317515313,8.158076252711629,4.633333333333334,25.9,detector,506,2021-05-03 12:26:00,2021-05-03 12:26:00
NEWK,2021-05-05 14:04:00,2021-05-05 18:46:00,2021-05-05 14:04:00,2021-05-05 18:16:00,2021-05-05 18:18:00,0.0025050100200449,-2.731124582346867,2.733629592366912,2.0065251643779787,12.450785522426653,4.7,4.2,detector,507,2021-05-06 14:40:00,2021-05-06 14:40:00
DRBS,2021-05-05 16:02:00,2021-05-05 18:24:00,2021-05-05 16:02:00,2021-05-06 19:32:00,2021-05-06 19:54:00,0.12476630535311334,-22.603877631406192,22.728643936759305,2.2261967106275655,7.360096202231876,2.3666666666666667,27.5,detector,507,2021-05-06 14:40:00,2021-05-06 14:40:00
LMKS,2021-05-06 14:40:00,2021-05-06 17:34:00,2021-05-06 14:40:00,2021-05-07 20:30:00,2021-05-07 20:36:00,0.14436638589514816,-2.671618545585243,2.815984931480391,2.3195384446088094,6.576205942804602,2.9,29.833333333333332,detector,507,2021-05-06 14:40:00,2021-05-06 14:40:00
KERG,2021-05-06 17:06:00,2021-05-06 19:50:00,2021-05-06 17:06:00,2021-05-08 02:28:00,2021-05-08 02:30:00,0.43725308368675464,-2.932628908841985,3.3698819925287395,2.5956891103450723,8.078815667207811,2.7333333333333334,33.36666666666667,detector,507,2021-05-06 14:40:00,2021-05-06 14:40:00
APTY,2021-05-07 16:52:00,2021-05-07 18:52:00,2021-05-07 16:52:00,2021-05-08 06:00:00,2021-05-08 06:04:00,0.32484783257261884,-3.0785709443427436,3.4034187769153625,2.006765685638361,5.517503567030904,2.0,13.133333333333333,detector,507,2021-05-06 14:40:00,2021-05-06 14:40:00
NEWK,2021-05-08 23:30:00,2021-05-09 04:08:00,2021-05-08 23:30:00,2021-05-10 06:16:00,2021-05-10 06:18:00,0.0173883420143554,-4.969129655447117,4.986517997461472,2.596526447281158,5.382125610278648,4.633333333333334,30.766666666666666,detector,508,2021-05-12 03:28:00,2021-05-12 03:28:00
JUNG1,2021-05-10 15:38:00,2021-05-10 18:04:00,2021-05-10 15:38:00,2021-05-12 02:38:00,2021-05-12 02:40:00,-0.1227755415343822,-3.617941196606405,3.495165655072023,2.1719704114077207,7.315926309142992,2.433333333333333,35.0,detector,508,2021-05-12 03:28:00,2021-05-12 03:28:00
FSMT,2021-05-12 03:28:00,2021-05-12 05:28:00,2021-05-12 03:28:00,2021-05-13 08:26:00,2021-05-13 08:28:00,0.3950244030999206,-3.44949623419857,3.8445206372984906,2.76564936048793,5.2379221444175865,2.0,28.966666666666665,detector,508,2021-05-12 03:28:00,2021-05-12 03:28:00
LMKS,2021-05-12 18:04:00,2021-05-12 20:22:00,2021-05-12 18:04:00,2021-05-14 04:10:00,2021-05-14 04:14:00,0.8440107082696299,-1.84815848956256,2.69216919783219,2.344776135967037,6.677022464816328,2.3,34.1,detector,508,2021-05-12 03:28:00,2021-05-12 03:28:00
JUNG,2021-05-14 02:44:00,2021-05-14 06:02:00,2021-05-14 02:44:00,2021-05-14 23:30:00,2021-05-14 23:32:00,0.8605050715329536,-3.2212073688265668,4.081712440359521,2.148375295378265,5.644411423225787,3.3,20.766666666666666,detector,508,2021-05-12 03:28:00,2021-05-12 03:28:00
JUNG1,2021-05-17 07:00:00,2021-05-17 09:18:00,2021-05-17 07:00:00,2021-05-17 21:36:00,2021-05-17 21:38:00,-0.21224662032192054,-3.233097719739628,3.0208510994177074,2.437469718813793,4.5222407911613995,2.3,14.6,detector,509,2021-05-17 17:32:00,2021-05-17 17:32:00
BKSN,2021-05-17 13:38:00,2021-05-17 16:34:00,2021-05-17 13:38:00,2021-05-18 21:22:00,2021-05-18 21:24:00,0.49288797768616543,-4.823990595007335,5.316878572693501,2.4048474209855977,4.503679682775724,2.933333333333333,31.733333333333334,detector,509,2021-05-17 17:32:00,2021-05-17 17:32:00
APTY,2021-05-17 15:50:00,2021-05-17 18:14:00,2021-05-17 15:50:00,2021-05-18 04:38:00,2021-05-18 04:42:00,0.4698414043706032,-3.1273419508005778,3.5971833551711807,2.0563310928773726,3.409998781665469,2.4,12.8,detector,509,2021-05-17 17:32:00,2021-05-17 17:32:00
AATB,2021-05-17 17:32:00,2021-05-18 15:50:00,2021-05-17 17:32:00,2021-05-18 18:38:00,2021-05-18 18:40:00,0.39259584104750633,-4.686946039849671,5.079541880897177,2.063192626929437,14.14009177118611,22.3,25.1,detector,509,2021-05-17 17:32:00,2021-05-17 17:32:00
FSMT,2021-05-17 20:00:00,2021-05-17 22:08:00,2021-05-17 20:00:00,2021-05-18 06:38:00,2021-05-18 06:40:00,0.15804925696447675,-3.2024930380586025,3.3605422950230794,2.0148218993845197,6.051076741730889,2.1333333333333333,10.633333333333333,detector,509,2021-05-17 17:32:00,2021-05-17 17:32:00
JUNG,2021-05-18 07:54:00,2021-05-18 10:32:00,2021-05-18 07:54:00,2021-05-19 04:02:00,2021-05-19 04:14:00,-0.19971327234871125,-4.718699375497644,4.518986103148932,2.0896073057685953,6.17112384996567,2.6333333333333333,20.133333333333333,detector,509,2021-05-17 17:32:00,2021-05-17 17:32:00
OULU,2021-05-18 08:04:00,2021-05-18 11:26:00,2021-05-18 08:04:00,2021-05-18 08:06:00,2021-05-18 08:10:00,-0.0455354410963401,-4.623683763966162,4.578148322869822,2.245305444068342,12.045844834057124,3.3666666666666667,0.03333333333333333,detector,509,2021-05-17 17:32:00,2021-05-17 17:32:00
ROME,2021-05-20 05:54:00,2021-05-20 08:12:00,2021-05-20 05:54:00,2021-05-20 07:36:00,2021-05-20 07:38:00,-0.0932913159778575,-6.024332810047104,5.931041494069246,2.365485750953954,5.257418144355671,2.3,1.7,detector,510,2021-05-20 05:54:00,2021-05-20 05:54:00
LMKS,2021-05-21 05:12:00,2021-05-21 07:42:00,2021-05-21 05:12:00,2021-05-22 01:08:00,2021-05-22 01:10:00,2.0768613518329126,-2.191751126903951,4.268612478736864,2.060293295459962,7.1039357907082055,2.5,19.933333333333334,detector,511,2021-05-21 05:12:00,2021-05-21 05:12:00
JUNG,2021-05-22 13:24:00,2021-05-22 17:00:00,2021-05-22 13:24:00,2021-05-24 01:20:00,2021-05-24 01:22:00,0.7085262322937033,-3.2051262537860903,3.9136524860797937,2.273375908430199,8.054977571415426,3.6,35.93333333333333,detector,512,2021-05-23 00:21:00,2021-05-23 00:21:00
OULU,2021-05-22 22:00:00,2021-05-22 23:58:00,2021-05-22 22:00:00,2021-05-24 00:22:00,2021-05-24 00:24:00,0.6199839535527933,-4.791766736048105,5.411750689600899,2.0132761042090257,2.956727222408103,1.9666666666666666,26.366666666666667,detector,512,2021-05-23 00:21:00,2021-05-23 00:21:00
JUNG1,2021-05-22 23:06:00,2021-05-23 01:06:00,2021-05-22 23:06:00,2021-05-24 04:56:00,2021-05-24 04:58:00,0.6802240601914153,-2.78345694220011,3.4636810023915254,2.018087980016188,4.669381366255272,2.0,29.833333333333332,detector,512,2021-05-23 00:21:00,2021-05-23 00:21:00
LMKS,2021-05-23 01:36:00,2021-05-23 03:56:00,2021-05-23 01:36:00,2021-05-23 20:34:00,2021-05-23 20:40:00,0.8084128988327401,-2.4629153455012,3.27132824433394,2.0124053489724982,3.980435524917841,2.3333333333333335,18.966666666666665,detector,512,2021-05-23 00:21:00,2021-05-23 00:21:00
APTY,2021-05-23 06:06:00,2021-05-23 08:24:00,2021-05-23 06:06:00,2021-05-24 01:00:00,2021-05-24 01:02:00,0.7958411664731806,-3.5184616680295595,4.31430283450274,2.0437570053183327,4.612112972434808,2.3,18.9,detector,512,2021-05-23 00:21:00,2021-05-23 00:21:00
AATB,2021-05-24 06:06:00,2021-05-24 16:44:00,2021-05-24 06:06:00,2021-05-25 01:04:00,2021-05-25 01:06:00,0.8442737021523292,-3.1973149620208443,4.041588664173173,2.1631374086216337,8.168147890104626,10.633333333333333,18.966666666666665,detector,512,2021-05-23 00:21:00,2021-05-23 00:21:00
AATB,2021-05-26 05:44:00,2021-05-26 09:32:00,2021-05-26 05:44:00,2021-05-27 13:40:00,2021-05-27 13:42:00,0.5858023698034267,-4.08191990991625,4.667722279719676,2.1680144227983837,5.536382475957212,3.8,31.933333333333334,detector,513,2021-05-26 11:26:00,2021-05-26 11:26:00
LMKS,2021-05-26 07:36:00,2021-05-26 10:40:00,2021-05-26 07:36:00,2021-05-27 14:38:00,2021-05-27 14:42:00,0.9110580233992678,-2.835979835177224,3.7470378585764914,2.3125055143177264,12.231848508032543,3.066666666666667,31.033333333333335,detector,513,2021-05-26 11:26:00,2021-05-26 11:26:00
BKSN,2021-05-26 11:26:00,2021-05-26 16:24:00,2021-05-26 11:26:00,2021-05-27 17:14:00,2021-05-27 17:16:00,0.6037729037330085,-4.4060610818874215,5.00983398562043,2.4213957042566916,5.900959044747438,4.966666666666667,29.8,detector,513,2021-05-26 11:26:00,2021-05-26 11:26:00
ROME,2021-05-26 13:38:00,2021-05-26 16:36:00,2021-05-26 13:38:00,2021-05-28 00:58:00,2021-05-28 01:02:00,0.37068271514594564,-5.1666679674390785,5.537350682585024,2.6008717710916853,4.48071082956543,2.966666666666667,35.333333333333336,detector,513,2021-05-26 11:26:00,2021-05-26 11:26:00
OULU,2021-05-27 04:34:00,2021-05-27 06:32:00,2021-05-27 04:34:00,2021-05-28 04:16:00,2021-05-28 04:18:00,0.00221959225429055,-5.150953213175552,5.1531728054298425,2.3125599225668965,6.082789504075433,1.9666666666666666,23.7,detector,513,2021-05-26 11:26:00,2021-05-26 11:26:00
APTY,2021-05-29 02:22:00,2021-05-29 04:26:00,2021-05-29 02:22:00,2021-05-30 00:14:00,2021-05-30 00:16:00,-0.00286772634397005,-3.311838076972539,3.308970350628569,2.103297701054956,4.139907092348184,2.066666666666667,21.866666666666667,detector,514,2021-05-29 05:27:00,2021-05-29 05:27:00
LMKS,2021-05-29 08:32:00,2021-05-29 10:48:00,2021-05-29 08:32:00,2021-05-30 16:32:00,2021-05-30 16:34:00,0.04768895945442935,-2.782690583809887,2.8303795432643164,2.039461710528974,5.008612297233948,2.2666666666666666,32.0,detector,514,2021-05-29 05:27:00,2021-05-29 05:27:00
BKSN,2021-06-01 17:36:00,2021-06-01 23:08:00,2021-06-01 17:36:00,2021-06-01 20:06:00,2021-06-01 20:08:00,0.6206810477302693,-3.5682580584339587,4.188939106164228,3.0017166753233058,12.772001448290032,5.533333333333333,2.5,detector,515,2021-06-01 17:36:00,2021-06-01 17:36:00
MXCO,2021-06-02 15:46:00,2021-06-02 18:32:00,2021-06-02 15:46:00,2021-06-02 21:30:00,2021-06-02 21:32:00,0.15002691402121948,-3.2302075076987036,3.380234421719923,2.4872728445073715,7.501272752692166,2.7666666666666666,5.733333333333333,detector,516,2021-06-02 19:31:00,2021-06-02 19:31:00
OULU,2021-06-02 17:26:00,2021-06-02 19:34:00,2021-06-02 17:26:00,2021-06-03 11:54:00,2021-06-03 11:58:00,0.27345683690543277,-4.521541305275126,4.7949981421805585,2.166964976796039,3.5980613153431484,2.1333333333333333,18.466666666666665,detector,516,2021-06-02 19:31:00,2021-06-02 19:31:00
KERG,2021-06-02 21:36:00,2021-06-03 00:36:00,2021-06-02 21:36:00,2021-06-04 00:24:00,2021-06-04 00:26:00,0.13063830959869235,-5.274690351339374,5.405328660938067,2.7688444159644736,6.597227964496819,3.0,26.8,detector,516,2021-06-02 19:31:00,2021-06-02 19:31:00
BKSN,2021-06-03 03:10:00,2021-06-03 05:26:00,2021-06-03 03:10:00,2021-06-03 18:18:00,2021-06-03 18:20:00,0.08059463052096724,-4.1871381630417694,4.267732793562737,2.1995734290862665,4.125555596024168,2.2666666666666666,15.133333333333333,detector,516,2021-06-02 19:31:00,2021-06-02 19:31:00
KERG,2021-06-05 10:42:00,2021-06-05 13:16:00,2021-06-05 10:42:00,2021-06-05 21:14:00,2021-06-05 21:16:00,-0.3697165849168491,-4.767389316827613,4.397672731910763,2.435941043979794,5.97069609067599,2.566666666666667,10.533333333333333,detector,517,2021-06-05 10:42:00,2021-06-05 10:42:00
JUNG,2021-06-07 00:06:00,2021-06-07 03:44:00,2021-06-07 00:06:00,2021-06-08 02:46:00,2021-06-08 02:48:00,0.275990321311142,-3.1473958649123883,3.42338618622353,2.0768226265147365,5.845415845152767,3.6333333333333333,26.666666666666668,detector,518,2021-06-07 04:04:00,2021-06-07 04:04:00
NEWK,2021-06-07 08:02:00,2021-06-07 11:02:00,2021-06-07 08:02:00,2021-06-08 15:00:00,2021-06-08 15:02:00,0.3149293300126378,-4.753103379374086,5.068032709386724,2.0563258959609456,3.8631858988625942,3.0,30.966666666666665,detector,518,2021-06-07 04:04:00,2021-06-07 04:04:00
BKSN,2021-06-11 22:30:00,2021-06-12 01:30:00,2021-06-11 22:30:00,2021-06-12 18:14:00,2021-06-12 18:18:00,0.40168444190883584,-4.304065998821456,4.705750440730292,2.1713510657385067,5.1834790416367555,3.0,19.733333333333334,detector,519,2021-06-12 00:08:00,2021-06-12 00:08:00
LMKS,2021-06-12 00:08:00,2021-06-12 02:40:00,2021-06-12 00:08:00,2021-06-13 08:20:00,2021-06-13 08:22:00,0.6457972949009974,-3.599129290312833,4.244926585213831,2.196365002903834,10.113195545941736,2.533333333333333,32.2,detector,519,2021-06-12 00:08:00,2021-06-12 00:08:00
ROME,2021-06-12 02:42:00,2021-06-12 06:48:00,2021-06-12 02:42:00,2021-06-12 12:38:00,2021-06-12 12:40:00,0.5637837229901501,-4.125670665894981,4.689454388885132,2.4889002457891314,5.656215041988295,4.1,9.933333333333334,detector,519,2021-06-12 00:08:00,2021-06-12 00:08:00
JUNG1,2021-06-15 07:36:00,2021-06-15 10:10:00,2021-06-15 07:36:00,2021-06-15 07:50:00,2021-06-15 07:52:00,1.3019207461320428,-1.5816402890837682,2.883561035215811,2.0704009769531764,5.490526033911478,2.566666666666667,0.23333333333333334,detector,520,2021-06-15 07:36:00,2021-06-15 07:36:00
NEWK,2021-06-17 21:20:00,2021-06-18 00:10:00,2021-06-17 21:20:00,2021-06-18 05:06:00,2021-06-18 05:08:00,0.2788511930157125,-4.952328520307304,5.231179713323017,2.5207225403824713,6.376322620336944,2.8333333333333335,7.766666666666667,detector,521,2021-06-17 21:20:00,2021-06-17 21:20:00
KERG,2021-06-21 01:10:00,2021-06-21 07:00:00,2021-06-21 01:10:00,2021-06-21 21:44:00,2021-06-21 21:50:00,0.7001114290606176,-3.363371093280227,4.063482522340845,2.2256462273159796,3.58157438898057,5.833333333333333,20.566666666666666,detector,522,2021-06-21 14:56:00,2021-06-21 14:56:00
JUNG1,2021-06-22 04:42:00,2021-06-22 06:52:00,2021-06-22 04:42:00,2021-06-23 01:26:00,2021-06-23 01:28:00,-0.02095458254150705,-3.172834366045403,3.1518797835038956,2.1376228404789828,5.0329183596049925,2.1666666666666665,20.733333333333334,detector,522,2021-06-21 14:56:00,2021-06-21 14:56:00
KERG,2021-06-26 11:34:00,2021-06-26 14:06:00,2021-06-26 11:34:00,2021-06-27 03:04:00,2021-06-27 03:06:00,-0.1175033119888808,-3.302482738357571,3.1849794263686904,2.1364346634269884,7.998510546722445,2.533333333333333,15.5,detector,523,2021-06-26 17:45:00,2021-06-26 17:45:00
JUNG,2021-06-26 23:56:00,2021-06-27 03:38:00,2021-06-26 23:56:00,2021-06-27 14:56:00,2021-06-27 14:58:00,0.25379313232429124,-3.832054573815557,4.085847706139848,2.096270170175924,9.071638331742156,3.7,15.0,detector,523,2021-06-26 17:45:00,2021-06-26 17:45:00
JUNG1,2021-06-29 03:22:00,2021-06-29 06:16:00,2021-06-29 03:22:00,2021-06-29 16:04:00,2021-06-29 16:06:00,0.20238720101279828,-2.5293569546517727,2.731744155664571,2.2035053585366846,7.13372646681788,2.9,12.7,detector,524,2021-07-01 05:52:00,2021-07-01 05:52:00
NEWK,2021-06-30 16:34:00,2021-06-30 19:36:00,2021-06-30 16:34:00,2021-07-01 08:38:00,2021-07-01 08:40:00,0.8244443656507718,-4.724899748437078,5.54934411408785,2.0135651071078784,3.590627967340012,3.033333333333333,16.066666666666666,detector,524,2021-07-01 05:52:00,2021-07-01 05:52:00
AATB,2021-07-01 05:52:00,2021-07-01 08:10:00,2021-07-01 05:52:00,2021-07-01 20:02:00,2021-07-01 20:04:00,0.7104984661487836,-3.1787425993797513,3.8892410655285348,2.014134429636329,4.205293085465306,2.3,14.166666666666666,detector,524,2021-07-01 05:52:00,2021-07-01 05:52:00
KIEL2,2021-07-01 09:50:00,2021-07-01 11:50:00,2021-07-01 09:50:00,2021-07-02 16:08:00,2021-07-02 16:10:00,0.13716803614033524,-4.39940027443271,4.536568310573045,2.060717440048677,5.405357397748418,2.0,30.3,detector,524,2021-07-01 05:52:00,2021-07-01 05:52:00
LMKS,2021-07-02 16:40:00,2021-07-02 20:20:00,2021-07-02 16:40:00,2021-07-02 20:16:00,2021-07-02 20:20:00,-0.09577740049361294,-2.236923764885831,2.141146364392218,2.229022255815671,4.805782426175597,3.6666666666666665,3.6,detector,524,2021-07-01 05:52:00,2021-07-01 05:52:00
LMKS,2021-07-06 10:10:00,2021-07-06 12:50:00,2021-07-06 10:10:00,2021-07-07 17:12:00,2021-07-07 17:16:00,-0.0113738703580519,-2.43704808496658,2.425674214608528,2.192471297374153,7.260380358772068,2.6666666666666665,31.033333333333335,detector,525,2021-07-06 10:10:00,2021-07-06 10:10:00
JUNG1,2021-07-08 09:02:00,2021-07-08 11:54:00,2021-07-08 09:02:00,2021-07-09 06:00:00,2021-07-09 06:40:00,0.026616128894756202,-5.501101956732852,5.527718085627608,2.0408415332690426,7.168555211357055,2.8666666666666667,20.966666666666665,detector,526,2021-07-08 23:54:00,2021-07-08 23:54:00
JUNG,2021-07-08 17:50:00,2021-07-08 21:56:00,2021-07-08 17:50:00,2021-07-09 01:44:00,2021-07-09 01:46:00,0.08568772787395035,-4.343779370926093,4.4294670988000435,2.762243868862027,11.962880353743714,4.1,7.9,detector,526,2021-07-08 23:54:00,2021-07-08 23:54:00
NEWK,2021-07-09 05:58:00,2021-07-09 08:22:00,2021-07-09 05:58:00,2021-07-10 16:08:00,2021-07-10 17:52:00,0.25058757499198536,-11.182172479264514,11.4327600542565,2.072221488068553,3.5114332050072834,2.4,34.166666666666664,detector,526,2021-07-08 23:54:00,2021-07-08 23:54:00
KERG,2021-07-09 17:28:00,2021-07-09 20:46:00,2021-07-09 17:28:00,2021-07-10 15:04:00,2021-07-10 15:06:00,0.39764447629017297,-3.0579782557823294,3.455622732072502,2.290945754984954,9.353128726221383,3.3,21.6,detector,526,2021-07-08 23:54:00,2021-07-08 23:54:00
KERG,2021-07-12 15:34:00,2021-07-12 17:44:00,2021-07-12 15:34:00,2021-07-13 14:20:00,2021-07-13 14:22:00,0.039792572424368455,-4.100340114551586,4.140132686975955,2.4457906311651443,11.086787540224543,2.1666666666666665,22.766666666666666,detector,527,2021-07-14 23:52:00,2021-07-14 23:52:00
JUNG,2021-07-13 22:44:00,2021-07-14 01:24:00,2021-07-13 22:44:00,2021-07-14 22:42:00,2021-07-14 22:44:00,-0.24659110365858114,-3.973389228105345,3.7267981244467636,2.4000674887832116,15.23197953833482,2.6666666666666665,23.966666666666665,detector,527,2021-07-14 23:52:00,2021-07-14 23:52:00
NEWK,2021-07-14 23:52:00,2021-07-15 02:42:00,2021-07-14 23:52:00,2021-07-16 10:18:00,2021-07-16 10:20:00,0.5179126695395265,-5.05739060698712,5.575303276526647,2.1090649069031997,3.3845146693683716,2.8333333333333335,34.43333333333333,detector,527,2021-07-14 23:52:00,2021-07-14 23:52:00
JUNG1,2021-07-15 09:50:00,2021-07-15 12:52:00,2021-07-15 09:50:00,2021-07-15 22:56:00,2021-07-15 22:58:00,-1.3059693258787244,-4.257073419239586,2.951104093360862,2.281684100802269,10.5195755623096,3.033333333333333,13.1,detector,527,2021-07-14 23:52:00,2021-07-14 23:52:00
OULU,2021-07-15 13:20:00,2021-07-15 15:24:00,2021-07-15 13:20:00,2021-07-17 00:34:00,2021-07-17 00:36:00,-0.246179309679397,-5.456405745852383,5.210226436172985,2.337769953232885,6.401251022361637,2.066666666666667,35.233333333333334,detector,527,2021-07-14 23:52:00,2021-07-14 23:52:00
KERG,2021-07-17 17:52:00,2021-07-17 20:26:00,2021-07-17 17:52:00,2021-07-17 20:22:00,2021-07-17 20:26:00,0.0401009379599458,-2.9246690305071255,2.9647699684670714,2.2630435976131467,6.35479178729828,2.566666666666667,2.5,detector,528,2021-07-17 19:37:00,2021-07-17 19:37:00
NEWK,2021-07-17 21:22:00,2021-07-18 00:24:00,2021-07-17 21:22:00,2021-07-18 09:28:00,2021-07-18 09:30:00,0.28799022748106173,-5.116955399002188,5.404945626483249,2.0871310815555706,3.856996536607519,3.033333333333333,12.1,detector,528,2021-07-17 19:37:00,2021-07-17 19:37:00
OULU,2021-07-19 09:48:00,2021-07-19 12:28:00,2021-07-19 09:48:00,2021-07-20 21:42:00,2021-07-20 21:44:00,0.3552894054622549,-3.583629956892689,3.9389193623549437,2.442438432195743,6.556098076194479,2.6666666666666665,35.9,detector,529,2021-07-19 14:50:00,2021-07-19 14:50:00
FSMT,2021-07-19 14:50:00,2021-07-19 17:16:00,2021-07-19 14:50:00,2021-07-21 01:08:00,2021-07-21 01:10:00,0.3230725085050606,-3.161084811750657,3.4841573202557177,2.3632307577524045,8.00682536185336,2.433333333333333,34.3,detector,529,2021-07-19 14:50:00,2021-07-19 14:50:00
KERG,2021-07-20 06:10:00,2021-07-20 08:18:00,2021-07-20 06:10:00,2021-07-20 12:38:00,2021-07-20 12:54:00,0.916719643992376,-3.8604145791847935,4.777134223177169,2.181978365832957,7.39341658665696,2.1333333333333333,6.466666666666667,detector,529,2021-07-19 14:50:00,2021-07-19 14:50:00
JUNG1,2021-07-22 19:06:00,2021-07-22 22:28:00,2021-07-22 19:06:00,2021-07-23 22:24:00,2021-07-23 22:26:00,1.0882356234865167,-2.322823192427324,3.4110588159138406,2.2248056867941597,7.475821146852514,3.3666666666666667,27.3,detector,530,2021-07-22 19:06:00,2021-07-22 19:06:00
AATB,2021-07-27 02:30:00,2021-07-27 06:12:00,2021-07-27 02:30:00,2021-07-28 13:36:00,2021-07-28 13:44:00,0.6598295908125293,-2.270771500324901,2.9306010911374303,2.268809336511294,4.166766940403006,3.7,35.1,detector,531,2021-07-27 17:58:00,2021-07-27 17:58:00
LMKS,2021-07-27 17:58:00,2021-07-28 11:54:00,2021-07-27 17:58:00,2021-07-27 23:52:00,2021-07-27 23:54:00,0.00524175996529195,-17.70773505369417,17.71297681365946,2.0600383472700363,77.40661838936951,17.933333333333334,5.9,detector,531,2021-07-27 17:58:00,2021-07-27 17:58:00
NEWK,2021-07-27 20:44:00,2021-07-27 23:44:00,2021-07-27 20:44:00,2021-07-28 08:16:00,2021-07-28 08:18:00,0.7328683238951517,-5.019596020500456,5.752464344395608,2.812031595751596,5.343772013046606,3.0,11.533333333333333,detector,531,2021-07-27 17:58:00,2021-07-27 17:58:00
KIEL2,2021-08-01 23:46:00,2021-08-02 01:54:00,2021-08-01 23:46:00,2021-08-02 19:48:00,2021-08-02 19:50:00,0.3447693411449336,-3.699930490334965,4.044699831479899,2.558139393386017,4.853227064136642,2.1333333333333333,20.033333333333335,detector,532,2021-08-02 02:56:00,2021-08-02 02:56:00
FSMT,2021-08-02 02:56:00,2021-08-02 05:06:00,2021-08-02 02:56:00,2021-08-03 04:42:00,2021-08-03 04:46:00,0.3194245097705435,-3.1147849790020734,3.434209488772617,2.1765597263761505,4.89058429732795,2.1666666666666665,25.766666666666666,detector,532,2021-08-02 02:56:00,2021-08-02 02:56:00
ATHN,2021-08-02 09:44:00,2021-08-02 12:42:00,2021-08-02 09:44:00,2021-08-02 20:20:00,2021-08-02 20:22:00,0.05230567193945055,-7.212789356508684,7.265095028448134,2.157375183903253,4.632774729421984,2.966666666666667,10.6,detector,532,2021-08-02 02:56:00,2021-08-02 02:56:00
LMKS,2021-08-07 00:18:00,2021-08-07 02:44:00,2021-08-07 00:18:00,2021-08-08 01:00:00,2021-08-08 01:02:00,0.382232008493093,-2.165680635702443,2.547912644195536,2.032967610319331,7.7115862379222015,2.433333333333333,24.7,detector,533,2021-08-07 00:18:00,2021-08-07 00:18:00
KERG,2021-08-10 16:16:00,2021-08-10 18:56:00,2021-08-10 16:16:00,2021-08-11 21:56:00,2021-08-11 22:00:00,0.4003034755891554,-3.7182898404815554,4.118593316070711,2.047033072591862,4.673260648739977,2.6666666666666665,29.666666666666668,detector,534,2021-08-12 01:06:00,2021-08-12 01:06:00
FSMT,2021-08-12 01:06:00,2021-08-12 04:10:00,2021-08-12 01:06:00,2021-08-12 23:22:00,2021-08-12 23:24:00,0.24908279368530956,-3.129075032875378,3.3781578265606873,2.074979123016389,10.594615546728637,3.066666666666667,22.266666666666666,detector,534,2021-08-12 01:06:00,2021-08-12 01:06:00
JUNG1,2021-08-12 01:42:00,2021-08-12 03:48:00,2021-08-12 01:42:00,2021-08-12 22:30:00,2021-08-12 22:32:00,0.879264270730038,-2.7045715816860163,3.5838358524160543,2.05723177497572,3.5766355890420605,2.1,20.8,detector,534,2021-08-12 01:06:00,2021-08-12 01:06:00
KERG,2021-08-15 10:36:00,2021-08-15 13:54:00,2021-08-15 10:36:00,2021-08-16 15:08:00,2021-08-16 15:10:00,0.9170908170310308,-2.7720859926100117,3.6891768096410424,2.0039709043589458,5.6359867701994,3.3,28.533333333333335,detector,535,2021-08-15 10:36:00,2021-08-15 10:36:00
JUNG1,2021-08-20 11:32:00,2021-08-20 14:24:00,2021-08-20 11:32:00,2021-08-21 22:52:00,2021-08-21 22:54:00,1.345139122441386,-2.71168573615276,4.056824858594146,2.081162691942102,5.478207477794824,2.8666666666666667,35.333333333333336,detector,536,2021-08-20 23:22:00,2021-08-20 23:22:00
MXCO,2021-08-20 16:14:00,2021-08-20 19:22:00,2021-08-20 16:14:00,2021-08-21 06:36:00,2021-08-21 06:38:00,0.6418878741305019,-3.1341186642170107,3.7760065383475125,2.094410469202273,3.6803958785999,3.1333333333333333,14.366666666666667,detector,536,2021-08-20 23:22:00,2021-08-20 23:22:00
LMKS,2021-08-20 18:28:00,2021-08-20 22:00:00,2021-08-20 18:28:00,2021-08-21 22:42:00,2021-08-21 22:44:00,0.718209109804369,-2.2379211438492757,2.9561302536536447,2.376915695696198,5.320396842439049,3.533333333333333,28.233333333333334,detector,536,2021-08-20 23:22:00,2021-08-20 23:22:00
APTY,2021-08-20 23:22:00,2021-08-21 01:32:00,2021-08-20 23:22:00,2021-08-21 03:00:00,2021-08-21 03:02:00,0.872488823333863,-4.147042366758465,5.019531190092328,2.43463991918655,6.679738551885013,2.1666666666666665,3.6333333333333333,detector,536,2021-08-20 23:22:00,2021-08-20 23:22:00
NEWK,2021-08-22 23:02:00,2021-08-23 02:08:00,2021-08-22 23:02:00,2021-08-23 23:56:00,2021-08-23 23:58:00,-0.2324206982117693,-5.1811414392059545,4.948720740994185,2.127825387024841,6.263815374865389,3.1,24.9,detector,536,2021-08-20 23:22:00,2021-08-20 23:22:00
FSMT,2021-08-23 11:16:00,2021-08-23 14:12:00,2021-08-23 11:16:00,2021-08-24 11:18:00,2021-08-24 11:20:00,0.0616703188986236,-4.038695124067327,4.10036544296595,2.061109169178826,9.929777282000751,2.933333333333333,24.033333333333335,detector,536,2021-08-20 23:22:00,2021-08-20 23:22:00
OULU,2021-08-23 18:22:00,2021-08-23 20:28:00,2021-08-23 18:22:00,2021-08-24 22:10:00,2021-08-24 22:12:00,-0.30140493088341425,-5.046724009769556,4.7453190788861415,2.1420726274806827,3.720473860486968,2.1,27.8,detector,536,2021-08-20 23:22:00,2021-08-20 23:22:00
KERG,2021-08-26 23:32:00,2021-08-27 02:16:00,2021-08-26 23:32:00,2021-08-27 15:38:00,2021-08-27 15:44:00,0.01487492102439635,-4.120177656130217,4.135052577154613,2.045477757287437,5.7784555734464105,2.7333333333333334,16.1,detector,537,2021-08-26 23:32:00,2021-08-26 23:32:00
FSMT,2021-08-28 14:34:00,2021-08-28 16:38:00,2021-08-28 14:34:00,2021-08-29 12:12:00,2021-08-29 12:14:00,0.3749024280526276,-3.049716968712971,3.4246193967655985,2.0941479981981947,9.439478860254845,2.066666666666667,21.633333333333333,detector,538,2021-08-28 18:56:00,2021-08-28 18:56:00
KIEL2,2021-08-28 23:18:00,2021-08-29 02:00:00,2021-08-28 23:18:00,2021-08-30 08:58:00,2021-08-30 09:00:00,0.2627689209875469,-4.348679846092619,4.611448767080166,2.028069574217052,2.649249568733317,2.7,33.666666666666664,detector,538,2021-08-28 18:56:00,2021-08-28 18:56:00
APTY,2021-09-03 13:20:00,2021-09-03 15:30:00,2021-09-03 13:20:00,2021-09-04 21:50:00,2021-09-04 21:52:00,0.6949975324656404,-3.3387867214558926,4.033784253921533,2.0480942377833635,8.715290352331985,2.1666666666666665,32.5,detector,539,2021-09-04 08:18:00,2021-09-04 08:18:00
BKSN,2021-09-04 08:18:00,2021-09-04 11:20:00,2021-09-04 08:18:00,2021-09-04 13:38:00,2021-09-04 13:40:00,0.5612524010452073,-5.114307032122816,5.675559433168023,2.3553498920798575,3.6346133791832544,3.033333333333333,5.333333333333333,detector,539,2021-09-04 08:18:00,2021-09-04 08:18:00
NEWK,2021-09-04 14:48:00,2021-09-04 16:56:00,2021-09-04 14:48:00,2021-09-05 14:16:00,2021-09-05 14:18:00,0.01253635713326805,-4.4338677354709395,4.446404092604207,2.0243522570342787,3.3130167580399745,2.1333333333333333,23.466666666666665,detector,539,2021-09-04 08:18:00,2021-09-04 08:18:00
FSMT,2021-09-06 15:58:00,2021-09-06 18:06:00,2021-09-06 15:58:00,2021-09-07 22:58:00,2021-09-07 23:04:00,0.37128104987369626,-2.931066671059429,3.302347720933125,2.233329981137498,8.603031584166212,2.1333333333333333,31.0,detector,540,2021-09-06 15:58:00,2021-09-06 15:58:00
AATB,2021-09-11 00:24:00,2021-09-11 02:32:00,2021-09-11 00:24:00,2021-09-12 06:04:00,2021-09-12 06:06:00,-0.15538765515171238,-2.7477160927617645,2.5923284376100524,2.2816205670367675,5.820499130778078,2.1333333333333333,29.666666666666668,detector,541,2021-09-11 06:58:00,2021-09-11 06:58:00
KIEL2,2021-09-11 04:14:00,2021-09-11 06:20:00,2021-09-11 04:14:00,2021-09-12 00:42:00,2021-09-12 00:44:00,0.36250019430116054,-3.677716585469177,4.040216779770337,2.8225577588611275,6.086883915506379,2.1,20.466666666666665,detector,541,2021-09-11 06:58:00,2021-09-11 06:58:00
LMKS,2021-09-11 09:42:00,2021-09-11 12:18:00,2021-09-11 09:42:00,2021-09-12 20:28:00,2021-09-12 20:30:00,0.27746231666753873,-2.7045478032399446,2.9820101199074833,2.278791661641723,8.921316006494662,2.6,34.766666666666666,detector,541,2021-09-11 06:58:00,2021-09-11 06:58:00
BKSN,2021-09-11 15:18:00,2021-09-11 20:44:00,2021-09-11 15:18:00,2021-09-12 03:18:00,2021-09-12 03:20:00,0.3232140913824607,-4.733961162904419,5.0571752542868795,2.4840312227799224,16.298023203915488,5.433333333333334,12.0,detector,541,2021-09-11 06:58:00,2021-09-11 06:58:00
JUNG1,2021-09-14 00:26:00,2021-09-14 02:52:00,2021-09-14 00:26:00,2021-09-15 09:06:00,2021-09-15 09:08:00,0.3949320133490394,-2.9649306263094095,3.359862639658449,2.2153490344595625,7.709817413721116,2.433333333333333,32.666666666666664,detector,542,2021-09-16 21:31:00,2021-09-16 21:31:00
KERG,2021-09-15 08:34:00,2021-09-15 11:02:00,2021-09-15 08:34:00,2021-09-15 19:04:00,2021-09-15 19:06:00,0.7277302569934898,-3.2280024961706473,3.955732753164137,2.0878237367882257,3.1345397525553547,2.466666666666667,10.5,detector,542,2021-09-16 21:31:00,2021-09-16 21:31:00
AATB,2021-09-15 18:38:00,2021-09-15 21:18:00,2021-09-15 18:38:00,2021-09-16 01:02:00,2021-09-16 01:06:00,0.3224019510442104,-3.7580781118291657,4.080480062873376,2.0705445708075607,6.547733619396073,2.6666666666666665,6.4,detector,542,2021-09-16 21:31:00,2021-09-16 21:31:00
CALM,2021-09-16 12:02:00,2021-09-16 14:06:00,2021-09-16 12:02:00,2021-09-17 14:34:00,2021-09-17 14:36:00,2.097658294240368,-6.79567585410134,8.893334148341708,2.319118808644674,6.282341909105323,2.066666666666667,26.533333333333335,detector,542,2021-09-16 21:31:00,2021-09-16 21:31:00
FSMT,2021-09-17 07:00:00,2021-09-17 09:38:00,2021-09-17 07:00:00,2021-09-18 11:26:00,2021-09-18 11:28:00,-0.13213379478606416,-3.5830547726726483,3.450920977886584,2.5475867066551223,7.85222188768769,2.6333333333333333,28.433333333333334,detector,542,2021-09-16 21:31:00,2021-09-16 21:31:00
OULU,2021-09-17 09:36:00,2021-09-17 11:54:00,2021-09-17 09:36:00,2021-09-18 20:28:00,2021-09-18 20:30:00,0.2469747604595999,-6.128180743558531,6.375155504018131,2.525969289792005,4.1601455252505986,2.3,34.86666666666667,detector,542,2021-09-16 21:31:00,2021-09-16 21:31:00
APTY,2021-09-17 19:04:00,2021-09-17 23:24:00,2021-09-17 19:04:00,2021-09-18 05:00:00,2021-09-18 05:02:00,0.00301039209536455,-6.467247088751942,6.470257480847307,2.301102802621776,6.526397476081593,4.333333333333333,9.933333333333334,detector,542,2021-09-16 21:31:00,2021-09-16 21:31:00
LMKS,2021-09-18 21:46:00,2021-09-19 00:18:00,2021-09-18 21:46:00,2021-09-19 00:52:00,2021-09-19 00:54:00,-0.13677811685552882,-3.0173610858297732,2.8805829689742444,2.0381959013340456,4.6291856605422055,2.533333333333333,3.1,detector,542,2021-09-16 21:31:00,2021-09-16 21:31:00
JUNG1,2021-09-19 18:02:00,2021-09-19 20:40:00,2021-09-19 18:02:00,2021-09-19 21:58:00,2021-09-19 22:10:00,-1.1455094365718113,-6.143970206301751,4.99846076972994,2.502864523730868,6.961354893967453,2.6333333333333333,3.933333333333333,detector,543,2021-09-19 18:02:00,2021-09-19 18:02:00
BKSN,2021-09-22 13:52:00,2021-09-22 15:50:00,2021-09-22 13:52:00,2021-09-22 16:10:00,2021-09-22 16:12:00,0.5715045150500322,-4.1344037496239245,4.7059082646739565,2.1508251835949608,7.77652165207988,1.9666666666666666,2.3,detector,544,2021-09-22 16:26:00,2021-09-22 16:26:00
JUNG,2021-09-22 19:00:00,2021-09-22 22:32:00,2021-09-22 19:00:00,2021-09-22 22:28:00,2021-09-22 22:30:00,0.539385798483289,-3.487155148284713,4.026540946768002,2.000747289737085,7.883444313729283,3.533333333333333,3.466666666666667,detector,544,2021-09-22 16:26:00,2021-09-22 16:26:00
JUNG1,2021-09-23 14:10:00,2021-09-23 18:54:00,2021-09-23 14:10:00,2021-09-23 15:52:00,2021-09-23 15:54:00,0.4515051628744904,-2.4273642136871714,2.8788693765616618,2.0320681638343143,6.003624764884061,4.733333333333333,1.7,detector,545,2021-09-24 04:10:00,2021-09-24 04:10:00
BKSN,2021-09-23 19:34:00,2021-09-23 23:28:00,2021-09-23 19:34:00,2021-09-24 21:12:00,2021-09-24 21:14:00,0.42829366812998326,-4.672315270935958,5.100608939065942,2.051899990818444,7.147439023464979,3.9,25.633333333333333,detector,545,2021-09-24 04:10:00,2021-09-24 04:10:00
KERG,2021-09-24 12:46:00,2021-09-24 15:48:00,2021-09-24 12:46:00,2021-09-25 21:22:00,2021-09-25 21:24:00,0.0305765551446257,-4.025599863920988,4.056176419065613,2.4683584369891887,6.8409192187207415,3.033333333333333,32.6,detector,545,2021-09-24 04:10:00,2021-09-24 04:10:00
APTY,2021-09-24 21:48:00,2021-09-24 23:56:00,2021-09-24 21:48:00,2021-09-25 17:00:00,2021-09-25 17:02:00,0.25422574280684285,-3.9910369724884904,4.2452627152953335,2.0678122472210436,4.555329572945611,2.1333333333333333,19.2,detector,545,2021-09-24 04:10:00,2021-09-24 04:10:00
NEWK,2021-09-28 08:16:00,2021-09-28 19:52:00,2021-09-28 08:16:00,2021-09-28 16:44:00,2021-09-28 18:18:00,0.051871606681952356,-11.162979500710373,11.214851107392326,2.1697456720262416,19.427787862352396,11.6,8.466666666666667,detector,546,2021-09-29 19:52:00,2021-09-29 19:52:00
LMKS,2021-09-28 20:50:00,2021-09-29 00:12:00,2021-09-28 20:50:00,2021-09-30 08:18:00,2021-09-30 08:26:00,0.26788095266671796,-2.3552307318053485,2.6231116844720663,2.2044249133960596,8.508138116211102,3.3666666666666667,35.46666666666667,detector,546,2021-09-29 19:52:00,2021-09-29 19:52:00
OULU,2021-09-30 18:54:00,2021-09-30 22:32:00,2021-09-30 18:54:00,2021-10-02 01:06:00,2021-10-02 01:08:00,0.4564404573995574,-4.543916709145114,5.000357166544671,2.366037052022598,8.329381950112639,3.6333333333333333,30.2,detector,546,2021-09-29 19:52:00,2021-09-29 19:52:00
JUNG,2021-10-02 14:04:00,2021-10-02 16:40:00,2021-10-02 14:04:00,2021-10-03 05:54:00,2021-10-03 05:56:00,0.1531343018876994,-5.014109229203364,5.167243531091064,2.062883805771504,3.364385443130399,2.6,15.833333333333334,detector,546,2021-09-29 19:52:00,2021-09-29 19:52:00
LMKS,2021-10-04 16:06:00,2021-10-04 18:26:00,2021-10-04 16:06:00,2021-10-05 14:20:00,2021-10-05 14:22:00,0.6457545426813615,-2.19190396315431,2.8376585058356714,2.3179528252075614,5.199961761007424,2.3333333333333335,22.233333333333334,detector,547,2021-10-05 16:12:00,2021-10-05 16:12:00
DRBS,2021-10-05 12:54:00,2021-10-05 18:14:00,2021-10-05 12:54:00,2021-10-05 13:08:00,2021-10-05 13:10:00,0.4258341787379591,-5.7289543025249055,6.154788481262864,2.03876406932727,6.398422247384851,5.333333333333333,0.23333333333333334,detector,547,2021-10-05 16:12:00,2021-10-05 16:12:00
JUNG,2021-10-05 16:12:00,2021-10-05 18:32:00,2021-10-05 16:12:00,2021-10-06 23:54:00,2021-10-06 23:56:00,0.45752945381463384,-3.22890074097459,3.686430194789224,2.0562293045838778,4.346816793909379,2.3333333333333335,31.7,detector,547,2021-10-05 16:12:00,2021-10-05 16:12:00
FSMT,2021-10-06 15:14:00,2021-10-06 18:00:00,2021-10-06 15:14:00,2021-10-07 04:18:00,2021-10-07 04:20:00,0.28729645269093507,-3.625490153124934,3.912786605815869,2.0484112581670355,9.458282204147311,2.7666666666666666,13.066666666666666,detector,547,2021-10-05 16:12:00,2021-10-05 16:12:00
KERG,2021-10-06 19:56:00,2021-10-06 23:36:00,2021-10-06 19:56:00,2021-10-07 00:18:00,2021-10-07 00:20:00,0.3645708947732206,-2.8657342982213536,3.230305192994574,2.02286824832974,5.930793000590546,3.6666666666666665,4.366666666666666,detector,547,2021-10-05 16:12:00,2021-10-05 16:12:00
ROME,2021-10-09 13:56:00,2021-10-09 16:04:00,2021-10-09 13:56:00,2021-10-10 03:54:00,2021-10-10 03:58:00,0.27172110833520846,-3.787864034182306,4.0595851425175145,2.1563513791021367,5.8398875701470425,2.1333333333333333,13.966666666666667,detector,548,2021-10-11 10:55:00,2021-10-11 10:55:00
DRBS,2021-10-09 19:34:00,2021-10-09 23:58:00,2021-10-09 19:34:00,2021-10-10 11:10:00,2021-10-10 11:16:00,0.7305222623959706,-5.508936739145737,6.239459001541707,2.1185557830182984,3.509178894258984,4.4,15.6,detector,548,2021-10-11 10:55:00,2021-10-11 10:55:00
FSMT,2021-10-10 21:14:00,2021-10-10 23:48:00,2021-10-10 21:14:00,2021-10-12 02:38:00,2021-10-12 02:40:00,-0.0327764372281193,-4.591931585796617,4.559155148568498,2.0976427748252604,12.021156848554616,2.566666666666667,29.4,detector,548,2021-10-11 10:55:00,2021-10-11 10:55:00
LMKS,2021-10-11 10:42:00,2021-10-11 13:06:00,2021-10-11 10:42:00,2021-10-12 20:32:00,2021-10-12 20:36:00,0.2557895133735924,-2.768493186377966,3.0242826997515584,2.0096325587554875,4.240286583853739,2.4,33.833333333333336,detector,548,2021-10-11 10:55:00,2021-10-11 10:55:00
KIEL2,2021-10-11 11:08:00,2021-10-11 13:40:00,2021-10-11 11:08:00,2021-10-12 20:30:00,2021-10-12 20:36:00,0.48845593499017825,-4.127855724193598,4.616311659183776,2.2091092568406885,6.507328013843243,2.533333333333333,33.36666666666667,detector,548,2021-10-11 10:55:00,2021-10-11 10:55:00
JUNG1,2021-10-11 15:18:00,2021-10-11 17:40:00,2021-10-11 15:18:00,2021-10-12 21:32:00,2021-10-12 21:34:00,0.273002480318508,-3.65606382258804,3.929066302906548,2.0132126610816408,4.985881240395144,2.3666666666666667,30.233333333333334,detector,548,2021-10-11 10:55:00,2021-10-11 10:55:00
APTY,2021-10-11 18:58:00,2021-10-11 21:42:00,2021-10-11 18:58:00,2021-10-12 05:58:00,2021-10-12 06:00:00,-0.012893897176985851,-3.940877232957873,3.9279833357808873,2.04656368422332,5.481915066382057,2.7333333333333334,11.0,detector,548,2021-10-11 10:55:00,2021-10-11 10:55:00
BKSN,2021-10-12 19:00:00,2021-10-12 21:44:00,2021-10-12 19:00:00,2021-10-13 08:10:00,2021-10-13 08:12:00,-0.06089188017309745,-4.702889261414063,4.641997381240965,2.0134017640086896,9.113851457603708,2.7333333333333334,13.166666666666666,detector,548,2021-10-11 10:55:00,2021-10-11 10:55:00
AATB,2021-10-15 06:04:00,2021-10-15 08:58:00,2021-10-15 06:04:00,2021-10-16 17:46:00,2021-10-16 18:02:00,0.47463118792652775,-3.5380483437779833,4.012679531704511,2.291171791827386,9.33146596176984,2.9,35.7,detector,549,2021-10-16 03:21:00,2021-10-16 03:21:00
NEWK,2021-10-15 09:46:00,2021-10-15 12:18:00,2021-10-15 09:46:00,2021-10-16 21:02:00,2021-10-16 21:04:00,0.6234219165503505,-4.65701066183866,5.280432578389011,2.0799357468810227,7.1908958949522646,2.533333333333333,35.266666666666666,detector,549,2021-10-16 03:21:00,2021-10-16 03:21:00
ROME,2021-10-15 10:36:00,2021-10-15 14:18:00,2021-10-15 10:36:00,2021-10-16 20:46:00,2021-10-16 20:48:00,0.3720381686123819,-4.599586449215654,4.971624617828036,2.199401262906327,7.441945194324285,3.7,34.166666666666664,detector,549,2021-10-16 03:21:00,2021-10-16 03:21:00
FSMT,2021-10-15 13:00:00,2021-10-15 15:00:00,2021-10-15 13:00:00,2021-10-16 23:34:00,2021-10-16 23:36:00,1.0025581829276082,-3.362560280578688,4.365118463506296,2.313207407739547,5.007792119235694,2.0,34.56666666666667,detector,549,2021-10-16 03:21:00,2021-10-16 03:21:00
JUNG,2021-10-16 02:28:00,2021-10-16 04:46:00,2021-10-16 02:28:00,2021-10-16 20:28:00,2021-10-16 20:30:00,0.36876435744779257,-4.749200054080855,5.117964411528648,2.0466279320480836,6.327308122627853,2.3,18.0,detector,549,2021-10-16 03:21:00,2021-10-16 03:21:00
LMKS,2021-10-16 04:14:00,2021-10-16 06:24:00,2021-10-16 04:14:00,2021-10-17 00:30:00,2021-10-17 00:34:00,0.14152970250792254,-3.767728968379576,3.909258670887499,2.1557075512935673,5.495734784749412,2.1666666666666665,20.266666666666666,detector,549,2021-10-16 03:21:00,2021-10-16 03:21:00
APTY,2021-10-16 07:16:00,2021-10-16 12:50:00,2021-10-16 07:16:00,2021-10-17 14:10:00,2021-10-17 14:14:00,0.9451418308774702,-3.807224972384733,4.752366803262203,2.3273008632826286,5.925378200121069,5.566666666666666,30.9,detector,549,2021-10-16 03:21:00,2021-10-16 03:21:00
KERG,2021-10-16 09:58:00,2021-10-16 12:18:00,2021-10-16 09:58:00,2021-10-16 22:06:00,2021-10-16 22:14:00,0.03382436720622755,-5.602810494542202,5.636634861748429,2.085278175381511,4.564348980586801,2.3333333333333335,12.133333333333333,detector,549,2021-10-16 03:21:00,2021-10-16 03:21:00
OULU,2021-10-16 22:42:00,2021-10-17 01:54:00,2021-10-16 22:42:00,2021-10-17 00:16:00,2021-10-17 00:18:00,0.1879520980734448,-4.943334029348135,5.131286127421579,2.0706267165441568,5.759668953740125,3.2,1.5666666666666667,detector,549,2021-10-16 03:21:00,2021-10-16 03:21:00
KIEL2,2021-10-17 01:34:00,2021-10-17 04:04:00,2021-10-17 01:34:00,2021-10-18 09:20:00,2021-10-18 09:22:00,-0.44726126075744554,-3.9665135338466055,3.51925227308916,2.0202357492350007,5.884649275547633,2.5,31.766666666666666,detector,549,2021-10-16 03:21:00,2021-10-16 03:21:00
AATB,2021-10-20 07:46:00,2021-10-20 10:38:00,2021-10-20 07:46:00,2021-10-21 18:38:00,2021-10-21 18:40:00,0.3141852364033789,-3.419264372775334,3.7334496091787126,2.1553987810206676,7.11005393552869,2.8666666666666667,34.86666666666667,detector,550,2021-10-23 09:48:00,2021-10-23 09:48:00
JUNG,2021-10-20 09:16:00,2021-10-20 11:58:00,2021-10-20 09:16:00,2021-10-20 20:38:00,2021-10-20 20:46:00,0.06982580541529845,-3.750768848530011,3.8205946539453093,2.2119903600912534,6.501047494189302,2.7,11.366666666666667,detector,550,2021-10-23 09:48:00,2021-10-23 09:48:00
ATHN,2021-10-20 09:52:00,2021-10-20 12:10:00,2021-10-20 09:52:00,2021-10-20 14:08:00,2021-10-20 14:10:00,-0.0026837473985833003,-6.079630822064822,6.076947074666239,2.4712782913823372,6.899749671970796,2.3,4.266666666666667,detector,550,2021-10-23 09:48:00,2021-10-23 09:48:00
APTY,2021-10-22 00:40:00,2021-10-22 03:12:00,2021-10-22 00:40:00,2021-10-22 22:50:00,2021-10-22 22:52:00,0.345263491430429,-3.571389331428888,3.9166528228593167,2.0379564154426064,5.514208970004979,2.533333333333333,22.166666666666668,detector,550,2021-10-23 09:48:00,2021-10-23 09:48:00
KERG,2021-10-23 09:48:00,2021-10-23 12:12:00,2021-10-23 09:48:00,2021-10-24 17:36:00,2021-10-24 17:38:00,0.5303768931604966,-3.67202527440204,4.2024021675625365,2.08005105377998,5.445149187801227,2.4,31.8,detector,550,2021-10-23 09:48:00,2021-10-23 09:48:00
FSMT,2021-10-24 09:50:00,2021-10-24 13:18:00,2021-10-24 09:50:00,2021-10-25 09:38:00,2021-10-25 09:40:00,0.5143380154147322,-2.7782969600351803,3.2926349754499125,2.0964319152590227,4.543476168255275,3.466666666666667,23.8,detector,550,2021-10-23 09:48:00,2021-10-23 09:48:00
JUNG1,2021-10-24 15:58:00,2021-10-24 18:06:00,2021-10-24 15:58:00,2021-10-25 23:02:00,2021-10-25 23:06:00,0.6363434052718695,-2.5580088035856754,3.194352208857545,2.3299251666744545,6.431695081436844,2.1333333333333333,31.066666666666666,detector,550,2021-10-23 09:48:00,2021-10-23 09:48:00
MXCO,2021-10-24 18:16:00,2021-10-24 20:46:00,2021-10-24 18:16:00,2021-10-25 04:48:00,2021-10-25 04:50:00,0.27817006606064165,-3.7167784557970696,3.994948521857711,2.121396138929158,10.94362250420043,2.5,10.533333333333333,detector,550,2021-10-23 09:48:00,2021-10-23 09:48:00
KIEL2,2021-10-24 19:46:00,2021-10-24 21:52:00,2021-10-24 19:46:00,2021-10-25 20:26:00,2021-10-25 20:28:00,0.0665969213220912,-4.418898124138081,4.485495045460172,2.31313654607081,2.778813135229224,2.1,24.666666666666668,detector,550,2021-10-23 09:48:00,2021-10-23 09:48:00
KIEL2,2021-10-30 03:24:00,2021-10-30 06:02:00,2021-10-30 03:24:00,2021-10-31 04:32:00,2021-10-31 04:34:00,0.7031081402873754,-3.362179862004453,4.065288002291829,2.4360426323694657,7.833223091171972,2.6333333333333333,25.133333333333333,detector,551,2021-10-31 03:26:00,2021-10-31 03:26:00
APTY,2021-10-30 12:46:00,2021-10-30 15:22:00,2021-10-30 12:46:00,2021-10-31 18:48:00,2021-10-31 18:54:00,0.15321274779738706,-3.796449467642193,3.94966221543958,2.7406825436156064,7.302964294673768,2.6,30.033333333333335,detector,551,2021-10-31 03:26:00,2021-10-31 03:26:00
KERG,2021-10-31 18:06:00,2021-10-31 20:04:00,2021-10-31 18:06:00,2021-11-01 06:30:00,2021-11-01 06:32:00,-0.4248138196742889,-4.05574482834414,3.630931008669851,2.0479305018420404,7.583591281456142,1.9666666666666666,12.4,detector,551,2021-10-31 03:26:00,2021-10-31 03:26:00
NEWK,2021-11-01 06:14:00,2021-11-01 08:42:00,2021-11-01 06:14:00,2021-11-02 04:00:00,2021-11-02 04:02:00,-0.4031917129608072,-5.983336270043039,5.580144557082232,2.495205333228423,5.412938450120783,2.466666666666667,21.766666666666666,detector,551,2021-10-31 03:26:00,2021-10-31 03:26:00
LMKS,2021-11-02 22:06:00,2021-11-03 00:54:00,2021-11-02 22:06:00,2021-11-04 05:02:00,2021-11-04 05:14:00,-1.017181717443052,-6.1891668637221064,5.171985146279054,2.3002474811432982,2.8293892340498377,2.8,30.933333333333334,detector,552,2021-11-03 16:50:00,2021-11-03 16:50:00
KIEL2,2021-11-03 04:22:00,2021-11-03 06:34:00,2021-11-03 04:22:00,2021-11-03 22:28:00,2021-11-03 22:36:00,-0.1899232328512923,-6.803351099462742,6.61342786661145,2.086889976199156,7.269957962705472,2.2,18.1,detector,552,2021-11-03 16:50:00,2021-11-03 16:50:00
NEWK,2021-11-03 05:18:00,2021-11-03 07:38:00,2021-11-03 05:18:00,2021-11-04 11:32:00,2021-11-04 11:38:00,-0.651908636595497,-7.42627209290481,6.774363456309313,2.5914939323094672,5.6316434007195735,2.3333333333333335,30.233333333333334,detector,552,2021-11-03 16:50:00,2021-11-03 16:50:00
FSMT,2021-11-03 11:34:00,2021-11-03 13:42:00,2021-11-03 11:34:00,2021-11-04 18:48:00,2021-11-04 20:50:00,-0.4714101814397415,-14.76776231767158,14.296352136231839,2.195992629001176,10.787623725483549,2.1333333333333333,31.233333333333334,detector,552,2021-11-03 16:50:00,2021-11-03 16:50:00
DRBS,2021-11-03 16:50:00,2021-11-03 20:50:00,2021-11-03 16:50:00,2021-11-04 20:56:00,2021-11-04 21:08:00,0.05408977586295955,-12.935475460536376,12.989565236399335,2.2077048634572423,10.781068585045317,4.0,28.1,detector,552,2021-11-03 16:50:00,2021-11-03 16:50:00
BKSN,2021-11-03 22:20:00,2021-11-04 01:02:00,2021-11-03 22:20:00,2021-11-04 19:04:00,2021-11-04 19:18:00,-0.2566929396152896,-12.30100492264136,12.04431198302607,2.044991331221331,5.193615679775609,2.7,20.733333333333334,detector,552,2021-11-03 16:50:00,2021-11-03 16:50:00
JUNG,2021-11-04 00:22:00,2021-11-04 02:56:00,2021-11-04 00:22:00,2021-11-04 20:20:00,2021-11-04 22:26:00,-0.3651680238125289,-13.524988834710896,13.159820810898367,2.057523906839761,3.1614216544408023,2.566666666666667,19.966666666666665,detector,552,2021-11-03 16:50:00,2021-11-03 16:50:00
ROME,2021-11-04 21:00:00,2021-11-05 02:00:00,2021-11-04 21:00:00,2021-11-04 21:06:00,2021-11-04 21:30:00,-2.095590294321214,-8.725566353302996,6.629976058981782,2.0052786905245013,5.297602733830212,5.0,0.1,detector,552,2021-11-03 16:50:00,2021-11-03 16:50:00
JUNG1,2021-11-04 21:44:00,2021-11-05 00:46:00,2021-11-04 21:44:00,2021-11-04 21:48:00,2021-11-04 22:44:00,-3.8804094629421133,-10.426381987062948,6.545972524120835,2.0290395414477524,5.014981866410233,3.033333333333333,0.06666666666666667,detector,552,2021-11-03 16:50:00,2021-11-03 16:50:00
OULU,2021-11-07 06:18:00,2021-11-07 08:22:00,2021-11-07 06:18:00,2021-11-08 01:24:00,2021-11-08 01:26:00,2.0656179359468103,-4.351660060716563,6.4172779966633735,2.63554904976722,6.110689165959969,2.066666666666667,19.1,detector,553,2021-11-08 12:59:00,2021-11-08 12:59:00
APTY,2021-11-08 06:34:00,2021-11-08 08:38:00,2021-11-08 06:34:00,2021-11-08 20:52:00,2021-11-08 20:54:00,1.1905419978757847,-2.756057561527142,3.9465995594029266,2.124423620880412,5.3311348270710095,2.066666666666667,14.3,detector,553,2021-11-08 12:59:00,2021-11-08 12:59:00
AATB,2021-11-08 06:38:00,2021-11-08 09:20:00,2021-11-08 06:38:00,2021-11-08 19:06:00,2021-11-08 19:08:00,0.991404446247024,-1.8599158609491508,2.8513203071961746,2.0777758629155354,7.393273569320383,2.7,12.466666666666667,detector,553,2021-11-08 12:59:00,2021-11-08 12:59:00
JUNG1,2021-11-08 19:20:00,2021-11-08 21:56:00,2021-11-08 19:20:00,2021-11-09 19:08:00,2021-11-09 19:10:00,0.8799533119618265,-2.1394372327623716,3.019390544724198,2.3661438757205997,10.123106246779734,2.6,23.8,detector,553,2021-11-08 12:59:00,2021-11-08 12:59:00
LMKS,2021-11-09 01:12:00,2021-11-09 03:44:00,2021-11-09 01:12:00,2021-11-10 09:52:00,2021-11-10 09:54:00,1.123270522506732,-2.1148750291440757,3.238145551650808,2.007343419569276,9.168750569402068,2.533333333333333,32.666666666666664,detector,553,2021-11-08 12:59:00,2021-11-08 12:59:00
BKSN,2021-11-09 02:36:00,2021-11-09 05:06:00,2021-11-09 02:36:00,2021-11-10 13:10:00,2021-11-10 13:12:00,0.6164187624202302,-3.964995807286183,4.581414569706413,2.279615786407315,7.718274027383314,2.5,34.56666666666667,detector,553,2021-11-08 12:59:00,2021-11-08 12:59:00
AATB,2021-11-12 04:50:00,2021-11-12 08:34:00,2021-11-12 04:50:00,2021-11-13 13:26:00,2021-11-13 13:28:00,0.3888914026340268,-2.4206738632646516,2.8095652658986783,2.3182043865366224,7.582569518783997,3.7333333333333334,32.6,detector,554,2021-11-13 15:28:00,2021-11-13 15:28:00
KIEL2,2021-11-13 15:28:00,2021-11-13 17:28:00,2021-11-13 15:28:00,2021-11-15 00:50:00,2021-11-15 00:56:00,0.5291686798248859,-3.628922673572811,4.158091353397697,2.025901675294574,3.262845627024807,2.0,33.36666666666667,detector,554,2021-11-13 15:28:00,2021-11-13 15:28:00
KERG,2021-11-13 20:52:00,2021-11-13 23:16:00,2021-11-13 20:52:00,2021-11-13 20:54:00,2021-11-13 20:56:00,0.45139515927713114,-3.178479957051591,3.6298751163287224,2.4382487007454916,9.005682361198941,2.4,0.03333333333333333,detector,554,2021-11-13 15:28:00,2021-11-13 15:28:00
KERG,2021-11-15 14:44:00,2021-11-15 17:38:00,2021-11-15 14:44:00,2021-11-16 23:26:00,2021-11-16 23:32:00,-0.2367058218376918,-3.1149411367272526,2.8782353148895607,2.47835057877901,5.278732581137873,2.9,32.7,detector,555,2021-11-15 14:44:00,2021-11-15 14:44:00
LMKS,2021-11-18 08:20:00,2021-11-18 10:20:00,2021-11-18 08:20:00,2021-11-19 18:48:00,2021-11-19 20:36:00,-0.0821531418983627,-5.2782903217652795,5.196137179866917,2.2119315026436612,3.6905371939521903,2.0,34.46666666666667,detector,556,2021-11-18 23:10:00,2021-11-18 23:10:00
KERG,2021-11-19 14:00:00,2021-11-19 16:32:00,2021-11-19 14:00:00,2021-11-20 21:12:00,2021-11-20 21:14:00,0.08918783246193504,-3.830908671547322,3.920096504009257,2.0600392447962057,7.879200695694553,2.533333333333333,31.2,detector,556,2021-11-18 23:10:00,2021-11-18 23:10:00
BKSN,2021-11-21 09:48:00,2021-11-21 12:48:00,2021-11-21 09:48:00,2021-11-22 05:00:00,2021-11-22 05:02:00,0.15209207246374173,-5.659332180601662,5.811424253065403,2.3097438274183513,8.16112572477307,3.0,19.2,detector,557,2021-11-21 10:06:00,2021-11-21 10:06:00
KERG,2021-11-21 10:24:00,2021-11-21 12:28:00,2021-11-21 10:24:00,2021-11-21 20:44:00,2021-11-21 20:46:00,-0.0476227464320603,-2.99257298958511,2.9449502431530497,2.09996014313129,3.9385229297817994,2.066666666666667,10.333333333333334,detector,557,2021-11-21 10:06:00,2021-11-21 10:06:00
KIEL2,2021-11-26 07:26:00,2021-11-26 09:50:00,2021-11-26 07:26:00,2021-11-27 05:16:00,2021-11-27 05:20:00,1.5843636735195827,-2.6407717882113673,4.22513546173095,2.4593380340491966,9.016239255631024,2.4,21.833333333333332,detector,558,2021-11-27 05:58:00,2021-11-27 05:58:00
LMKS,2021-11-26 09:12:00,2021-11-26 11:28:00,2021-11-26 09:12:00,2021-11-27 08:42:00,2021-11-27 08:48:00,1.4356133778899856,-1.3451297923114498,2.7807431702014354,2.352035236585122,8.38168753210953,2.2666666666666666,23.5,detector,558,2021-11-27 05:58:00,2021-11-27 05:58:00
KERG,2021-11-27 05:58:00,2021-11-27 10:18:00,2021-11-27 05:58:00,2021-11-27 06:06:00,2021-11-27 06:08:00,0.3647685922269137,-3.791287979058206,4.15605657128512,2.1426382319313335,5.6999712150467206,4.333333333333333,0.13333333333333333,detector,558,2021-11-27 05:58:00,2021-11-27 05:58:00
JUNG1,2021-11-27 18:06:00,2021-11-27 21:02:00,2021-11-27 18:06:00,2021-11-29 02:40:00,2021-11-29 02:44:00,0.19906440551785826,-3.827225585471778,4.026289990989636,2.4409174514241085,7.9244968654208705,2.933333333333333,32.56666666666667,detector,558,2021-11-27 05:58:00,2021-11-27 05:58:00
BKSN,2021-11-27 21:12:00,2021-11-27 23:12:00,2021-11-27 21:12:00,2021-11-28 00:44:00,2021-11-28 00:48:00,0.08077609872268265,-4.8364036616750194,4.917179760397702,2.6134916815376266,4.929207110434086,2.0,3.533333333333333,detector,558,2021-11-27 05:58:00,2021-11-27 05:58:00
LMKS,2021-11-30 10:54:00,2021-11-30 13:16:00,2021-11-30 10:54:00,2021-12-01 03:56:00,2021-12-01 03:58:00,-0.43952977357284184,-3.552457602159006,3.112927828586164,2.3752842608041997,4.7871089579698545,2.3666666666666667,17.033333333333335,detector,559,2021-11-30 20:04:00,2021-11-30 20:04:00
KERG,2021-11-30 20:04:00,2021-11-30 22:04:00,2021-11-30 20:04:00,2021-12-01 22:22:00,2021-12-01 22:34:00,0.32627849592575325,-3.4785033226170343,3.8047818185427875,2.30358977347489,8.115568912041798,2.0,26.3,detector,559,2021-11-30 20:04:00,2021-11-30 20:04:00
BKSN,2021-12-02 05:16:00,2021-12-02 07:36:00,2021-12-02 05:16:00,2021-12-03 09:30:00,2021-12-03 09:32:00,0.5685350625339429,-4.986451137947782,5.554986200481725,2.103486754849858,8.068634533517464,2.3333333333333335,28.233333333333334,detector,559,2021-11-30 20:04:00,2021-11-30 20:04:00
KERG,2021-12-06 02:50:00,2021-12-06 05:48:00,2021-12-06 02:50:00,2021-12-06 14:52:00,2021-12-06 14:54:00,0.07858037377505961,-3.5227546300734858,3.601335003848545,2.334628408935686,6.224764214531293,2.966666666666667,12.033333333333333,detector,560,2021-12-06 03:32:00,2021-12-06 03:32:00
JUNG,2021-12-06 04:14:00,2021-12-06 09:52:00,2021-12-06 04:14:00,2021-12-07 00:46:00,2021-12-07 00:48:00,0.7079378899380533,-4.4989211909567715,5.206859080894825,2.7023402973227073,8.170284316697613,5.633333333333334,20.533333333333335,detector,560,2021-12-06 03:32:00,2021-12-06 03:32:00
KERG,2021-12-08 10:34:00,2021-12-08 13:32:00,2021-12-08 10:34:00,2021-12-09 20:20:00,2021-12-09 20:24:00,0.2914054466203841,-3.369177146126222,3.660582592746606,2.0481169470547873,8.001324669823138,2.966666666666667,33.766666666666666,detector,561,2021-12-10 12:13:00,2021-12-10 12:13:00
JUNG1,2021-12-08 16:18:00,2021-12-08 18:48:00,2021-12-08 16:18:00,2021-12-09 07:18:00,2021-12-09 07:20:00,0.4990909616080792,-2.943497243379331,3.4425882049874104,2.130186246810244,7.641752026645242,2.5,15.0,detector,561,2021-12-10 12:13:00,2021-12-10 12:13:00
JUNG,2021-12-10 01:52:00,2021-12-10 03:50:00,2021-12-10 01:52:00,2021-12-10 23:48:00,2021-12-10 23:50:00,0.38771930757430145,-3.4293123625522344,3.8170316701265357,2.620524565972238,4.364898904247088,1.9666666666666666,21.933333333333334,detector,561,2021-12-10 12:13:00,2021-12-10 12:13:00
APTY,2021-12-10 10:16:00,2021-12-10 12:22:00,2021-12-10 10:16:00,2021-12-11 12:58:00,2021-12-11 13:00:00,0.3809666873486045,-4.536586310816899,4.917552998165504,2.398382533059918,7.184738071184982,2.1,26.7,detector,561,2021-12-10 12:13:00,2021-12-10 12:13:00
AATB,2021-12-10 14:10:00,2021-12-10 16:24:00,2021-12-10 14:10:00,2021-12-11 17:52:00,2021-12-11 17:54:00,0.1495499016052704,-3.5507036123603526,3.700253513965623,2.7491635041070452,8.397552815925865,2.2333333333333334,27.7,detector,561,2021-12-10 12:13:00,2021-12-10 12:13:00
KIEL2,2021-12-10 16:48:00,2021-12-10 18:46:00,2021-12-10 16:48:00,2021-12-11 21:00:00,2021-12-11 21:02:00,0.6441832673025469,-4.1892586490938974,4.833441916396445,2.0647836054251494,4.617372863419831,1.9666666666666666,28.2,detector,561,2021-12-10 12:13:00,2021-12-10 12:13:00
DRBS,2021-12-10 20:36:00,2021-12-10 23:54:00,2021-12-10 20:36:00,2021-12-11 08:58:00,2021-12-11 09:00:00,0.3494455538144301,-6.023161255611705,6.372606809426135,2.5676027123114604,5.2070190916358685,3.3,12.366666666666667,detector,561,2021-12-10 12:13:00,2021-12-10 12:13:00
FSMT,2021-12-11 09:10:00,2021-12-11 11:34:00,2021-12-11 09:10:00,2021-12-12 06:56:00,2021-12-12 07:00:00,0.2340361795675419,-3.2299770401908137,3.4640132197583555,2.004154479737136,5.4695014306517535,2.4,21.766666666666666,detector,561,2021-12-10 12:13:00,2021-12-10 12:13:00
JUNG,2021-12-16 02:04:00,2021-12-16 05:58:00,2021-12-16 02:04:00,2021-12-16 22:02:00,2021-12-16 22:04:00,0.12086207674024729,-3.271516160775097,3.392378237515344,2.1472797198424174,4.737486650901407,3.9,19.966666666666665,detector,562,2021-12-16 02:04:00,2021-12-16 02:04:00
MXCO,2021-12-17 12:28:00,2021-12-17 15:38:00,2021-12-17 12:28:00,2021-12-18 03:36:00,2021-12-18 03:38:00,0.052336279366769295,-3.1727852140690205,3.2251214934357897,2.113784372896389,3.549370574489872,3.1666666666666665,15.133333333333333,detector,563,2021-12-18 01:10:00,2021-12-18 01:10:00
JUNG,2021-12-17 16:14:00,2021-12-17 18:18:00,2021-12-17 16:14:00,2021-12-19 02:34:00,2021-12-19 02:36:00,0.05208942959687225,-2.995946518240667,3.048035947837539,2.030039185301396,7.985795268495805,2.066666666666667,34.333333333333336,detector,563,2021-12-18 01:10:00,2021-12-18 01:10:00
LMKS,2021-12-17 20:46:00,2021-12-17 22:58:00,2021-12-17 20:46:00,2021-12-18 22:12:00,2021-12-18 22:14:00,-0.5511093129664951,-3.6590250603746,3.107915747408105,2.240006750431935,3.987242327684247,2.2,25.433333333333334,detector,563,2021-12-18 01:10:00,2021-12-18 01:10:00
NEWK,2021-12-18 01:10:00,2021-12-18 03:20:00,2021-12-18 01:10:00,2021-12-19 02:06:00,2021-12-19 02:10:00,0.16373189368142715,-4.091801298505207,4.2555331921866335,2.094895625234575,3.0618979079777673,2.1666666666666665,24.933333333333334,detector,563,2021-12-18 01:10:00,2021-12-18 01:10:00
KIEL2,2021-12-19 00:40:00,2021-12-19 02:50:00,2021-12-19 00:40:00,2021-12-20 00:14:00,2021-12-20 00:16:00,0.16411568951346245,-4.731628410625243,4.895744100138705,2.1780501320376717,6.543501936655545,2.1666666666666665,23.566666666666666,detector,563,2021-12-18 01:10:00,2021-12-18 01:10:00
JUNG1,2021-12-19 04:22:00,2021-12-19 06:42:00,2021-12-19 04:22:00,2021-12-20 00:26:00,2021-12-20 00:28:00,0.14576784597495268,-2.901594729950536,3.0473625759254883,2.0863180487705493,7.168569417791309,2.3333333333333335,20.066666666666666,detector,563,2021-12-18 01:10:00,2021-12-18 01:10:00
AATB,2021-12-19 12:12:00,2021-12-19 15:42:00,2021-12-19 12:12:00,2021-12-20 23:24:00,2021-12-20 23:26:00,-0.04642648186129675,-3.0864422202001887,3.0400157383388917,2.102393447558926,7.082403333804339,3.5,35.2,detector,563,2021-12-18 01:10:00,2021-12-18 01:10:00
KERG,2021-12-26 18:56:00,2021-12-26 22:02:00,2021-12-26 18:56:00,2021-12-28 03:48:00,2021-12-28 03:54:00,0.7052020740316075,-2.80435932705534,3.5095614010869474,2.332076951156876,7.752652380303117,3.1,32.86666666666667,detector,564,2021-12-27 11:06:00,2021-12-27 11:06:00
LMKS,2021-12-27 11:06:00,2021-12-27 13:12:00,2021-12-27 11:06:00,2021-12-28 21:54:00,2021-12-28 22:14:00,1.3425510148490336,-2.3406528936009705,3.683203908450004,2.046300214456767,2.997988838498184,2.1,34.8,detector,564,2021-12-27 11:06:00,2021-12-27 11:06:00
JUNG,2021-12-28 06:26:00,2021-12-28 08:36:00,2021-12-28 06:26:00,2021-12-28 21:12:00,2021-12-28 21:14:00,0.08342110049698276,-6.739704234009471,6.823125334506454,2.4974452153681823,11.263591829037788,2.1666666666666665,14.766666666666667,detector,564,2021-12-27 11:06:00,2021-12-27 11:06:00
NEWK,2022-01-01 04:42:00,2022-01-01 07:28:00,2022-01-01 04:42:00,2022-01-02 05:58:00,2022-01-02 06:00:00,0.34346897371367213,-4.428044280442814,4.771513254156486,2.041486382406134,3.8799859463487754,2.7666666666666666,25.266666666666666,detector,565,2022-01-01 17:16:00,2022-01-01 17:16:00
MXCO,2022-01-01 14:44:00,2022-01-01 16:56:00,2022-01-01 14:44:00,2022-01-02 02:50:00,2022-01-02 02:52:00,0.1995401852226758,-3.065598292467431,3.265138477690107,2.1363015886631675,5.693292489640041,2.2,12.1,detector,565,2022-01-01 17:16:00,2022-01-01 17:16:00
JUNG1,2022-01-01 19:48:00,2022-01-01 22:12:00,2022-01-01 19:48:00,2022-01-03 06:00:00,2022-01-03 06:02:00,0.6185087609358717,-3.0142451599703337,3.6327539209062056,2.0297568325222906,5.117800631398941,2.4,34.2,detector,565,2022-01-01 17:16:00,2022-01-01 17:16:00
JUNG,2022-01-02 01:14:00,2022-01-02 03:28:00,2022-01-02 01:14:00,2022-01-02 20:20:00,2022-01-02 20:22:00,0.616190489706803,-2.938593281124211,3.554783770831014,2.120940050955781,2.8332296896564535,2.2333333333333334,19.1,detector,565,2022-01-01 17:16:00,2022-01-01 17:16:00
LMKS,2022-01-05 06:02:00,2022-01-05 09:08:00,2022-01-05 06:02:00,2022-01-06 16:56:00,2022-01-06 17:04:00,0.649528525025379,-2.359617649831655,3.009146174857034,2.041204661830388,3.7339324022973113,3.1,34.9,detector,566,2022-01-08 00:33:00,2022-01-08 00:33:00
APTY,2022-01-06 03:26:00,2022-01-06 06:12:00,2022-01-06 03:26:00,2022-01-07 04:12:00,2022-01-07 04:14:00,0.927810271436784,-3.2362317005356944,4.164041971972479,2.0006581614615575,2.8058240033483504,2.7666666666666666,24.766666666666666,detector,566,2022-01-08 00:33:00,2022-01-08 00:33:00
OULU,2022-01-07 01:00:00,2022-01-07 04:06:00,2022-01-07 01:00:00,2022-01-07 19:12:00,2022-01-07 19:14:00,0.5653874023375385,-4.378050253414274,4.943437655751812,2.0280950106218527,8.350236511287443,3.1,18.2,detector,566,2022-01-08 00:33:00,2022-01-08 00:33:00
JUNG,2022-01-07 03:48:00,2022-01-07 06:22:00,2022-01-07 03:48:00,2022-01-08 12:56:00,2022-01-08 12:58:00,0.873189253615277,-3.1057209064371296,3.978910160052407,2.5529739322514815,4.655539532688365,2.566666666666667,33.13333333333333,detector,566,2022-01-08 00:33:00,2022-01-08 00:33:00
MXCO,2022-01-08 21:18:00,2022-01-08 23:18:00,2022-01-08 21:18:00,2022-01-09 02:52:00,2022-01-09 02:54:00,0.3942239045932524,-3.753021888271801,4.1472457928650535,2.094943958377294,6.135155279003882,2.0,5.566666666666666,detector,566,2022-01-08 00:33:00,2022-01-08 00:33:00
AATB,2022-01-09 08:58:00,2022-01-09 11:26:00,2022-01-09 08:58:00,2022-01-09 15:54:00,2022-01-09 15:56:00,0.3881311665699295,-2.819303338171256,3.2074345047411854,2.074330435039154,7.796051074225571,2.466666666666667,6.933333333333334,detector,566,2022-01-08 00:33:00,2022-01-08 00:33:00
KIEL2,2022-01-09 16:28:00,2022-01-09 18:56:00,2022-01-09 16:28:00,2022-01-09 19:38:00,2022-01-09 19:40:00,0.24367012050320397,-4.733496021894129,4.977166142397333,2.5896109859425755,7.67857808195934,2.466666666666667,3.1666666666666665,detector,566,2022-01-08 00:33:00,2022-01-08 00:33:00
JUNG1,2022-01-09 19:32:00,2022-01-10 00:26:00,2022-01-09 19:32:00,2022-01-09 21:46:00,2022-01-09 21:50:00,-0.3209946561123642,-3.623064414118091,3.302069758005727,2.095169937803397,7.3002731805154975,4.9,2.2333333333333334,detector,566,2022-01-08 00:33:00,2022-01-08 00:33:00
ROME,2022-01-10 23:30:00,2022-01-11 03:26:00,2022-01-10 23:30:00,2022-01-12 06:32:00,2022-01-12 06:36:00,-0.2625837034096242,-8.688115106099653,8.425531402690028,2.5135661820251753,4.9810901492895825,3.933333333333333,31.033333333333335,detector,567,2022-01-10 23:30:00,2022-01-10 23:30:00
OULU,2022-01-14 05:38:00,2022-01-14 07:44:00,2022-01-14 05:38:00,2022-01-14 21:34:00,2022-01-14 21:36:00,0.6199973969713154,-3.5946963054884895,4.214693702459805,2.5735362846167757,10.206987643342044,2.1,15.933333333333334,detector,568,2022-01-16 08:32:00,2022-01-16 08:32:00
ROME,2022-01-15 01:32:00,2022-01-15 04:58:00,2022-01-15 01:32:00,2022-01-15 23:42:00,2022-01-15 23:44:00,0.8125247720967035,-4.443363970011615,5.2558887421083185,2.101115049391379,11.422225524396213,3.433333333333333,22.166666666666668,detector,568,2022-01-16 08:32:00,2022-01-16 08:32:00
DRBS,2022-01-15 22:54:00,2022-01-16 00:58:00,2022-01-15 22:54:00,2022-01-17 01:40:00,2022-01-17 01:42:00,0.9735219735566678,-6.087319898818805,7.060841872375473,2.1527380571025745,3.118928633360309,2.066666666666667,26.766666666666666,detector,568,2022-01-16 08:32:00,2022-01-16 08:32:00
JUNG,2022-01-16 02:34:00,2022-01-16 05:30:00,2022-01-16 02:34:00,2022-01-16 22:42:00,2022-01-16 22:52:00,1.0767043934516827,-3.3294924620387216,4.406196855490404,2.1009583800532186,4.7278230052302375,2.933333333333333,20.133333333333333,detector,568,2022-01-16 08:32:00,2022-01-16 08:32:00
JUNG1,2022-01-16 08:32:00,2022-01-16 10:42:00,2022-01-16 08:32:00,2022-01-17 02:40:00,2022-01-17 02:42:00,0.9648388470410743,-3.2417661222049814,4.206604969246055,2.3299906107466564,4.346917289233309,2.1666666666666665,18.133333333333333,detector,568,2022-01-16 08:32:00,2022-01-16 08:32:00
APTY,2022-01-16 21:34:00,2022-01-17 00:24:00,2022-01-16 21:34:00,2022-01-18 00:00:00,2022-01-18 00:02:00,0.02678769505064585,-3.3609379104395,3.387725605490146,2.2536468313542533,3.7563290144067505,2.8333333333333335,26.433333333333334,detector,568,2022-01-16 08:32:00,2022-01-16 08:32:00
LMKS,2022-01-17 14:02:00,2022-01-17 16:54:00,2022-01-17 14:02:00,2022-01-18 03:42:00,2022-01-18 03:48:00,0.07626125264426015,-3.730878383055304,3.8071396356995644,2.2179343235547644,4.233701130525634,2.8666666666666667,13.666666666666666,detector,568,2022-01-16 08:32:00,2022-01-16 08:32:00
KERG,2022-01-18 08:46:00,2022-01-18 12:08:00,2022-01-18 08:46:00,2022-01-19 20:18:00,2022-01-19 20:20:00,0.22206400908943796,-3.383593858071656,3.605657867161094,2.057589525681962,6.707854426884326,3.3666666666666667,35.53333333333333,detector,568,2022-01-16 08:32:00,2022-01-16 08:32:00
FSMT,2022-01-18 17:10:00,2022-01-18 21:58:00,2022-01-18 17:10:00,2022-01-19 05:54:00,2022-01-19 05:56:00,-0.07608833977139065,-4.132175020467574,4.056086680696183,2.1587569291719597,5.238452119270572,4.8,12.733333333333333,detector,568,2022-01-16 08:32:00,2022-01-16 08:32:00
LMKS,2022-01-20 23:26:00,2022-01-21 01:32:00,2022-01-20 23:26:00,2022-01-22 09:54:00,2022-01-22 09:56:00,0.894262849928755,-2.2065599029760974,3.100822752904852,2.1559133235179013,7.272720670739805,2.1,34.46666666666667,detector,569,2022-01-21 09:11:00,2022-01-21 09:11:00
BKSN,2022-01-21 03:18:00,2022-01-21 06:30:00,2022-01-21 03:18:00,2022-01-21 03:54:00,2022-01-21 03:56:00,0.11457760237107055,-4.241880775078949,4.35645837745002,2.0116843630500307,6.79526251906816,3.2,0.6,detector,569,2022-01-21 09:11:00,2022-01-21 09:11:00
KERG,2022-01-21 07:26:00,2022-01-21 09:30:00,2022-01-21 07:26:00,2022-01-21 21:48:00,2022-01-21 21:50:00,0.19903003540749004,-3.759430535226136,3.9584605706336258,2.1721517727113224,8.291097901094652,2.066666666666667,14.366666666666667,detector,569,2022-01-21 09:11:00,2022-01-21 09:11:00
KIEL2,2022-01-21 10:56:00,2022-01-21 13:34:00,2022-01-21 10:56:00,2022-01-22 03:48:00,2022-01-22 03:50:00,0.32757509695974696,-4.533548796181597,4.861123893141344,2.3358092996431292,6.875024970969926,2.6333333333333333,16.866666666666667,detector,569,2022-01-21 09:11:00,2022-01-21 09:11:00
AATB,2022-01-21 21:56:00,2022-01-21 23:56:00,2022-01-21 21:56:00,2022-01-22 20:14:00,2022-01-22 20:16:00,0.43327729869192133,-2.403776848781904,2.8370541474738253,2.255789371700757,7.596630474448248,2.0,22.3,detector,569,2022-01-21 09:11:00,2022-01-21 09:11:00
OULU,2022-01-22 02:42:00,2022-01-22 05:06:00,2022-01-22 02:42:00,2022-01-23 12:00:00,2022-01-23 12:02:00,0.33202124046652515,-3.9737775582596178,4.305798798726143,2.0278105869748626,6.778155495092278,2.4,33.3,detector,569,2022-01-21 09:11:00,2022-01-21 09:11:00
OULU,2022-01-24 22:30:00,2022-01-25 00:36:00,2022-01-24 22:30:00,2022-01-26 01:42:00,2022-01-26 01:44:00,0.23187243444242425,-4.845414627123517,5.077287061565941,2.302901730177287,6.203974518316461,2.1,27.2,detector,570,2022-01-26 12:02:00,2022-01-26 12:02:00
LMKS,2022-01-25 10:14:00,2022-01-25 12:20:00,2022-01-25 10:14:00,2022-01-26 01:04:00,2022-01-26 01:08:00,0.3576712606696225,-3.0541387441388417,3.4118100048084643,2.1519689184166775,6.251547904029694,2.1,14.833333333333334,detector,570,2022-01-26 12:02:00,2022-01-26 12:02:00
BKSN,2022-01-25 11:10:00,2022-01-25 14:12:00,2022-01-25 11:10:00,2022-01-25 20:50:00,2022-01-25 20:52:00,-0.24638304991715634,-4.422131355617784,4.175748305700628,2.1725607348975644,4.4930668249669585,3.033333333333333,9.666666666666666,detector,570,2022-01-26 12:02:00,2022-01-26 12:02:00
KIEL2,2022-01-25 13:14:00,2022-01-25 15:58:00,2022-01-25 13:14:00,2022-01-26 23:22:00,2022-01-26 23:26:00,0.45367280726481574,-3.985839110593,4.439511917857816,2.0478815071603647,7.772841229401345,2.7333333333333334,34.13333333333333,detector,570,2022-01-26 12:02:00,2022-01-26 12:02:00
JUNG,2022-01-26 12:02:00,2022-01-26 15:34:00,2022-01-26 12:02:00,2022-01-27 22:36:00,2022-01-27 22:38:00,-0.7213074577850291,-4.71397692331112,3.992669465526091,2.0016122976972217,4.120106125698687,3.533333333333333,34.56666666666667,detector,570,2022-01-26 12:02:00,2022-01-26 12:02:00
AATB,2022-01-26 12:12:00,2022-01-26 14:10:00,2022-01-26 12:12:00,2022-01-27 17:20:00,2022-01-27 17:22:00,-0.8628626574063691,-4.919528484361875,4.056665826955506,2.5557178348335237,5.821671065750393,1.9666666666666666,29.133333333333333,detector,570,2022-01-26 12:02:00,2022-01-26 12:02:00
APTY,2022-01-26 13:48:00,2022-01-26 16:24:00,2022-01-26 13:48:00,2022-01-27 17:40:00,2022-01-27 17:42:00,-0.34013217815533836,-4.273738409975889,3.9336062318205505,2.2214281864506304,7.187725844822756,2.6,27.866666666666667,detector,570,2022-01-26 12:02:00,2022-01-26 12:02:00
KERG,2022-01-27 12:24:00,2022-01-27 14:42:00,2022-01-27 12:24:00,2022-01-27 23:42:00,2022-01-27 23:44:00,-0.7606717789786254,-4.990275898594889,4.229604119616264,2.1874542020813097,3.802825183116112,2.3,11.3,detector,570,2022-01-26 12:02:00,2022-01-26 12:02:00
JUNG1,2022-01-27 14:12:00,2022-01-27 17:10:00,2022-01-27 14:12:00,2022-01-27 23:52:00,2022-01-27 23:54:00,-1.200884505010749,-4.720535539399252,3.5196510343885032,2.092919682182618,4.377253470175148,2.966666666666667,9.666666666666666,detector,570,2022-01-26 12:02:00,2022-01-26 12:02:00
LMKS,2022-01-29 12:54:00,2022-01-29 15:46:00,2022-01-29 12:54:00,2022-01-30 22:30:00,2022-01-30 22:32:00,0.04720444358610045,-2.629850661031955,2.6770551046180557,2.256497377096743,7.852281683143736,2.8666666666666667,33.6,detector,571,2022-01-29 20:10:00,2022-01-29 20:10:00
APTY,2022-01-30 03:26:00,2022-01-30 06:00:00,2022-01-30 03:26:00,2022-01-30 17:26:00,2022-01-30 17:28:00,0.5377221440720559,-2.788392694192131,3.3261148382641865,2.054625643669442,9.021457168945616,2.566666666666667,14.0,detector,571,2022-01-29 20:10:00,2022-01-29 20:10:00
NEWK,2022-01-31 17:20:00,2022-01-31 19:54:00,2022-01-31 17:20:00,2022-02-02 04:38:00,2022-02-02 04:40:00,0.4373471035143109,-4.596191726854903,5.0335388303692135,2.136492696230963,3.779769023491641,2.566666666666667,35.3,detector,572,2022-02-01 18:44:00,2022-02-01 18:44:00
FSMT,2022-01-31 22:40:00,2022-02-01 03:06:00,2022-01-31 22:40:00,2022-02-02 07:06:00,2022-02-02 07:10:00,0.6117366289615563,-3.674411694115224,4.28614832307678,2.101508024567554,9.745998010264188,4.433333333333334,32.43333333333333,detector,572,2022-02-01 18:44:00,2022-02-01 18:44:00
APTY,2022-02-01 04:36:00,2022-02-01 08:22:00,2022-02-01 04:36:00,2022-02-02 03:00:00,2022-02-02 03:02:00,0.3704482064192925,-3.4873982423423575,3.85784644876165,2.0193502887860477,7.523230225610818,3.7666666666666666,22.4,detector,572,2022-02-01 18:44:00,2022-02-01 18:44:00
KIEL2,2022-02-01 05:06:00,2022-02-01 10:04:00,2022-02-01 05:06:00,2022-02-02 04:16:00,2022-02-02 04:20:00,0.9666283357172563,-3.773109828943072,4.739738164660328,2.1603445731877455,6.5759144944900845,4.966666666666667,23.166666666666668,detector,572,2022-02-01 18:44:00,2022-02-01 18:44:00
JUNG,2022-02-01 16:08:00,2022-02-01 18:22:00,2022-02-01 16:08:00,2022-02-02 03:06:00,2022-02-02 03:08:00,0.1807177740893306,-4.73313130632218,4.913849080411511,2.2262517234687915,5.773566569780657,2.2333333333333334,10.966666666666667,detector,572,2022-02-01 18:44:00,2022-02-01 18:44:00
OULU,2022-02-01 21:20:00,2022-02-01 23:48:00,2022-02-01 21:20:00,2022-02-02 20:40:00,2022-02-02 20:42:00,0.7127962228134055,-5.364710125326844,6.077506348140249,2.0431495036842975,3.6955751838727906,2.466666666666667,23.333333333333332,detector,572,2022-02-01 18:44:00,2022-02-01 18:44:00
KERG,2022-02-01 23:58:00,2022-02-02 02:12:00,2022-02-01 23:58:00,2022-02-02 13:04:00,2022-02-02 13:06:00,0.45534602766991217,-4.068928204064447,4.524274231734359,2.1650728072093695,5.081325812245412,2.2333333333333334,13.1,detector,572,2022-02-01 18:44:00,2022-02-01 18:44:00
JUNG1,2022-02-02 02:14:00,2022-02-02 04:50:00,2022-02-02 02:14:00,2022-02-02 17:52:00,2022-02-02 17:54:00,-0.8711415765563448,-5.67819990250682,4.807058325950475,2.0871312660029533,7.447874323712844,2.6,15.633333333333333,detector,572,2022-02-01 18:44:00,2022-02-01 18:44:00
DRBS,2022-02-02 02:18:00,2022-02-02 04:54:00,2022-02-02 02:18:00,2022-02-02 21:48:00,2022-02-02 21:50:00,0.1138302401538246,-6.472840338987596,6.586670579141421,2.483352666457753,5.93721458551125,2.6,19.5,detector,572,2022-02-01 18:44:00,2022-02-01 18:44:00
AATB,2022-02-02 06:14:00,2022-02-02 09:56:00,2022-02-02 06:14:00,2022-02-02 15:16:00,2022-02-02 15:18:00,0.14243976002490374,-2.788365095285851,2.930804855310755,2.289479173692458,8.975635460215205,3.7,9.033333333333333,detector,572,2022-02-01 18:44:00,2022-02-01 18:44:00
KIEL2,2022-02-04 12:04:00,2022-02-04 14:44:00,2022-02-04 12:04:00,2022-02-04 12:06:00,2022-02-04 12:12:00,-0.15467091103324815,-13.328573160709713,13.173902249676464,2.5505499977282193,9.74841364293832,2.6666666666666665,0.03333333333333333,detector,573,2022-02-05 05:32:00,2022-02-05 05:32:00
JUNG1,2022-02-04 22:22:00,2022-02-05 01:12:00,2022-02-04 22:22:00,2022-02-05 21:14:00,2022-02-05 21:16:00,1.3868994620323671,-2.3232634727811767,3.710162934813544,2.28188397228749,8.39259397747201,2.8333333333333335,22.866666666666667,detector,573,2022-02-05 05:32:00,2022-02-05 05:32:00
AATB,2022-02-05 05:32:00,2022-02-05 07:38:00,2022-02-05 05:32:00,2022-02-05 16:52:00,2022-02-05 16:54:00,0.3992469538486755,-3.268329883429568,3.6675768372782436,2.05345421046204,3.219178584377873,2.1,11.333333333333334,detector,573,2022-02-05 05:32:00,2022-02-05 05:32:00
LMKS,2022-02-05 18:48:00,2022-02-05 21:28:00,2022-02-05 18:48:00,2022-02-05 20:38:00,2022-02-05 20:40:00,0.4492774768912834,-2.747459786763672,3.1967372636549554,2.31142145543875,6.348442515115135,2.6666666666666665,1.8333333333333333,detector,573,2022-02-05 05:32:00,2022-02-05 05:32:00
BKSN,2022-02-05 21:24:00,2022-02-06 01:22:00,2022-02-05 21:24:00,2022-02-06 16:56:00,2022-02-06 16:58:00,0.33621594893498385,-3.958015461794622,4.294231410729606,2.061382823569881,11.236171090754556,3.966666666666667,19.533333333333335,detector,573,2022-02-05 05:32:00,2022-02-05 05:32:00
LMKS,2022-02-07 22:52:00,2022-02-08 01:00:00,2022-02-07 22:52:00,2022-02-09 00:30:00,2022-02-09 00:40:00,0.2994532972721907,-3.6590526605506577,3.9585059578228483,2.271970967105398,10.890214189949717,2.1333333333333333,25.633333333333333,detector,574,2022-02-09 13:04:00,2022-02-09 13:04:00
KERG,2022-02-08 01:32:00,2022-02-08 04:02:00,2022-02-08 01:32:00,2022-02-08 23:30:00,2022-02-08 23:32:00,0.8700305177658433,-3.328001915889054,4.198032433654897,2.1546684035871593,7.739147820493964,2.5,21.966666666666665,detector,574,2022-02-09 13:04:00,2022-02-09 13:04:00
DRBS,2022-02-09 10:16:00,2022-02-09 12:20:00,2022-02-09 10:16:00,2022-02-09 22:26:00,2022-02-09 22:28:00,0.5963789153171082,-5.743408365843466,6.339787281160574,2.2290213306530196,6.065419649467557,2.066666666666667,12.166666666666666,detector,574,2022-02-09 13:04:00,2022-02-09 13:04:00
OULU,2022-02-09 15:52:00,2022-02-09 19:24:00,2022-02-09 15:52:00,2022-02-10 03:06:00,2022-02-10 03:08:00,0.4997785436452472,-3.9280281550689065,4.4278066987141536,2.382273551461079,10.204550926059952,3.533333333333333,11.233333333333333,detector,574,2022-02-09 13:04:00,2022-02-09 13:04:00
JUNG,2022-02-09 16:02:00,2022-02-09 19:04:00,2022-02-09 16:02:00,2022-02-10 03:38:00,2022-02-10 03:40:00,0.890920585548771,-3.3607314819318077,4.2516520674805784,2.303812664662834,8.778541247154694,3.033333333333333,11.6,detector,574,2022-02-09 13:04:00,2022-02-09 13:04:00
JUNG1,2022-02-09 22:36:00,2022-02-10 01:00:00,2022-02-09 22:36:00,2022-02-10 04:40:00,2022-02-10 04:42:00,1.284797588163352,-2.713258123812512,3.998055711975864,2.4385789319190767,6.291297672482669,2.4,6.066666666666666,detector,574,2022-02-09 13:04:00,2022-02-09 13:04:00
JUNG1,2022-02-10 23:26:00,2022-02-11 02:56:00,2022-02-10 23:26:00,2022-02-11 17:30:00,2022-02-11 17:38:00,0.5976865902322502,-3.701120707933856,4.298807298166106,2.20927571463915,6.097872170032482,3.5,18.066666666666666,detector,575,2022-02-11 13:21:00,2022-02-11 13:21:00
JUNG,2022-02-11 10:48:00,2022-02-11 13:12:00,2022-02-11 10:48:00,2022-02-11 19:10:00,2022-02-11 19:12:00,0.941857315869959,-3.013226513491039,3.955083829360998,2.4424123287605424,5.29229296285942,2.4,8.366666666666667,detector,575,2022-02-11 13:21:00,2022-02-11 13:21:00
BKSN,2022-02-11 15:54:00,2022-02-11 21:16:00,2022-02-11 15:54:00,2022-02-12 10:52:00,2022-02-12 10:54:00,0.3948100872128816,-4.260832408826654,4.655642496039536,2.346809442021744,9.90590189281692,5.366666666666666,18.966666666666665,detector,575,2022-02-11 13:21:00,2022-02-11 13:21:00
LMKS,2022-02-12 20:34:00,2022-02-12 23:06:00,2022-02-12 20:34:00,2022-02-13 10:14:00,2022-02-13 10:16:00,0.22658140898069015,-3.3051910344723328,3.531772443453023,2.17605798551663,5.16644740450738,2.533333333333333,13.666666666666666,detector,575,2022-02-11 13:21:00,2022-02-11 13:21:00
KERG,2022-02-16 10:28:00,2022-02-16 13:14:00,2022-02-16 10:28:00,2022-02-16 20:00:00,2022-02-16 20:04:00,0.7898921177810598,-2.9358278219545877,3.7257199397356473,2.181652428477696,5.534529262552912,2.7666666666666666,9.533333333333333,detector,576,2022-02-16 10:28:00,2022-02-16 10:28:00
APTY,2022-02-20 00:52:00,2022-02-20 03:24:00,2022-02-20 00:52:00,2022-02-20 04:00:00,2022-02-20 04:02:00,0.5705982816289799,-3.878748460869231,4.449346742498211,2.24438656820237,3.2789873181325726,2.533333333333333,3.1333333333333333,detector,577,2022-02-21 07:05:00,2022-02-21 07:05:00
JUNG,2022-02-20 01:44:00,2022-02-20 03:42:00,2022-02-20 01:44:00,2022-02-21 02:48:00,2022-02-21 02:58:00,0.7992536538720303,-3.8173483650835425,4.6166020189555725,2.2774305880513372,7.910032738129274,1.9666666666666666,25.066666666666666,detector,577,2022-02-21 07:05:00,2022-02-21 07:05:00
NEWK,2022-02-20 10:36:00,2022-02-20 13:02:00,2022-02-20 10:36:00,2022-02-21 06:40:00,2022-02-21 06:42:00,0.2347631347291867,-4.790145985401454,5.024909120130641,2.0905646090593732,3.5980418027305685,2.433333333333333,20.066666666666666,detector,577,2022-02-21 07:05:00,2022-02-21 07:05:00
JUNG1,2022-02-20 22:28:00,2022-02-21 01:06:00,2022-02-20 22:28:00,2022-02-21 23:54:00,2022-02-22 00:08:00,-0.0493204059273797,-4.9651956556315975,4.915875249704218,2.0645263759224655,4.852710054632945,2.6333333333333333,25.433333333333334,detector,577,2022-02-21 07:05:00,2022-02-21 07:05:00
KERG,2022-02-21 15:42:00,2022-02-21 17:50:00,2022-02-21 15:42:00,2022-02-22 20:08:00,2022-02-22 20:10:00,-0.11991884454590485,-4.40039570585864,4.280476861312735,2.0811214938240723,3.7244372877662943,2.1333333333333333,28.433333333333334,detector,577,2022-02-21 07:05:00,2022-02-21 07:05:00
LMKS,2022-02-21 19:28:00,2022-02-21 21:32:00,2022-02-21 19:28:00,2022-02-23 00:24:00,2022-02-23 00:26:00,0.12513860095212576,-2.645303905568644,2.7704425065207694,2.1998539137230284,5.863480769312074,2.066666666666667,28.933333333333334,detector,577,2022-02-21 07:05:00,2022-02-21 07:05:00
AATB,2022-02-21 23:56:00,2022-02-22 01:56:00,2022-02-21 23:56:00,2022-02-23 05:08:00,2022-02-23 05:10:00,-0.22151216715924635,-3.3055140493458315,3.0840018821865853,2.2838954131881333,5.747069905867779,2.0,29.2,detector,577,2022-02-21 07:05:00,2022-02-21 07:05:00
ROME,2022-02-22 14:58:00,2022-02-22 17:54:00,2022-02-22 14:58:00,2022-02-23 03:34:00,2022-02-23 03:36:00,0.08207126438525544,-4.390628076392982,4.472699340778237,2.4928439182654363,6.163755378861128,2.933333333333333,12.6,detector,577,2022-02-21 07:05:00,2022-02-21 07:05:00
KERG,2022-02-24 04:48:00,2022-02-24 07:00:00,2022-02-24 04:48:00,2022-02-24 20:22:00,2022-02-24 20:24:00,-0.16407128139131885,-4.459785252751489,4.29571397136017,2.0187276616011296,4.948380063699844,2.2,15.566666666666666,detector,578,2022-02-24 04:48:00,2022-02-24 04:48:00
LMKS,2022-02-26 04:10:00,2022-02-26 06:42:00,2022-02-26 04:10:00,2022-02-26 22:12:00,2022-02-26 22:14:00,0.8150286803945379,-2.800065321519219,3.6150940019137567,2.146233234203726,5.659884348683652,2.533333333333333,18.033333333333335,detector,579,2022-02-28 16:40:00,2022-02-28 16:40:00
KERG,2022-02-26 21:06:00,2022-02-26 23:36:00,2022-02-26 21:06:00,2022-02-28 05:38:00,2022-02-28 05:40:00,0.6857594724688014,-3.491967979369263,4.177727451838065,2.1436250703261663,4.911432670894166,2.5,32.53333333333333,detector,579,2022-02-28 16:40:00,2022-02-28 16:40:00
JUNG1,2022-02-28 16:40:00,2022-02-28 19:22:00,2022-02-28 16:40:00,2022-03-02 00:50:00,2022-03-02 00:52:00,0.7365335403788567,-2.551860006953295,3.2883935473321513,2.223506136519982,5.2873905599304525,2.7,32.166666666666664,detector,579,2022-02-28 16:40:00,2022-02-28 16:40:00
JUNG,2022-02-28 17:32:00,2022-02-28 21:14:00,2022-02-28 17:32:00,2022-03-02 02:08:00,2022-03-02 02:10:00,0.6760787977167458,-2.852830464273434,3.52890926199018,2.547904684326639,5.770160152540316,3.7,32.6,detector,579,2022-02-28 16:40:00,2022-02-28 16:40:00
FSMT,2022-03-02 01:12:00,2022-03-02 03:22:00,2022-03-02 01:12:00,2022-03-03 08:16:00,2022-03-03 08:20:00,0.7117703541422135,-3.009680930285843,3.7214512844280563,2.2549416302493768,3.7867248627273806,2.1666666666666665,31.066666666666666,detector,579,2022-02-28 16:40:00,2022-02-28 16:40:00
KERG,2022-03-04 22:42:00,2022-03-05 00:58:00,2022-03-04 22:42:00,2022-03-06 04:12:00,2022-03-06 04:16:00,0.0489273088675491,-3.883075289443032,3.9320025983105813,2.3510436744654326,4.888888882724662,2.2666666666666666,29.5,detector,580,2022-03-05 09:58:00,2022-03-05 09:58:00
JUNG1,2022-03-05 21:14:00,2022-03-05 23:22:00,2022-03-05 21:14:00,2022-03-07 06:28:00,2022-03-07 06:30:00,0.4487462723978711,-2.3753706526168887,2.82411692501476,2.3173174556387086,10.594164050998252,2.1333333333333333,33.233333333333334,detector,580,2022-03-05 09:58:00,2022-03-05 09:58:00
JUNG1,2022-03-10 20:20:00,2022-03-10 22:32:00,2022-03-10 20:20:00,2022-03-11 08:56:00,2022-03-11 08:58:00,0.2429507338957268,-2.6450517388092813,2.888002472705008,2.050829588483175,3.1445687699491836,2.2,12.6,detector,581,2022-03-10 22:39:00,2022-03-10 22:39:00
APTY,2022-03-11 00:58:00,2022-03-11 03:14:00,2022-03-11 00:58:00,2022-03-11 20:36:00,2022-03-11 20:38:00,0.4822795269855017,-3.574382936862821,4.056662463848323,2.1498167001714172,5.973569931885154,2.2666666666666666,19.633333333333333,detector,581,2022-03-10 22:39:00,2022-03-10 22:39:00
MXCO,2022-03-12 19:10:00,2022-03-12 22:10:00,2022-03-12 19:10:00,2022-03-14 02:42:00,2022-03-14 02:44:00,0.2437649870124851,-5.312264992392314,5.556029979404799,2.669377599631824,8.054416926908802,3.0,31.533333333333335,detector,582,2022-03-12 22:50:00,2022-03-12 22:50:00
APTY,2022-03-12 19:38:00,2022-03-12 23:44:00,2022-03-12 19:38:00,2022-03-14 00:30:00,2022-03-14 01:40:00,0.2009919231121962,-7.761408050706779,7.962399973818975,2.477125187372573,7.143651548687058,4.1,28.866666666666667,detector,582,2022-03-12 22:50:00,2022-03-12 22:50:00
KIEL2,2022-03-12 22:50:00,2022-03-13 01:06:00,2022-03-12 22:50:00,2022-03-14 03:36:00,2022-03-14 03:38:00,0.5335800698684743,-6.944053223880995,7.477633293749469,2.5242474270905095,8.273121773367881,2.2666666666666666,28.766666666666666,detector,582,2022-03-12 22:50:00,2022-03-12 22:50:00
CALM,2022-03-13 02:52:00,2022-03-13 05:46:00,2022-03-13 02:52:00,2022-03-14 07:38:00,2022-03-14 07:42:00,0.60439158134459,-8.471858091147435,9.076249672492025,2.23780443593875,9.499212552590244,2.9,28.766666666666666,detector,582,2022-03-12 22:50:00,2022-03-12 22:50:00
ROME,2022-03-13 10:12:00,2022-03-13 12:16:00,2022-03-13 10:12:00,2022-03-14 03:36:00,2022-03-14 03:38:00,0.4951090873273717,-7.349638035609474,7.8447471229368455,2.228117579068363,7.214530922964103,2.066666666666667,17.4,detector,582,2022-03-12 22:50:00,2022-03-12 22:50:00
ATHN,2022-03-19 12:06:00,2022-03-19 14:38:00,2022-03-19 12:06:00,2022-03-21 00:06:00,2022-03-21 00:08:00,0.9374477358182065,-6.987002613999426,7.924450349817633,2.0182373284786075,3.107535443283075,2.533333333333333,36.0,detector,583,2022-03-20 22:16:00,2022-03-20 22:16:00
JUNG1,2022-03-20 04:26:00,2022-03-20 06:28:00,2022-03-20 04:26:00,2022-03-20 21:24:00,2022-03-20 21:28:00,0.6962133283556984,-3.07045438034583,3.7666677087015286,2.4052059355798843,7.435964697353772,2.033333333333333,16.966666666666665,detector,583,2022-03-20 22:16:00,2022-03-20 22:16:00
KIEL2,2022-03-20 08:14:00,2022-03-20 10:14:00,2022-03-20 08:14:00,2022-03-20 22:24:00,2022-03-20 22:26:00,0.7224509022237384,-4.4019686762219115,5.12441957844565,2.1821701826176287,6.114077024136055,2.0,14.166666666666666,detector,583,2022-03-20 22:16:00,2022-03-20 22:16:00
JUNG,2022-03-20 22:16:00,2022-03-21 00:22:00,2022-03-20 22:16:00,2022-03-21 22:18:00,2022-03-21 22:20:00,0.47743917766759203,-3.2861597505396913,3.7635989282072835,2.2748984734543023,6.137943220584224,2.1,24.033333333333335,detector,583,2022-03-20 22:16:00,2022-03-20 22:16:00
FSMT,2022-03-20 22:26:00,2022-03-21 00:40:00,2022-03-20 22:26:00,2022-03-21 15:46:00,2022-03-21 15:48:00,0.29133423151781046,-2.8088170363074356,3.100151267825246,2.009795829669331,4.144796339489015,2.2333333333333334,17.333333333333332,detector,583,2022-03-20 22:16:00,2022-03-20 22:16:00
OULU,2022-03-20 22:32:00,2022-03-21 01:30:00,2022-03-20 22:32:00,2022-03-21 22:18:00,2022-03-21 22:20:00,0.2769940880122693,-4.565020750094321,4.842014838106591,2.5131159096269475,3.6073789559183314,2.966666666666667,23.766666666666666,detector,583,2022-03-20 22:16:00,2022-03-20 22:16:00
LMKS,2022-03-21 05:52:00,2022-03-21 08:20:00,2022-03-21 05:52:00,2022-03-22 00:26:00,2022-03-22 00:28:00,0.00282316001073105,-2.671654578253635,2.674477738264366,2.2621562318945565,7.0729138278556904,2.466666666666667,18.566666666666666,detector,583,2022-03-20 22:16:00,2022-03-20 22:16:00
BKSN,2022-03-25 01:50:00,2022-03-25 04:22:00,2022-03-25 01:50:00,2022-03-26 00:14:00,2022-03-26 00:16:00,0.6059232644579535,-3.982110267797701,4.588033532255654,2.0936693397814956,3.214825786815916,2.533333333333333,22.4,detector,584,2022-03-25 07:38:00,2022-03-25 07:38:00
KERG,2022-03-25 13:26:00,2022-03-25 15:26:00,2022-03-25 13:26:00,2022-03-25 20:10:00,2022-03-25 20:12:00,-0.12771746363858855,-3.604487297555456,3.4767698339168676,2.0242091386097436,5.883160081902624,2.0,6.733333333333333,detector,584,2022-03-25 07:38:00,2022-03-25 07:38:00
OULU,2022-03-26 14:28:00,2022-03-26 16:30:00,2022-03-26 14:28:00,2022-03-27 15:12:00,2022-03-27 15:14:00,0.446190352860648,-5.359860937232609,5.806051290093257,2.3503858271568614,7.3281825055967325,2.033333333333333,24.733333333333334,detector,585,2022-03-26 22:50:00,2022-03-26 22:50:00
NEWK,2022-03-26 22:50:00,2022-03-27 00:54:00,2022-03-26 22:50:00,2022-03-28 05:44:00,2022-03-28 05:46:00,0.6402456877611219,-4.847750340857443,5.487996028618565,2.1058754808208415,4.388167217151508,2.066666666666667,30.9,detector,585,2022-03-26 22:50:00,2022-03-26 22:50:00
JUNG,2022-03-27 11:50:00,2022-03-27 14:58:00,2022-03-27 11:50:00,2022-03-28 18:18:00,2022-03-28 18:20:00,-0.2401828614951132,-4.715455065130925,4.475272203635812,2.7459872596660326,6.690427409645365,3.1333333333333333,30.466666666666665,detector,585,2022-03-26 22:50:00,2022-03-26 22:50:00
APTY,2022-03-30 03:56:00,2022-03-30 06:00:00,2022-03-30 03:56:00,2022-03-31 11:42:00,2022-03-31 11:46:00,0.4083975461332614,-3.7417477715180065,4.150145317651268,2.0229036346218687,2.853743419679976,2.066666666666667,31.766666666666666,detector,586,2022-03-30 22:36:00,2022-03-30 22:36:00
OULU,2022-03-30 08:32:00,2022-03-30 11:38:00,2022-03-30 08:32:00,2022-03-31 16:48:00,2022-03-31 16:50:00,0.3263587059881443,-6.230610017346253,6.556968723334397,2.331194685688982,11.380228670999603,3.1,32.266666666666666,detector,586,2022-03-30 22:36:00,2022-03-30 22:36:00
JUNG,2022-03-30 09:12:00,2022-03-30 11:30:00,2022-03-30 09:12:00,2022-03-31 18:28:00,2022-03-31 18:30:00,0.28367026621435915,-4.708991165313969,4.992661431528328,2.497047219301033,6.396720699263188,2.3,33.266666666666666,detector,586,2022-03-30 22:36:00,2022-03-30 22:36:00
FSMT,2022-03-30 11:30:00,2022-03-30 13:28:00,2022-03-30 11:30:00,2022-03-31 18:40:00,2022-03-31 18:44:00,0.1951097235934682,-3.915841358221903,4.110951081815371,2.294583263925973,6.538356702805726,1.9666666666666666,31.166666666666668,detector,586,2022-03-30 22:36:00,2022-03-30 22:36:00
NEWK,2022-03-30 22:02:00,2022-03-31 00:02:00,2022-03-30 22:02:00,2022-04-01 06:06:00,2022-04-01 06:08:00,0.012737555408361651,-6.007067137809196,6.019804693217558,2.10684183813256,6.708104455915391,2.0,32.06666666666667,detector,586,2022-03-30 22:36:00,2022-03-30 22:36:00
BKSN,2022-03-30 23:10:00,2022-03-31 01:18:00,2022-03-30 23:10:00,2022-03-31 20:32:00,2022-03-31 20:36:00,0.20343742132325945,-4.836700857548576,5.040138278871835,2.0255780867362825,2.983073029169637,2.1333333333333333,21.366666666666667,detector,586,2022-03-30 22:36:00,2022-03-30 22:36:00
ROME,2022-03-31 00:06:00,2022-03-31 02:04:00,2022-03-31 00:06:00,2022-03-31 19:30:00,2022-03-31 19:32:00,0.16462655781423335,-4.8481073537644,5.012733911578633,2.212804581184081,5.372637166330341,1.9666666666666666,19.4,detector,586,2022-03-30 22:36:00,2022-03-30 22:36:00
DRBS,2022-03-31 06:46:00,2022-03-31 09:30:00,2022-03-31 06:46:00,2022-03-31 06:52:00,2022-03-31 07:04:00,2.9314619715536354,-19.80178967327022,22.733251644823856,2.103167322102438,9.552679239045435,2.7333333333333334,0.1,detector,586,2022-03-30 22:36:00,2022-03-30 22:36:00
AATB,2022-03-31 10:10:00,2022-03-31 12:50:00,2022-03-31 10:10:00,2022-03-31 20:02:00,2022-03-31 20:04:00,0.22038822374622363,-3.3415704643529067,3.5619586880991303,2.1659024666407114,4.9866419361585494,2.6666666666666665,9.866666666666667,detector,586,2022-03-30 22:36:00,2022-03-30 22:36:00
LMKS,2022-03-31 23:50:00,2022-04-01 03:14:00,2022-03-31 23:50:00,2022-04-01 22:40:00,2022-04-01 22:48:00,-0.8460431575621311,-4.697045460655427,3.8510023030932956,2.0785715729255583,6.591144984109841,3.4,22.833333333333332,detector,586,2022-03-30 22:36:00,2022-03-30 22:36:00
JUNG,2022-04-03 16:20:00,2022-04-03 19:26:00,2022-04-03 16:20:00,2022-04-05 02:52:00,2022-04-05 02:54:00,0.0451634345006364,-3.8233050341153274,3.868468468615964,2.2429744651209846,9.5450402957065,3.1,34.53333333333333,detector,587,2022-04-03 16:20:00,2022-04-03 16:20:00
KERG,2022-04-07 03:06:00,2022-04-07 05:30:00,2022-04-07 03:06:00,2022-04-08 05:58:00,2022-04-08 06:04:00,1.0252031831483437,-4.428729805073887,5.453932988222231,2.096110094319054,12.867579580901468,2.4,26.866666666666667,detector,588,2022-04-07 21:50:00,2022-04-07 21:50:00
JUNG1,2022-04-07 07:58:00,2022-04-07 10:22:00,2022-04-07 07:58:00,2022-04-07 12:34:00,2022-04-07 12:40:00,0.9290529318526239,-4.637893883361115,5.566946815213739,2.3695000482983137,4.98484010403042,2.4,4.6,detector,588,2022-04-07 21:50:00,2022-04-07 21:50:00
KIEL2,2022-04-07 14:54:00,2022-04-07 18:06:00,2022-04-07 14:54:00,2022-04-08 18:56:00,2022-04-08 19:00:00,1.5743482605084136,-3.9260883316268735,5.500436592135287,2.220379263286402,4.103013681085804,3.2,28.033333333333335,detector,588,2022-04-07 21:50:00,2022-04-07 21:50:00
FSMT,2022-04-07 21:50:00,2022-04-08 01:14:00,2022-04-07 21:50:00,2022-04-08 15:56:00,2022-04-08 16:02:00,0.818461376691817,-3.0256720230831613,3.8441333997749783,2.1429595317614645,9.60438681017835,3.4,18.1,detector,588,2022-04-07 21:50:00,2022-04-07 21:50:00
BKSN,2022-04-07 22:12:00,2022-04-08 02:18:00,2022-04-07 22:12:00,2022-04-08 19:10:00,2022-04-08 19:12:00,1.0819717694705264,-4.91891252022255,6.000884289693077,2.521189379446825,5.510171725490453,4.1,20.966666666666665,detector,588,2022-04-07 21:50:00,2022-04-07 21:50:00
JUNG,2022-04-08 02:30:00,2022-04-08 05:46:00,2022-04-08 02:30:00,2022-04-08 20:00:00,2022-04-08 20:02:00,0.480644330949986,-3.865542115734357,4.346186446684343,2.1128119960156755,3.4528812215685596,3.2666666666666666,17.5,detector,588,2022-04-07 21:50:00,2022-04-07 21:50:00
OULU,2022-04-08 16:30:00,2022-04-08 18:40:00,2022-04-08 16:30:00,2022-04-08 19:24:00,2022-04-08 19:26:00,-0.17316473574805946,-5.506095986299319,5.332931250551259,2.464446624220572,6.677195300375116,2.1666666666666665,2.9,detector,588,2022-04-07 21:50:00,2022-04-07 21:50:00
ATHN,2022-04-09 19:24:00,2022-04-09 21:38:00,2022-04-09 19:24:00,2022-04-10 14:32:00,2022-04-10 14:34:00,0.7567823761287118,-6.18028284924546,6.937065225374171,2.008580384868514,5.449337152997416,2.2333333333333334,19.133333333333333,detector,589,2022-04-09 23:20:00,2022-04-09 23:20:00
JUNG1,2022-04-09 23:20:00,2022-04-10 01:44:00,2022-04-09 23:20:00,2022-04-10 00:58:00,2022-04-10 01:00:00,-0.23697517316486216,-3.2968063287430422,3.05983115557818,2.441203669593826,2.842833414762247,2.4,1.6333333333333333,detector,589,2022-04-09 23:20:00,2022-04-09 23:20:00
LMKS,2022-04-10 08:32:00,2022-04-10 11:12:00,2022-04-10 08:32:00,2022-04-10 23:00:00,2022-04-10 23:04:00,0.1649313058814533,-2.2209063885062115,2.3858376943876647,2.0408805976408377,6.00919847587647,2.6666666666666665,14.466666666666667,detector,589,2022-04-09 23:20:00,2022-04-09 23:20:00
FSMT,2022-04-13 20:44:00,2022-04-13 23:36:00,2022-04-13 20:44:00,2022-04-15 01:56:00,2022-04-15 01:58:00,0.3250761720298576,-3.2823202296719898,3.6073964017018474,2.188954415739865,5.4103908950403,2.8666666666666667,29.2,detector,590,2022-04-14 10:33:00,2022-04-14 10:33:00
APTY,2022-04-14 02:38:00,2022-04-14 05:30:00,2022-04-14 02:38:00,2022-04-14 21:42:00,2022-04-14 21:44:00,-0.2639716886392913,-4.417970480013145,4.153998791373854,2.432473175218646,7.225645629441154,2.8666666666666667,19.066666666666666,detector,590,2022-04-14 10:33:00,2022-04-14 10:33:00
KERG,2022-04-14 18:28:00,2022-04-14 23:00:00,2022-04-14 18:28:00,2022-04-15 16:30:00,2022-04-15 16:32:00,0.35152439309914835,-4.77423566065243,5.125760053751578,2.15243676260768,8.516513593600306,4.533333333333333,22.033333333333335,detector,590,2022-04-14 10:33:00,2022-04-14 10:33:00
LMKS,2022-04-15 21:16:00,2022-04-15 23:26:00,2022-04-15 21:16:00,2022-04-17 05:24:00,2022-04-17 05:26:00,2.2293058114363227,-2.852743195286547,5.08204900672287,2.356516796716067,5.741177762298957,2.1666666666666665,32.13333333333333,detector,590,2022-04-14 10:33:00,2022-04-14 10:33:00
LMKS,2022-04-19 06:20:00,2022-04-19 08:26:00,2022-04-19 06:20:00,2022-04-19 15:14:00,2022-04-19 15:16:00,-0.4031374687854533,-3.037291186230951,2.6341537174454976,2.1102811598949787,8.553967232294136,2.1,8.9,detector,591,2022-04-19 06:20:00,2022-04-19 06:20:00
NEWK,2022-04-20 19:36:00,2022-04-20 22:48:00,2022-04-20 19:36:00,2022-04-21 23:48:00,2022-04-21 23:50:00,0.529207569384608,-6.748808437278168,7.278016006662776,2.5564427046119955,7.430589929542688,3.2,28.2,detector,592,2022-04-21 04:18:00,2022-04-21 04:18:00
JUNG,2022-04-20 23:12:00,2022-04-21 01:26:00,2022-04-20 23:12:00,2022-04-21 22:06:00,2022-04-21 22:10:00,0.6389157503140745,-4.7013685387148465,5.340284289028921,2.450765989730569,6.825787521377518,2.2333333333333334,22.9,detector,592,2022-04-21 04:18:00,2022-04-21 04:18:00
APTY,2022-04-21 01:58:00,2022-04-21 04:06:00,2022-04-21 01:58:00,2022-04-21 22:50:00,2022-04-21 22:58:00,0.37538394277561427,-4.785709897058091,5.161093839833705,2.0481888997278515,3.1495684563345447,2.1333333333333333,20.866666666666667,detector,592,2022-04-21 04:18:00,2022-04-21 04:18:00
AATB,2022-04-21 06:38:00,2022-04-21 09:18:00,2022-04-21 06:38:00,2022-04-21 19:18:00,2022-04-21 19:20:00,0.32370110396418983,-3.182956483867465,3.506657587831655,2.498352193573669,10.300600410230036,2.6666666666666665,12.666666666666666,detector,592,2022-04-21 04:18:00,2022-04-21 04:18:00
MXCO,2022-04-21 09:20:00,2022-04-21 12:26:00,2022-04-21 09:20:00,2022-04-22 00:36:00,2022-04-22 00:38:00,0.13324139624248946,-4.329149841754885,4.462391237997374,2.1866937600956335,4.317016726287572,3.1,15.266666666666667,detector,592,2022-04-21 04:18:00,2022-04-21 04:18:00
LMKS,2022-04-21 12:22:00,2022-04-21 15:22:00,2022-04-21 12:22:00,2022-04-22 23:00:00,2022-04-22 23:24:00,2.805010875729369,-2.46429822837169,5.269309104101058,2.1073000036513707,8.421948597340371,3.0,34.63333333333333,detector,592,2022-04-21 04:18:00,2022-04-21 04:18:00
JUNG1,2022-04-24 11:30:00,2022-04-24 14:50:00,2022-04-24 11:30:00,2022-04-24 16:48:00,2022-04-24 16:50:00,-0.9745456530156063,-4.068953662549412,3.0944080095338062,2.1953550814920533,6.576504018421653,3.3333333333333335,5.3,detector,593,2022-04-24 11:30:00,2022-04-24 11:30:00
LMKS,2022-04-26 14:08:00,2022-04-26 16:16:00,2022-04-26 14:08:00,2022-04-27 12:26:00,2022-04-27 12:28:00,0.641572816232062,-2.5724514791784516,3.2140242954105136,2.444725774535029,10.141533415808109,2.1333333333333333,22.3,detector,594,2022-04-28 08:42:00,2022-04-28 08:42:00
KERG,2022-04-27 22:38:00,2022-04-28 00:58:00,2022-04-27 22:38:00,2022-04-28 18:12:00,2022-04-28 18:14:00,0.18252621887010057,-4.429382845687568,4.611909064557669,2.020977555984934,4.623016792793104,2.3333333333333335,19.566666666666666,detector,594,2022-04-28 08:42:00,2022-04-28 08:42:00
APTY,2022-04-28 08:42:00,2022-04-28 11:14:00,2022-04-28 08:42:00,2022-04-29 11:26:00,2022-04-29 11:28:00,0.3331467728454295,-9.59711758925647,9.9302643621019,2.2248640109241107,4.344215884229838,2.533333333333333,26.733333333333334,detector,594,2022-04-28 08:42:00,2022-04-28 08:42:00
JUNG1,2022-04-28 13:24:00,2022-04-28 15:26:00,2022-04-28 13:24:00,2022-04-29 04:50:00,2022-04-29 04:54:00,0.6599611949912456,-2.5525507878863887,3.2125119828776345,2.13679768547945,2.791694557437518,2.033333333333333,15.433333333333334,detector,594,2022-04-28 08:42:00,2022-04-28 08:42:00
JUNG,2022-04-28 22:20:00,2022-04-29 04:38:00,2022-04-28 22:20:00,2022-04-30 03:30:00,2022-04-30 03:32:00,0.3907432272950153,-4.6593214173412925,5.050064644636308,2.0764117454982247,5.823156845826776,6.3,29.166666666666668,detector,594,2022-04-28 08:42:00,2022-04-28 08:42:00
JUNG,2022-04-30 17:28:00,2022-04-30 20:32:00,2022-04-30 17:28:00,2022-04-30 22:30:00,2022-04-30 22:36:00,-0.5019714217669466,-4.8131515587959965,4.31118013702905,2.052385142897632,5.033620998060783,3.066666666666667,5.033333333333333,detector,595,2022-04-30 17:28:00,2022-04-30 17:28:00
AATB,2022-05-04 17:16:00,2022-05-04 19:14:00,2022-05-04 17:16:00,2022-05-06 00:18:00,2022-05-06 00:20:00,0.3844853976756085,-2.897886614000043,3.2823720116756516,2.26965111549346,4.3253322938274,1.9666666666666666,31.033333333333335,detector,596,2022-05-04 17:16:00,2022-05-04 17:16:00
JUNG,2022-05-08 10:36:00,2022-05-08 13:00:00,2022-05-08 10:36:00,2022-05-09 00:44:00,2022-05-09 00:46:00,0.4261013074678149,-4.5770551696685535,5.003156477136368,2.031020312442676,3.116268465558317,2.4,14.133333333333333,detector,597,2022-05-08 11:32:00,2022-05-08 11:32:00
KERG,2022-05-08 12:28:00,2022-05-08 15:52:00,2022-05-08 12:28:00,2022-05-09 23:00:00,2022-05-09 23:02:00,0.7531259072017669,-3.9563230286874784,4.709448935889245,2.081488538575132,21.96889342587111,3.4,34.53333333333333,detector,597,2022-05-08 11:32:00,2022-05-08 11:32:00
BKSN,2022-05-11 17:18:00,2022-05-11 19:38:00,2022-05-11 17:18:00,2022-05-12 20:44:00,2022-05-12 20:46:00,0.19994456982536002,-4.959809938626019,5.159754508451378,2.155930436759843,5.6552832748299995,2.3333333333333335,27.433333333333334,detector,598,2022-05-13 23:32:00,2022-05-13 23:32:00
LMKS,2022-05-11 21:28:00,2022-05-12 02:08:00,2022-05-11 21:28:00,2022-05-12 12:10:00,2022-05-12 12:12:00,0.5672545707183083,-2.380536036181912,2.94779060690022,2.042906523451401,9.342398713452726,4.666666666666667,14.7,detector,598,2022-05-13 23:32:00,2022-05-13 23:32:00
AATB,2022-05-13 14:28:00,2022-05-13 17:28:00,2022-05-13 14:28:00,2022-05-14 18:34:00,2022-05-14 18:36:00,-0.1357530264089537,-3.730330484539496,3.5945774581305425,2.2420724055109136,8.49545485128704,3.0,28.1,detector,598,2022-05-13 23:32:00,2022-05-13 23:32:00
ATHN,2022-05-14 08:36:00,2022-05-14 11:34:00,2022-05-14 08:36:00,2022-05-14 15:04:00,2022-05-14 15:06:00,0.3506974960341548,-6.825432487081553,7.1761299831157075,2.1985250493677606,8.118922521199064,2.966666666666667,6.466666666666667,detector,598,2022-05-13 23:32:00,2022-05-13 23:32:00
JUNG,2022-05-14 14:12:00,2022-05-14 17:00:00,2022-05-14 14:12:00,2022-05-15 21:54:00,2022-05-15 21:58:00,0.4365830755209955,-4.315652050166762,4.752235125687758,2.0138147522757226,7.248944669211234,2.8,31.7,detector,598,2022-05-13 23:32:00,2022-05-13 23:32:00
JUNG1,2022-05-14 18:58:00,2022-05-14 21:40:00,2022-05-14 18:58:00,2022-05-14 21:42:00,2022-05-14 21:46:00,1.179282003035824,-2.6663843308836777,3.8456663339195014,2.061612418553158,5.142871070500807,2.7,2.7333333333333334,detector,598,2022-05-13 23:32:00,2022-05-13 23:32:00
JUNG1,2022-05-16 19:02:00,2022-05-16 21:28:00,2022-05-16 19:02:00,2022-05-17 03:34:00,2022-05-17 03:36:00,0.2016323728017598,-3.0803753306129704,3.28200770341473,2.0610027842970826,7.8192594782021905,2.433333333333333,8.533333333333333,detector,599,2022-05-16 19:02:00,2022-05-16 19:02:00
ROME,2022-05-18 10:06:00,2022-05-18 12:08:00,2022-05-18 10:06:00,2022-05-19 20:48:00,2022-05-19 20:52:00,0.1595353825517278,-5.332196393136921,5.491731775688649,2.023935829286065,3.24632339846782,2.033333333333333,34.7,detector,600,2022-05-19 06:00:00,2022-05-19 06:00:00
JUNG1,2022-05-18 21:00:00,2022-05-19 00:06:00,2022-05-18 21:00:00,2022-05-20 01:24:00,2022-05-20 01:28:00,0.5888833216138647,-4.047056341271689,4.635939662885553,2.272009229014307,4.962182553794646,3.1,28.4,detector,600,2022-05-19 06:00:00,2022-05-19 06:00:00
NEWK,2022-05-18 23:56:00,2022-05-19 02:54:00,2022-05-18 23:56:00,2022-05-20 03:40:00,2022-05-20 03:42:00,0.2058486807773754,-6.274611398963738,6.480460079741113,2.0000968554899026,4.900587679340425,2.966666666666667,27.733333333333334,detector,600,2022-05-19 06:00:00,2022-05-19 06:00:00
MXCO,2022-05-19 01:06:00,2022-05-19 03:34:00,2022-05-19 01:06:00,2022-05-20 12:30:00,2022-05-20 12:32:00,0.0854338516797261,-4.536194215561579,4.621628067241305,2.404000526304346,7.356355665880621,2.466666666666667,35.4,detector,600,2022-05-19 06:00:00,2022-05-19 06:00:00
AATB,2022-05-19 06:00:00,2022-05-19 08:22:00,2022-05-19 06:00:00,2022-05-19 21:04:00,2022-05-19 21:08:00,-0.11050539607072721,-3.686500036865001,3.5759946407942738,2.4553794078582625,5.1817105631178055,2.3666666666666667,15.066666666666666,detector,600,2022-05-19 06:00:00,2022-05-19 06:00:00
JUNG,2022-05-19 09:30:00,2022-05-19 13:40:00,2022-05-19 09:30:00,2022-05-20 19:10:00,2022-05-20 19:12:00,0.02298717408500675,-6.601197829520407,6.6241850036054135,2.160249312527562,8.550382675395712,4.166666666666667,33.666666666666664,detector,600,2022-05-19 06:00:00,2022-05-19 06:00:00
KERG,2022-05-19 10:42:00,2022-05-19 13:14:00,2022-05-19 10:42:00,2022-05-20 20:28:00,2022-05-20 20:34:00,-0.11521234317680755,-5.167206561142506,5.0519942179656985,2.694740985661627,11.144645454553348,2.533333333333333,33.766666666666666,detector,600,2022-05-19 06:00:00,2022-05-19 06:00:00
FSMT,2022-05-19 22:04:00,2022-05-20 00:34:00,2022-05-19 22:04:00,2022-05-20 08:14:00,2022-05-20 08:20:00,-0.4486601034890706,-5.147571328998932,4.698911225509861,2.1927156946594453,5.695245062746188,2.5,10.166666666666666,detector,600,2022-05-19 06:00:00,2022-05-19 06:00:00
LMKS,2022-05-20 05:58:00,2022-05-20 09:14:00,2022-05-20 05:58:00,2022-05-21 01:00:00,2022-05-21 01:26:00,-0.8854222733345812,-4.881467553934741,3.99604528060016,2.2142082756003485,5.752046192269609,3.2666666666666666,19.033333333333335,detector,600,2022-05-19 06:00:00,2022-05-19 06:00:00
KERG,2022-05-24 12:28:00,2022-05-24 14:58:00,2022-05-24 12:28:00,2022-05-25 22:16:00,2022-05-25 22:20:00,1.382125768448954,-2.7563395810363764,4.1384653494853305,2.099309573079891,6.778616021100018,2.5,33.8,detector,601,2022-05-25 21:24:00,2022-05-25 21:24:00
KIEL2,2022-05-25 01:10:00,2022-05-25 06:14:00,2022-05-25 01:10:00,2022-05-26 04:14:00,2022-05-26 04:16:00,1.3048075861791943,-3.1935232096771107,4.498330795856305,2.104925939750095,7.004555462614485,5.066666666666666,27.066666666666666,detector,601,2022-05-25 21:24:00,2022-05-25 21:24:00
JUNG1,2022-05-25 13:40:00,2022-05-25 16:00:00,2022-05-25 13:40:00,2022-05-26 06:46:00,2022-05-26 06:48:00,1.1133416790292414,-2.310724600882332,3.4240662799115733,2.029696864108174,3.116779020336085,2.3333333333333335,17.1,detector,601,2022-05-25 21:24:00,2022-05-25 21:24:00
LMKS,2022-05-25 17:00:00,2022-05-25 22:06:00,2022-05-25 17:00:00,2022-05-25 23:38:00,2022-05-25 23:40:00,0.9414843201826416,-2.5343608827328845,3.4758452029155262,2.0346229622636898,8.866583834603226,5.1,6.633333333333334,detector,601,2022-05-25 21:24:00,2022-05-25 21:24:00
ATHN,2022-05-25 19:36:00,2022-05-25 22:22:00,2022-05-25 19:36:00,2022-05-26 03:42:00,2022-05-26 03:44:00,0.9968853096475024,-6.054521444981099,7.0514067546286014,2.4835154229638303,6.003466322739393,2.7666666666666666,8.1,detector,601,2022-05-25 21:24:00,2022-05-25 21:24:00
ROME,2022-05-25 20:12:00,2022-05-25 22:48:00,2022-05-25 20:12:00,2022-05-27 00:58:00,2022-05-27 01:00:00,0.7188444359391392,-4.229674329349999,4.948518765289138,2.105058553847732,8.31449009566935,2.6,28.766666666666666,detector,601,2022-05-25 21:24:00,2022-05-25 21:24:00
DRBS,2022-05-25 21:24:00,2022-05-26 02:32:00,2022-05-25 21:24:00,2022-05-27 08:58:00,2022-05-27 09:00:00,1.2239524220275106,-6.021720337151501,7.245672759179011,2.05982151098057,10.447621314314254,5.133333333333334,35.56666666666667,detector,601,2022-05-25 21:24:00,2022-05-25 21:24:00
JUNG,2022-05-27 01:42:00,2022-05-27 04:06:00,2022-05-27 01:42:00,2022-05-28 06:54:00,2022-05-28 06:56:00,-0.0643497900336556,-4.453438793795955,4.3890890037623,2.41638311918452,5.243895493734153,2.4,29.2,detector,601,2022-05-25 21:24:00,2022-05-25 21:24:00
AATB,2022-05-27 09:38:00,2022-05-27 11:42:00,2022-05-27 09:38:00,2022-05-28 14:42:00,2022-05-28 14:46:00,0.07713216151751354,-3.7461436756280295,3.823275837145543,2.1962164184754465,6.325094704108632,2.066666666666667,29.066666666666666,detector,601,2022-05-25 21:24:00,2022-05-25 21:24:00
MXCO,2022-05-27 16:14:00,2022-05-27 19:46:00,2022-05-27 16:14:00,2022-05-29 00:00:00,2022-05-29 00:04:00,0.1266170302689791,-3.768708566775542,3.895325597044521,2.0469900696876713,5.27809271640218,3.533333333333333,31.766666666666666,detector,601,2022-05-25 21:24:00,2022-05-25 21:24:00
NEWK,2022-05-27 16:50:00,2022-05-27 19:20:00,2022-05-27 16:50:00,2022-05-28 06:24:00,2022-05-28 06:26:00,-0.20417617809596905,-6.167275364571192,5.9630991864752225,2.0943240560756218,4.333175344581224,2.5,13.566666666666666,detector,601,2022-05-25 21:24:00,2022-05-25 21:24:00
BKSN,2022-05-28 05:30:00,2022-05-28 09:44:00,2022-05-28 05:30:00,2022-05-28 20:42:00,2022-05-28 20:44:00,-0.791589140487245,-5.278912438106388,4.487323297619143,2.154145741144638,8.57258226403263,4.233333333333333,15.2,detector,601,2022-05-25 21:24:00,2022-05-25 21:24:00
OULU,2022-05-28 13:24:00,2022-05-28 15:32:00,2022-05-28 13:24:00,2022-05-28 20:24:00,2022-05-28 20:28:00,-1.0557096227367773,-5.8718566619451575,4.8161470392083805,2.013993106305676,8.982299899877106,2.1333333333333333,7.0,detector,601,2022-05-25 21:24:00,2022-05-25 21:24:00
KERG,2022-05-30 06:20:00,2022-05-30 08:22:00,2022-05-30 06:20:00,2022-05-30 19:12:00,2022-05-30 19:14:00,-0.5857707876397362,-4.277254272243167,3.6914834846034306,2.11194421881922,6.43949998547183,2.033333333333333,12.866666666666667,detector,602,2022-05-30 06:20:00,2022-05-30 06:20:00
KERG,2022-06-02 09:50:00,2022-06-02 14:22:00,2022-06-02 09:50:00,2022-06-02 23:36:00,2022-06-02 23:38:00,0.1770402810228246,-2.286968046599173,2.4640083276219973,2.157166293603408,6.639744802617668,4.533333333333333,13.766666666666667,detector,603,2022-06-02 09:50:00,2022-06-02 09:50:00
JUNG1,2022-06-06 05:52:00,2022-06-06 08:36:00,2022-06-06 05:52:00,2022-06-07 05:26:00,2022-06-07 05:28:00,-0.01569738616563365,-3.7288449731833615,3.713147587017728,2.513598436551452,5.882599557879521,2.7333333333333334,23.566666666666666,detector,604,2022-06-06 08:26:00,2022-06-06 08:26:00
DRBS,2022-06-06 11:00:00,2022-06-06 13:40:00,2022-06-06 11:00:00,2022-06-07 04:00:00,2022-06-07 04:02:00,0.7628283188345497,-5.900635229327779,6.663463548162329,2.074272048844733,3.724653972585982,2.6666666666666665,17.0,detector,604,2022-06-06 08:26:00,2022-06-06 08:26:00
JUNG1,2022-06-08 15:48:00,2022-06-08 18:32:00,2022-06-08 15:48:00,2022-06-10 01:34:00,2022-06-10 01:36:00,0.07305324895471135,-3.489709400028737,3.5627626489834485,2.735363347730376,4.876765831121326,2.7333333333333334,33.766666666666666,detector,605,2022-06-10 22:34:00,2022-06-10 22:34:00
LMKS,2022-06-10 04:04:00,2022-06-10 07:28:00,2022-06-10 04:04:00,2022-06-11 01:30:00,2022-06-11 01:34:00,1.0905037865077358,-2.7346276238077576,3.8251314103154934,2.0412994388133168,5.249619117414412,3.4,21.433333333333334,detector,605,2022-06-10 22:34:00,2022-06-10 22:34:00
OULU,2022-06-10 11:56:00,2022-06-10 14:52:00,2022-06-10 11:56:00,2022-06-11 23:38:00,2022-06-11 23:40:00,1.0041587748071983,-5.598208426453237,6.602367201260435,2.0755964140741057,3.825062529810252,2.933333333333333,35.7,detector,605,2022-06-10 22:34:00,2022-06-10 22:34:00
NEWK,2022-06-10 22:34:00,2022-06-11 00:40:00,2022-06-10 22:34:00,2022-06-12 01:02:00,2022-06-12 01:04:00,1.6052203962091356,-5.142798543813773,6.7480189400229085,2.1830440905347324,10.123422969672555,2.1,26.466666666666665,detector,605,2022-06-10 22:34:00,2022-06-10 22:34:00
DRBS,2022-06-11 07:14:00,2022-06-11 10:18:00,2022-06-11 07:14:00,2022-06-12 01:10:00,2022-06-12 01:12:00,1.0476217848523652,-6.614056543979151,7.661678328831517,2.10724484165156,3.1154804181645597,3.066666666666667,17.933333333333334,detector,605,2022-06-10 22:34:00,2022-06-10 22:34:00
KERG,2022-06-12 02:30:00,2022-06-12 05:34:00,2022-06-12 02:30:00,2022-06-12 05:06:00,2022-06-12 05:10:00,0.30641498995499017,-3.2538383180824337,3.560253308037424,2.3757644291160256,6.042167321569691,3.066666666666667,2.6,detector,605,2022-06-10 22:34:00,2022-06-10 22:34:00
FSMT,2022-06-12 03:02:00,2022-06-12 05:20:00,2022-06-12 03:02:00,2022-06-13 14:12:00,2022-06-13 14:14:00,0.23534690990591955,-3.373733719247471,3.6090806291533903,2.2970652964246963,5.605085898308203,2.3,35.166666666666664,detector,605,2022-06-10 22:34:00,2022-06-10 22:34:00
KIEL2,2022-06-14 11:20:00,2022-06-14 15:22:00,2022-06-14 11:20:00,2022-06-15 21:40:00,2022-06-15 21:42:00,-0.1900550091447323,-5.719715749462905,5.529660740318173,2.0039365585274376,6.411729661518852,4.033333333333333,34.333333333333336,detector,606,2022-06-14 19:41:00,2022-06-14 19:41:00
FSMT,2022-06-14 14:28:00,2022-06-14 16:34:00,2022-06-14 14:28:00,2022-06-15 10:00:00,2022-06-15 10:02:00,-0.1437578673554111,-5.3917783329548055,5.248020465599394,2.177941680543707,4.527953441511111,2.1,19.533333333333335,detector,606,2022-06-14 19:41:00,2022-06-14 19:41:00
BKSN,2022-06-14 18:16:00,2022-06-14 20:18:00,2022-06-14 18:16:00,2022-06-15 20:02:00,2022-06-15 20:06:00,-0.20204820447813276,-6.649904909260868,6.447856704782735,2.101481686854738,3.6496341990066368,2.033333333333333,25.766666666666666,detector,606,2022-06-14 19:41:00,2022-06-14 19:41:00
DRBS,2022-06-14 18:24:00,2022-06-14 20:40:00,2022-06-14 18:24:00,2022-06-15 17:54:00,2022-06-15 17:56:00,-0.1816154786736531,-7.457716080106421,7.276100601432767,2.1492419922181356,9.43234241198333,2.2666666666666666,23.5,detector,606,2022-06-14 19:41:00,2022-06-14 19:41:00
ROME,2022-06-14 20:58:00,2022-06-15 00:06:00,2022-06-14 20:58:00,2022-06-15 23:14:00,2022-06-15 23:18:00,-0.14962402015873605,-6.108973028217379,5.959349008058643,2.062256540144459,11.5576256547061,3.1333333333333333,26.266666666666666,detector,606,2022-06-14 19:41:00,2022-06-14 19:41:00
AATB,2022-06-15 11:48:00,2022-06-15 13:52:00,2022-06-15 11:48:00,2022-06-16 04:42:00,2022-06-16 04:44:00,-0.5514589953340105,-4.557710064635276,4.006251069301266,2.171983683185468,6.689263484082758,2.066666666666667,16.9,detector,606,2022-06-14 19:41:00,2022-06-14 19:41:00
JUNG1,2022-06-15 12:48:00,2022-06-15 15:08:00,2022-06-15 12:48:00,2022-06-15 22:08:00,2022-06-15 22:10:00,0.28694640654804554,-5.288728002211829,5.575674408759874,2.13063795593034,3.7159426800279194,2.3333333333333335,9.333333333333334,detector,606,2022-06-14 19:41:00,2022-06-14 19:41:00
MXCO,2022-06-16 02:30:00,2022-06-16 04:32:00,2022-06-16 02:30:00,2022-06-16 06:40:00,2022-06-16 06:44:00,-1.5021978534934508,-5.517754245967773,4.0155563924743225,2.0813617491155485,4.175584924546102,2.033333333333333,4.166666666666667,detector,606,2022-06-14 19:41:00,2022-06-14 19:41:00
FSMT,2022-06-18 01:00:00,2022-06-18 03:48:00,2022-06-18 01:00:00,2022-06-18 17:32:00,2022-06-18 17:36:00,-0.6288660299034616,-3.99153488918934,3.362668859285878,2.021113630217023,5.181564126483961,2.8,16.533333333333335,detector,607,2022-06-18 01:00:00,2022-06-18 01:00:00
MXCO,2022-06-22 06:46:00,2022-06-22 09:22:00,2022-06-22 06:46:00,2022-06-23 13:00:00,2022-06-23 13:02:00,1.0747526657181612,-3.659417202265883,4.734169867984044,2.2859163087642886,11.513139726467053,2.6,30.233333333333334,detector,608,2022-06-23 16:00:00,2022-06-23 16:00:00
AATB,2022-06-23 01:54:00,2022-06-23 03:56:00,2022-06-23 01:54:00,2022-06-24 13:28:00,2022-06-24 13:30:00,0.9647260615691666,-2.497591343659679,3.4623174052288457,2.367907841560911,4.095893641817925,2.033333333333333,35.56666666666667,detector,608,2022-06-23 16:00:00,2022-06-23 16:00:00
OULU,2022-06-23 02:14:00,2022-06-23 05:16:00,2022-06-23 02:14:00,2022-06-24 10:12:00,2022-06-24 10:14:00,0.9318293513053941,-4.327390828206294,5.259220179511688,2.2050055222257003,7.289516773156787,3.033333333333333,31.966666666666665,detector,608,2022-06-23 16:00:00,2022-06-23 16:00:00
BKSN,2022-06-23 03:12:00,2022-06-23 05:14:00,2022-06-23 03:12:00,2022-06-24 13:00:00,2022-06-24 13:02:00,1.2795395283360713,-4.005450364777022,5.284989893113093,2.293803899174424,8.588596653748478,2.033333333333333,33.8,detector,608,2022-06-23 16:00:00,2022-06-23 16:00:00
KERG,2022-06-23 15:34:00,2022-06-23 17:38:00,2022-06-23 15:34:00,2022-06-24 22:38:00,2022-06-24 22:40:00,0.7137816308468222,-3.783365639393235,4.497147270240057,2.091225055111809,3.031878412131974,2.066666666666667,31.066666666666666,detector,608,2022-06-23 16:00:00,2022-06-23 16:00:00
LMKS,2022-06-23 16:26:00,2022-06-23 18:26:00,2022-06-23 16:26:00,2022-06-25 03:42:00,2022-06-25 03:44:00,0.8555187187481273,-2.2042131951428052,3.0597319138909325,2.332298586368659,4.52925151508996,2.0,35.266666666666666,detector,608,2022-06-23 16:00:00,2022-06-23 16:00:00
DRBS,2022-06-23 21:32:00,2022-06-24 02:42:00,2022-06-23 21:32:00,2022-06-25 00:14:00,2022-06-25 00:16:00,1.1251867459678535,-10.491188394605484,11.616375140573338,2.4276792067032797,11.362276557125927,5.166666666666667,26.7,detector,608,2022-06-23 16:00:00,2022-06-23 16:00:00
JUNG1,2022-06-24 17:04:00,2022-06-24 19:30:00,2022-06-24 17:04:00,2022-06-24 22:20:00,2022-06-24 22:22:00,0.09514493196818195,-3.731403741819839,3.826548673788021,2.3330430062917076,6.130069662986856,2.433333333333333,5.266666666666667,detector,608,2022-06-23 16:00:00,2022-06-23 16:00:00
KIEL2,2022-06-25 02:42:00,2022-06-25 04:50:00,2022-06-25 02:42:00,2022-06-26 05:16:00,2022-06-26 05:18:00,0.3209812186819999,-4.0521016248416295,4.37308284352363,2.0926828855113517,3.051711732817439,2.1333333333333333,26.566666666666666,detector,608,2022-06-23 16:00:00,2022-06-23 16:00:00
NEWK,2022-06-25 19:52:00,2022-06-25 22:54:00,2022-06-25 19:52:00,2022-06-26 06:34:00,2022-06-26 06:36:00,0.08814982762330835,-4.5122271890612735,4.600377016684582,2.098535248654516,8.652841574094316,3.033333333333333,10.7,detector,608,2022-06-23 16:00:00,2022-06-23 16:00:00
FSMT,2022-06-30 14:06:00,2022-06-30 16:18:00,2022-06-30 14:06:00,2022-07-01 09:16:00,2022-07-01 09:18:00,0.46720211687618146,-2.8823597723841656,3.349561889260347,2.227594070120867,3.91991774952969,2.2,19.166666666666668,detector,609,2022-06-30 14:06:00,2022-06-30 14:06:00
KERG,2022-07-02 09:54:00,2022-07-02 13:04:00,2022-07-02 09:54:00,2022-07-03 18:06:00,2022-07-03 18:12:00,0.7059600388923046,-3.366922584772874,4.072882623665178,2.406995625894116,9.398814104226686,3.1666666666666665,32.2,detector,610,2022-07-02 18:10:00,2022-07-02 18:10:00
MXCO,2022-07-02 10:42:00,2022-07-02 13:10:00,2022-07-02 10:42:00,2022-07-03 13:40:00,2022-07-03 13:42:00,0.47966336909788815,-3.29503731960699,3.774700688704878,2.239955319772094,2.8985041660730237,2.466666666666667,26.966666666666665,detector,610,2022-07-02 18:10:00,2022-07-02 18:10:00
NEWK,2022-07-02 17:04:00,2022-07-02 19:12:00,2022-07-02 17:04:00,2022-07-03 08:14:00,2022-07-03 08:16:00,0.7642038190358251,-4.8054198834094874,5.569623702445313,2.200012572054579,6.013571605103434,2.1333333333333333,15.166666666666666,detector,610,2022-07-02 18:10:00,2022-07-02 18:10:00
JUNG,2022-07-02 19:16:00,2022-07-02 21:46:00,2022-07-02 19:16:00,2022-07-03 01:44:00,2022-07-03 01:46:00,1.076758808829429,-4.631677092980038,5.708435901809467,2.321097398571308,8.262476759291214,2.5,6.466666666666667,detector,610,2022-07-02 18:10:00,2022-07-02 18:10:00
AATB,2022-07-02 20:16:00,2022-07-02 22:50:00,2022-07-02 20:16:00,2022-07-03 13:00:00,2022-07-03 13:04:00,1.115657503711159,-2.372730310794255,3.4883878145054137,2.4309889026339464,4.94036460698857,2.566666666666667,16.733333333333334,detector,610,2022-07-02 18:10:00,2022-07-02 18:10:00
FSMT,2022-07-02 22:10:00,2022-07-03 00:26:00,2022-07-02 22:10:00,2022-07-04 10:00:00,2022-07-04 10:02:00,0.46892340123447906,-2.659789293915379,3.1287126951498583,2.051916142109739,8.758272370550728,2.2666666666666666,35.833333333333336,detector,610,2022-07-02 18:10:00,2022-07-02 18:10:00
LMKS,2022-07-06 00:36:00,2022-07-06 03:36:00,2022-07-06 00:36:00,2022-07-07 12:20:00,2022-07-07 12:26:00,0.886337365085879,-2.1663127293162874,3.0526500944021664,2.239686934855644,8.643393665821469,3.0,35.733333333333334,detector,611,2022-07-06 16:00:00,2022-07-06 16:00:00
AATB,2022-07-06 06:26:00,2022-07-06 09:28:00,2022-07-06 06:26:00,2022-07-07 11:46:00,2022-07-07 11:48:00,0.3906465939523145,-2.7325816285304896,3.123228222482804,2.0470930942185417,7.151095153584556,3.033333333333333,29.333333333333332,detector,611,2022-07-06 16:00:00,2022-07-06 16:00:00
BKSN,2022-07-06 10:42:00,2022-07-06 14:00:00,2022-07-06 10:42:00,2022-07-06 19:30:00,2022-07-06 19:32:00,0.5705345849063052,-3.607657199993541,4.178191784899846,2.3899523482308873,5.051924845640001,3.3,8.8,detector,611,2022-07-06 16:00:00,2022-07-06 16:00:00
NEWK,2022-07-06 21:18:00,2022-07-06 23:16:00,2022-07-06 21:18:00,2022-07-06 23:26:00,2022-07-06 23:28:00,0.8897619430786787,-4.896192426323835,5.785954369402514,2.589777403764792,6.091343987719141,1.9666666666666666,2.1333333333333333,detector,611,2022-07-06 16:00:00,2022-07-06 16:00:00
FSMT,2022-07-07 02:08:00,2022-07-07 04:16:00,2022-07-07 02:08:00,2022-07-08 03:00:00,2022-07-08 03:02:00,0.8934674619082428,-3.4090391880205764,4.302506649928819,2.1678539473738976,3.960434602850836,2.1333333333333333,24.866666666666667,detector,611,2022-07-06 16:00:00,2022-07-06 16:00:00
KERG,2022-07-07 13:02:00,2022-07-07 15:20:00,2022-07-07 13:02:00,2022-07-08 21:46:00,2022-07-08 21:50:00,0.5691743051424711,-3.834788961215963,4.403963266358434,2.074341120740975,3.916084567623322,2.3,32.733333333333334,detector,611,2022-07-06 16:00:00,2022-07-06 16:00:00
KIEL2,2022-07-09 19:34:00,2022-07-09 22:00:00,2022-07-09 19:34:00,2022-07-11 01:42:00,2022-07-11 01:46:00,0.310960746040929,-3.6565344736368486,3.9674952196777777,2.2597602333491005,6.353195609240995,2.433333333333333,30.133333333333333,detector,612,2022-07-11 06:46:00,2022-07-11 06:46:00
NEWK,2022-07-09 22:16:00,2022-07-10 00:48:00,2022-07-09 22:16:00,2022-07-11 00:12:00,2022-07-11 00:14:00,-0.08559625031738749,-5.050975521399364,4.965379271081977,2.03822679918632,3.925942814797311,2.533333333333333,25.933333333333334,detector,612,2022-07-11 06:46:00,2022-07-11 06:46:00
JUNG1,2022-07-10 06:34:00,2022-07-10 08:48:00,2022-07-10 06:34:00,2022-07-10 19:14:00,2022-07-10 19:16:00,-0.012198868320954799,-2.744952432190773,2.732753563869818,2.3742217049433303,5.053527171938899,2.2333333333333334,12.666666666666666,detector,612,2022-07-11 06:46:00,2022-07-11 06:46:00
OULU,2022-07-10 17:02:00,2022-07-10 19:50:00,2022-07-10 17:02:00,2022-07-12 04:08:00,2022-07-12 04:10:00,0.062292973034468846,-5.231564467047404,5.293857440081873,2.371545786393043,8.932531162390468,2.8,35.1,detector,612,2022-07-11 06:46:00,2022-07-11 06:46:00
DRBS,2022-07-11 06:46:00,2022-07-11 09:00:00,2022-07-11 06:46:00,2022-07-12 15:36:00,2022-07-12 15:38:00,-0.5188345574974567,-6.7457691645289595,6.226934607031502,2.0681744979160297,5.036304692836076,2.2333333333333334,32.833333333333336,detector,612,2022-07-11 06:46:00,2022-07-11 06:46:00
ROME,2022-07-11 13:26:00,2022-07-11 15:42:00,2022-07-11 13:26:00,2022-07-12 19:46:00,2022-07-12 19:48:00,-0.5300910046185765,-5.987029168397183,5.456938163778607,2.241447540234937,5.859474059755283,2.2666666666666666,30.333333333333332,detector,612,2022-07-11 06:46:00,2022-07-11 06:46:00
APTY,2022-07-11 15:42:00,2022-07-11 20:02:00,2022-07-11 15:42:00,2022-07-12 19:32:00,2022-07-12 19:36:00,-1.0055413932215589,-5.8269627891191655,4.821421395897607,2.1216600869021036,5.150952284736298,4.333333333333333,27.833333333333332,detector,612,2022-07-11 06:46:00,2022-07-11 06:46:00
LMKS,2022-07-11 18:50:00,2022-07-11 21:08:00,2022-07-11 18:50:00,2022-07-12 20:38:00,2022-07-12 21:30:00,-0.8380467710106608,-7.342705702595534,6.504658931584873,2.461852991460815,4.939249970238508,2.3,25.8,detector,612,2022-07-11 06:46:00,2022-07-11 06:46:00
MXCO,2022-07-12 07:10:00,2022-07-12 10:48:00,2022-07-12 07:10:00,2022-07-13 04:50:00,2022-07-13 04:52:00,-0.5250846768131388,-5.22024074899688,4.6951560721837415,2.263950553807135,10.040227442198686,3.6333333333333333,21.666666666666668,detector,612,2022-07-11 06:46:00,2022-07-11 06:46:00
APTY,2022-07-14 19:00:00,2022-07-14 20:58:00,2022-07-14 19:00:00,2022-07-14 22:02:00,2022-07-14 22:04:00,-0.2450312210254734,-4.048114327351367,3.803083106325894,2.1569505053805074,4.599912024555882,1.9666666666666666,3.033333333333333,detector,613,2022-07-14 19:00:00,2022-07-14 19:00:00
LMKS,2022-07-17 01:10:00,2022-07-17 04:06:00,2022-07-17 01:10:00,2022-07-17 03:22:00,2022-07-17 03:24:00,1.173532868660231,-2.4922727980254,3.665805666685631,2.1947539353631584,7.5114261877074,2.933333333333333,2.2,detector,614,2022-07-18 08:34:00,2022-07-18 08:34:00
BKSN,2022-07-17 18:00:00,2022-07-17 21:30:00,2022-07-17 18:00:00,2022-07-17 20:36:00,2022-07-17 20:38:00,0.5502885629682976,-4.151111698437342,4.70140026140564,2.547413653549739,7.776179820067217,3.5,2.6,detector,614,2022-07-18 08:34:00,2022-07-18 08:34:00
AATB,2022-07-17 19:48:00,2022-07-17 21:48:00,2022-07-17 19:48:00,2022-07-19 07:38:00,2022-07-19 07:42:00,0.9012233986395043,-3.4450686409464604,4.346292039585965,2.0036511562806254,5.862531976304757,2.0,35.833333333333336,detector,614,2022-07-18 08:34:00,2022-07-18 08:34:00
KERG,2022-07-17 21:56:00,2022-07-18 01:06:00,2022-07-17 21:56:00,2022-07-19 07:26:00,2022-07-19 07:32:00,1.112795065533171,-5.4464317399481965,6.559226805481368,2.1162215063014385,6.0965665339400585,3.1666666666666665,33.5,detector,614,2022-07-18 08:34:00,2022-07-18 08:34:00
ROME,2022-07-18 02:38:00,2022-07-18 04:54:00,2022-07-18 02:38:00,2022-07-19 09:02:00,2022-07-19 09:04:00,0.6362342702890491,-4.385004347966117,5.021238618255166,2.271104518692578,4.264949822153731,2.2666666666666666,30.4,detector,614,2022-07-18 08:34:00,2022-07-18 08:34:00
MXCO,2022-07-18 02:56:00,2022-07-18 06:06:00,2022-07-18 02:56:00,2022-07-19 12:10:00,2022-07-19 12:12:00,0.5578323363338114,-3.5227639941115174,4.080596330445329,2.197820965603421,8.947526351171499,3.1666666666666665,33.233333333333334,detector,614,2022-07-18 08:34:00,2022-07-18 08:34:00
FSMT,2022-07-18 08:34:00,2022-07-18 10:34:00,2022-07-18 08:34:00,2022-07-19 08:48:00,2022-07-19 08:54:00,1.059409882586544,-3.6194847188901655,4.67889460147671,2.2365347757695555,3.133983323488536,2.0,24.233333333333334,detector,614,2022-07-18 08:34:00,2022-07-18 08:34:00
JUNG1,2022-07-18 10:10:00,2022-07-18 12:12:00,2022-07-18 10:10:00,2022-07-19 05:48:00,2022-07-19 05:50:00,0.5806099484476791,-3.6006335004999697,4.181243448947649,2.0023085127625904,6.794960483797763,2.033333333333333,19.633333333333333,detector,614,2022-07-18 08:34:00,2022-07-18 08:34:00
APTY,2022-07-18 13:20:00,2022-07-18 17:40:00,2022-07-18 13:20:00,2022-07-18 13:28:00,2022-07-18 14:32:00,0.7056366826665265,-11.490993028731824,12.19662971139835,2.3621388078475203,16.960298976398846,4.333333333333333,0.13333333333333333,detector,614,2022-07-18 08:34:00,2022-07-18 08:34:00
KIEL2,2022-07-18 14:26:00,2022-07-18 18:38:00,2022-07-18 14:26:00,2022-07-19 07:30:00,2022-07-19 07:32:00,0.4438361032662387,-4.657798384984482,5.1016344882507205,2.0047565873229263,5.813703481828329,4.2,17.066666666666666,detector,614,2022-07-18 08:34:00,2022-07-18 08:34:00
JUNG,2022-07-18 14:46:00,2022-07-18 17:50:00,2022-07-18 14:46:00,2022-07-19 07:14:00,2022-07-19 07:16:00,0.6209358894753569,-4.583834044579847,5.204769934055204,2.185887264778295,4.619608701884124,3.066666666666667,16.466666666666665,detector,614,2022-07-18 08:34:00,2022-07-18 08:34:00
OULU,2022-07-18 20:36:00,2022-07-18 23:24:00,2022-07-18 20:36:00,2022-07-19 20:54:00,2022-07-19 20:58:00,0.7012299680063993,-5.903840179252301,6.6050701472587,2.3209344867012285,3.4323523059747005,2.8,24.3,detector,614,2022-07-18 08:34:00,2022-07-18 08:34:00
ATHN,2022-07-19 06:56:00,2022-07-19 10:34:00,2022-07-19 06:56:00,2022-07-20 12:38:00,2022-07-20 12:40:00,0.3800561902546392,-6.295713867758932,6.675770058013572,2.4594064905978015,7.116883358837205,3.6333333333333333,29.7,detector,614,2022-07-18 08:34:00,2022-07-18 08:34:00
JUNG,2022-07-21 23:28:00,2022-07-22 01:40:00,2022-07-21 23:28:00,2022-07-23 06:52:00,2022-07-23 06:54:00,0.2325995727765467,-6.5502211132169466,6.782820685993493,2.046485066952611,8.479667001966238,2.2,31.4,detector,615,2022-07-22 12:52:00,2022-07-22 12:52:00
NEWK,2022-07-22 03:06:00,2022-07-22 05:28:00,2022-07-22 03:06:00,2022-07-23 11:44:00,2022-07-23 11:46:00,0.42378495322985604,-6.0490492081148295,6.472834161344686,2.175322902987929,4.036696299275134,2.3666666666666667,32.63333333333333,detector,615,2022-07-22 12:52:00,2022-07-22 12:52:00
LMKS,2022-07-22 03:20:00,2022-07-22 05:50:00,2022-07-22 03:20:00,2022-07-23 11:46:00,2022-07-23 11:54:00,0.11643392956002574,-4.481886773152715,4.5983207027127415,2.2030571401831107,3.873063734192818,2.5,32.43333333333333,detector,615,2022-07-22 12:52:00,2022-07-22 12:52:00
OULU,2022-07-22 03:46:00,2022-07-22 05:54:00,2022-07-22 03:46:00,2022-07-23 15:24:00,2022-07-23 15:26:00,0.10699846803921931,-7.246100635522572,7.3530991035617905,2.2844036206371094,9.021883878992504,2.1333333333333333,35.63333333333333,detector,615,2022-07-22 12:52:00,2022-07-22 12:52:00
MXCO,2022-07-22 12:52:00,2022-07-22 14:50:00,2022-07-22 12:52:00,2022-07-23 19:52:00,2022-07-23 19:54:00,0.21083039621702332,-5.611516622463185,5.822347018680208,2.40735541519954,6.280180972082338,1.9666666666666666,31.0,detector,615,2022-07-22 12:52:00,2022-07-22 12:52:00
KERG,2022-07-22 15:18:00,2022-07-22 17:40:00,2022-07-22 15:18:00,2022-07-23 18:26:00,2022-07-23 19:08:00,0.3372967157269603,-6.612939433394699,6.950236149121659,2.4688007204068643,6.161858659905786,2.3666666666666667,27.133333333333333,detector,615,2022-07-22 12:52:00,2022-07-22 12:52:00
AATB,2022-07-22 22:44:00,2022-07-23 00:48:00,2022-07-22 22:44:00,2022-07-23 15:48:00,2022-07-23 16:34:00,0.5977618622267602,-5.0614213862348585,5.659183248461619,2.0295538723084734,6.466566817294631,2.066666666666667,17.066666666666666,detector,615,2022-07-22 12:52:00,2022-07-22 12:52:00
DRBS,2022-07-23 05:16:00,2022-07-23 08:02:00,2022-07-23 05:16:00,2022-07-23 23:02:00,2022-07-23 23:04:00,0.0525658110120717,-10.27042537731352,10.322991188325592,2.0564936572151593,2.8741363539090163,2.7666666666666666,17.766666666666666,detector,615,2022-07-22 12:52:00,2022-07-22 12:52:00
KIEL2,2022-07-23 07:26:00,2022-07-23 10:04:00,2022-07-23 07:26:00,2022-07-23 20:16:00,2022-07-23 20:20:00,0.3625389623796301,-6.2556469704091775,6.6181859327888075,2.8610274146893344,7.327359764269266,2.6333333333333333,12.833333333333334,detector,615,2022-07-22 12:52:00,2022-07-22 12:52:00
KIEL2,2022-07-26 14:04:00,2022-07-26 16:02:00,2022-07-26 14:04:00,2022-07-27 15:58:00,2022-07-27 16:00:00,0.7045184137965605,-3.215643516061,3.920161929857561,2.0613743386406695,7.139487026555799,1.9666666666666666,25.9,detector,616,2022-07-27 07:42:00,2022-07-27 07:42:00
NEWK,2022-07-26 19:58:00,2022-07-26 22:44:00,2022-07-26 19:58:00,2022-07-27 18:12:00,2022-07-27 18:14:00,0.4311568889521852,-3.898783666377067,4.3299405553292525,2.054793989263065,4.1917018876443635,2.7666666666666666,22.233333333333334,detector,616,2022-07-27 07:42:00,2022-07-27 07:42:00
JUNG,2022-07-27 07:42:00,2022-07-27 11:12:00,2022-07-27 07:42:00,2022-07-28 17:12:00,2022-07-28 17:14:00,0.7129610111595257,-4.612030792288317,5.324991803447842,2.0384294711777073,7.43024692389324,3.5,33.5,detector,616,2022-07-27 07:42:00,2022-07-27 07:42:00
JUNG1,2022-07-27 08:06:00,2022-07-27 10:08:00,2022-07-27 08:06:00,2022-07-28 15:54:00,2022-07-28 15:56:00,0.6349989985704224,-3.1053400165765535,3.7403390151469758,2.1839583555552005,3.5371124319320937,2.033333333333333,31.8,detector,616,2022-07-27 07:42:00,2022-07-27 07:42:00
AATB,2022-07-28 18:06:00,2022-07-28 20:58:00,2022-07-28 18:06:00,2022-07-29 19:54:00,2022-07-29 19:56:00,0.46027731173057607,-2.6385624383956463,3.0988397501262224,2.3613952159048672,5.477245654095504,2.8666666666666667,25.8,detector,616,2022-07-27 07:42:00,2022-07-27 07:42:00
LMKS,2022-07-31 15:14:00,2022-07-31 18:20:00,2022-07-31 15:14:00,2022-08-01 02:04:00,2022-08-01 02:06:00,0.5884744404401185,-2.974330470619333,3.5628049110594517,2.006842765782827,4.6806979748056925,3.1,10.833333333333334,detector,617,2022-07-31 15:14:00,2022-07-31 15:14:00
JUNG1,2022-08-02 01:54:00,2022-08-02 05:54:00,2022-08-02 01:54:00,2022-08-03 09:32:00,2022-08-03 09:38:00,1.6960749990456072,-1.6513541416816873,3.3474291407272947,2.044646075549177,5.562702148441986,4.0,31.633333333333333,detector,618,2022-08-02 16:45:00,2022-08-02 16:45:00
NEWK,2022-08-03 07:36:00,2022-08-03 10:24:00,2022-08-03 07:36:00,2022-08-03 09:10:00,2022-08-03 09:14:00,0.8913231165656337,-3.693022510614431,4.584345627180065,2.0659974657159395,6.698241799656634,2.8,1.5666666666666667,detector,618,2022-08-02 16:45:00,2022-08-02 16:45:00
APTY,2022-08-06 14:22:00,2022-08-06 16:22:00,2022-08-06 14:22:00,2022-08-08 00:54:00,2022-08-08 00:56:00,0.5726241170743558,-4.275310365646591,4.847934482720947,2.183194820026599,6.981461781863885,2.0,34.53333333333333,detector,619,2022-08-07 16:52:00,2022-08-07 16:52:00
ROME,2022-08-06 16:30:00,2022-08-06 19:06:00,2022-08-06 16:30:00,2022-08-08 00:18:00,2022-08-08 00:20:00,0.33913710444751227,-4.2073327340439235,4.5464698384914355,2.6523790333977275,5.98092942930277,2.6,31.8,detector,619,2022-08-07 16:52:00,2022-08-07 16:52:00
FSMT,2022-08-06 16:54:00,2022-08-06 19:44:00,2022-08-06 16:54:00,2022-08-07 23:58:00,2022-08-08 00:00:00,0.733184970306206,-2.934155329455124,3.6673402997613302,2.3244128817358938,4.005184891869198,2.8333333333333335,31.066666666666666,detector,619,2022-08-07 16:52:00,2022-08-07 16:52:00
MXCO,2022-08-07 07:48:00,2022-08-07 10:54:00,2022-08-07 07:48:00,2022-08-08 16:42:00,2022-08-08 16:44:00,0.3540862267867081,-3.757128480375703,4.111214707162411,2.2356479651155445,4.659879650239749,3.1,32.9,detector,619,2022-08-07 16:52:00,2022-08-07 16:52:00
DRBS,2022-08-07 16:52:00,2022-08-07 19:24:00,2022-08-07 16:52:00,2022-08-08 14:32:00,2022-08-08 14:34:00,0.379774597743601,-5.823031730623241,6.202806328366842,2.0067320982482793,7.289504491825207,2.533333333333333,21.666666666666668,detector,619,2022-08-07 16:52:00,2022-08-07 16:52:00
NEWK,2022-08-07 20:52:00,2022-08-07 23:48:00,2022-08-07 20:52:00,2022-08-09 04:32:00,2022-08-09 04:34:00,0.5951983776657761,-7.346681381049972,7.941879758715748,2.201908621273758,5.204039154586051,2.933333333333333,31.666666666666668,detector,619,2022-08-07 16:52:00,2022-08-07 16:52:00
JUNG,2022-08-08 10:48:00,2022-08-08 13:00:00,2022-08-08 10:48:00,2022-08-09 08:22:00,2022-08-09 08:24:00,0.02093568328300285,-4.793751340710915,4.814687023993918,2.438712130078911,7.789615924687557,2.2,21.566666666666666,detector,619,2022-08-07 16:52:00,2022-08-07 16:52:00
AATB,2022-08-09 06:02:00,2022-08-09 08:56:00,2022-08-09 06:02:00,2022-08-10 10:12:00,2022-08-10 10:14:00,-0.9793334574567188,-4.053291182115834,3.0739577246591154,2.001793890227922,6.346307311759499,2.9,28.166666666666668,detector,619,2022-08-07 16:52:00,2022-08-07 16:52:00
BKSN,2022-08-10 12:18:00,2022-08-10 15:58:00,2022-08-10 12:18:00,2022-08-10 12:48:00,2022-08-10 12:56:00,-1.0179724793343665,-10.172469254942714,9.154496775608347,2.069714026944905,10.576113503471952,3.6666666666666665,0.5,detector,619,2022-08-07 16:52:00,2022-08-07 16:52:00
BKSN,2022-08-12 11:50:00,2022-08-12 13:52:00,2022-08-12 11:50:00,2022-08-12 22:26:00,2022-08-12 22:28:00,0.15518414608589481,-3.8463454735688343,4.001529619654729,2.2689778118040413,5.8876928629989065,2.033333333333333,10.6,detector,620,2022-08-12 17:58:00,2022-08-12 17:58:00
KERG,2022-08-13 00:06:00,2022-08-13 02:30:00,2022-08-13 00:06:00,2022-08-13 12:54:00,2022-08-13 12:56:00,0.5522313424154816,-3.5567507460484835,4.108982088463965,2.204071546574287,6.375379760851565,2.4,12.8,detector,620,2022-08-12 17:58:00,2022-08-12 17:58:00
OULU,2022-08-16 05:08:00,2022-08-16 07:32:00,2022-08-16 05:08:00,2022-08-17 15:28:00,2022-08-17 15:30:00,1.235225623634479,-4.547295833294079,5.782521456928558,2.2844947808492764,8.557638905162785,2.4,34.333333333333336,detector,621,2022-08-16 23:56:00,2022-08-16 23:56:00
JUNG,2022-08-16 20:44:00,2022-08-16 22:44:00,2022-08-16 20:44:00,2022-08-17 17:32:00,2022-08-17 17:34:00,1.2202767292566148,-5.518140821168751,6.738417550425366,2.1815875018952755,6.183257863770382,2.0,20.8,detector,621,2022-08-16 23:56:00,2022-08-16 23:56:00
ROME,2022-08-16 21:22:00,2022-08-17 00:30:00,2022-08-16 21:22:00,2022-08-17 16:42:00,2022-08-17 16:44:00,0.8924081748969098,-5.390461363143913,6.282869538040823,2.049017202710219,5.037819143995223,3.1333333333333333,19.333333333333332,detector,621,2022-08-16 23:56:00,2022-08-16 23:56:00
FSMT,2022-08-16 23:48:00,2022-08-17 01:46:00,2022-08-16 23:48:00,2022-08-18 08:18:00,2022-08-18 08:42:00,1.2871549170339072,-4.142300194931779,5.4294551119656855,2.130184255949156,3.336139550219215,1.9666666666666666,32.5,detector,621,2022-08-16 23:56:00,2022-08-16 23:56:00
KIEL2,2022-08-16 23:56:00,2022-08-17 02:14:00,2022-08-16 23:56:00,2022-08-18 09:54:00,2022-08-18 09:56:00,1.0850430392340527,-5.447772173473737,6.53281521270779,2.108930265080338,7.381936740739978,2.3,33.96666666666667,detector,621,2022-08-16 23:56:00,2022-08-16 23:56:00
APTY,2022-08-17 15:48:00,2022-08-17 18:02:00,2022-08-17 15:48:00,2022-08-18 02:34:00,2022-08-18 02:36:00,0.0933828605979129,-5.063004076221279,5.156386936819192,2.0068456487089588,5.625715894103641,2.2333333333333334,10.766666666666667,detector,621,2022-08-16 23:56:00,2022-08-16 23:56:00
DRBS,2022-08-17 20:54:00,2022-08-17 23:30:00,2022-08-17 20:54:00,2022-08-19 03:38:00,2022-08-19 03:40:00,-0.2755581367783035,-5.9764123040520625,5.700854167273759,2.7909148595189044,7.613189367714436,2.6,30.733333333333334,detector,621,2022-08-16 23:56:00,2022-08-16 23:56:00
LMKS,2022-08-18 03:42:00,2022-08-18 06:34:00,2022-08-18 03:42:00,2022-08-19 01:30:00,2022-08-19 01:32:00,-0.49855072317137306,-4.255501120618944,3.7569503974475706,2.21113843458796,8.55107773083243,2.8666666666666667,21.8,detector,621,2022-08-16 23:56:00,2022-08-16 23:56:00
CALM,2022-08-18 08:52:00,2022-08-18 11:46:00,2022-08-18 08:52:00,2022-08-19 03:22:00,2022-08-19 03:24:00,-0.1334147849312265,-9.122562674094704,8.989147889163478,2.042070417517708,3.7508836772956,2.9,18.5,detector,621,2022-08-16 23:56:00,2022-08-16 23:56:00
FSMT,2022-08-19 23:04:00,2022-08-20 03:24:00,2022-08-19 23:04:00,2022-08-20 08:18:00,2022-08-20 08:24:00,-0.9434498597314216,-5.9425807476624515,4.99913088793103,2.088330829489155,11.9115222491163,4.333333333333333,9.233333333333333,detector,622,2022-08-20 05:27:00,2022-08-20 05:27:00
JUNG1,2022-08-19 23:32:00,2022-08-20 03:10:00,2022-08-19 23:32:00,2022-08-20 02:56:00,2022-08-20 03:00:00,-3.4849482248233477,-8.476902263964107,4.991954039140759,2.2443469830690077,6.873767429726409,3.6333333333333333,3.4,detector,622,2022-08-20 05:27:00,2022-08-20 05:27:00
KIEL2,2022-08-20 11:22:00,2022-08-20 13:46:00,2022-08-20 11:22:00,2022-08-20 19:54:00,2022-08-20 19:58:00,-1.3090656576107604,-5.648439752803022,4.339374095192262,2.085598307125021,9.498272553112391,2.4,8.533333333333333,detector,622,2022-08-20 05:27:00,2022-08-20 05:27:00
APTY,2022-08-20 14:36:00,2022-08-20 17:26:00,2022-08-20 14:36:00,2022-08-20 21:30:00,2022-08-20 21:32:00,-1.492710417765966,-6.142453531598512,4.649743113832546,2.161203439623581,5.822097425829246,2.8333333333333335,6.9,detector,622,2022-08-20 05:27:00,2022-08-20 05:27:00
AATB,2022-08-24 14:30:00,2022-08-24 16:30:00,2022-08-24 14:30:00,2022-08-25 15:34:00,2022-08-25 15:36:00,0.3604432770098235,-2.10268761708147,2.4631308940912935,2.150660388884192,5.613226572632965,2.0,25.066666666666666,detector,623,2022-08-25 10:33:00,2022-08-25 10:33:00
JUNG,2022-08-24 22:52:00,2022-08-25 01:36:00,2022-08-24 22:52:00,2022-08-26 05:48:00,2022-08-26 05:50:00,0.36553711200481287,-4.03895861130987,4.4044957233146835,2.139384797610811,6.214330549968967,2.7333333333333334,30.933333333333334,detector,623,2022-08-25 10:33:00,2022-08-25 10:33:00
KERG,2022-08-25 22:14:00,2022-08-26 00:18:00,2022-08-25 22:14:00,2022-08-26 18:20:00,2022-08-26 18:22:00,0.9144523924302824,-4.542176380138516,5.4566287725687985,2.0718716680286406,3.2043561725717646,2.066666666666667,20.1,detector,623,2022-08-25 10:33:00,2022-08-25 10:33:00
JUNG1,2022-08-26 04:24:00,2022-08-26 07:08:00,2022-08-26 04:24:00,2022-08-26 05:14:00,2022-08-26 05:20:00,1.5263405250261468,-3.459877039432699,4.986217564458846,2.276664245169006,4.62598054996331,2.7333333333333334,0.8333333333333334,detector,623,2022-08-25 10:33:00,2022-08-25 10:33:00
FSMT,2022-08-28 01:14:00,2022-08-28 03:20:00,2022-08-28 01:14:00,2022-08-29 11:22:00,2022-08-29 11:24:00,0.3873069085427586,-2.639740524160131,3.0270474327028896,2.171782122092384,9.415289255789812,2.1,34.13333333333333,detector,624,2022-08-28 13:40:00,2022-08-28 13:40:00
LMKS,2022-08-28 07:52:00,2022-08-28 11:02:00,2022-08-28 07:52:00,2022-08-29 00:28:00,2022-08-29 00:36:00,0.7624579546669069,-2.7923979877026217,3.5548559423695285,2.4241125654866233,7.817419893583653,3.1666666666666665,16.6,detector,624,2022-08-28 13:40:00,2022-08-28 13:40:00
JUNG,2022-08-28 09:50:00,2022-08-28 11:50:00,2022-08-28 09:50:00,2022-08-29 19:30:00,2022-08-29 19:32:00,0.8570210319246208,-3.817547322781896,4.674568354706517,2.098219581187013,4.952366323969339,2.0,33.666666666666664,detector,624,2022-08-28 13:40:00,2022-08-28 13:40:00
JUNG1,2022-08-28 13:40:00,2022-08-28 16:50:00,2022-08-28 13:40:00,2022-08-29 01:22:00,2022-08-29 01:24:00,0.9684527081931222,-3.61775317381884,4.586205882011963,2.2101391484765256,9.772495072783212,3.1666666666666665,11.7,detector,624,2022-08-28 13:40:00,2022-08-28 13:40:00
AATB,2022-08-29 18:10:00,2022-08-29 20:10:00,2022-08-29 18:10:00,2022-08-30 00:46:00,2022-08-30 00:48:00,-0.026707363757189947,-2.5703561153135235,2.5436487515563337,2.0941025044930264,3.1876712598901262,2.0,6.6,detector,624,2022-08-28 13:40:00,2022-08-28 13:40:00
APTY,2022-08-30 00:16:00,2022-08-30 03:24:00,2022-08-30 00:16:00,2022-08-30 06:34:00,2022-08-30 06:36:00,0.23219302840694445,-4.48215275402993,4.714345782436874,2.18366624262002,9.344659391745248,3.1333333333333333,6.3,detector,624,2022-08-28 13:40:00,2022-08-28 13:40:00
KERG,2022-08-31 09:10:00,2022-08-31 13:36:00,2022-08-31 09:10:00,2022-08-31 21:16:00,2022-08-31 21:20:00,0.3011275136425706,-2.909695380706545,3.210822894349116,2.5014652281329672,37.94171631542184,4.433333333333334,12.1,detector,624,2022-08-28 13:40:00,2022-08-28 13:40:00
BKSN,2022-09-01 22:06:00,2022-09-02 00:28:00,2022-09-01 22:06:00,2022-09-03 09:52:00,2022-09-03 09:56:00,0.9286966666109924,-4.3372456834472795,5.265942350058272,2.052585632535543,3.1754822088805787,2.3666666666666667,35.766666666666666,detector,625,2022-09-02 10:16:00,2022-09-02 10:16:00
AATB,2022-09-01 22:12:00,2022-09-02 00:22:00,2022-09-01 22:12:00,2022-09-03 01:02:00,2022-09-03 01:04:00,0.8732377231528218,-2.316981132075475,3.190218855228297,2.276953233335877,8.480387070618209,2.1666666666666665,26.833333333333332,detector,625,2022-09-02 10:16:00,2022-09-02 10:16:00
ATHN,2022-09-01 22:54:00,2022-09-02 01:22:00,2022-09-01 22:54:00,2022-09-03 05:02:00,2022-09-03 05:06:00,0.9134700240633167,-8.302837492414366,9.216307516477682,2.051271558832776,8.315742892278045,2.466666666666667,30.133333333333333,detector,625,2022-09-02 10:16:00,2022-09-02 10:16:00
MXCO,2022-09-02 00:24:00,2022-09-02 02:54:00,2022-09-02 00:24:00,2022-09-03 05:32:00,2022-09-03 05:36:00,0.7801266637981406,-3.0715091360252615,3.851635799823402,2.0680745174827933,7.693451511097044,2.5,29.133333333333333,detector,625,2022-09-02 10:16:00,2022-09-02 10:16:00
FSMT,2022-09-02 02:08:00,2022-09-02 04:34:00,2022-09-02 02:08:00,2022-09-03 14:02:00,2022-09-03 14:04:00,0.8228706546822946,-2.6308059266570303,3.453676581339325,2.0149259504174655,11.619544750001944,2.433333333333333,35.9,detector,625,2022-09-02 10:16:00,2022-09-02 10:16:00
ROME,2022-09-02 10:16:00,2022-09-02 14:22:00,2022-09-02 10:16:00,2022-09-03 19:46:00,2022-09-03 19:48:00,0.7572027845961555,-4.4455588899044685,5.202761674500624,2.067004447146794,5.4609506104006655,4.1,33.5,detector,625,2022-09-02 10:16:00,2022-09-02 10:16:00
CALM,2022-09-02 19:50:00,2022-09-02 21:50:00,2022-09-02 19:50:00,2022-09-03 15:10:00,2022-09-03 15:12:00,0.9049416122888929,-8.939276939276926,9.844218551565818,2.1881880154340116,6.112941356389716,2.0,19.333333333333332,detector,625,2022-09-02 10:16:00,2022-09-02 10:16:00
DRBS,2022-09-02 22:38:00,2022-09-03 01:38:00,2022-09-02 22:38:00,2022-09-04 04:20:00,2022-09-04 04:22:00,0.7738812216242845,-5.794668200285699,6.568549421909983,2.040931944144748,3.7130027666721928,3.0,29.7,detector,625,2022-09-02 10:16:00,2022-09-02 10:16:00
JUNG,2022-09-04 15:48:00,2022-09-04 17:54:00,2022-09-04 15:48:00,2022-09-05 22:16:00,2022-09-05 22:18:00,-0.039252567398087856,-5.096767849155722,5.057515281757634,2.148887425352858,3.804044715644171,2.1,30.466666666666665,detector,625,2022-09-02 10:16:00,2022-09-02 10:16:00
NEWK,2022-09-05 01:06:00,2022-09-05 03:38:00,2022-09-05 01:06:00,2022-09-06 06:22:00,2022-09-06 06:26:00,0.11147976119334155,-4.610221855274722,4.721701616468064,2.2167176576478074,3.587667778006929,2.533333333333333,29.266666666666666,detector,625,2022-09-02 10:16:00,2022-09-02 10:16:00
KIEL2,2022-09-05 04:14:00,2022-09-05 07:00:00,2022-09-05 04:14:00,2022-09-05 12:46:00,2022-09-05 12:50:00,-0.10024899486594424,-4.5254720871709635,4.4252230923050195,2.3165068496011307,5.428491906793553,2.7666666666666666,8.533333333333333,detector,625,2022-09-02 10:16:00,2022-09-02 10:16:00
ATHN,2022-09-08 21:00:00,2022-09-08 23:26:00,2022-09-08 21:00:00,2022-09-09 16:08:00,2022-09-09 16:10:00,0.8603725084623794,-6.3331937287178866,7.193566237180266,2.0801304386959436,4.772789728690586,2.433333333333333,19.133333333333333,detector,626,2022-09-09 09:00:00,2022-09-09 09:00:00
DRBS,2022-09-09 08:10:00,2022-09-09 10:48:00,2022-09-09 08:10:00,2022-09-10 09:04:00,2022-09-10 09:06:00,0.6968722888676009,-5.408135496280031,6.105007785147632,2.21651928953242,6.644284071141999,2.6333333333333333,24.9,detector,626,2022-09-09 09:00:00,2022-09-09 09:00:00
MXCO,2022-09-09 09:50:00,2022-09-09 11:50:00,2022-09-09 09:50:00,2022-09-09 21:02:00,2022-09-09 21:04:00,0.5672059113202539,-2.9231471372577036,3.4903530485779575,2.286630084743632,6.321063269943055,2.0,11.2,detector,626,2022-09-09 09:00:00,2022-09-09 09:00:00
JUNG1,2022-09-09 12:18:00,2022-09-09 15:28:00,2022-09-09 12:18:00,2022-09-09 23:44:00,2022-09-09 23:46:00,0.65601000036777,-3.2050469794534413,3.8610569798212113,2.051437564924568,7.542664842048517,3.1666666666666665,11.433333333333334,detector,626,2022-09-09 09:00:00,2022-09-09 09:00:00
BKSN,2022-09-13 09:26:00,2022-09-13 12:30:00,2022-09-13 09:26:00,2022-09-14 16:12:00,2022-09-14 16:14:00,0.8231316122888676,-4.2572311148553865,5.080362727144254,2.1203392971054456,5.203778284673594,3.066666666666667,30.766666666666666,detector,627,2022-09-15 00:09:00,2022-09-15 00:09:00
KERG,2022-09-13 17:16:00,2022-09-13 19:32:00,2022-09-13 17:16:00,2022-09-14 21:48:00,2022-09-14 21:50:00,0.8726357656104864,-2.4960536051058275,3.368689370716314,2.3997716607311075,6.171186005175067,2.2666666666666666,28.533333333333335,detector,627,2022-09-15 00:09:00,2022-09-15 00:09:00
JUNG1,2022-09-14 04:20:00,2022-09-14 08:00:00,2022-09-14 04:20:00,2022-09-14 18:12:00,2022-09-14 18:14:00,0.763388234073372,-2.373171975786197,3.136560209859569,2.0860371031138514,5.294575956639496,3.6666666666666665,13.866666666666667,detector,627,2022-09-15 00:09:00,2022-09-15 00:09:00
LMKS,2022-09-14 19:10:00,2022-09-14 22:26:00,2022-09-14 19:10:00,2022-09-16 00:00:00,2022-09-16 00:06:00,0.2729941242005324,-2.5161053223226397,2.789099446523172,2.792480047284005,9.862974810882603,3.2666666666666666,28.833333333333332,detector,627,2022-09-15 00:09:00,2022-09-15 00:09:00
MXCO,2022-09-15 05:08:00,2022-09-15 07:44:00,2022-09-15 05:08:00,2022-09-16 13:32:00,2022-09-16 13:34:00,0.1277498619226419,-3.4996670366259757,3.6274168985486175,2.550966359447444,4.426447228824201,2.6,32.4,detector,627,2022-09-15 00:09:00,2022-09-15 00:09:00
FSMT,2022-09-15 13:12:00,2022-09-15 15:32:00,2022-09-15 13:12:00,2022-09-16 06:24:00,2022-09-16 06:26:00,0.3220614810097615,-3.692714989958008,4.014776470967769,2.511566379356507,7.237906196937754,2.3333333333333335,17.2,detector,627,2022-09-15 00:09:00,2022-09-15 00:09:00
JUNG,2022-09-15 13:34:00,2022-09-15 16:38:00,2022-09-15 13:34:00,2022-09-17 00:44:00,2022-09-17 00:46:00,0.4086639921194515,-4.720489536866462,5.129153528985913,2.019948959124957,5.566864510984218,3.066666666666667,35.166666666666664,detector,627,2022-09-15 00:09:00,2022-09-15 00:09:00
OULU,2022-09-16 00:44:00,2022-09-16 02:44:00,2022-09-16 00:44:00,2022-09-16 06:06:00,2022-09-16 06:08:00,0.06801096129561425,-4.305301009163668,4.373311970459282,2.0485351660402205,3.0572830548123893,2.0,5.366666666666666,detector,627,2022-09-15 00:09:00,2022-09-15 00:09:00
KIEL2,2022-09-17 17:52:00,2022-09-17 20:08:00,2022-09-17 17:52:00,2022-09-18 22:24:00,2022-09-18 22:26:00,-0.46676519037544034,-4.546561438074894,4.079796247699454,2.5686094036170384,8.553556939841597,2.2666666666666666,28.533333333333335,detector,628,2022-09-18 10:21:00,2022-09-18 10:21:00
LMKS,2022-09-18 02:16:00,2022-09-18 05:00:00,2022-09-18 02:16:00,2022-09-19 03:30:00,2022-09-19 03:32:00,-0.19816159381645085,-4.290239238320995,4.092077644504544,2.1673228229270327,7.38762820630796,2.7333333333333334,25.233333333333334,detector,628,2022-09-18 10:21:00,2022-09-18 10:21:00
NEWK,2022-09-18 03:12:00,2022-09-18 05:26:00,2022-09-18 03:12:00,2022-09-19 06:30:00,2022-09-19 06:32:00,-0.48058542057377285,-6.856615222266194,6.376029801692421,2.006390060446078,3.8644833207665776,2.2333333333333334,27.3,detector,628,2022-09-18 10:21:00,2022-09-18 10:21:00
JUNG,2022-09-18 07:16:00,2022-09-18 10:02:00,2022-09-18 07:16:00,2022-09-19 03:16:00,2022-09-19 03:20:00,-0.7511244921126492,-5.103793911896188,4.352669419783539,2.0307783820989527,3.314226553548732,2.7666666666666666,20.0,detector,628,2022-09-18 10:21:00,2022-09-18 10:21:00
APTY,2022-09-18 13:26:00,2022-09-18 15:26:00,2022-09-18 13:26:00,2022-09-19 05:00:00,2022-09-19 05:04:00,-0.3952639685681773,-4.321090339641265,3.925826371073088,2.4219618987241462,5.039776247364943,2.0,15.566666666666666,detector,628,2022-09-18 10:21:00,2022-09-18 10:21:00
OULU,2022-09-18 15:46:00,2022-09-18 19:24:00,2022-09-18 15:46:00,2022-09-18 20:00:00,2022-09-18 20:02:00,-0.8181497040367118,-6.2192251057484125,5.401075401711701,2.51205872145972,9.153218593635936,3.6333333333333333,4.233333333333333,detector,628,2022-09-18 10:21:00,2022-09-18 10:21:00
AATB,2022-09-19 13:22:00,2022-09-19 15:54:00,2022-09-19 13:22:00,2022-09-20 14:24:00,2022-09-20 14:30:00,-0.850201798039087,-3.5696821515892454,2.7194803535501584,2.5833560387462073,9.60380047216195,2.533333333333333,25.033333333333335,detector,628,2022-09-18 10:21:00,2022-09-18 10:21:00
KERG,2022-09-19 18:04:00,2022-09-19 20:04:00,2022-09-19 18:04:00,2022-09-20 03:22:00,2022-09-20 03:24:00,-0.8183410882399393,-4.293447530912861,3.4751064426729217,2.008712368987489,2.6816135739929696,2.0,9.3,detector,628,2022-09-18 10:21:00,2022-09-18 10:21:00
ATHN,2022-09-23 07:38:00,2022-09-23 11:28:00,2022-09-23 07:38:00,2022-09-24 12:40:00,2022-09-24 12:42:00,-0.0790331379551246,-5.791462872387724,5.712429734432599,2.0703018850119905,6.5987461814581465,3.8333333333333335,29.033333333333335,detector,629,2022-09-26 16:16:00,2022-09-26 16:16:00
ROME,2022-09-25 22:04:00,2022-09-26 00:02:00,2022-09-25 22:04:00,2022-09-27 06:26:00,2022-09-27 06:30:00,0.30590863248241734,-4.953899300177587,5.259807932660004,2.5080118714116972,4.608732900731067,1.9666666666666666,32.36666666666667,detector,629,2022-09-26 16:16:00,2022-09-26 16:16:00
AATB,2022-09-26 09:44:00,2022-09-26 13:16:00,2022-09-26 09:44:00,2022-09-27 18:50:00,2022-09-27 18:58:00,0.5875330023249314,-4.011960183187616,4.599493185512548,2.118543973291904,5.567205819309791,3.533333333333333,33.1,detector,629,2022-09-26 16:16:00,2022-09-26 16:16:00
BKSN,2022-09-26 14:56:00,2022-09-26 17:10:00,2022-09-26 14:56:00,2022-09-27 21:12:00,2022-09-27 21:14:00,0.5517172393633315,-6.066740302454209,6.61845754181754,2.1759549437938843,3.354019887209517,2.2333333333333334,30.266666666666666,detector,629,2022-09-26 16:16:00,2022-09-26 16:16:00
OULU,2022-09-26 17:36:00,2022-09-26 20:24:00,2022-09-26 17:36:00,2022-09-27 22:10:00,2022-09-27 22:14:00,0.9876541323331263,-6.555137293868104,7.54279142620123,2.132421848567753,11.052884021625983,2.8,28.566666666666666,detector,629,2022-09-26 16:16:00,2022-09-26 16:16:00
LMKS,2022-09-26 19:40:00,2022-09-26 22:26:00,2022-09-26 19:40:00,2022-09-27 22:08:00,2022-09-27 22:26:00,0.7274072055748025,-4.284968591619673,5.012375797194476,2.4792509184148765,6.288527314880089,2.7666666666666666,26.466666666666665,detector,629,2022-09-26 16:16:00,2022-09-26 16:16:00
MXCO,2022-09-27 04:30:00,2022-09-27 06:36:00,2022-09-27 04:30:00,2022-09-27 08:04:00,2022-09-27 08:08:00,0.3165227898626739,-4.860685940722911,5.177208730585585,2.0811203871473487,4.125407546209542,2.1,3.566666666666667,detector,629,2022-09-26 16:16:00,2022-09-26 16:16:00
APTY,2022-09-27 15:16:00,2022-09-27 18:56:00,2022-09-27 15:16:00,2022-09-27 21:52:00,2022-09-27 21:54:00,-0.5048053479861847,-5.0347597803907,4.529954432404515,2.2215611153490817,16.93303916856445,3.6666666666666665,6.6,detector,629,2022-09-26 16:16:00,2022-09-26 16:16:00
KIEL2,2022-09-29 19:36:00,2022-09-29 21:58:00,2022-09-29 19:36:00,2022-10-01 01:58:00,2022-10-01 02:00:00,0.17198808003404742,-5.371181148446897,5.543169228480945,2.150491660850395,10.39140271444332,2.3666666666666667,30.366666666666667,detector,630,2022-09-30 10:40:00,2022-09-30 10:40:00
APTY,2022-09-29 23:40:00,2022-09-30 02:52:00,2022-09-29 23:40:00,2022-09-30 23:42:00,2022-09-30 23:46:00,0.43796303741672193,-3.3226912616767037,3.7606542990934257,2.0972048049192415,5.189926052501989,3.2,24.033333333333335,detector,630,2022-09-30 10:40:00,2022-09-30 10:40:00
KERG,2022-09-30 09:26:00,2022-09-30 12:26:00,2022-09-30 09:26:00,2022-09-30 22:52:00,2022-09-30 22:54:00,0.6447725155142887,-5.4840785552264375,6.128851070740726,2.032842253529438,8.906633787753183,3.0,13.433333333333334,detector,630,2022-09-30 10:40:00,2022-09-30 10:40:00
FSMT,2022-09-30 09:32:00,2022-09-30 12:34:00,2022-09-30 09:32:00,2022-10-01 10:18:00,2022-10-01 10:34:00,1.000370097374349,-3.3127203237943728,4.313090421168722,2.0265263572864307,3.7072898623003105,3.033333333333333,24.766666666666666,detector,630,2022-09-30 10:40:00,2022-09-30 10:40:00
AATB,2022-09-30 10:40:00,2022-09-30 13:44:00,2022-09-30 10:40:00,2022-09-30 17:42:00,2022-09-30 17:46:00,0.731865264200553,-3.0054227449782256,3.7372880091787786,2.031605751357268,14.892444177374015,3.066666666666667,7.033333333333333,detector,630,2022-09-30 10:40:00,2022-09-30 10:40:00
BKSN,2022-09-30 12:42:00,2022-09-30 14:44:00,2022-09-30 12:42:00,2022-09-30 18:54:00,2022-09-30 18:56:00,0.08004093441573171,-5.09849553943535,5.178536473851082,2.2230107215646644,3.3178945683622807,2.033333333333333,6.2,detector,630,2022-09-30 10:40:00,2022-09-30 10:40:00
MXCO,2022-09-30 20:18:00,2022-09-30 23:12:00,2022-09-30 20:18:00,2022-10-01 00:44:00,2022-10-01 00:46:00,0.4406716812680813,-3.0710993625762657,3.5117710438443472,2.0020069848993423,11.38700558040004,2.9,4.433333333333334,detector,630,2022-09-30 10:40:00,2022-09-30 10:40:00
LMKS,2022-09-30 21:52:00,2022-10-01 00:32:00,2022-09-30 21:52:00,2022-09-30 22:34:00,2022-09-30 22:40:00,-0.38895926855236335,-4.685099498316402,4.296140229764038,2.466509452131274,8.041051160513126,2.6666666666666665,0.7,detector,630,2022-09-30 10:40:00,2022-09-30 10:40:00
JUNG1,2022-10-01 18:56:00,2022-10-01 21:52:00,2022-10-01 18:56:00,2022-10-01 20:44:00,2022-10-01 20:46:00,-1.154300811274966,-4.061147435307126,2.9068466240321604,2.0168432032211845,6.106606695090971,2.933333333333333,1.8,detector,630,2022-09-30 10:40:00,2022-09-30 10:40:00
KIEL2,2022-10-03 03:28:00,2022-10-03 06:10:00,2022-10-03 03:28:00,2022-10-04 03:06:00,2022-10-04 03:08:00,0.039039719168842454,-4.736587998068784,4.775627717237627,2.315023214218918,6.85574653979341,2.7,23.633333333333333,detector,631,2022-10-03 09:06:00,2022-10-03 09:06:00
LMKS,2022-10-03 09:06:00,2022-10-03 11:48:00,2022-10-03 09:06:00,2022-10-04 03:14:00,2022-10-04 03:22:00,0.10515504797332155,-3.920391766358831,4.025546814332152,2.1315042153969572,7.075704149724358,2.7,18.133333333333333,detector,631,2022-10-03 09:06:00,2022-10-03 09:06:00
BKSN,2022-10-03 23:14:00,2022-10-04 01:50:00,2022-10-03 23:14:00,2022-10-04 15:00:00,2022-10-04 15:02:00,0.2891778382002702,-5.981316103543364,6.270493941743634,2.433700781994508,3.782606247342059,2.6,15.766666666666667,detector,631,2022-10-03 09:06:00,2022-10-03 09:06:00
ATHN,2022-10-05 19:16:00,2022-10-05 21:30:00,2022-10-05 19:16:00,2022-10-06 12:14:00,2022-10-06 12:16:00,0.6658174078828325,-7.7164056059357025,8.382223013818535,2.1600919582924245,5.633281012780649,2.2333333333333334,16.966666666666665,detector,632,2022-10-05 19:16:00,2022-10-05 19:16:00
APTY,2022-10-07 08:04:00,2022-10-07 10:04:00,2022-10-07 08:04:00,2022-10-08 17:02:00,2022-10-08 17:08:00,2.2351181428474147,-2.714985974555859,4.950104117403274,2.0307367408511148,3.283252730331896,2.0,32.96666666666667,detector,633,2022-10-07 16:10:00,2022-10-07 16:10:00
NEWK,2022-10-07 11:32:00,2022-10-07 15:16:00,2022-10-07 11:32:00,2022-10-08 13:34:00,2022-10-08 13:38:00,1.5932940283421626,-3.575800192723394,5.169094221065556,2.532574811376815,12.118720046092562,3.7333333333333334,26.033333333333335,detector,633,2022-10-07 16:10:00,2022-10-07 16:10:00
OULU,2022-10-07 13:02:00,2022-10-07 16:50:00,2022-10-07 13:02:00,2022-10-09 00:30:00,2022-10-09 00:36:00,1.9508801576045296,-3.485369451022899,5.436249608627429,2.0369136885524246,6.416398049865832,3.8,35.46666666666667,detector,633,2022-10-07 16:10:00,2022-10-07 16:10:00
KIEL2,2022-10-07 16:10:00,2022-10-07 18:44:00,2022-10-07 16:10:00,2022-10-08 21:06:00,2022-10-08 21:08:00,1.526395706141342,-3.637206837153833,5.163602543295175,2.1465878609077658,10.365129865378112,2.566666666666667,28.933333333333334,detector,633,2022-10-07 16:10:00,2022-10-07 16:10:00
BKSN,2022-10-07 17:08:00,2022-10-07 20:10:00,2022-10-07 17:08:00,2022-10-09 04:50:00,2022-10-09 04:52:00,1.2841923116098144,-4.475327907473108,5.759520219082923,2.1929492876979877,11.399434519425476,3.033333333333333,35.7,detector,633,2022-10-07 16:10:00,2022-10-07 16:10:00
FSMT,2022-10-08 00:40:00,2022-10-08 02:48:00,2022-10-08 00:40:00,2022-10-08 22:26:00,2022-10-08 22:30:00,1.1900025118993622,-2.8293575882386484,4.019360100138011,2.2879138445419587,6.558733168498668,2.1333333333333333,21.766666666666666,detector,633,2022-10-07 16:10:00,2022-10-07 16:10:00
JUNG1,2022-10-08 06:40:00,2022-10-08 09:18:00,2022-10-08 06:40:00,2022-10-08 17:56:00,2022-10-08 17:58:00,1.7245868184285214,-2.733680566384922,4.4582673848134435,2.2511464732653277,7.379407487604561,2.6333333333333333,11.266666666666667,detector,633,2022-10-07 16:10:00,2022-10-07 16:10:00
MXCO,2022-10-09 19:46:00,2022-10-09 23:24:00,2022-10-09 19:46:00,2022-10-10 14:38:00,2022-10-10 14:40:00,0.4218238331484405,-7.393858773971848,7.815682607120289,2.083150084423394,4.283186769717502,3.6333333333333333,18.866666666666667,detector,634,2022-10-09 21:08:00,2022-10-09 21:08:00
LMKS,2022-10-09 21:08:00,2022-10-09 23:06:00,2022-10-09 21:08:00,2022-10-09 23:34:00,2022-10-09 23:36:00,0.7955936598527661,-2.309592005325155,3.105185665177921,2.2213092352044828,5.442864459778952,1.9666666666666666,2.433333333333333,detector,634,2022-10-09 21:08:00,2022-10-09 21:08:00
NEWK,2022-10-10 03:48:00,2022-10-10 05:46:00,2022-10-10 03:48:00,2022-10-10 15:54:00,2022-10-10 15:56:00,0.10899478355572581,-5.186991026505525,5.295985810061251,2.7339621186990875,5.538530325019853,1.9666666666666666,12.1,detector,634,2022-10-09 21:08:00,2022-10-09 21:08:00
JUNG,2022-10-13 11:58:00,2022-10-13 14:14:00,2022-10-13 11:58:00,2022-10-14 23:00:00,2022-10-14 23:08:00,0.7511978583084795,-5.790872867255669,6.542070725564149,2.706905443071917,4.9374825527001835,2.2666666666666666,35.03333333333333,detector,635,2022-10-14 14:30:00,2022-10-14 14:30:00
APTY,2022-10-14 00:20:00,2022-10-14 02:20:00,2022-10-14 00:20:00,2022-10-15 03:32:00,2022-10-15 03:36:00,0.5942032250409006,-5.909755488391794,6.503958713432695,2.317622964740172,6.736618684785291,2.0,27.2,detector,635,2022-10-14 14:30:00,2022-10-14 14:30:00
DRBS,2022-10-14 00:46:00,2022-10-14 02:56:00,2022-10-14 00:46:00,2022-10-15 04:14:00,2022-10-15 04:16:00,0.4884674189872368,-6.186145931454241,6.6746133504414775,2.2462292730149422,7.952718313212797,2.1666666666666665,27.466666666666665,detector,635,2022-10-14 14:30:00,2022-10-14 14:30:00
MXCO,2022-10-14 10:38:00,2022-10-14 13:18:00,2022-10-14 10:38:00,2022-10-15 10:58:00,2022-10-15 11:04:00,0.5469378012125861,-4.960548612582086,5.5074864137946715,2.1182985888335457,4.337417012122487,2.6666666666666665,24.333333333333332,detector,635,2022-10-14 14:30:00,2022-10-14 14:30:00
BKSN,2022-10-14 18:22:00,2022-10-14 20:40:00,2022-10-14 18:22:00,2022-10-16 04:26:00,2022-10-16 04:28:00,0.628758237619421,-5.979082183969921,6.6078404215893425,2.380903994344299,5.894634008732045,2.3,34.06666666666667,detector,635,2022-10-14 14:30:00,2022-10-14 14:30:00
KIEL2,2022-10-14 23:00:00,2022-10-15 01:46:00,2022-10-14 23:00:00,2022-10-16 00:32:00,2022-10-16 00:34:00,0.2236622644996499,-5.44372243949364,5.66738470399329,2.328019506575133,9.420414234076832,2.7666666666666666,25.533333333333335,detector,635,2022-10-14 14:30:00,2022-10-14 14:30:00
NEWK,2022-10-15 01:22:00,2022-10-15 04:04:00,2022-10-15 01:22:00,2022-10-15 09:22:00,2022-10-15 09:24:00,0.32632116900666597,-6.388573785706913,6.714894954713579,2.3890690457879105,7.3931564439218596,2.7,8.0,detector,635,2022-10-14 14:30:00,2022-10-14 14:30:00
LMKS,2022-10-15 01:32:00,2022-10-15 04:38:00,2022-10-15 01:32:00,2022-10-15 21:32:00,2022-10-15 22:04:00,0.2610214358818821,-5.48205820218674,5.743079638068622,2.303758331074461,6.064168634796503,3.1,20.0,detector,635,2022-10-14 14:30:00,2022-10-14 14:30:00
APTY,2022-10-19 17:58:00,2022-10-19 20:40:00,2022-10-19 17:58:00,2022-10-21 05:04:00,2022-10-21 05:06:00,0.3368657737074924,-3.9575062195128985,4.294371993220391,2.009273019043188,3.209105567789041,2.7,35.1,detector,636,2022-10-20 18:09:00,2022-10-20 18:09:00
ROME,2022-10-20 14:24:00,2022-10-20 17:04:00,2022-10-20 14:24:00,2022-10-22 01:02:00,2022-10-22 01:04:00,0.4368486220127567,-4.498350444296401,4.935199066309157,2.036827643319561,4.900649046260142,2.6666666666666665,34.63333333333333,detector,636,2022-10-20 18:09:00,2022-10-20 18:09:00
FSMT,2022-10-20 21:54:00,2022-10-21 00:00:00,2022-10-20 21:54:00,2022-10-22 07:52:00,2022-10-22 07:54:00,0.7467202203499976,-2.9733923071579036,3.7201125275079012,2.0204784514968805,5.20632045541071,2.1,33.96666666666667,detector,636,2022-10-20 18:09:00,2022-10-20 18:09:00
JUNG,2022-10-21 16:24:00,2022-10-21 19:44:00,2022-10-21 16:24:00,2022-10-22 00:40:00,2022-10-22 00:42:00,0.07929383791645266,-4.657778170670502,4.737072008586955,2.3589198439755568,7.08837765165825,3.3333333333333335,8.266666666666667,detector,636,2022-10-20 18:09:00,2022-10-20 18:09:00
JUNG,2022-10-23 02:50:00,2022-10-23 05:10:00,2022-10-23 02:50:00,2022-10-24 01:08:00,2022-10-24 01:10:00,0.6723157081482021,-3.904715592969883,4.577031301118085,2.235202953074007,7.040544150927621,2.3333333333333335,22.3,detector,637,2022-10-23 08:56:00,2022-10-23 08:56:00
FSMT,2022-10-23 15:02:00,2022-10-23 17:06:00,2022-10-23 15:02:00,2022-10-24 12:02:00,2022-10-24 12:04:00,0.09939787720265436,-3.44476222456376,3.544160101766414,2.030574883315043,2.668189622375666,2.066666666666667,21.0,detector,637,2022-10-23 08:56:00,2022-10-23 08:56:00
JUNG1,2022-10-29 13:18:00,2022-10-29 15:24:00,2022-10-29 13:18:00,2022-10-31 00:06:00,2022-10-31 00:08:00,0.8131011508138337,-3.03868354618158,3.8517846969954137,2.3095751430476934,3.806647654401811,2.1,34.8,detector,638,2022-10-30 00:40:00,2022-10-30 00:40:00
AATB,2022-10-29 14:00:00,2022-10-29 16:24:00,2022-10-29 14:00:00,2022-10-30 22:14:00,2022-10-30 22:18:00,0.46727873984592183,-2.6956391875746815,3.162917927420603,2.799525764861731,9.955888318702204,2.4,32.233333333333334,detector,638,2022-10-30 00:40:00,2022-10-30 00:40:00
APTY,2022-10-30 11:20:00,2022-10-30 14:46:00,2022-10-30 11:20:00,2022-10-31 08:08:00,2022-10-31 08:12:00,0.8751603447666862,-3.622305260132215,4.497465604898902,2.116502385282608,7.262491656160471,3.433333333333333,20.8,detector,638,2022-10-30 00:40:00,2022-10-30 00:40:00
KERG,2022-10-31 10:42:00,2022-10-31 12:56:00,2022-10-31 10:42:00,2022-10-31 16:32:00,2022-10-31 16:36:00,0.5007722666268896,-3.441815651429199,3.9425879180560885,2.031685653586747,5.189317165677819,2.2333333333333334,5.833333333333333,detector,638,2022-10-30 00:40:00,2022-10-30 00:40:00
FSMT,2022-11-02 12:36:00,2022-11-02 14:38:00,2022-11-02 12:36:00,2022-11-03 10:58:00,2022-11-03 11:00:00,0.49158507853364236,-3.019259600968754,3.510844679502396,2.700850550088275,4.472819622182308,2.033333333333333,22.366666666666667,detector,639,2022-11-02 19:46:00,2022-11-02 19:46:00
KERG,2022-11-03 02:56:00,2022-11-03 05:56:00,2022-11-03 02:56:00,2022-11-03 20:44:00,2022-11-03 20:58:00,0.3136167715704345,-3.6504294557561736,3.964046227326608,2.0719178315517364,9.665411227218168,3.0,17.8,detector,639,2022-11-02 19:46:00,2022-11-02 19:46:00
KIEL2,2022-11-04 10:28:00,2022-11-04 12:42:00,2022-11-04 10:28:00,2022-11-05 04:30:00,2022-11-05 04:32:00,0.5259414372218991,-3.057011515780831,3.58295295300273,2.0508583978607557,9.203368527510408,2.2333333333333334,18.033333333333335,detector,640,2022-11-06 19:24:00,2022-11-06 19:24:00
DRBS,2022-11-04 23:28:00,2022-11-05 02:10:00,2022-11-04 23:28:00,2022-11-05 16:04:00,2022-11-05 16:08:00,0.4459001954253981,-14.70494067711335,15.15084087253875,3.3609706864914006,4.59758379891759,2.7,16.6,detector,640,2022-11-06 19:24:00,2022-11-06 19:24:00
ROME,2022-11-05 20:06:00,2022-11-05 22:12:00,2022-11-05 20:06:00,2022-11-06 22:52:00,2022-11-07 03:40:00,-0.49171291754357643,-11.781921361978114,11.290208444434537,2.346267612080948,4.236842278526341,2.1,26.766666666666666,detector,640,2022-11-06 19:24:00,2022-11-06 19:24:00
ATHN,2022-11-06 12:44:00,2022-11-06 14:48:00,2022-11-06 12:44:00,2022-11-08 00:42:00,2022-11-08 00:44:00,0.5548309233908193,-6.538881913519461,7.09371283691028,2.213630394648639,5.975586920392904,2.066666666666667,35.96666666666667,detector,640,2022-11-06 19:24:00,2022-11-06 19:24:00
MXCO,2022-11-06 14:24:00,2022-11-06 17:00:00,2022-11-06 14:24:00,2022-11-08 01:16:00,2022-11-08 01:18:00,0.488566296639949,-4.551152680103487,5.039718976743436,2.369411505883752,9.087697860764242,2.6,34.86666666666667,detector,640,2022-11-06 19:24:00,2022-11-06 19:24:00
BKSN,2022-11-06 17:48:00,2022-11-06 20:54:00,2022-11-06 17:48:00,2022-11-07 22:02:00,2022-11-07 22:04:00,0.3275213271259644,-4.930429157475595,5.25795048460156,2.0258339147512077,11.04298656264926,3.1,28.233333333333334,detector,640,2022-11-06 19:24:00,2022-11-06 19:24:00
FSMT,2022-11-06 19:24:00,2022-11-06 22:20:00,2022-11-06 19:24:00,2022-11-08 05:38:00,2022-11-08 05:54:00,0.6914511662769665,-5.311365796132399,6.002816962409365,2.648306455115456,7.389699260519296,2.933333333333333,34.233333333333334,detector,640,2022-11-06 19:24:00,2022-11-06 19:24:00
JUNG,2022-11-07 02:22:00,2022-11-07 05:42:00,2022-11-07 02:22:00,2022-11-08 01:40:00,2022-11-08 01:44:00,0.3912593739497928,-3.5994343346439,3.990693708593693,2.2223595826992915,11.394763718755463,3.3333333333333335,23.3,detector,640,2022-11-06 19:24:00,2022-11-06 19:24:00
AATB,2022-11-07 05:24:00,2022-11-07 08:08:00,2022-11-07 05:24:00,2022-11-08 00:00:00,2022-11-08 00:02:00,0.24400615121503724,-3.5056951392863014,3.7497012905013385,2.0288502077497377,10.098731196105318,2.7333333333333334,18.6,detector,640,2022-11-06 19:24:00,2022-11-06 19:24:00
OULU,2022-11-07 09:24:00,2022-11-07 12:54:00,2022-11-07 09:24:00,2022-11-08 03:56:00,2022-11-08 04:00:00,0.590463928464272,-5.674108680074086,6.264572608538359,2.3732271551169957,7.639718022565359,3.5,18.533333333333335,detector,640,2022-11-06 19:24:00,2022-11-06 19:24:00
LMKS,2022-11-08 03:02:00,2022-11-08 05:26:00,2022-11-08 03:02:00,2022-11-08 03:38:00,2022-11-08 03:40:00,-1.2799870473295014,-3.564793927974317,2.2848068806448154,2.1322223920391834,7.134018865204054,2.4,0.6,detector,640,2022-11-06 19:24:00,2022-11-06 19:24:00
KERG,2022-11-08 04:48:00,2022-11-08 07:06:00,2022-11-08 04:48:00,2022-11-08 20:24:00,2022-11-08 20:26:00,-0.23360630250579256,-4.39548084871866,4.161874546212867,2.407574375469559,3.701144829464256,2.3,15.6,detector,640,2022-11-06 19:24:00,2022-11-06 19:24:00
NEWK,2022-11-08 05:16:00,2022-11-08 07:34:00,2022-11-08 05:16:00,2022-11-08 05:56:00,2022-11-08 05:58:00,-0.7998331921819056,-5.1893188693021886,4.389485677120283,2.321646859000747,6.227006507778924,2.3,0.6666666666666666,detector,640,2022-11-06 19:24:00,2022-11-06 19:24:00
MXCO,2022-11-10 17:16:00,2022-11-10 21:06:00,2022-11-10 17:16:00,2022-11-12 01:22:00,2022-11-12 01:26:00,0.22324692154223652,-3.3014978853121737,3.52474480685441,2.261389006752902,18.3214393327212,3.8333333333333335,32.1,detector,641,2022-11-11 10:50:00,2022-11-11 10:50:00
NEWK,2022-11-11 00:56:00,2022-11-11 04:50:00,2022-11-11 00:56:00,2022-11-12 07:08:00,2022-11-12 07:10:00,0.0563665552363032,-5.1595633004409045,5.215929855677207,2.2599284515724403,7.861074026178817,3.9,30.2,detector,641,2022-11-11 10:50:00,2022-11-11 10:50:00
KERG,2022-11-11 07:00:00,2022-11-11 09:18:00,2022-11-11 07:00:00,2022-11-11 19:56:00,2022-11-11 19:58:00,-0.29054625117969535,-3.615233486141795,3.3246872349621,2.088448383568107,8.654114472994209,2.3,12.933333333333334,detector,641,2022-11-11 10:50:00,2022-11-11 10:50:00
JUNG,2022-11-11 07:16:00,2022-11-11 10:08:00,2022-11-11 07:16:00,2022-11-12 00:20:00,2022-11-12 00:22:00,-0.11357420675104235,-5.032216071422972,4.91864186467193,2.0667828047353085,3.806336069629043,2.8666666666666667,17.066666666666666,detector,641,2022-11-11 10:50:00,2022-11-11 10:50:00
LMKS,2022-11-11 10:50:00,2022-11-11 13:08:00,2022-11-11 10:50:00,2022-11-11 21:36:00,2022-11-11 21:44:00,-0.12635907954491926,-4.359289684686902,4.232930605141983,2.2773322163033085,8.08310497418892,2.3,10.766666666666667,detector,641,2022-11-11 10:50:00,2022-11-11 10:50:00
ROME,2022-11-11 12:16:00,2022-11-11 15:34:00,2022-11-11 12:16:00,2022-11-11 21:16:00,2022-11-11 21:18:00,0.19303233650542934,-5.57640408169784,5.769436418203269,2.241926965831571,4.759878555951426,3.3,9.0,detector,641,2022-11-11 10:50:00,2022-11-11 10:50:00
ATHN,2022-11-11 12:28:00,2022-11-11 15:28:00,2022-11-11 12:28:00,2022-11-11 16:50:00,2022-11-11 16:52:00,0.180685891712198,-6.680780992707599,6.861466884419797,2.004368686483154,4.8964750470155,3.0,4.366666666666666,detector,641,2022-11-11 10:50:00,2022-11-11 10:50:00
OULU,2022-11-11 16:08:00,2022-11-11 19:04:00,2022-11-11 16:08:00,2022-11-11 23:14:00,2022-11-11 23:22:00,0.3057534512787476,-5.101768856345313,5.407522307624061,2.4242583031579965,3.8334224112526454,2.933333333333333,7.1,detector,641,2022-11-11 10:50:00,2022-11-11 10:50:00
FSMT,2022-11-11 17:40:00,2022-11-11 20:44:00,2022-11-11 17:40:00,2022-11-12 13:14:00,2022-11-12 13:16:00,0.1069515245542206,-4.312138728323694,4.419090252877915,2.0324987336356015,3.649998455259445,3.066666666666667,19.566666666666666,detector,641,2022-11-11 10:50:00,2022-11-11 10:50:00
KERG,2022-11-16 12:52:00,2022-11-16 15:48:00,2022-11-16 12:52:00,2022-11-17 12:36:00,2022-11-17 12:38:00,0.4008518743232884,-2.977413186510905,3.378265060834193,2.1563902689125154,4.325617452131408,2.933333333333333,23.733333333333334,detector,642,2022-11-16 12:52:00,2022-11-16 12:52:00
NEWK,2022-11-18 15:02:00,2022-11-18 18:04:00,2022-11-18 15:02:00,2022-11-19 09:58:00,2022-11-19 10:00:00,0.6166697931457163,-4.880282611539966,5.496952404685682,2.232580796613647,5.333421837457,3.033333333333333,18.933333333333334,detector,643,2022-11-19 22:06:00,2022-11-19 22:06:00
KERG,2022-11-19 01:36:00,2022-11-19 04:18:00,2022-11-19 01:36:00,2022-11-19 13:28:00,2022-11-19 13:30:00,-0.01661945272172955,-3.439344109604829,3.4227246568830996,2.0780091426900413,8.08224836040252,2.7,11.866666666666667,detector,643,2022-11-19 22:06:00,2022-11-19 22:06:00
JUNG,2022-11-19 22:06:00,2022-11-20 00:08:00,2022-11-19 22:06:00,2022-11-20 17:08:00,2022-11-20 17:14:00,0.11305760254700009,-3.779292567485138,3.892350170032138,2.0858458956818837,4.057325134947487,2.033333333333333,19.033333333333335,detector,643,2022-11-19 22:06:00,2022-11-19 22:06:00
KIEL2,2022-11-20 00:02:00,2022-11-20 02:14:00,2022-11-20 00:02:00,2022-11-20 23:30:00,2022-11-20 23:32:00,-0.43165033064117353,-5.1409710877775,4.709320757136327,2.2416245029808652,5.4024173640189765,2.2,23.466666666666665,detector,643,2022-11-19 22:06:00,2022-11-19 22:06:00
DRBS,2022-11-20 18:04:00,2022-11-20 20:18:00,2022-11-20 18:04:00,2022-11-22 02:34:00,2022-11-22 02:36:00,0.27377535187832314,-6.095492837347809,6.3692681892261325,2.0157188992575303,3.399516683635817,2.2333333333333334,32.5,detector,643,2022-11-19 22:06:00,2022-11-19 22:06:00
JUNG,2022-11-25 18:36:00,2022-11-25 21:04:00,2022-11-25 18:36:00,2022-11-26 01:58:00,2022-11-26 02:02:00,0.6238685724128445,-3.561447191239614,4.185315763652459,2.4067146372888923,5.146574699145788,2.466666666666667,7.366666666666666,detector,644,2022-11-25 22:52:00,2022-11-25 22:52:00
DRBS,2022-11-25 22:52:00,2022-11-26 04:20:00,2022-11-25 22:52:00,2022-11-26 02:12:00,2022-11-26 02:16:00,0.32969208052518784,-5.877585603507019,6.207277684032207,2.172929351713655,5.559490057885483,5.466666666666667,3.3333333333333335,detector,644,2022-11-25 22:52:00,2022-11-25 22:52:00
LMKS,2022-11-26 04:04:00,2022-11-26 08:36:00,2022-11-26 04:04:00,2022-11-26 16:08:00,2022-11-26 16:10:00,-0.03118110033366205,-2.978298374648151,2.947117274314489,2.7239652910096037,11.324027351849438,4.533333333333333,12.066666666666666,detector,644,2022-11-25 22:52:00,2022-11-25 22:52:00
FSMT,2022-11-27 08:06:00,2022-11-27 10:20:00,2022-11-27 08:06:00,2022-11-28 18:20:00,2022-11-28 18:22:00,-0.20132061632136974,-3.544101769703803,3.342781153382433,2.1171921773075857,3.557625287683954,2.2333333333333334,34.233333333333334,detector,645,2022-11-27 08:06:00,2022-11-27 08:06:00
APTY,2022-12-01 17:04:00,2022-12-01 19:18:00,2022-12-01 17:04:00,2022-12-02 03:00:00,2022-12-02 03:02:00,0.20274437353709468,-4.198374918168256,4.401119291705351,2.202016640955528,5.165166334201958,2.2333333333333334,9.933333333333334,detector,646,2022-12-02 07:02:00,2022-12-02 07:02:00
AATB,2022-12-02 02:48:00,2022-12-02 06:12:00,2022-12-02 02:48:00,2022-12-02 23:14:00,2022-12-02 23:16:00,0.5447976993108244,-2.7320543383660585,3.276852037676883,2.511985958840881,19.52677527822145,3.4,20.433333333333334,detector,646,2022-12-02 07:02:00,2022-12-02 07:02:00
DRBS,2022-12-02 05:42:00,2022-12-02 07:44:00,2022-12-02 05:42:00,2022-12-02 23:54:00,2022-12-02 23:56:00,0.3958933855298832,-5.789832647436826,6.185726032966709,2.149327064336392,8.609180104444185,2.033333333333333,18.2,detector,646,2022-12-02 07:02:00,2022-12-02 07:02:00
OULU,2022-12-02 06:56:00,2022-12-02 08:54:00,2022-12-02 06:56:00,2022-12-03 00:08:00,2022-12-03 00:10:00,0.11077119219377529,-6.719401655789284,6.830172847983059,2.182786601664888,4.0383264046982985,1.9666666666666666,17.2,detector,646,2022-12-02 07:02:00,2022-12-02 07:02:00
LMKS,2022-12-02 07:02:00,2022-12-02 09:44:00,2022-12-02 07:02:00,2022-12-03 18:58:00,2022-12-03 19:02:00,0.39437180765399266,-3.3509987770077503,3.745370584661743,2.245125051315745,8.397969349671724,2.7,35.93333333333333,detector,646,2022-12-02 07:02:00,2022-12-02 07:02:00
ROME,2022-12-02 11:42:00,2022-12-02 14:12:00,2022-12-02 11:42:00,2022-12-03 21:34:00,2022-12-03 21:36:00,0.3303862711089929,-4.707335706506723,5.037721977615716,2.5342677164925203,5.8068006658468425,2.5,33.86666666666667,detector,646,2022-12-02 07:02:00,2022-12-02 07:02:00
BKSN,2022-12-02 14:06:00,2022-12-02 18:14:00,2022-12-02 14:06:00,2022-12-03 20:34:00,2022-12-03 20:36:00,0.4901840644449996,-4.551629603338764,5.041813667783764,2.4309823378869546,5.868087552253867,4.133333333333334,30.466666666666665,detector,646,2022-12-02 07:02:00,2022-12-02 07:02:00
JUNG1,2022-12-02 14:28:00,2022-12-02 17:54:00,2022-12-02 14:28:00,2022-12-03 22:20:00,2022-12-03 22:24:00,0.41594465774729383,-3.658306568084341,4.074251225831635,2.2502982470887405,21.846575832622847,3.433333333333333,31.866666666666667,detector,646,2022-12-02 07:02:00,2022-12-02 07:02:00
KERG,2022-12-04 08:46:00,2022-12-04 10:48:00,2022-12-04 08:46:00,2022-12-05 00:12:00,2022-12-05 00:20:00,0.12170713910488261,-4.686133267636004,4.807840406740887,2.186749035509328,4.912126504370549,2.033333333333333,15.433333333333334,detector,646,2022-12-02 07:02:00,2022-12-02 07:02:00
AATB,2022-12-06 12:02:00,2022-12-06 14:32:00,2022-12-06 12:02:00,2022-12-06 21:30:00,2022-12-06 21:32:00,0.3359631960762275,-2.9754739693048413,3.3114371653810686,2.3150144785906455,5.304680319013971,2.5,9.466666666666667,detector,647,2022-12-06 22:04:00,2022-12-06 22:04:00
KIEL2,2022-12-06 18:24:00,2022-12-06 20:34:00,2022-12-06 18:24:00,2022-12-08 01:32:00,2022-12-08 01:34:00,0.5437386866188393,-2.5044267343987263,3.0481654210175657,2.0292637766396737,8.066654572403872,2.1666666666666665,31.133333333333333,detector,647,2022-12-06 22:04:00,2022-12-06 22:04:00
FSMT,2022-12-06 20:58:00,2022-12-06 22:58:00,2022-12-06 20:58:00,2022-12-08 05:50:00,2022-12-08 05:52:00,0.9793094343084865,-3.412850020966309,4.392159455274795,2.5017426902306465,6.541758613847468,2.0,32.86666666666667,detector,647,2022-12-06 22:04:00,2022-12-06 22:04:00
NEWK,2022-12-06 23:10:00,2022-12-07 02:50:00,2022-12-06 23:10:00,2022-12-08 08:26:00,2022-12-08 08:28:00,0.28975308645640296,-4.749808155380908,5.039561241837311,2.021073958242551,8.310409188559928,3.6666666666666665,33.266666666666666,detector,647,2022-12-06 22:04:00,2022-12-06 22:04:00
ROME,2022-12-07 18:38:00,2022-12-07 21:30:00,2022-12-07 18:38:00,2022-12-09 00:00:00,2022-12-09 00:04:00,0.6345014009250309,-4.143088116410671,4.777589517335702,2.003434095376964,3.731473801159405,2.8666666666666667,29.366666666666667,detector,647,2022-12-06 22:04:00,2022-12-06 22:04:00
KERG,2022-12-07 18:54:00,2022-12-07 22:30:00,2022-12-07 18:54:00,2022-12-09 00:20:00,2022-12-09 00:22:00,0.8811922323988353,-3.4999279850208764,4.381120217419712,2.0611093193513774,9.979534861458662,3.6,29.433333333333334,detector,647,2022-12-06 22:04:00,2022-12-06 22:04:00
KERG,2022-12-12 22:06:00,2022-12-13 04:18:00,2022-12-12 22:06:00,2022-12-14 03:08:00,2022-12-14 03:10:00,0.4957093083071391,-3.3872612148529804,3.8829705231601195,2.0470089901643034,5.771017471994756,6.2,29.033333333333335,detector,648,2022-12-17 13:52:00,2022-12-17 13:52:00
LMKS,2022-12-14 20:32:00,2022-12-15 00:30:00,2022-12-14 20:32:00,2022-12-15 21:36:00,2022-12-15 21:38:00,1.0505520225364662,-2.470316386237164,3.52086840877363,2.1170418718624164,5.469618217891234,3.966666666666667,25.066666666666666,detector,648,2022-12-17 13:52:00,2022-12-17 13:52:00
KIEL2,2022-12-15 05:24:00,2022-12-15 07:30:00,2022-12-15 05:24:00,2022-12-16 04:40:00,2022-12-16 04:42:00,0.0754890869121565,-4.579096013663601,4.6545851005757575,2.1028665255321486,7.491752346323522,2.1,23.266666666666666,detector,648,2022-12-17 13:52:00,2022-12-17 13:52:00
AATB,2022-12-17 11:10:00,2022-12-17 13:12:00,2022-12-17 11:10:00,2022-12-18 21:06:00,2022-12-18 21:08:00,-0.0821324590853337,-3.2856286527798524,3.2034961936945185,2.0703567670679437,6.379676840752078,2.033333333333333,33.93333333333333,detector,648,2022-12-17 13:52:00,2022-12-17 13:52:00
JUNG1,2022-12-17 13:52:00,2022-12-17 17:18:00,2022-12-17 13:52:00,2022-12-18 23:46:00,2022-12-18 23:48:00,-0.27583325836569805,-4.08424142793199,3.8084081695662917,2.0951887547937313,4.282277594679198,3.433333333333333,33.9,detector,648,2022-12-17 13:52:00,2022-12-17 13:52:00
OULU,2022-12-18 03:06:00,2022-12-18 05:14:00,2022-12-18 03:06:00,2022-12-18 16:40:00,2022-12-18 16:42:00,-0.0582709953002981,-4.538920673603245,4.480649678302947,2.0656281329917308,4.351154694045143,2.1333333333333333,13.566666666666666,detector,648,2022-12-17 13:52:00,2022-12-17 13:52:00
FSMT,2022-12-18 16:56:00,2022-12-18 19:02:00,2022-12-18 16:56:00,2022-12-19 22:16:00,2022-12-19 22:20:00,0.2560138404173697,-4.466550551159016,4.722564391576386,2.054608251980031,5.109643676352841,2.1,29.333333333333332,detector,648,2022-12-17 13:52:00,2022-12-17 13:52:00
APTY,2022-12-18 20:34:00,2022-12-19 00:46:00,2022-12-18 20:34:00,2022-12-19 22:56:00,2022-12-19 22:58:00,-0.6655666868764629,-4.394711920461836,3.7291452335853728,2.159813854830882,7.952730000814564,4.2,26.366666666666667,detector,648,2022-12-17 13:52:00,2022-12-17 13:52:00
DRBS,2022-12-19 04:22:00,2022-12-19 06:38:00,2022-12-19 04:22:00,2022-12-19 11:00:00,2022-12-19 11:02:00,-1.045637770129182,-6.734696722568424,5.689058952439242,2.2643229996286967,7.274713661051846,2.2666666666666666,6.633333333333334,detector,648,2022-12-17 13:52:00,2022-12-17 13:52:00
JUNG1,2022-12-21 17:58:00,2022-12-21 21:22:00,2022-12-21 17:58:00,2022-12-23 00:40:00,2022-12-23 00:44:00,0.06809938696931844,-3.762034767257224,3.8301341542265424,2.0845606175240254,7.337294730474335,3.4,30.7,detector,649,2022-12-22 06:53:00,2022-12-22 06:53:00
FSMT,2022-12-21 23:26:00,2022-12-22 04:00:00,2022-12-21 23:26:00,2022-12-23 04:30:00,2022-12-23 04:32:00,-0.2548601300538569,-3.727319056140883,3.472458926087026,2.3138588103404385,4.309538284132967,4.566666666666666,29.066666666666666,detector,649,2022-12-22 06:53:00,2022-12-22 06:53:00
KIEL2,2022-12-22 14:20:00,2022-12-22 16:32:00,2022-12-22 14:20:00,2022-12-23 12:48:00,2022-12-23 12:50:00,-0.0327778347875482,-4.268363874531909,4.235586039744361,2.2783196215952706,6.649574153089777,2.2,22.466666666666665,detector,649,2022-12-22 06:53:00,2022-12-22 06:53:00
AATB,2022-12-22 18:06:00,2022-12-22 21:40:00,2022-12-22 18:06:00,2022-12-22 22:48:00,2022-12-22 22:50:00,0.0389306921159229,-3.1828528072837665,3.2217834993996894,2.3589840270087277,8.491862386430258,3.566666666666667,4.7,detector,649,2022-12-22 06:53:00,2022-12-22 06:53:00
NEWK,2022-12-25 00:20:00,2022-12-25 02:54:00,2022-12-25 00:20:00,2022-12-26 12:18:00,2022-12-26 12:22:00,0.6106055377017445,-5.88580263368342,6.4964081713851645,2.2158695854313737,4.338910923350561,2.566666666666667,35.96666666666667,detector,650,2022-12-25 23:23:00,2022-12-25 23:23:00
JUNG1,2022-12-25 04:00:00,2022-12-25 06:12:00,2022-12-25 04:00:00,2022-12-26 11:24:00,2022-12-26 11:30:00,1.0210977912991752,-3.6177113195658577,4.638809110865033,2.1337541795291326,4.404540365308613,2.2,31.4,detector,650,2022-12-25 23:23:00,2022-12-25 23:23:00
JUNG,2022-12-25 06:18:00,2022-12-25 09:04:00,2022-12-25 06:18:00,2022-12-26 11:32:00,2022-12-26 11:34:00,0.7016622420641754,-4.295736093604789,4.997398335668964,2.0240678617220813,7.251966211783317,2.7666666666666666,29.233333333333334,detector,650,2022-12-25 23:23:00,2022-12-25 23:23:00
MXCO,2022-12-25 22:50:00,2022-12-26 00:56:00,2022-12-25 22:50:00,2022-12-27 06:18:00,2022-12-27 06:20:00,0.13401228314715263,-5.463227143038874,5.597239426186027,2.056467382970114,4.177644522870595,2.1,31.466666666666665,detector,650,2022-12-25 23:23:00,2022-12-25 23:23:00
CALM,2022-12-25 23:14:00,2022-12-26 01:42:00,2022-12-25 23:14:00,2022-12-27 08:30:00,2022-12-27 08:32:00,0.3410852713178157,-8.639830508474564,8.98091577979238,2.394594593208339,8.21587551981594,2.466666666666667,33.266666666666666,detector,650,2022-12-25 23:23:00,2022-12-25 23:23:00
ROME,2022-12-25 23:32:00,2022-12-26 02:18:00,2022-12-25 23:32:00,2022-12-27 02:38:00,2022-12-27 02:40:00,0.0539140816004231,-5.950470075670722,6.004384157271145,2.2418543319731037,3.225168754328471,2.7666666666666666,27.1,detector,650,2022-12-25 23:23:00,2022-12-25 23:23:00
ATHN,2022-12-26 05:18:00,2022-12-26 08:18:00,2022-12-26 05:18:00,2022-12-26 23:04:00,2022-12-26 23:06:00,-0.09764147489990205,-9.35700487535645,9.259363400456548,2.38253101920288,9.702541101294896,3.0,17.766666666666666,detector,650,2022-12-25 23:23:00,2022-12-25 23:23:00
DRBS,2022-12-26 21:18:00,2022-12-26 23:54:00,2022-12-26 21:18:00,2022-12-26 23:42:00,2022-12-26 23:44:00,-0.5191594088672161,-5.9952718676122965,5.476112458745081,2.012976689716095,10.496736371170297,2.6,2.4,detector,650,2022-12-25 23:23:00,2022-12-25 23:23:00
LMKS,2022-12-26 22:44:00,2022-12-27 01:46:00,2022-12-26 22:44:00,2022-12-27 02:58:00,2022-12-27 03:00:00,-1.2320411401798146,-4.393291295000016,3.1612501548202014,2.088410400494515,3.663907645563979,3.033333333333333,4.233333333333333,detector,650,2022-12-25 23:23:00,2022-12-25 23:23:00
AATB,2022-12-27 00:40:00,2022-12-27 03:18:00,2022-12-27 00:40:00,2022-12-27 01:04:00,2022-12-27 01:06:00,-1.0247262685733656,-4.310017467912204,3.2852911993388387,2.088487138730577,8.761552471601142,2.6333333333333333,0.4,detector,650,2022-12-25 23:23:00,2022-12-25 23:23:00
KIEL2,2022-12-30 14:42:00,2022-12-30 16:48:00,2022-12-30 14:42:00,2022-12-31 03:20:00,2022-12-31 03:22:00,1.1746018814048256,-3.6570291883936266,4.831631069798452,2.524252271878954,3.132135531551365,2.1,12.633333333333333,detector,651,2022-12-30 14:42:00,2022-12-30 14:42:00
APTY,2023-01-01 14:10:00,2023-01-01 16:36:00,2023-01-01 14:10:00,2023-01-02 21:08:00,2023-01-02 21:12:00,1.1514474260988643,-3.0293799685833247,4.180827394682189,2.465567664148706,7.276036051590871,2.433333333333333,30.966666666666665,detector,652,2023-01-02 05:28:00,2023-01-02 05:28:00
JUNG,2023-01-02 05:28:00,2023-01-02 08:20:00,2023-01-02 05:28:00,2023-01-02 23:38:00,2023-01-02 23:40:00,0.8562716561157003,-2.706313892075166,3.5625855481908664,2.051713214314774,3.7567907388590376,2.8666666666666667,18.166666666666668,detector,652,2023-01-02 05:28:00,2023-01-02 05:28:00
MXCO,2023-01-02 08:06:00,2023-01-02 10:22:00,2023-01-02 08:06:00,2023-01-03 02:14:00,2023-01-03 02:16:00,0.6983881837312911,-2.861640498473456,3.560028682204747,2.1511626712928855,3.3006003629937517,2.2666666666666666,18.133333333333333,detector,652,2023-01-02 05:28:00,2023-01-02 05:28:00
FSMT,2023-01-03 14:40:00,2023-01-03 16:40:00,2023-01-03 14:40:00,2023-01-04 14:36:00,2023-01-04 14:44:00,0.5822021594405158,-4.155591418264665,4.7377935777051805,2.1377891278906964,5.97117015528089,2.0,23.933333333333334,detector,653,2023-01-03 16:22:00,2023-01-03 16:22:00
JUNG,2023-01-03 15:30:00,2023-01-03 17:54:00,2023-01-03 15:30:00,2023-01-04 15:12:00,2023-01-04 15:14:00,0.7934080902130778,-5.2529628039205285,6.046370894133606,2.212368664505948,3.8572676257289498,2.4,23.7,detector,653,2023-01-03 16:22:00,2023-01-03 16:22:00
LMKS,2023-01-03 15:48:00,2023-01-03 17:58:00,2023-01-03 15:48:00,2023-01-04 20:22:00,2023-01-04 20:28:00,0.70351651513419,-4.258932005819945,4.962448520954135,2.3670828131636323,5.249547418620411,2.1666666666666665,28.566666666666666,detector,653,2023-01-03 16:22:00,2023-01-03 16:22:00
JUNG1,2023-01-03 16:22:00,2023-01-03 18:34:00,2023-01-03 16:22:00,2023-01-04 20:26:00,2023-01-04 20:30:00,0.8315399782888333,-4.644497337237195,5.476037315526028,2.1420902721550004,9.201970357681008,2.2,28.066666666666666,detector,653,2023-01-03 16:22:00,2023-01-03 16:22:00
KERG,2023-01-04 04:28:00,2023-01-04 08:08:00,2023-01-04 04:28:00,2023-01-04 16:12:00,2023-01-04 16:14:00,0.9441095001251677,-5.185342500107322,6.12945200023249,2.0108671404664484,7.604561881781827,3.6666666666666665,11.733333333333333,detector,653,2023-01-03 16:22:00,2023-01-03 16:22:00
ATHN,2023-01-04 05:08:00,2023-01-04 07:24:00,2023-01-04 05:08:00,2023-01-04 16:42:00,2023-01-04 16:44:00,0.2970726332201517,-7.442915690866506,7.739988324086658,2.0011871210347283,6.476035058533903,2.2666666666666666,11.566666666666666,detector,653,2023-01-03 16:22:00,2023-01-03 16:22:00
KIEL2,2023-01-04 13:46:00,2023-01-04 16:00:00,2023-01-04 13:46:00,2023-01-04 17:48:00,2023-01-04 17:50:00,-0.0744987951317416,-4.281304977677122,4.20680618254538,2.215975796826648,9.277853617465274,2.2333333333333334,4.033333333333333,detector,653,2023-01-03 16:22:00,2023-01-03 16:22:00
KIEL2,2023-01-06 19:46:00,2023-01-06 21:48:00,2023-01-06 19:46:00,2023-01-06 23:00:00,2023-01-06 23:04:00,-0.0673582575575228,-3.641256419199612,3.5738981616420893,2.1766266275202266,5.3369597518947565,2.033333333333333,3.2333333333333334,detector,654,2023-01-06 19:46:00,2023-01-06 19:46:00
JUNG1,2023-01-09 05:54:00,2023-01-09 08:48:00,2023-01-09 05:54:00,2023-01-10 02:08:00,2023-01-10 02:10:00,-0.16937671247806224,-4.000518320748762,3.8311416082707,2.1760917536682824,4.540482920295211,2.9,20.233333333333334,detector,655,2023-01-10 20:34:00,2023-01-10 20:34:00
LMKS,2023-01-10 01:26:00,2023-01-10 04:20:00,2023-01-10 01:26:00,2023-01-10 20:12:00,2023-01-10 20:14:00,0.6915436736736975,-2.702109921836089,3.3936535955097864,2.2837125191672976,7.450780726218954,2.9,18.766666666666666,detector,655,2023-01-10 20:34:00,2023-01-10 20:34:00
ROME,2023-01-10 07:48:00,2023-01-10 10:40:00,2023-01-10 07:48:00,2023-01-10 13:44:00,2023-01-10 13:46:00,0.6598341236100608,-4.333271190150038,4.993105313760099,2.1678724940062324,6.679055182912486,2.8666666666666667,5.933333333333334,detector,655,2023-01-10 20:34:00,2023-01-10 20:34:00
JUNG,2023-01-10 11:18:00,2023-01-10 13:42:00,2023-01-10 11:18:00,2023-01-10 13:16:00,2023-01-10 13:22:00,0.30052458131811494,-3.951176544608029,4.251701125926144,2.280110629327574,6.271224701658777,2.4,1.9666666666666666,detector,655,2023-01-10 20:34:00,2023-01-10 20:34:00
APTY,2023-01-10 20:34:00,2023-01-10 22:52:00,2023-01-10 20:34:00,2023-01-12 06:28:00,2023-01-12 06:32:00,0.8998233722933349,-2.769881273739266,3.669704646032601,2.089962435945726,5.87819438291217,2.3,33.9,detector,655,2023-01-10 20:34:00,2023-01-10 20:34:00
OULU,2023-01-11 01:12:00,2023-01-11 03:22:00,2023-01-11 01:12:00,2023-01-11 19:14:00,2023-01-11 19:16:00,0.47534496792964576,-4.23249109878676,4.707836066716405,2.164445982152709,7.580653743327826,2.1666666666666665,18.033333333333335,detector,655,2023-01-10 20:34:00,2023-01-10 20:34:00
KERG,2023-01-12 15:48:00,2023-01-12 17:58:00,2023-01-12 15:48:00,2023-01-13 23:32:00,2023-01-13 23:34:00,-0.41371106909451466,-4.282299208228432,3.868588139133917,2.426204885726966,10.005442012357204,2.1666666666666665,31.733333333333334,detector,655,2023-01-10 20:34:00,2023-01-10 20:34:00
AATB,2023-01-12 19:46:00,2023-01-12 23:18:00,2023-01-12 19:46:00,2023-01-13 15:18:00,2023-01-13 15:20:00,-0.4893196659685799,-3.7554783134350944,3.2661586474665145,2.38967421346296,5.609237123330491,3.533333333333333,19.533333333333335,detector,655,2023-01-10 20:34:00,2023-01-10 20:34:00
KIEL2,2023-01-13 13:28:00,2023-01-13 16:08:00,2023-01-13 13:28:00,2023-01-13 22:06:00,2023-01-13 22:14:00,-0.5024073883658138,-4.091005440542647,3.588598052176833,2.4229084673664607,7.35427146600606,2.6666666666666665,8.633333333333333,detector,655,2023-01-10 20:34:00,2023-01-10 20:34:00
KERG,2023-01-16 22:50:00,2023-01-17 01:12:00,2023-01-16 22:50:00,2023-01-17 23:50:00,2023-01-17 23:52:00,0.19158480027584956,-3.3177494760599724,3.5093342763358217,2.270055451087581,6.825519849264031,2.3666666666666667,25.0,detector,656,2023-01-18 02:35:00,2023-01-18 02:35:00
JUNG,2023-01-17 14:32:00,2023-01-17 17:08:00,2023-01-17 14:32:00,2023-01-19 01:54:00,2023-01-19 01:56:00,0.21620126711703566,-4.999007752334999,5.215209019452035,2.12416833789099,5.509655651990036,2.6,35.36666666666667,detector,656,2023-01-18 02:35:00,2023-01-18 02:35:00
KIEL2,2023-01-17 21:40:00,2023-01-18 00:08:00,2023-01-17 21:40:00,2023-01-18 19:00:00,2023-01-18 19:02:00,-0.0165447678597814,-4.6558501894074675,4.639305421547686,2.1450812662203047,3.553654946180163,2.466666666666667,21.333333333333332,detector,656,2023-01-18 02:35:00,2023-01-18 02:35:00
MXCO,2023-01-18 00:52:00,2023-01-18 04:36:00,2023-01-18 00:52:00,2023-01-18 15:06:00,2023-01-18 15:08:00,0.03997955670620015,-3.5523377146413924,3.5923172713475924,2.0584301704058188,10.430624145871771,3.7333333333333334,14.233333333333333,detector,656,2023-01-18 02:35:00,2023-01-18 02:35:00
FSMT,2023-01-18 04:18:00,2023-01-18 06:28:00,2023-01-18 04:18:00,2023-01-18 05:30:00,2023-01-18 05:34:00,-0.14800176389666464,-4.596146111375192,4.448144347478527,2.6260987896411465,6.698052603775702,2.1666666666666665,1.2,detector,656,2023-01-18 02:35:00,2023-01-18 02:35:00
AATB,2023-01-18 07:40:00,2023-01-18 10:36:00,2023-01-18 07:40:00,2023-01-18 13:20:00,2023-01-18 13:22:00,0.09724560780392716,-3.2345065402916573,3.3317521480955845,2.175440720930147,7.92602995170664,2.933333333333333,5.666666666666667,detector,656,2023-01-18 02:35:00,2023-01-18 02:35:00
LMKS,2023-01-18 10:14:00,2023-01-18 13:18:00,2023-01-18 10:14:00,2023-01-19 20:08:00,2023-01-19 20:12:00,-0.3701936311395335,-4.444082436128629,4.073888804989096,2.1189770176818885,9.83991143672185,3.066666666666667,33.9,detector,656,2023-01-18 02:35:00,2023-01-18 02:35:00
APTY,2023-01-18 12:38:00,2023-01-18 14:44:00,2023-01-18 12:38:00,2023-01-18 23:54:00,2023-01-18 23:58:00,-0.9927745496758595,-5.032463150949922,4.0396886012740625,2.087181629352059,3.927715564899658,2.1,11.266666666666667,detector,656,2023-01-18 02:35:00,2023-01-18 02:35:00
KERG,2023-01-24 14:08:00,2023-01-24 17:36:00,2023-01-24 14:08:00,2023-01-25 21:46:00,2023-01-25 21:48:00,0.937909914082671,-3.067901915370766,4.005811829453437,2.26148005468414,9.523422208419426,3.466666666666667,31.633333333333333,detector,657,2023-01-25 08:02:00,2023-01-25 08:02:00
AATB,2023-01-25 04:42:00,2023-01-25 06:50:00,2023-01-25 04:42:00,2023-01-25 22:26:00,2023-01-25 22:28:00,0.6549420506220384,-2.734315078999836,3.3892571296218743,2.145208773786666,8.418758101073182,2.1333333333333333,17.733333333333334,detector,657,2023-01-25 08:02:00,2023-01-25 08:02:00
LMKS,2023-01-25 11:22:00,2023-01-25 13:20:00,2023-01-25 11:22:00,2023-01-26 09:46:00,2023-01-26 09:48:00,0.934907794710583,-1.5339891030094812,2.4688968977200645,2.16741614639894,3.143611396402489,1.9666666666666666,22.4,detector,657,2023-01-25 08:02:00,2023-01-25 08:02:00
BKSN,2023-01-26 18:40:00,2023-01-26 20:38:00,2023-01-26 18:40:00,2023-01-26 18:42:00,2023-01-26 18:44:00,3.4410232580889755,-4.696075616079333,8.13709887416831,2.108783904420814,3.6450109366467,1.9666666666666666,0.03333333333333333,detector,657,2023-01-25 08:02:00,2023-01-25 08:02:00
BKSN,2023-02-01 16:28:00,2023-02-01 19:30:00,2023-02-01 16:28:00,2023-02-03 00:00:00,2023-02-03 00:02:00,0.7149738325026402,-5.610463134850786,6.325436967353426,2.125391906234858,7.390867612271423,3.033333333333333,31.533333333333335,detector,658,2023-02-02 09:14:00,2023-02-02 09:14:00
JUNG,2023-02-01 22:36:00,2023-02-02 01:02:00,2023-02-01 22:36:00,2023-02-03 03:52:00,2023-02-03 03:54:00,0.6046272071337259,-4.109649761589644,4.71427696872337,2.2032683870618253,8.08143647449946,2.433333333333333,29.266666666666666,detector,658,2023-02-02 09:14:00,2023-02-02 09:14:00
KIEL2,2023-02-01 22:48:00,2023-02-02 01:44:00,2023-02-01 22:48:00,2023-02-02 23:06:00,2023-02-02 23:08:00,0.7954227827608935,-5.543951041164556,6.33937382392545,2.256748419868529,9.62515744220206,2.933333333333333,24.3,detector,658,2023-02-02 09:14:00,2023-02-02 09:14:00
AATB,2023-02-02 09:14:00,2023-02-02 11:12:00,2023-02-02 09:14:00,2023-02-03 10:42:00,2023-02-03 10:44:00,0.4460643404925432,-3.215240390045559,3.6613047305381023,2.436980789079625,2.9128236597508206,1.9666666666666666,25.466666666666665,detector,658,2023-02-02 09:14:00,2023-02-02 09:14:00
DRBS,2023-02-02 10:16:00,2023-02-02 12:38:00,2023-02-02 10:16:00,2023-02-03 09:20:00,2023-02-03 09:22:00,0.5090119353838036,-5.893397601165787,6.40240953654959,2.1546478010467673,5.9169414105137585,2.3666666666666667,23.066666666666666,detector,658,2023-02-02 09:14:00,2023-02-02 09:14:00
FSMT,2023-02-02 15:08:00,2023-02-02 17:26:00,2023-02-02 15:08:00,2023-02-03 12:08:00,2023-02-03 12:10:00,0.4763108978873995,-3.8857728079263567,4.362083705813756,2.2694725469174215,7.438968157313993,2.3,21.0,detector,658,2023-02-02 09:14:00,2023-02-02 09:14:00
KERG,2023-02-03 13:12:00,2023-02-03 16:18:00,2023-02-03 13:12:00,2023-02-04 02:36:00,2023-02-04 02:40:00,-0.00124556409333395,-4.119236531350282,4.117990967256948,2.017942458317841,3.0970340861038625,3.1,13.4,detector,658,2023-02-02 09:14:00,2023-02-02 09:14:00
BKSN,2023-02-06 13:12:00,2023-02-06 16:36:00,2023-02-06 13:12:00,2023-02-08 00:14:00,2023-02-08 00:18:00,0.070034488672986,-4.788128740093799,4.858163228766785,2.579440828413075,24.67996659492344,3.4,35.03333333333333,detector,659,2023-02-07 13:42:00,2023-02-07 13:42:00
ROME,2023-02-07 10:36:00,2023-02-07 13:16:00,2023-02-07 10:36:00,2023-02-08 07:02:00,2023-02-08 07:04:00,0.01013236927216815,-5.200337547264735,5.210469916536903,2.1836375261321415,4.632635718605057,2.6666666666666665,20.433333333333334,detector,659,2023-02-07 13:42:00,2023-02-07 13:42:00
DRBS,2023-02-07 13:42:00,2023-02-07 23:42:00,2023-02-07 13:42:00,2023-02-08 07:42:00,2023-02-08 07:44:00,0.771439094257693,-7.768669202942572,8.540108297200264,2.028974698429894,5.295772857313656,10.0,18.0,detector,659,2023-02-07 13:42:00,2023-02-07 13:42:00
KERG,2023-02-07 15:32:00,2023-02-07 17:50:00,2023-02-07 15:32:00,2023-02-08 02:20:00,2023-02-08 02:22:00,-0.9929400564481878,-4.578618191121442,3.585678134673254,2.121427179167434,7.112952858029468,2.3,10.8,detector,659,2023-02-07 13:42:00,2023-02-07 13:42:00
AATB,2023-02-08 16:54:00,2023-02-08 19:28:00,2023-02-08 16:54:00,2023-02-08 17:58:00,2023-02-08 18:00:00,-0.9987626335417372,-3.8263260396379817,2.8275634060962442,2.159340162003236,7.415243607643396,2.566666666666667,1.0666666666666667,detector,659,2023-02-07 13:42:00,2023-02-07 13:42:00
LMKS,2023-02-11 05:14:00,2023-02-11 08:58:00,2023-02-11 05:14:00,2023-02-11 19:28:00,2023-02-11 19:32:00,-0.2578260928192667,-3.3339634559613547,3.076137363142088,2.036362698540579,10.543755380114304,3.7333333333333334,14.233333333333333,detector,660,2023-02-11 05:14:00,2023-02-11 05:14:00
KERG,2023-02-12 18:02:00,2023-02-12 20:10:00,2023-02-12 18:02:00,2023-02-14 04:10:00,2023-02-14 04:14:00,0.9172859880459641,-3.4426146112259524,4.359900599271916,2.0107257917171992,4.258307890832231,2.1333333333333333,34.13333333333333,detector,661,2023-02-15 09:28:00,2023-02-15 09:28:00
FSMT,2023-02-14 02:44:00,2023-02-14 05:50:00,2023-02-14 02:44:00,2023-02-15 14:30:00,2023-02-15 14:32:00,0.874275805566828,-3.336037564225482,4.21031336979231,2.216357035770784,7.691105866915514,3.1,35.766666666666666,detector,661,2023-02-15 09:28:00,2023-02-15 09:28:00
MXCO,2023-02-14 09:28:00,2023-02-14 12:20:00,2023-02-14 09:28:00,2023-02-15 08:34:00,2023-02-15 08:36:00,0.27344118899245834,-3.756791332544079,4.030232521536537,2.2671783436118975,7.47867213912113,2.8666666666666667,23.1,detector,661,2023-02-15 09:28:00,2023-02-15 09:28:00
ROME,2023-02-16 09:28:00,2023-02-16 11:52:00,2023-02-16 09:28:00,2023-02-16 17:08:00,2023-02-16 17:10:00,-0.13273798206850876,-4.986140497629931,4.853402515561422,2.0673659976645467,4.012861458859412,2.4,7.666666666666667,detector,661,2023-02-15 09:28:00,2023-02-15 09:28:00
BKSN,2023-02-16 15:28:00,2023-02-16 17:26:00,2023-02-16 15:28:00,2023-02-17 01:00:00,2023-02-17 01:06:00,0.22409106128886114,-5.677963310608307,5.902054371897169,2.0148364584660388,3.3475548405250173,1.9666666666666666,9.533333333333333,detector,661,2023-02-15 09:28:00,2023-02-15 09:28:00
LMKS,2023-02-17 07:24:00,2023-02-17 09:34:00,2023-02-17 07:24:00,2023-02-18 05:38:00,2023-02-18 05:46:00,-0.8774661961221915,-5.7015468039237645,4.824080607801573,2.324515031340463,3.619632230197736,2.1666666666666665,22.233333333333334,detector,661,2023-02-15 09:28:00,2023-02-15 09:28:00
KERG,2023-02-19 21:38:00,2023-02-20 02:00:00,2023-02-19 21:38:00,2023-02-20 22:12:00,2023-02-20 22:14:00,0.01622400270919155,-4.667606953728924,4.683830956438116,2.137875818263709,5.671334813144033,4.366666666666666,24.566666666666666,detector,662,2023-02-20 02:23:00,2023-02-20 02:23:00
CALM,2023-02-20 01:18:00,2023-02-20 06:40:00,2023-02-20 01:18:00,2023-02-20 23:48:00,2023-02-20 23:50:00,0.8117066795336305,-9.422159443059128,10.233866122592758,2.398783884829767,5.642176468870011,5.366666666666666,22.5,detector,662,2023-02-20 02:23:00,2023-02-20 02:23:00
ROME,2023-02-20 03:28:00,2023-02-20 05:36:00,2023-02-20 03:28:00,2023-02-21 00:34:00,2023-02-21 00:38:00,0.09876393809647555,-5.123497304078361,5.222261242174836,2.567493709464853,9.31747640387174,2.1333333333333333,21.1,detector,662,2023-02-20 02:23:00,2023-02-20 02:23:00
LMKS,2023-02-20 04:50:00,2023-02-20 07:12:00,2023-02-20 04:50:00,2023-02-21 04:32:00,2023-02-21 04:38:00,0.1524386094441486,-4.602843084681035,4.755281694125183,2.2086071690099303,6.7617889950194785,2.3666666666666667,23.7,detector,662,2023-02-20 02:23:00,2023-02-20 02:23:00
DRBS,2023-02-24 10:40:00,2023-02-24 13:16:00,2023-02-24 10:40:00,2023-02-24 17:56:00,2023-02-24 17:58:00,0.40164444854133097,-6.268242242310757,6.669886690852088,2.0883308370930567,5.958654422925257,2.6,7.266666666666667,detector,663,2023-02-24 10:40:00,2023-02-24 10:40:00
NEWK,2023-02-26 05:52:00,2023-02-26 08:42:00,2023-02-26 05:52:00,2023-02-27 14:22:00,2023-02-27 14:26:00,1.085642341880698,-5.981620718462828,7.067263060343526,2.363156737257344,12.606130268485474,2.8333333333333335,32.5,detector,664,2023-02-26 23:32:00,2023-02-26 23:32:00
JUNG1,2023-02-26 16:04:00,2023-02-26 18:10:00,2023-02-26 16:04:00,2023-02-28 03:30:00,2023-02-28 03:34:00,1.1254942844799332,-3.207012555736947,4.33250684021688,2.132984869815731,6.360176940076174,2.1,35.43333333333333,detector,664,2023-02-26 23:32:00,2023-02-26 23:32:00
JUNG,2023-02-26 19:54:00,2023-02-26 22:34:00,2023-02-26 19:54:00,2023-02-28 04:48:00,2023-02-28 04:50:00,0.9084079982515185,-3.995205226829656,4.903613225081174,2.2506092939297013,8.431041180470832,2.6666666666666665,32.9,detector,664,2023-02-26 23:32:00,2023-02-26 23:32:00
KIEL2,2023-02-26 23:00:00,2023-02-27 02:44:00,2023-02-26 23:00:00,2023-02-28 02:48:00,2023-02-28 02:50:00,1.0148242208847542,-6.1090640029596806,7.1238882238444345,2.2512027840054536,13.893419470287409,3.7333333333333334,27.8,detector,664,2023-02-26 23:32:00,2023-02-26 23:32:00
APTY,2023-02-26 23:32:00,2023-02-27 01:50:00,2023-02-26 23:32:00,2023-02-28 10:42:00,2023-02-28 11:06:00,0.301642911975867,-6.161465002545565,6.463107914521432,2.123870150963964,4.056452129951293,2.3,35.166666666666664,detector,664,2023-02-26 23:32:00,2023-02-26 23:32:00
KERG,2023-02-27 01:42:00,2023-02-27 04:06:00,2023-02-27 01:42:00,2023-02-28 05:40:00,2023-02-28 05:42:00,-0.0547958487106419,-4.014710389212374,3.9599145405017326,2.549558727541162,3.627838762528372,2.4,27.966666666666665,detector,664,2023-02-26 23:32:00,2023-02-26 23:32:00
LMKS,2023-02-27 07:08:00,2023-02-27 09:28:00,2023-02-27 07:08:00,2023-02-28 08:44:00,2023-02-28 08:52:00,0.8936049719124112,-4.681062834365817,5.574667806278228,2.2018285977473826,5.382943489811701,2.3333333333333335,25.6,detector,664,2023-02-26 23:32:00,2023-02-26 23:32:00
BKSN,2023-02-27 20:52:00,2023-02-28 00:00:00,2023-02-27 20:52:00,2023-02-28 18:08:00,2023-02-28 18:10:00,0.1532753862189687,-4.960633886753186,5.113909272972155,2.5939560582307752,6.224418169447233,3.1333333333333333,21.266666666666666,detector,664,2023-02-26 23:32:00,2023-02-26 23:32:00
AATB,2023-02-27 21:00:00,2023-02-27 23:54:00,2023-02-27 21:00:00,2023-02-28 14:00:00,2023-02-28 14:12:00,0.8070570846846958,-3.5832025117739477,4.390259596458644,2.424438952281058,7.224785342649092,2.9,17.0,detector,664,2023-02-26 23:32:00,2023-02-26 23:32:00
LMKS,2023-03-02 19:12:00,2023-03-02 21:22:00,2023-03-02 19:12:00,2023-03-04 01:38:00,2023-03-04 01:40:00,1.6654357839749783,-1.4975018504811226,3.162937634456101,2.1230691562933144,3.823598240616731,2.1666666666666665,30.433333333333334,detector,665,2023-03-03 08:04:00,2023-03-03 08:04:00
BKSN,2023-03-02 21:38:00,2023-03-03 01:38:00,2023-03-02 21:38:00,2023-03-04 05:14:00,2023-03-04 05:16:00,1.7072353328338843,-4.038680552414865,5.745915885248749,2.0809708454271263,10.06951715049112,4.0,31.6,detector,665,2023-03-03 08:04:00,2023-03-03 08:04:00
OULU,2023-03-03 08:04:00,2023-03-03 11:10:00,2023-03-03 08:04:00,2023-03-04 02:58:00,2023-03-04 03:02:00,1.950306897296247,-3.158303812982975,5.108610710279222,2.0690568441317176,7.703134996035593,3.1,18.9,detector,665,2023-03-03 08:04:00,2023-03-03 08:04:00
APTY,2023-03-03 19:02:00,2023-03-03 22:02:00,2023-03-03 19:02:00,2023-03-05 03:30:00,2023-03-05 03:34:00,1.6895945188964272,-3.08190053054813,4.771495049444557,2.201497881284257,9.126303798519436,3.0,32.46666666666667,detector,665,2023-03-03 08:04:00,2023-03-03 08:04:00
JUNG,2023-03-04 18:14:00,2023-03-04 21:46:00,2023-03-04 18:14:00,2023-03-05 05:44:00,2023-03-05 05:46:00,0.7383184358363291,-3.3852338098213623,4.123552245657692,2.127608479708772,6.972754476079095,3.533333333333333,11.5,detector,665,2023-03-03 08:04:00,2023-03-03 08:04:00
JUNG1,2023-03-08 00:54:00,2023-03-08 03:14:00,2023-03-08 00:54:00,2023-03-08 07:58:00,2023-03-08 08:10:00,0.9137866222395691,-2.852573588307319,3.766360210546888,2.400359463734567,9.795704517547524,2.3333333333333335,7.066666666666666,detector,666,2023-03-08 00:54:00,2023-03-08 00:54:00
KERG,2023-03-08 20:14:00,2023-03-08 22:28:00,2023-03-08 20:14:00,2023-03-09 01:10:00,2023-03-09 01:12:00,0.9953799827825104,-2.8137948855194237,3.809174868301934,2.174314397173059,6.084121235528297,2.2333333333333334,4.933333333333334,detector,667,2023-03-09 21:02:00,2023-03-09 21:02:00
FSMT,2023-03-09 11:08:00,2023-03-09 13:24:00,2023-03-09 11:08:00,2023-03-10 22:28:00,2023-03-10 22:30:00,1.0212983905545676,-3.082225026696448,4.103523417251015,2.037378249641576,2.7941674533579826,2.2666666666666666,35.333333333333336,detector,667,2023-03-09 21:02:00,2023-03-09 21:02:00
AATB,2023-03-09 21:02:00,2023-03-09 23:08:00,2023-03-09 21:02:00,2023-03-11 06:02:00,2023-03-11 06:04:00,0.5666317298264987,-2.458985337021183,3.0256170668476816,2.6979867251005807,5.838873760045291,2.1,33.0,detector,667,2023-03-09 21:02:00,2023-03-09 21:02:00
BKSN,2023-03-10 01:10:00,2023-03-10 04:06:00,2023-03-10 01:10:00,2023-03-11 11:48:00,2023-03-11 11:52:00,1.5261865117902813,-3.80233726143518,5.328523773225461,2.449070774735054,4.430644970485305,2.933333333333333,34.63333333333333,detector,667,2023-03-09 21:02:00,2023-03-09 21:02:00
JUNG1,2023-03-10 10:10:00,2023-03-10 12:46:00,2023-03-10 10:10:00,2023-03-11 12:34:00,2023-03-11 12:38:00,0.7637244091061551,-3.8292164850602313,4.592940894166387,2.1759196451120024,7.393905135040855,2.6,26.4,detector,667,2023-03-09 21:02:00,2023-03-09 21:02:00
APTY,2023-03-13 16:44:00,2023-03-13 19:28:00,2023-03-13 16:44:00,2023-03-15 03:50:00,2023-03-15 03:52:00,0.1838161182763991,-4.797110961335262,4.980927079611661,2.018039429358284,7.008729891526133,2.7333333333333334,35.1,detector,668,2023-03-14 13:18:00,2023-03-14 13:18:00
JUNG1,2023-03-13 16:56:00,2023-03-13 19:44:00,2023-03-13 16:56:00,2023-03-15 04:56:00,2023-03-15 06:38:00,0.4182599129710366,-4.765326806912414,5.183586719883451,2.142588754615308,4.5263315148582555,2.8,36.0,detector,668,2023-03-14 13:18:00,2023-03-14 13:18:00
DRBS,2023-03-13 18:48:00,2023-03-13 20:46:00,2023-03-13 18:48:00,2023-03-15 06:24:00,2023-03-15 06:28:00,-0.5800404624770963,-8.839639335973711,8.259598873496614,2.1844597604537803,2.9356560118865267,1.9666666666666666,35.6,detector,668,2023-03-14 13:18:00,2023-03-14 13:18:00
FSMT,2023-03-14 09:44:00,2023-03-14 12:00:00,2023-03-14 09:44:00,2023-03-15 11:42:00,2023-03-15 11:52:00,-0.058580726263886204,-5.557371294379679,5.498790568115792,2.9211732335975267,4.564616630351994,2.2666666666666666,25.966666666666665,detector,668,2023-03-14 13:18:00,2023-03-14 13:18:00
OULU,2023-03-14 13:18:00,2023-03-14 16:08:00,2023-03-14 13:18:00,2023-03-15 05:26:00,2023-03-15 05:32:00,-0.3092883285153867,-7.05131305315085,6.742024724635463,2.0022971385788795,7.834901256552066,2.8333333333333335,16.133333333333333,detector,668,2023-03-14 13:18:00,2023-03-14 13:18:00
KERG,2023-03-14 17:04:00,2023-03-14 19:52:00,2023-03-14 17:04:00,2023-03-16 00:00:00,2023-03-16 00:04:00,-0.0210641515533572,-6.130497214034944,6.109433062481586,2.58108290554346,11.095223069548858,2.8,30.933333333333334,detector,668,2023-03-14 13:18:00,2023-03-14 13:18:00
KIEL2,2023-03-15 08:32:00,2023-03-15 12:02:00,2023-03-15 08:32:00,2023-03-15 22:34:00,2023-03-15 22:36:00,-0.41183010644235585,-5.903285142081086,5.49145503563873,2.0225158053684233,11.054132940558617,3.5,14.033333333333333,detector,668,2023-03-14 13:18:00,2023-03-14 13:18:00
BKSN,2023-03-15 11:54:00,2023-03-15 15:00:00,2023-03-15 11:54:00,2023-03-15 20:06:00,2023-03-15 20:08:00,-0.7036150341318672,-7.2212726794635795,6.517657645331712,2.0355803138330457,6.661979150956099,3.1,8.2,detector,668,2023-03-14 13:18:00,2023-03-14 13:18:00
LMKS,2023-03-15 12:02:00,2023-03-15 14:24:00,2023-03-15 12:02:00,2023-03-16 05:12:00,2023-03-16 05:26:00,-0.3553293267027285,-5.5859326316266555,5.230603304923927,2.2867299522849027,11.298518514727933,2.3666666666666667,17.166666666666668,detector,668,2023-03-14 13:18:00,2023-03-14 13:18:00
AATB,2023-03-18 16:58:00,2023-03-18 19:24:00,2023-03-18 16:58:00,2023-03-19 22:14:00,2023-03-19 22:18:00,0.17484574552209559,-2.431634555624608,2.6064803011467035,2.38080499061605,6.827664894711783,2.433333333333333,29.266666666666666,detector,669,2023-03-19 01:31:00,2023-03-19 01:31:00
KERG,2023-03-19 10:04:00,2023-03-19 13:00:00,2023-03-19 10:04:00,2023-03-20 07:20:00,2023-03-20 07:24:00,0.5693954606518152,-4.202914183076737,4.772309643728552,2.161247626838773,7.48572437494952,2.933333333333333,21.266666666666666,detector,669,2023-03-19 01:31:00,2023-03-19 01:31:00
NEWK,2023-03-22 05:24:00,2023-03-22 08:24:00,2023-03-22 05:24:00,2023-03-23 08:18:00,2023-03-23 08:20:00,-0.7989806892243183,-5.949465716829918,5.150485027605599,2.0163867876994694,7.862676810223482,3.0,26.9,detector,670,2023-03-22 09:44:00,2023-03-22 09:44:00
JUNG,2023-03-22 07:30:00,2023-03-22 10:14:00,2023-03-22 07:30:00,2023-03-23 17:10:00,2023-03-23 17:12:00,-0.7893992824105043,-5.411991274785309,4.6225919923748044,2.1284437516633896,7.940464680839014,2.7333333333333334,33.666666666666664,detector,670,2023-03-22 09:44:00,2023-03-22 09:44:00
ATHN,2023-03-22 08:58:00,2023-03-22 11:48:00,2023-03-22 08:58:00,2023-03-22 22:34:00,2023-03-22 22:36:00,-0.3262978624106405,-6.127089421116426,5.800791558705786,2.29531124121057,7.260116651624943,2.8333333333333335,13.6,detector,670,2023-03-22 09:44:00,2023-03-22 09:44:00
MXCO,2023-03-22 09:44:00,2023-03-22 11:50:00,2023-03-22 09:44:00,2023-03-23 19:34:00,2023-03-23 19:36:00,-0.19105436501472656,-4.112858464384828,3.921804099370101,2.426870763091311,5.740717264076577,2.1,33.833333333333336,detector,670,2023-03-22 09:44:00,2023-03-22 09:44:00
OULU,2023-03-22 20:22:00,2023-03-22 22:22:00,2023-03-22 20:22:00,2023-03-23 20:12:00,2023-03-23 20:14:00,-0.606334432440718,-7.124231465649856,6.517897033209138,2.2260215831180146,3.865638880796196,2.0,23.833333333333332,detector,670,2023-03-22 09:44:00,2023-03-22 09:44:00
KERG,2023-03-23 00:16:00,2023-03-23 03:10:00,2023-03-23 00:16:00,2023-03-23 20:48:00,2023-03-23 21:04:00,-0.7930479328044595,-6.363785585315543,5.570737652511083,2.2881055628060833,8.904906206988109,2.9,20.533333333333335,detector,670,2023-03-22 09:44:00,2023-03-22 09:44:00
JUNG1,2023-03-23 02:38:00,2023-03-23 05:14:00,2023-03-23 02:38:00,2023-03-23 17:50:00,2023-03-23 17:56:00,-0.19186254503681804,-4.945388179138003,4.753525634101186,2.047117696336899,3.817736768066343,2.6,15.2,detector,670,2023-03-22 09:44:00,2023-03-22 09:44:00
JUNG1,2023-03-25 02:52:00,2023-03-25 06:06:00,2023-03-25 02:52:00,2023-03-25 09:30:00,2023-03-25 09:32:00,-0.31054224404694064,-3.4527052778679663,3.1421630338210256,2.233447491624448,6.126638155451242,3.2333333333333334,6.633333333333334,detector,671,2023-03-25 02:52:00,2023-03-25 02:52:00
JUNG1,2023-03-26 04:54:00,2023-03-26 06:54:00,2023-03-26 04:54:00,2023-03-27 04:26:00,2023-03-27 04:28:00,-0.19534745314904833,-3.723914540139719,3.5285670869906705,2.4366499089608635,9.37230398304383,2.0,23.533333333333335,detector,672,2023-03-26 04:54:00,2023-03-26 04:54:00
JUNG,2023-03-28 02:12:00,2023-03-28 04:28:00,2023-03-28 02:12:00,2023-03-29 02:16:00,2023-03-29 02:18:00,0.49030681766971307,-4.0953308343402,4.585637652009913,2.504473288997702,7.726378330062565,2.2666666666666666,24.066666666666666,detector,673,2023-03-28 16:58:00,2023-03-28 16:58:00
AATB,2023-03-28 10:32:00,2023-03-28 12:32:00,2023-03-28 10:32:00,2023-03-29 19:22:00,2023-03-29 19:24:00,0.8150157475674495,-2.455677541994791,3.2706932895622405,2.250883175579798,4.512968558093989,2.0,32.833333333333336,detector,673,2023-03-28 16:58:00,2023-03-28 16:58:00
ROME,2023-03-28 15:52:00,2023-03-28 17:52:00,2023-03-28 15:52:00,2023-03-30 03:04:00,2023-03-30 03:06:00,0.8374388366019966,-4.873829119398925,5.711267956000921,2.601409832798667,7.301928132879731,2.0,35.2,detector,673,2023-03-28 16:58:00,2023-03-28 16:58:00
NEWK,2023-03-28 18:04:00,2023-03-28 22:38:00,2023-03-28 18:04:00,2023-03-29 11:06:00,2023-03-29 11:08:00,1.0627828983234258,-3.699415591575702,4.762198489899127,2.2052505619057396,29.591640220542786,4.566666666666666,17.033333333333335,detector,673,2023-03-28 16:58:00,2023-03-28 16:58:00
LMKS,2023-03-28 19:08:00,2023-03-28 21:06:00,2023-03-28 19:08:00,2023-03-29 01:22:00,2023-03-29 01:24:00,0.47043912275658617,-2.761313076820439,3.231752199577025,2.009826248911115,4.144929357756894,1.9666666666666666,6.233333333333333,detector,673,2023-03-28 16:58:00,2023-03-28 16:58:00
APTY,2023-03-29 11:28:00,2023-03-29 14:50:00,2023-03-29 11:28:00,2023-03-29 21:50:00,2023-03-29 21:52:00,0.5379433557851439,-4.722848456642748,5.260791812427892,2.117412948901804,6.155899431216714,3.3666666666666667,10.366666666666667,detector,673,2023-03-28 16:58:00,2023-03-28 16:58:00
AATB,2023-04-04 04:04:00,2023-04-04 06:32:00,2023-04-04 04:04:00,2023-04-04 16:50:00,2023-04-04 16:54:00,0.6747898511606385,-2.234013919329408,2.9088037704900467,4.229697520761502,4.40724552753461,2.466666666666667,12.766666666666667,detector,674,2023-04-04 20:20:00,2023-04-04 20:20:00
JUNG1,2023-04-04 20:20:00,2023-04-04 22:20:00,2023-04-04 20:20:00,2023-04-06 07:04:00,2023-04-06 07:06:00,0.6747146119474825,-2.6946534740352397,3.369368085982722,2.2758455448194552,4.213048872876379,2.0,34.733333333333334,detector,674,2023-04-04 20:20:00,2023-04-04 20:20:00
BKSN,2023-04-06 12:46:00,2023-04-06 15:44:00,2023-04-06 12:46:00,2023-04-07 17:02:00,2023-04-07 17:04:00,1.5658573421075896,-5.104225878542011,6.670083220649601,2.182244177244548,3.7564559994193583,2.966666666666667,28.266666666666666,detector,674,2023-04-04 20:20:00,2023-04-04 20:20:00
AATB,2023-04-08 06:30:00,2023-04-08 08:38:00,2023-04-08 06:30:00,2023-04-09 18:16:00,2023-04-09 18:18:00,0.7592945194351721,-2.480652424833005,3.239946944268177,2.2498136574438123,7.70919517251493,2.1333333333333333,35.766666666666666,detector,675,2023-04-10 08:06:00,2023-04-10 08:06:00
OULU,2023-04-09 12:14:00,2023-04-09 16:16:00,2023-04-09 12:14:00,2023-04-10 23:46:00,2023-04-10 23:48:00,0.8017838438553004,-4.16650677309182,4.968290616947121,2.3549324309810307,8.606023165962817,4.033333333333333,35.53333333333333,detector,675,2023-04-10 08:06:00,2023-04-10 08:06:00
BKSN,2023-04-09 21:16:00,2023-04-09 23:46:00,2023-04-09 21:16:00,2023-04-11 04:20:00,2023-04-11 04:32:00,1.2037051427505985,-4.295288540235045,5.498993682985644,2.0147038966606208,3.529517386168296,2.5,31.066666666666666,detector,675,2023-04-10 08:06:00,2023-04-10 08:06:00
LMKS,2023-04-10 18:56:00,2023-04-10 21:50:00,2023-04-10 18:56:00,2023-04-10 19:44:00,2023-04-10 19:46:00,-0.15897507998639399,-3.4369070876426533,3.2779320076562595,2.3907003452852185,3.6566038002210086,2.9,0.8,detector,675,2023-04-10 08:06:00,2023-04-10 08:06:00
JUNG1,2023-04-11 05:10:00,2023-04-11 07:28:00,2023-04-11 05:10:00,2023-04-11 23:40:00,2023-04-11 23:42:00,-0.15544290554512963,-4.8334834217993645,4.678040516254235,2.19851858771756,4.765260232942502,2.3,18.5,detector,675,2023-04-10 08:06:00,2023-04-10 08:06:00
NEWK,2023-04-11 05:16:00,2023-04-11 08:50:00,2023-04-11 05:16:00,2023-04-11 08:02:00,2023-04-11 08:04:00,0.15069201010335975,-4.805309026944919,4.956001037048278,2.2562722457923945,6.371123238791115,3.566666666666667,2.7666666666666666,detector,675,2023-04-10 08:06:00,2023-04-10 08:06:00
KIEL2,2023-04-13 07:02:00,2023-04-13 10:14:00,2023-04-13 07:02:00,2023-04-14 03:10:00,2023-04-14 03:12:00,0.0677918766515006,-3.649963028269155,3.7177549049206555,2.1389582907403684,4.4270466290892685,3.2,20.133333333333333,detector,676,2023-04-17 02:43:00,2023-04-17 02:43:00
JUNG1,2023-04-13 19:42:00,2023-04-13 22:52:00,2023-04-13 19:42:00,2023-04-14 08:08:00,2023-04-14 08:10:00,-0.7561667980098166,-5.042806402636441,4.286639604626624,2.0548478343217096,5.471729574363054,3.1666666666666665,12.433333333333334,detector,676,2023-04-17 02:43:00,2023-04-17 02:43:00
LMKS,2023-04-13 21:00:00,2023-04-13 23:04:00,2023-04-13 21:00:00,2023-04-14 21:00:00,2023-04-14 21:48:00,0.1413638870545127,-5.076641310934188,5.218005197988701,2.0076918825807404,3.4497074651690594,2.066666666666667,24.0,detector,676,2023-04-17 02:43:00,2023-04-17 02:43:00
APTY,2023-04-14 17:42:00,2023-04-14 20:50:00,2023-04-14 17:42:00,2023-04-15 22:00:00,2023-04-15 22:02:00,-0.7711401478531735,-5.973243111232884,5.202102963379711,2.0372879939415123,8.150329686832672,3.1333333333333333,28.3,detector,676,2023-04-17 02:43:00,2023-04-17 02:43:00
CALM,2023-04-15 18:26:00,2023-04-15 21:22:00,2023-04-15 18:26:00,2023-04-16 10:36:00,2023-04-16 10:38:00,-0.6155653760210109,-9.958001612059338,9.342436236038328,2.3536489302040744,8.314753018158049,2.933333333333333,16.166666666666668,detector,676,2023-04-17 02:43:00,2023-04-17 02:43:00
BKSN,2023-04-16 22:34:00,2023-04-17 01:54:00,2023-04-16 22:34:00,2023-04-17 08:22:00,2023-04-17 08:26:00,0.449482091843028,-7.1139675112597285,7.5634496031027565,2.5056280137520135,6.502668307306541,3.3333333333333335,9.8,detector,676,2023-04-17 02:43:00,2023-04-17 02:43:00
JUNG,2023-04-17 06:52:00,2023-04-17 08:50:00,2023-04-17 06:52:00,2023-04-18 17:06:00,2023-04-18 17:08:00,-0.27124333911626375,-4.841884520378766,4.570641181262502,2.131056607847332,5.81196974451807,1.9666666666666666,34.233333333333334,detector,676,2023-04-17 02:43:00,2023-04-17 02:43:00
OULU,2023-04-17 13:24:00,2023-04-17 15:32:00,2023-04-17 13:24:00,2023-04-18 21:48:00,2023-04-18 21:52:00,0.0609009957372742,-6.074492408105835,6.135393403843109,2.331506234220712,4.915579373241533,2.1333333333333333,32.4,detector,676,2023-04-17 02:43:00,2023-04-17 02:43:00
ROME,2023-04-17 15:02:00,2023-04-17 18:12:00,2023-04-17 15:02:00,2023-04-18 19:46:00,2023-04-18 19:48:00,-0.2837465398521887,-6.107941719679871,5.824195179827682,2.1667674469343945,3.1334302048040277,3.1666666666666665,28.733333333333334,detector,676,2023-04-17 02:43:00,2023-04-17 02:43:00
KERG,2023-04-18 03:48:00,2023-04-18 06:26:00,2023-04-18 03:48:00,2023-04-18 18:42:00,2023-04-18 18:48:00,-0.3787863585533787,-5.208939723462817,4.830153364909438,2.0726559204699586,3.00926051349652,2.6333333333333333,14.9,detector,676,2023-04-17 02:43:00,2023-04-17 02:43:00
AATB,2023-04-18 04:00:00,2023-04-18 06:44:00,2023-04-18 04:00:00,2023-04-18 16:56:00,2023-04-18 17:10:00,-0.29826875253694335,-4.624939349830183,4.32667059729324,2.1108122571589103,6.170228236421117,2.7333333333333334,12.933333333333334,detector,676,2023-04-17 02:43:00,2023-04-17 02:43:00
DRBS,2023-04-18 10:58:00,2023-04-18 13:26:00,2023-04-18 10:58:00,2023-04-18 19:24:00,2023-04-18 19:28:00,-0.3851167601130989,-8.174775333126739,7.78965857301364,2.215646844364839,6.664009866949591,2.466666666666667,8.433333333333334,detector,676,2023-04-17 02:43:00,2023-04-17 02:43:00
KERG,2023-04-22 17:44:00,2023-04-22 21:16:00,2023-04-22 17:44:00,2023-04-24 04:08:00,2023-04-24 04:12:00,0.6622533987537551,-5.374520341278061,6.036773740031816,2.0357483061894524,12.567366752925404,3.533333333333333,34.4,detector,677,2023-04-23 17:26:00,2023-04-23 17:26:00
DRBS,2023-04-22 20:02:00,2023-04-22 22:40:00,2023-04-22 20:02:00,2023-04-24 01:58:00,2023-04-24 02:00:00,1.2331275708128864,-7.600597538709608,8.833725109522494,2.261728537352262,3.3707178726839393,2.6333333333333333,29.933333333333334,detector,677,2023-04-23 17:26:00,2023-04-23 17:26:00
LMKS,2023-04-22 23:44:00,2023-04-23 05:48:00,2023-04-22 23:44:00,2023-04-24 00:16:00,2023-04-24 00:20:00,0.8268703262150194,-2.448004553328617,3.2748748795436367,2.2336689146355595,10.260201670413462,6.066666666666666,24.533333333333335,detector,677,2023-04-23 17:26:00,2023-04-23 17:26:00
MXCO,2023-04-23 13:16:00,2023-04-23 16:12:00,2023-04-23 13:16:00,2023-04-24 12:46:00,2023-04-24 12:48:00,0.6026758044594259,-4.66622929309496,5.268905097554386,2.7609602741095807,7.352951029838713,2.933333333333333,23.5,detector,677,2023-04-23 17:26:00,2023-04-23 17:26:00
OULU,2023-04-23 17:26:00,2023-04-23 19:48:00,2023-04-23 17:26:00,2023-04-24 05:14:00,2023-04-24 05:26:00,0.6843051697851741,-7.947114367394729,8.631419537179903,2.1508812269389814,7.033628737119633,2.3666666666666667,11.8,detector,677,2023-04-23 17:26:00,2023-04-23 17:26:00
BKSN,2023-04-23 17:42:00,2023-04-23 21:04:00,2023-04-23 17:42:00,2023-04-24 11:54:00,2023-04-24 11:56:00,0.6862060975812897,-4.288326692744598,4.974532790325888,2.042524798699208,9.73617328917756,3.3666666666666667,18.2,detector,677,2023-04-23 17:26:00,2023-04-23 17:26:00
ROME,2023-04-23 18:04:00,2023-04-23 20:08:00,2023-04-23 18:04:00,2023-04-24 15:24:00,2023-04-24 15:28:00,0.6790822172930998,-4.862954592151224,5.542036809444324,2.283740956363482,9.145867432598026,2.066666666666667,21.333333333333332,detector,677,2023-04-23 17:26:00,2023-04-23 17:26:00
FSMT,2023-04-24 02:00:00,2023-04-24 04:42:00,2023-04-24 02:00:00,2023-04-24 08:12:00,2023-04-24 08:40:00,0.6096148322667067,-7.756340249969672,8.365955082236379,2.229459646144105,3.562997568520996,2.7,6.2,detector,677,2023-04-23 17:26:00,2023-04-23 17:26:00
KIEL2,2023-04-24 06:36:00,2023-04-24 08:54:00,2023-04-24 06:36:00,2023-04-24 17:50:00,2023-04-24 17:52:00,0.07888362411982006,-4.832228834977465,4.911112459097285,2.0785664191553166,9.113251176304992,2.3,11.233333333333333,detector,677,2023-04-23 17:26:00,2023-04-23 17:26:00
OULU,2023-04-26 23:58:00,2023-04-27 02:00:00,2023-04-26 23:58:00,2023-04-27 05:46:00,2023-04-27 05:48:00,1.28127181344486,-3.731663292679283,5.012935106124143,2.093286204183616,10.78203607197488,2.033333333333333,5.8,detector,678,2023-04-28 05:50:00,2023-04-28 05:50:00
JUNG,2023-04-27 21:34:00,2023-04-27 23:56:00,2023-04-27 21:34:00,2023-04-29 01:50:00,2023-04-29 01:52:00,1.4732985094799251,-3.4115904295910715,4.884888939070997,2.641648426332154,5.328444680588916,2.3666666666666667,28.266666666666666,detector,678,2023-04-28 05:50:00,2023-04-28 05:50:00
DRBS,2023-04-27 22:52:00,2023-04-28 01:46:00,2023-04-27 22:52:00,2023-04-28 16:46:00,2023-04-28 16:48:00,1.4536976462039348,-6.1671556742172005,7.620853320421135,2.220924971337352,3.216180127117835,2.9,17.9,detector,678,2023-04-28 05:50:00,2023-04-28 05:50:00
AATB,2023-04-28 01:32:00,2023-04-28 04:06:00,2023-04-28 01:32:00,2023-04-28 23:40:00,2023-04-28 23:42:00,1.3713275560344742,-2.0985734308699437,3.4699009869044177,2.431888708848199,6.3921279050556,2.566666666666667,22.133333333333333,detector,678,2023-04-28 05:50:00,2023-04-28 05:50:00
ROME,2023-04-28 10:08:00,2023-04-28 12:06:00,2023-04-28 10:08:00,2023-04-29 22:08:00,2023-04-29 22:10:00,0.9694463466411537,-3.90041764021069,4.869863986851843,2.116867818523888,6.252184820106932,1.9666666666666666,36.0,detector,678,2023-04-28 05:50:00,2023-04-28 05:50:00
NEWK,2023-04-28 12:44:00,2023-04-28 15:10:00,2023-04-28 12:44:00,2023-04-29 08:38:00,2023-04-29 08:40:00,0.6200796842347435,-4.156918221883664,4.776997906118408,2.093886982659671,8.695982004221197,2.433333333333333,19.9,detector,678,2023-04-28 05:50:00,2023-04-28 05:50:00
LMKS,2023-04-28 14:56:00,2023-04-28 17:36:00,2023-04-28 14:56:00,2023-04-30 02:02:00,2023-04-30 02:08:00,0.7256353919888467,-2.408086436721614,3.1337218287104607,2.2058513041555647,5.965604586746725,2.6666666666666665,35.1,detector,678,2023-04-28 05:50:00,2023-04-28 05:50:00
MXCO,2023-04-29 06:04:00,2023-04-29 08:46:00,2023-04-29 06:04:00,2023-04-30 10:10:00,2023-04-30 10:12:00,0.644446123042228,-3.811950957040135,4.456397080082363,2.368797368840013,6.3688633899440905,2.7,28.1,detector,678,2023-04-28 05:50:00,2023-04-28 05:50:00
JUNG1,2023-05-01 17:02:00,2023-05-01 21:16:00,2023-05-01 17:02:00,2023-05-02 05:58:00,2023-05-02 06:00:00,-0.7682763412014599,-3.9265974358862903,3.1583210946848306,2.293231107501049,9.928178261034995,4.233333333333333,12.933333333333334,detector,679,2023-05-02 02:26:00,2023-05-02 02:26:00
JUNG,2023-05-01 19:14:00,2023-05-01 21:24:00,2023-05-01 19:14:00,2023-05-02 04:16:00,2023-05-02 04:20:00,-0.1183793988057515,-3.5946705687550535,3.476291169949302,2.0319087119685073,8.002311056359002,2.1666666666666665,9.033333333333333,detector,679,2023-05-02 02:26:00,2023-05-02 02:26:00
LMKS,2023-05-02 09:38:00,2023-05-02 12:04:00,2023-05-02 09:38:00,2023-05-03 12:52:00,2023-05-03 13:04:00,2.239988811710413,-2.4601358905994637,4.700124702309877,2.3602530947861418,3.7956502950949447,2.433333333333333,27.233333333333334,detector,679,2023-05-02 02:26:00,2023-05-02 02:26:00
KERG,2023-05-02 14:12:00,2023-05-02 16:50:00,2023-05-02 14:12:00,2023-05-03 03:40:00,2023-05-03 03:42:00,0.5582628117091503,-3.7768661477900247,4.335128959499175,2.130891738711345,7.712818645188747,2.6333333333333333,13.466666666666667,detector,679,2023-05-02 02:26:00,2023-05-02 02:26:00
JUNG1,2023-05-06 20:32:00,2023-05-07 00:00:00,2023-05-06 20:32:00,2023-05-07 22:58:00,2023-05-07 23:08:00,1.1410330404286735,-6.500255064544309,7.641288104972983,2.4659072786228036,10.698826601556984,3.466666666666667,26.433333333333334,detector,680,2023-05-07 06:22:00,2023-05-07 06:22:00
CALM,2023-05-07 01:16:00,2023-05-07 03:50:00,2023-05-07 01:16:00,2023-05-08 08:30:00,2023-05-08 08:34:00,0.5790908835352742,-8.231995152676594,8.811086036211869,2.107688319876665,5.369879659202035,2.566666666666667,31.233333333333334,detector,680,2023-05-07 06:22:00,2023-05-07 06:22:00
ATHN,2023-05-07 01:28:00,2023-05-07 03:28:00,2023-05-07 01:28:00,2023-05-08 05:02:00,2023-05-08 05:04:00,0.4562990209687199,-9.41299636336921,9.86929538433793,2.226159655089393,4.875694103097302,2.0,27.566666666666666,detector,680,2023-05-07 06:22:00,2023-05-07 06:22:00
KIEL2,2023-05-07 05:28:00,2023-05-07 07:52:00,2023-05-07 05:28:00,2023-05-08 16:58:00,2023-05-08 17:00:00,0.18538327391544657,-7.159486601025285,7.3448698749407315,2.4045102827842415,6.5243050412378665,2.4,35.5,detector,680,2023-05-07 06:22:00,2023-05-07 06:22:00
OULU,2023-05-07 06:22:00,2023-05-07 10:14:00,2023-05-07 06:22:00,2023-05-08 07:36:00,2023-05-08 07:38:00,-0.25984106851298105,-7.643630469701604,7.383789401188623,2.008487606251122,5.178870794639887,3.8666666666666667,25.233333333333334,detector,680,2023-05-07 06:22:00,2023-05-07 06:22:00
BKSN,2023-05-07 15:22:00,2023-05-07 18:32:00,2023-05-07 15:22:00,2023-05-08 01:14:00,2023-05-08 01:16:00,-0.29353987057767883,-7.347700390008727,7.054160519431049,2.159081289977044,4.81171468271584,3.1666666666666665,9.866666666666667,detector,680,2023-05-07 06:22:00,2023-05-07 06:22:00
JUNG,2023-05-07 15:48:00,2023-05-07 18:02:00,2023-05-07 15:48:00,2023-05-07 22:24:00,2023-05-07 22:42:00,-0.1356346801602307,-7.021369661546667,6.885734981386436,2.1040168790947495,4.220717271860558,2.2333333333333334,6.6,detector,680,2023-05-07 06:22:00,2023-05-07 06:22:00
MXCO,2023-05-07 21:46:00,2023-05-08 00:04:00,2023-05-07 21:46:00,2023-05-08 14:36:00,2023-05-08 14:38:00,-0.6059098559681788,-5.282666216292294,4.676756360324116,2.189895340444694,6.619597614225362,2.3,16.833333333333332,detector,680,2023-05-07 06:22:00,2023-05-07 06:22:00
APTY,2023-05-08 00:28:00,2023-05-08 04:24:00,2023-05-08 00:28:00,2023-05-08 14:42:00,2023-05-08 14:44:00,-0.7715686268152047,-6.145743446305828,5.374174819490624,2.0333550653252033,8.004124596423033,3.933333333333333,14.233333333333333,detector,680,2023-05-07 06:22:00,2023-05-07 06:22:00
DRBS,2023-05-09 17:46:00,2023-05-09 20:54:00,2023-05-09 17:46:00,2023-05-10 04:16:00,2023-05-10 04:18:00,-1.5742732301617177,-7.377626085866622,5.803352855704904,2.496035422957988,7.059329302659882,3.1333333333333333,10.5,detector,681,2023-05-09 23:53:00,2023-05-09 23:53:00
JUNG,2023-05-09 22:48:00,2023-05-10 01:28:00,2023-05-09 22:48:00,2023-05-11 00:54:00,2023-05-11 01:02:00,-0.9848499560160897,-7.36184184500969,6.3769918889936,2.3399281730026313,5.983356158866623,2.6666666666666665,26.1,detector,681,2023-05-09 23:53:00,2023-05-09 23:53:00
JUNG1,2023-05-10 00:58:00,2023-05-10 03:00:00,2023-05-10 00:58:00,2023-05-11 01:08:00,2023-05-11 01:16:00,-1.358634487734769,-7.317933026291404,5.959298538556634,2.1781407586863932,6.135194905984231,2.033333333333333,24.166666666666668,detector,681,2023-05-09 23:53:00,2023-05-09 23:53:00
KIEL2,2023-05-10 08:38:00,2023-05-10 10:38:00,2023-05-10 08:38:00,2023-05-10 23:04:00,2023-05-10 23:06:00,-1.2878845380506816,-5.903689917510398,4.615805379459717,2.009340349984831,2.9829235791143764,2.0,14.433333333333334,detector,681,2023-05-09 23:53:00,2023-05-09 23:53:00
LMKS,2023-05-14 18:24:00,2023-05-14 20:40:00,2023-05-14 18:24:00,2023-05-15 06:58:00,2023-05-15 07:10:00,2.244682873714803,-2.703872565372776,4.948555439087579,2.3714352900428324,3.3883814765967477,2.2666666666666666,12.566666666666666,detector,682,2023-05-15 03:32:00,2023-05-15 03:32:00
NEWK,2023-05-15 02:20:00,2023-05-15 04:46:00,2023-05-15 02:20:00,2023-05-16 00:26:00,2023-05-16 00:28:00,2.1362516996669543,-3.308926275781112,5.4451779754480665,2.2131347382094124,10.657041633874863,2.433333333333333,22.1,detector,682,2023-05-15 03:32:00,2023-05-15 03:32:00
OULU,2023-05-15 03:32:00,2023-05-15 06:14:00,2023-05-15 03:32:00,2023-05-16 08:38:00,2023-05-16 08:40:00,1.9878716894601878,-3.4787603326424112,5.4666320221025995,2.007211505056217,4.114198902566649,2.7,29.1,detector,682,2023-05-15 03:32:00,2023-05-15 03:32:00
KERG,2023-05-15 16:54:00,2023-05-15 18:58:00,2023-05-15 16:54:00,2023-05-16 13:48:00,2023-05-16 14:00:00,1.8716295482531455,-2.121022199812451,3.9926517480655965,2.760831017414873,6.6602632896483245,2.066666666666667,20.9,detector,682,2023-05-15 03:32:00,2023-05-15 03:32:00
KIEL2,2023-05-16 13:26:00,2023-05-16 16:34:00,2023-05-16 13:26:00,2023-05-18 00:58:00,2023-05-18 01:00:00,1.2472992222130532,-4.158134359443401,5.405433581656454,2.2877355901158127,13.216498309999595,3.1333333333333333,35.53333333333333,detector,682,2023-05-15 03:32:00,2023-05-15 03:32:00
APTY,2023-05-18 13:22:00,2023-05-18 15:32:00,2023-05-18 13:22:00,2023-05-19 17:00:00,2023-05-19 17:04:00,0.6427321928572406,-4.428866768988674,5.071598961845915,2.1332247711184302,5.072327328148671,2.1666666666666665,27.633333333333333,detector,683,2023-05-19 16:37:00,2023-05-19 16:37:00
NEWK,2023-05-19 01:52:00,2023-05-19 04:42:00,2023-05-19 01:52:00,2023-05-20 13:00:00,2023-05-20 13:02:00,0.8461077245267268,-4.973643241471603,5.819750965998329,2.2069745112365,3.572312519405889,2.8333333333333335,35.13333333333333,detector,683,2023-05-19 16:37:00,2023-05-19 16:37:00
KERG,2023-05-19 05:20:00,2023-05-19 07:44:00,2023-05-19 05:20:00,2023-05-19 22:48:00,2023-05-19 22:50:00,0.6602398096700828,-3.0536792877939236,3.7139190974640064,2.1971730050071607,6.272382306170493,2.4,17.466666666666665,detector,683,2023-05-19 16:37:00,2023-05-19 16:37:00
DRBS,2023-05-19 13:54:00,2023-05-19 16:46:00,2023-05-19 13:54:00,2023-05-20 14:18:00,2023-05-20 14:20:00,0.1051924711982685,-7.1419738406658695,7.247166311864138,2.1283621301379614,7.247209815117738,2.8666666666666667,24.4,detector,683,2023-05-19 16:37:00,2023-05-19 16:37:00
OULU,2023-05-19 19:20:00,2023-05-19 22:54:00,2023-05-19 19:20:00,2023-05-20 19:04:00,2023-05-20 19:06:00,0.48234657461192176,-5.816764323714727,6.299110898326649,2.0736651425933994,5.4189702884626145,3.566666666666667,23.733333333333334,detector,683,2023-05-19 16:37:00,2023-05-19 16:37:00
LMKS,2023-05-19 21:28:00,2023-05-20 00:58:00,2023-05-19 21:28:00,2023-05-21 00:48:00,2023-05-21 00:50:00,0.5160129173420187,-2.3048826663957676,2.8208955837377863,2.34312738398817,6.242292805008247,3.5,27.333333333333332,detector,683,2023-05-19 16:37:00,2023-05-19 16:37:00
KIEL2,2023-05-19 23:08:00,2023-05-20 02:00:00,2023-05-19 23:08:00,2023-05-20 23:04:00,2023-05-20 23:12:00,0.23209110219385898,-4.5176953206480155,4.749786422841875,2.8330386488041217,5.329088532393068,2.8666666666666667,23.933333333333334,detector,683,2023-05-19 16:37:00,2023-05-19 16:37:00
AATB,2023-05-20 11:08:00,2023-05-20 13:54:00,2023-05-20 11:08:00,2023-05-21 13:50:00,2023-05-21 13:52:00,0.2359129144175357,-3.4669765640131707,3.7028894784307065,2.298380794464215,9.3316212742478,2.7666666666666666,26.7,detector,683,2023-05-19 16:37:00,2023-05-19 16:37:00
APTY,2023-05-27 05:12:00,2023-05-27 07:34:00,2023-05-27 05:12:00,2023-05-28 06:48:00,2023-05-28 06:50:00,0.9177063571915959,-3.4597682437732225,4.377474600964819,2.1262922168606573,3.3545974550639297,2.3666666666666667,25.6,detector,684,2023-05-28 14:18:00,2023-05-28 14:18:00
BKSN,2023-05-27 16:28:00,2023-05-27 20:10:00,2023-05-27 16:28:00,2023-05-27 18:14:00,2023-05-27 18:16:00,0.9609582855823938,-4.993634063401507,5.954592348983901,2.2582297855083455,5.032489714545178,3.7,1.7666666666666666,detector,684,2023-05-28 14:18:00,2023-05-28 14:18:00
MXCO,2023-05-28 12:30:00,2023-05-28 14:30:00,2023-05-28 12:30:00,2023-05-29 20:04:00,2023-05-29 20:06:00,0.5629604162027937,-4.394868934746233,4.9578293509490265,2.099510501502835,6.791520242652263,2.0,31.566666666666666,detector,684,2023-05-28 14:18:00,2023-05-28 14:18:00
ROME,2023-05-28 13:02:00,2023-05-28 15:34:00,2023-05-28 13:02:00,2023-05-29 06:24:00,2023-05-29 06:26:00,0.34041705253892807,-3.2451041255149886,3.5855211780539165,2.121064534145431,9.107624968653454,2.533333333333333,17.366666666666667,detector,684,2023-05-28 14:18:00,2023-05-28 14:18:00
LMKS,2023-05-28 15:34:00,2023-05-28 19:22:00,2023-05-28 15:34:00,2023-05-30 01:26:00,2023-05-30 01:34:00,0.7454617022328378,-2.850410357338903,3.595872059571741,2.0277518220566457,4.447205270357942,3.8,33.86666666666667,detector,684,2023-05-28 14:18:00,2023-05-28 14:18:00
JUNG,2023-05-28 16:38:00,2023-05-28 20:36:00,2023-05-28 16:38:00,2023-05-29 06:20:00,2023-05-29 06:22:00,0.6941047288399311,-3.330120253464589,4.02422498230452,2.023437395843092,11.32981915896372,3.966666666666667,13.7,detector,684,2023-05-28 14:18:00,2023-05-28 14:18:00
JUNG1,2023-05-29 04:16:00,2023-05-29 06:26:00,2023-05-29 04:16:00,2023-05-30 04:58:00,2023-05-30 05:00:00,0.9177847422174485,-2.917045154862714,3.8348298970801626,2.1777070185166876,7.166247133546471,2.1666666666666665,24.7,detector,684,2023-05-28 14:18:00,2023-05-28 14:18:00
FSMT,2023-05-29 21:04:00,2023-05-29 23:32:00,2023-05-29 21:04:00,2023-05-30 10:58:00,2023-05-30 11:00:00,-0.01068900538165505,-3.022523325607662,3.011834320226007,2.0407276445355778,3.384056661598198,2.466666666666667,13.9,detector,684,2023-05-28 14:18:00,2023-05-28 14:18:00
LMKS,2023-06-02 01:40:00,2023-06-02 03:58:00,2023-06-02 01:40:00,2023-06-02 04:28:00,2023-06-02 04:30:00,-0.00356339967139325,-2.4275353288637436,2.4239719291923505,2.187325918879938,5.688535300072748,2.3,2.8,detector,685,2023-06-02 01:40:00,2023-06-02 01:40:00
AATB,2023-06-03 15:20:00,2023-06-03 17:34:00,2023-06-03 15:20:00,2023-06-04 17:32:00,2023-06-04 17:34:00,-0.4148814370470255,-3.6630317923514086,3.248150355304383,2.643173771173886,8.707068592838342,2.2333333333333334,26.2,detector,686,2023-06-03 19:21:00,2023-06-03 19:21:00
FSMT,2023-06-03 23:22:00,2023-06-04 04:38:00,2023-06-03 23:22:00,2023-06-05 02:50:00,2023-06-05 02:52:00,-0.16712363880036019,-3.838720587524759,3.6715969487243987,2.0486685924260972,3.878172710932105,5.266666666666667,27.466666666666665,detector,686,2023-06-03 19:21:00,2023-06-03 19:21:00
LMKS,2023-06-05 18:02:00,2023-06-05 21:42:00,2023-06-05 18:02:00,2023-06-06 00:08:00,2023-06-06 00:12:00,-0.8054523305293267,-3.467412415713869,2.661960085184542,2.403178719311214,6.6406150829229045,3.6666666666666665,6.1,detector,687,2023-06-05 18:02:00,2023-06-05 18:02:00
KERG,2023-06-07 03:08:00,2023-06-07 06:10:00,2023-06-07 03:08:00,2023-06-08 02:06:00,2023-06-08 02:08:00,0.38871726152267444,-2.8154453393797674,3.2041626009024418,2.231091934837634,11.488889466428333,3.033333333333333,22.966666666666665,detector,688,2023-06-07 03:08:00,2023-06-07 03:08:00
APTY,2023-06-09 20:28:00,2023-06-09 22:28:00,2023-06-09 20:28:00,2023-06-09 21:26:00,2023-06-09 21:28:00,0.4323634132999664,-3.938809452659723,4.371172865959689,2.0738361605897095,6.6498275379524605,2.0,0.9666666666666667,detector,689,2023-06-10 16:10:00,2023-06-10 16:10:00
AATB,2023-06-10 03:30:00,2023-06-10 06:06:00,2023-06-10 03:30:00,2023-06-11 14:28:00,2023-06-11 14:30:00,0.4218322784958928,-2.526242934594525,2.948075213090418,2.1233197616944106,6.803399817397404,2.6,34.96666666666667,detector,689,2023-06-10 16:10:00,2023-06-10 16:10:00
JUNG1,2023-06-10 08:52:00,2023-06-10 11:36:00,2023-06-10 08:52:00,2023-06-11 01:26:00,2023-06-11 01:28:00,0.752665707272683,-2.642138947464156,3.394804654736839,2.253654845966474,4.114252699919088,2.7333333333333334,16.566666666666666,detector,689,2023-06-10 16:10:00,2023-06-10 16:10:00
OULU,2023-06-10 16:10:00,2023-06-10 19:08:00,2023-06-10 16:10:00,2023-06-12 03:42:00,2023-06-12 03:44:00,0.5266245605121428,-6.911352059522299,7.4379766200344415,2.0825844634112864,3.825768921689726,2.966666666666667,35.53333333333333,detector,689,2023-06-10 16:10:00,2023-06-10 16:10:00
KERG,2023-06-10 17:20:00,2023-06-10 19:38:00,2023-06-10 17:20:00,2023-06-11 22:08:00,2023-06-11 22:10:00,0.31636649991848353,-4.475616357235059,4.791982857153543,2.129423384129749,5.321510081143399,2.3,28.8,detector,689,2023-06-10 16:10:00,2023-06-10 16:10:00
LMKS,2023-06-10 19:44:00,2023-06-10 23:04:00,2023-06-10 19:44:00,2023-06-12 02:34:00,2023-06-12 02:40:00,0.41650452652432723,-2.8721692122168108,3.2886737387411378,2.1009782949942,14.15916397502482,3.3333333333333335,30.833333333333332,detector,689,2023-06-10 16:10:00,2023-06-10 16:10:00
BKSN,2023-06-10 19:56:00,2023-06-10 22:46:00,2023-06-10 19:56:00,2023-06-11 08:50:00,2023-06-11 08:52:00,0.5370613416458083,-5.481768280729279,6.018829622375087,2.31924595674792,7.664148758861447,2.8333333333333335,12.9,detector,689,2023-06-10 16:10:00,2023-06-10 16:10:00
LMKS,2023-06-14 09:46:00,2023-06-14 12:20:00,2023-06-14 09:46:00,2023-06-14 11:00:00,2023-06-14 11:04:00,0.34161888512239946,-3.571708040083052,3.9133269252054514,2.124025171582351,4.2216400044127695,2.566666666666667,1.2333333333333334,detector,690,2023-06-16 07:22:00,2023-06-16 07:22:00
JUNG1,2023-06-14 23:28:00,2023-06-15 02:02:00,2023-06-14 23:28:00,2023-06-16 05:22:00,2023-06-16 05:24:00,1.096267703930618,-1.776331002092172,2.87259870602279,2.268077517806352,6.02244756933693,2.566666666666667,29.9,detector,690,2023-06-16 07:22:00,2023-06-16 07:22:00
NEWK,2023-06-15 16:16:00,2023-06-15 18:22:00,2023-06-15 16:16:00,2023-06-16 00:16:00,2023-06-16 00:18:00,0.694320098713189,-3.7063435495367023,4.400663648249891,2.074465058197543,3.240666400361417,2.1,8.0,detector,690,2023-06-16 07:22:00,2023-06-16 07:22:00
JUNG,2023-06-16 07:22:00,2023-06-16 09:52:00,2023-06-16 07:22:00,2023-06-17 03:42:00,2023-06-17 03:44:00,0.48919286714583476,-3.2265139200660404,3.715706787211875,2.115402160338221,2.821693905660241,2.5,20.333333333333332,detector,690,2023-06-16 07:22:00,2023-06-16 07:22:00
ROME,2023-06-16 13:46:00,2023-06-16 16:36:00,2023-06-16 13:46:00,2023-06-18 00:28:00,2023-06-18 00:30:00,0.3666251128065088,-4.622124503658978,4.988749616465487,2.5633841779015034,4.896202828153259,2.8333333333333335,34.7,detector,690,2023-06-16 07:22:00,2023-06-16 07:22:00
KIEL2,2023-06-16 15:10:00,2023-06-16 18:06:00,2023-06-16 15:10:00,2023-06-17 08:30:00,2023-06-17 08:32:00,0.4227354724255771,-5.7143026207565875,6.137038093182165,2.0961478559807216,5.9974661307552966,2.933333333333333,17.333333333333332,detector,690,2023-06-16 07:22:00,2023-06-16 07:22:00
APTY,2023-06-17 07:06:00,2023-06-17 09:42:00,2023-06-17 07:06:00,2023-06-18 02:56:00,2023-06-18 02:58:00,-0.22636604866455307,-3.8438775665053098,3.617511517840757,2.042557581663582,8.409135458732239,2.6,19.833333333333332,detector,690,2023-06-16 07:22:00,2023-06-16 07:22:00
KIEL2,2023-06-20 01:32:00,2023-06-20 07:14:00,2023-06-20 01:32:00,2023-06-20 03:50:00,2023-06-20 03:52:00,0.6917546116594713,-6.002989040185977,6.694743651845448,2.1405074050679516,7.883156430211161,5.7,2.3,detector,691,2023-06-20 01:32:00,2023-06-20 01:32:00
KERG,2023-06-20 20:14:00,2023-06-20 23:24:00,2023-06-20 20:14:00,2023-06-21 02:50:00,2023-06-21 02:52:00,0.1421408706966,-3.509037301120036,3.6511781718166363,2.24936369642721,3.864736238679968,3.1666666666666665,6.6,detector,692,2023-06-20 20:14:00,2023-06-20 20:14:00
FSMT,2023-06-22 20:36:00,2023-06-23 00:00:00,2023-06-22 20:36:00,2023-06-24 04:58:00,2023-06-24 05:00:00,0.08739449105793205,-3.925705002303532,4.013099493361464,2.1412223509597443,8.93325876553738,3.4,32.36666666666667,detector,693,2023-06-25 02:06:00,2023-06-25 02:06:00
KIEL2,2023-06-23 19:30:00,2023-06-23 22:56:00,2023-06-23 19:30:00,2023-06-25 01:56:00,2023-06-25 01:58:00,0.2841173825989737,-6.006522947753975,6.290640330352949,2.4615158818205773,4.38843512422509,3.433333333333333,30.433333333333334,detector,693,2023-06-25 02:06:00,2023-06-25 02:06:00
AATB,2023-06-24 20:08:00,2023-06-24 22:36:00,2023-06-24 20:08:00,2023-06-25 23:34:00,2023-06-25 23:36:00,-0.0892216384889501,-3.821309051288048,3.732087412799098,2.1128865082778043,7.493613656553685,2.466666666666667,27.433333333333334,detector,693,2023-06-25 02:06:00,2023-06-25 02:06:00
BKSN,2023-06-24 22:30:00,2023-06-25 00:56:00,2023-06-24 22:30:00,2023-06-26 06:00:00,2023-06-26 06:02:00,0.10474969795240685,-5.2992980322566,5.404047730209007,2.3699499704542255,4.513494036108997,2.433333333333333,31.5,detector,693,2023-06-25 02:06:00,2023-06-25 02:06:00
KERG,2023-06-25 00:18:00,2023-06-25 03:08:00,2023-06-25 00:18:00,2023-06-26 03:02:00,2023-06-26 03:04:00,-0.1722916497216366,-4.599682361733935,4.427390712012298,2.0077360199096956,4.754498358557151,2.8333333333333335,26.733333333333334,detector,693,2023-06-25 02:06:00,2023-06-25 02:06:00
LMKS,2023-06-25 02:06:00,2023-06-25 05:26:00,2023-06-25 02:06:00,2023-06-25 22:46:00,2023-06-25 22:48:00,-0.2335534141223194,-3.2040764448963577,2.9705230307740385,2.2485521879727095,7.685877161111077,3.3333333333333335,20.666666666666668,detector,693,2023-06-25 02:06:00,2023-06-25 02:06:00
JUNG,2023-06-25 06:56:00,2023-06-25 09:42:00,2023-06-25 06:56:00,2023-06-26 01:38:00,2023-06-26 01:40:00,0.048728683824896146,-4.1573271304715576,4.2060558142964535,2.14614243751553,4.37871185706413,2.7666666666666666,18.7,detector,693,2023-06-25 02:06:00,2023-06-25 02:06:00
APTY,2023-06-25 16:02:00,2023-06-25 18:18:00,2023-06-25 16:02:00,2023-06-26 21:00:00,2023-06-26 21:02:00,-0.39483575998568565,-4.7514555095429545,4.356619749557269,2.0069644979790984,5.485047938103974,2.2666666666666666,28.966666666666665,detector,693,2023-06-25 02:06:00,2023-06-25 02:06:00
ATHN,2023-06-26 00:32:00,2023-06-26 03:18:00,2023-06-26 00:32:00,2023-06-26 17:56:00,2023-06-26 17:58:00,-0.32693863048945404,-6.9676299607155165,6.640691330226063,2.0198480846528386,6.792422851749723,2.7666666666666666,17.4,detector,693,2023-06-25 02:06:00,2023-06-25 02:06:00
MXCO,2023-06-26 00:48:00,2023-06-26 04:32:00,2023-06-26 00:48:00,2023-06-26 16:46:00,2023-06-26 16:48:00,-0.5400965152069914,-5.493394077448744,4.953297562241753,2.39179689354303,19.673355981938094,3.7333333333333334,15.966666666666667,detector,693,2023-06-25 02:06:00,2023-06-25 02:06:00
NEWK,2023-06-26 01:24:00,2023-06-26 05:38:00,2023-06-26 01:24:00,2023-06-27 05:22:00,2023-06-27 05:26:00,-0.4523140835639018,-5.7286599772076485,5.276345893643747,2.1730813341748845,18.970773308946903,4.233333333333333,27.966666666666665,detector,693,2023-06-25 02:06:00,2023-06-25 02:06:00
AATB,2023-06-29 19:54:00,2023-06-29 22:06:00,2023-06-29 19:54:00,2023-06-30 21:22:00,2023-06-30 21:26:00,0.6718012901990833,-2.8485110056107,3.5203122958097834,2.3168162898673006,8.363009075341429,2.2,25.466666666666665,detector,694,2023-06-30 06:15:00,2023-06-30 06:15:00
KIEL2,2023-06-29 22:30:00,2023-06-30 01:10:00,2023-06-29 22:30:00,2023-06-30 23:28:00,2023-06-30 23:30:00,0.08617283792253816,-6.022920651175403,6.109093489097941,2.2155905243642686,2.5567537313533544,2.6666666666666665,24.966666666666665,detector,694,2023-06-30 06:15:00,2023-06-30 06:15:00
ROME,2023-06-30 05:28:00,2023-06-30 11:30:00,2023-06-30 05:28:00,2023-06-30 23:56:00,2023-06-30 23:58:00,0.5452432426945981,-3.827532657349041,4.3727759000436395,2.0142747767196276,5.5387474520073905,6.033333333333333,18.466666666666665,detector,694,2023-06-30 06:15:00,2023-06-30 06:15:00
JUNG1,2023-06-30 07:02:00,2023-06-30 10:52:00,2023-06-30 07:02:00,2023-07-01 01:04:00,2023-07-01 01:06:00,0.8000540921530919,-3.024595221204779,3.824649313357871,2.1977964451982164,3.857699952410329,3.8333333333333335,18.033333333333335,detector,694,2023-06-30 06:15:00,2023-06-30 06:15:00
NEWK,2023-07-01 05:12:00,2023-07-01 07:48:00,2023-07-01 05:12:00,2023-07-01 12:04:00,2023-07-01 12:06:00,0.6890404749933994,-5.154524465214617,5.843564940208017,2.152415820454378,6.435073426819535,2.6,6.866666666666666,detector,694,2023-06-30 06:15:00,2023-06-30 06:15:00
FSMT,2023-07-01 08:02:00,2023-07-01 10:10:00,2023-07-01 08:02:00,2023-07-01 10:10:00,2023-07-01 10:14:00,0.4107817200894591,-3.276724510590993,3.687506230680452,2.1691969138777725,3.164858476576753,2.1333333333333333,2.1333333333333333,detector,694,2023-06-30 06:15:00,2023-06-30 06:15:00
BKSN,2023-07-03 05:04:00,2023-07-03 08:18:00,2023-07-03 05:04:00,2023-07-03 08:50:00,2023-07-03 08:52:00,-0.6941305408785161,-5.248099911681661,4.553969370803145,2.1135088038623713,4.778074367708936,3.2333333333333334,3.7666666666666666,detector,695,2023-07-03 10:55:00,2023-07-03 10:55:00
LMKS,2023-07-03 16:46:00,2023-07-03 19:02:00,2023-07-03 16:46:00,2023-07-03 17:34:00,2023-07-03 17:36:00,-0.3783608149408376,-3.111060330133351,2.7326995151925133,2.2392202827085748,6.008203913554236,2.2666666666666666,0.8,detector,695,2023-07-03 10:55:00,2023-07-03 10:55:00
BKSN,2023-07-04 17:52:00,2023-07-04 19:50:00,2023-07-04 17:52:00,2023-07-05 09:58:00,2023-07-05 10:02:00,-0.5742451291253541,-4.7131061829193825,4.138861053794028,2.02818148247807,7.483626251193252,1.9666666666666666,16.1,detector,696,2023-07-04 17:52:00,2023-07-04 17:52:00
JUNG,2023-07-07 22:38:00,2023-07-08 01:52:00,2023-07-07 22:38:00,2023-07-09 01:04:00,2023-07-09 01:06:00,0.3201812992600766,-3.951511335012577,4.271692634272654,2.2317382319715944,6.733810046376432,3.2333333333333334,26.433333333333334,detector,697,2023-07-08 08:09:00,2023-07-08 08:09:00
AATB,2023-07-08 07:56:00,2023-07-08 10:42:00,2023-07-08 07:56:00,2023-07-08 21:00:00,2023-07-08 21:02:00,0.292683724144732,-2.6743000548976483,2.9669837790423803,2.8887152188663983,9.375406911953874,2.7666666666666666,13.066666666666666,detector,697,2023-07-08 08:09:00,2023-07-08 08:09:00
LMKS,2023-07-08 08:22:00,2023-07-08 11:02:00,2023-07-08 08:22:00,2023-07-09 00:52:00,2023-07-09 00:58:00,0.25240045373486203,-2.4672097859785356,2.7196102397133974,2.271167348514469,6.473673347123974,2.6666666666666665,16.5,detector,697,2023-07-08 08:09:00,2023-07-08 08:09:00
MXCO,2023-07-08 13:26:00,2023-07-08 15:26:00,2023-07-08 13:26:00,2023-07-09 12:26:00,2023-07-09 12:28:00,0.1291577664753638,-3.940536474387192,4.069694240862556,2.1685385150333913,3.333265705417454,2.0,23.0,detector,697,2023-07-08 08:09:00,2023-07-08 08:09:00
LMKS,2023-07-10 19:28:00,2023-07-10 21:34:00,2023-07-10 19:28:00,2023-07-10 22:52:00,2023-07-10 22:56:00,0.10399445519326325,-2.724046887873562,2.8280413430668254,2.465399443912659,4.3290824103995424,2.1,3.4,detector,698,2023-07-11 06:12:00,2023-07-11 06:12:00
KERG,2023-07-11 05:28:00,2023-07-11 08:22:00,2023-07-11 05:28:00,2023-07-11 12:02:00,2023-07-11 12:04:00,0.37072699807531473,-2.7795240550677636,3.1502510531430783,2.0328227452183008,8.304964106972896,2.9,6.566666666666666,detector,698,2023-07-11 06:12:00,2023-07-11 06:12:00
JUNG1,2023-07-11 06:56:00,2023-07-11 09:32:00,2023-07-11 06:56:00,2023-07-12 05:24:00,2023-07-12 05:28:00,0.33234971838078975,-3.782432516339435,4.1147822347202245,2.1140846340605144,3.1490147731666216,2.6,22.466666666666665,detector,698,2023-07-11 06:12:00,2023-07-11 06:12:00
BKSN,2023-07-11 07:26:00,2023-07-11 09:34:00,2023-07-11 07:26:00,2023-07-12 08:56:00,2023-07-12 08:58:00,0.0782578836298488,-4.881488671528245,4.959746555158094,2.171265030121337,11.421253643168638,2.1333333333333333,25.5,detector,698,2023-07-11 06:12:00,2023-07-11 06:12:00
NEWK,2023-07-13 14:50:00,2023-07-13 18:28:00,2023-07-13 14:50:00,2023-07-13 22:36:00,2023-07-13 22:38:00,1.0909492611352885,-5.452742894910776,6.543692156046065,2.0026350145485363,6.154875495024677,3.6333333333333333,7.766666666666667,detector,699,2023-07-13 14:50:00,2023-07-13 14:50:00
DRBS,2023-07-14 17:22:00,2023-07-14 19:28:00,2023-07-14 17:22:00,2023-07-15 08:36:00,2023-07-15 08:38:00,0.7227577213220568,-5.822001700345344,6.5447594216674005,2.6006890370350946,6.417383998084991,2.1,15.233333333333333,detector,700,2023-07-15 10:50:00,2023-07-15 10:50:00
APTY,2023-07-14 19:20:00,2023-07-14 22:20:00,2023-07-14 19:20:00,2023-07-15 21:46:00,2023-07-15 21:48:00,0.8850344919374167,-5.150545534028333,6.03558002596575,2.003790784475441,8.086817464616786,3.0,26.433333333333334,detector,700,2023-07-15 10:50:00,2023-07-15 10:50:00
ATHN,2023-07-14 20:28:00,2023-07-14 22:52:00,2023-07-14 20:28:00,2023-07-16 00:16:00,2023-07-16 00:18:00,0.6972705885749596,-7.876200640341511,8.573471228916471,2.0804695059470895,3.9444437934036993,2.4,27.8,detector,700,2023-07-15 10:50:00,2023-07-15 10:50:00
KERG,2023-07-14 21:48:00,2023-07-15 00:14:00,2023-07-14 21:48:00,2023-07-16 05:24:00,2023-07-16 05:26:00,0.4386864011386436,-4.42778892055783,4.866475321696473,2.1495423031259744,5.427013438431521,2.433333333333333,31.6,detector,700,2023-07-15 10:50:00,2023-07-15 10:50:00
NEWK,2023-07-15 10:50:00,2023-07-15 15:20:00,2023-07-15 10:50:00,2023-07-15 16:10:00,2023-07-15 16:14:00,0.057631918384661654,-5.770759656770007,5.828391575154669,2.1125088001273067,4.336211052476614,4.5,5.333333333333333,detector,700,2023-07-15 10:50:00,2023-07-15 10:50:00
AATB,2023-07-15 13:14:00,2023-07-15 19:22:00,2023-07-15 13:14:00,2023-07-16 22:52:00,2023-07-16 22:54:00,0.2861455204924602,-4.038547129283834,4.324692649776294,2.5402029951894693,8.219202907158847,6.133333333333334,33.63333333333333,detector,700,2023-07-15 10:50:00,2023-07-15 10:50:00
JUNG,2023-07-15 16:44:00,2023-07-15 19:04:00,2023-07-15 16:44:00,2023-07-17 02:58:00,2023-07-17 03:00:00,-0.1548879229579455,-5.674421034075256,5.519533111117311,2.178972463132253,6.594390000200468,2.3333333333333335,34.233333333333334,detector,700,2023-07-15 10:50:00,2023-07-15 10:50:00
ROME,2023-07-15 20:08:00,2023-07-16 00:38:00,2023-07-15 20:08:00,2023-07-16 04:38:00,2023-07-16 04:42:00,-0.39994636055941646,-5.021291987964675,4.621345627405258,2.0221033767594134,10.295392490996075,4.5,8.5,detector,700,2023-07-15 10:50:00,2023-07-15 10:50:00
KIEL2,2023-07-15 23:46:00,2023-07-16 01:48:00,2023-07-15 23:46:00,2023-07-17 07:10:00,2023-07-17 07:12:00,-1.1563197200941904,-7.356982676880944,6.200662956786753,2.395083592294595,4.962552492115092,2.033333333333333,31.4,detector,700,2023-07-15 10:50:00,2023-07-15 10:50:00
KIEL2,2023-07-19 22:40:00,2023-07-20 00:38:00,2023-07-19 22:40:00,2023-07-21 01:14:00,2023-07-21 01:16:00,1.360839753356272,-5.428774514361463,6.789614267717735,2.2032025258057937,4.94926096753532,1.9666666666666666,26.566666666666666,detector,701,2023-07-21 14:52:00,2023-07-21 14:52:00
JUNG,2023-07-20 10:14:00,2023-07-20 13:12:00,2023-07-20 10:14:00,2023-07-21 20:28:00,2023-07-21 20:30:00,0.7963804471193674,-4.100221095155812,4.896601542275179,2.2337084540339207,5.51628399707959,2.966666666666667,34.233333333333334,detector,701,2023-07-21 14:52:00,2023-07-21 14:52:00
BKSN,2023-07-21 00:22:00,2023-07-21 03:22:00,2023-07-21 00:22:00,2023-07-22 05:40:00,2023-07-22 05:42:00,0.6734972396133816,-3.8391496024061578,4.51264684201954,2.092885511856819,8.688421268948643,3.0,29.3,detector,701,2023-07-21 14:52:00,2023-07-21 14:52:00
MXCO,2023-07-21 05:02:00,2023-07-21 07:00:00,2023-07-21 05:02:00,2023-07-22 03:08:00,2023-07-22 03:10:00,0.6846244225688718,-3.6712391143491376,4.35586353691801,2.0995158038972965,3.8437864689732417,1.9666666666666666,22.1,detector,701,2023-07-21 14:52:00,2023-07-21 14:52:00
DRBS,2023-07-21 14:52:00,2023-07-21 16:52:00,2023-07-21 14:52:00,2023-07-22 20:12:00,2023-07-22 20:14:00,0.6323511066299619,-5.524997710170224,6.1573488168001855,2.2147801222126615,4.219524407353968,2.0,29.333333333333332,detector,701,2023-07-21 14:52:00,2023-07-21 14:52:00
LMKS,2023-07-22 00:34:00,2023-07-22 03:22:00,2023-07-22 00:34:00,2023-07-22 20:46:00,2023-07-22 20:48:00,0.5057174546308258,-2.672760549929423,3.178478004560249,2.018206439508434,3.8961473528987223,2.8,20.2,detector,701,2023-07-21 14:52:00,2023-07-21 14:52:00
ROME,2023-07-22 13:10:00,2023-07-22 17:16:00,2023-07-22 13:10:00,2023-07-22 23:34:00,2023-07-22 23:36:00,0.19154793205280335,-5.170852947954046,5.36240088000685,2.0983507040570917,9.064474371770972,4.1,10.4,detector,701,2023-07-21 14:52:00,2023-07-21 14:52:00
AATB,2023-07-22 13:38:00,2023-07-22 17:28:00,2023-07-22 13:38:00,2023-07-23 19:04:00,2023-07-23 19:06:00,0.5051239292658376,-2.3835445991134683,2.8886685283793057,2.0002961587130708,10.421178856947144,3.8333333333333335,29.433333333333334,detector,701,2023-07-21 14:52:00,2023-07-21 14:52:00
FSMT,2023-07-23 00:16:00,2023-07-23 03:02:00,2023-07-23 00:16:00,2023-07-23 03:36:00,2023-07-23 03:38:00,0.06719197091379975,-3.4842779598024354,3.551469930716235,2.047027962125429,7.559502991439428,2.7666666666666666,3.3333333333333335,detector,701,2023-07-21 14:52:00,2023-07-21 14:52:00
OULU,2023-07-26 00:10:00,2023-07-26 04:00:00,2023-07-26 00:10:00,2023-07-26 22:52:00,2023-07-26 22:54:00,0.1220032711515116,-5.0301011975958705,5.152104468747382,2.063038932465848,6.33253396662425,3.8333333333333335,22.7,detector,702,2023-07-26 15:54:00,2023-07-26 15:54:00
BKSN,2023-07-27 07:38:00,2023-07-27 10:30:00,2023-07-27 07:38:00,2023-07-27 20:40:00,2023-07-27 20:42:00,0.21890169324656933,-5.37870472008781,5.597606413334379,2.4695113895566982,5.4023593888965875,2.8666666666666667,13.033333333333333,detector,702,2023-07-26 15:54:00,2023-07-26 15:54:00
JUNG,2023-07-28 18:30:00,2023-07-28 21:42:00,2023-07-28 18:30:00,2023-07-29 18:24:00,2023-07-29 18:28:00,0.1421271784553022,-3.533479479788727,3.675606658244029,2.1018171443904285,4.709535344804161,3.2,23.9,detector,703,2023-07-28 18:30:00,2023-07-28 18:30:00
LMKS,2023-07-31 11:48:00,2023-07-31 14:22:00,2023-07-31 11:48:00,2023-08-01 22:38:00,2023-08-01 22:40:00,0.35219991181398025,-3.0162603149031098,3.3684602267170902,2.1691640181544103,5.877572441500058,2.566666666666667,34.833333333333336,detector,704,2023-08-01 01:54:00,2023-08-01 01:54:00
APTY,2023-07-31 14:56:00,2023-07-31 19:20:00,2023-07-31 14:56:00,2023-08-02 02:42:00,2023-08-02 02:44:00,0.12780521768505226,-3.681030861604607,3.808836079289659,2.08503394584801,4.638509822789638,4.4,35.766666666666666,detector,704,2023-08-01 01:54:00,2023-08-01 01:54:00
KERG,2023-07-31 16:44:00,2023-07-31 20:54:00,2023-07-31 16:44:00,2023-08-02 03:30:00,2023-08-02 03:44:00,0.9050928096812418,-5.17689272975254,6.081985539433782,2.114620881343003,4.887400775874573,4.166666666666667,34.766666666666666,detector,704,2023-08-01 01:54:00,2023-08-01 01:54:00
NEWK,2023-07-31 23:00:00,2023-08-01 01:16:00,2023-07-31 23:00:00,2023-08-02 08:16:00,2023-08-02 08:18:00,0.6334966913766832,-6.347258631267776,6.980755322644459,2.039084189125861,6.825667243356685,2.2666666666666666,33.266666666666666,detector,704,2023-08-01 01:54:00,2023-08-01 01:54:00
ATHN,2023-07-31 23:54:00,2023-08-01 02:22:00,2023-07-31 23:54:00,2023-08-02 05:28:00,2023-08-02 05:30:00,0.4572038432280042,-6.50850049893219,6.965704342160195,2.2018893522072007,7.415305891477282,2.466666666666667,29.566666666666666,detector,704,2023-08-01 01:54:00,2023-08-01 01:54:00
MXCO,2023-08-01 01:54:00,2023-08-01 04:12:00,2023-08-01 01:54:00,2023-08-02 09:50:00,2023-08-02 09:52:00,0.38178159214904095,-4.703625692350758,5.085407284499799,2.0537962713213136,3.1403242321574947,2.3,31.933333333333334,detector,704,2023-08-01 01:54:00,2023-08-01 01:54:00
JUNG1,2023-08-01 07:30:00,2023-08-01 09:42:00,2023-08-01 07:30:00,2023-08-02 04:06:00,2023-08-02 04:12:00,1.7114522572708126,-5.031941384660398,6.7433936419312115,2.16365805899889,6.635798005763794,2.2,20.6,detector,704,2023-08-01 01:54:00,2023-08-01 01:54:00
JUNG,2023-08-01 08:22:00,2023-08-01 10:36:00,2023-08-01 08:22:00,2023-08-02 01:26:00,2023-08-02 01:28:00,0.8551344229512112,-5.621135469364808,6.47626989231602,2.365017602203888,5.735192664168966,2.2333333333333334,17.066666666666666,detector,704,2023-08-01 01:54:00,2023-08-01 01:54:00
AATB,2023-08-01 11:06:00,2023-08-01 13:04:00,2023-08-01 11:06:00,2023-08-01 21:24:00,2023-08-01 21:28:00,0.445990019254191,-3.7577183181417193,4.20370833739591,2.097726499783207,5.491100348855509,1.9666666666666666,10.3,detector,704,2023-08-01 01:54:00,2023-08-01 01:54:00
KIEL2,2023-08-01 21:50:00,2023-08-02 02:44:00,2023-08-01 21:50:00,2023-08-02 09:26:00,2023-08-02 09:28:00,0.5605202232920988,-7.281362732716572,7.841882956008671,2.027904662250203,3.0715014852702356,4.9,11.6,detector,704,2023-08-01 01:54:00,2023-08-01 01:54:00
BKSN,2023-08-02 00:42:00,2023-08-02 02:42:00,2023-08-02 00:42:00,2023-08-02 13:40:00,2023-08-02 13:44:00,0.5206651932421175,-6.1896983106222,6.7103635038643175,2.5591775966243535,7.475435645944365,2.0,12.966666666666667,detector,704,2023-08-01 01:54:00,2023-08-01 01:54:00
FSMT,2023-08-04 20:00:00,2023-08-04 22:54:00,2023-08-04 20:00:00,2023-08-05 07:30:00,2023-08-05 07:32:00,-0.7316227294227753,-4.374857258862641,3.643234529439866,2.2294666038309536,11.09127051873902,2.9,11.5,detector,705,2023-08-05 03:15:00,2023-08-05 03:15:00
JUNG1,2023-08-05 10:30:00,2023-08-05 14:52:00,2023-08-05 10:30:00,2023-08-06 00:58:00,2023-08-06 01:00:00,-1.4013263484752185,-5.572337499772223,4.171011151297004,2.3106290590611076,13.890498401444384,4.366666666666666,14.466666666666667,detector,705,2023-08-05 03:15:00,2023-08-05 03:15:00
FSMT,2023-08-07 22:46:00,2023-08-08 00:58:00,2023-08-07 22:46:00,2023-08-08 11:48:00,2023-08-08 11:52:00,0.5032755287605233,-3.696713890412008,4.199989419172532,2.159663277967399,11.84554430005325,2.2,13.033333333333333,detector,706,2023-08-07 22:46:00,2023-08-07 22:46:00
DRBS,2023-08-12 22:00:00,2023-08-13 02:22:00,2023-08-12 22:00:00,2023-08-13 03:50:00,2023-08-13 03:52:00,1.2196964883512393,-4.019376671040571,5.23907315939181,2.023303569236828,10.987275138787291,4.366666666666666,5.833333333333333,detector,707,2023-08-14 00:36:00,2023-08-14 00:36:00
OULU,2023-08-13 11:50:00,2023-08-13 15:06:00,2023-08-13 11:50:00,2023-08-14 21:58:00,2023-08-14 22:00:00,0.8977613141155185,-4.306720050637748,5.204481364753266,2.3069858980507,4.059165089115662,3.2666666666666666,34.13333333333333,detector,707,2023-08-14 00:36:00,2023-08-14 00:36:00
JUNG1,2023-08-14 00:36:00,2023-08-14 02:36:00,2023-08-14 00:36:00,2023-08-14 16:58:00,2023-08-14 17:00:00,2.16671737736932,-1.9962042645556024,4.162921641924923,2.416305878553673,5.87102503808849,2.0,16.366666666666667,detector,707,2023-08-14 00:36:00,2023-08-14 00:36:00
KERG,2023-08-14 10:04:00,2023-08-14 13:40:00,2023-08-14 10:04:00,2023-08-15 14:04:00,2023-08-15 14:08:00,1.4047492877023013,-2.908930402095906,4.3136796897982075,2.169712549335974,9.95609540553562,3.6,28.0,detector,707,2023-08-14 00:36:00,2023-08-14 00:36:00
NEWK,2023-08-14 19:02:00,2023-08-14 22:12:00,2023-08-14 19:02:00,2023-08-16 03:04:00,2023-08-16 03:06:00,0.682524215116751,-4.44010053057806,5.122624745694811,2.0265278764547547,11.495179725863183,3.1666666666666665,32.03333333333333,detector,707,2023-08-14 00:36:00,2023-08-14 00:36:00
DRBS,2023-08-18 10:06:00,2023-08-18 17:58:00,2023-08-18 10:06:00,2023-08-19 19:24:00,2023-08-19 19:26:00,0.6678333658448001,-6.160033255672316,6.827866621517115,2.2217298673827375,10.51884527452429,7.866666666666666,33.3,detector,708,2023-08-19 09:40:00,2023-08-19 09:40:00
APTY,2023-08-18 21:56:00,2023-08-19 00:14:00,2023-08-18 21:56:00,2023-08-20 00:10:00,2023-08-20 00:12:00,-0.04800391114168475,-4.909346035966178,4.8613421248244935,2.190473318849191,3.96448575486644,2.3,26.233333333333334,detector,708,2023-08-19 09:40:00,2023-08-19 09:40:00
NEWK,2023-08-19 09:32:00,2023-08-19 13:04:00,2023-08-19 09:32:00,2023-08-19 21:20:00,2023-08-19 21:22:00,0.08601297976131936,-6.729542302357834,6.815555282119154,2.4796418973159624,6.186854842366846,3.533333333333333,11.8,detector,708,2023-08-19 09:40:00,2023-08-19 09:40:00
JUNG,2023-08-19 09:40:00,2023-08-19 12:10:00,2023-08-19 09:40:00,2023-08-20 12:54:00,2023-08-20 12:56:00,-0.0386219384259595,-4.4203677270366635,4.381745788610704,2.376313262999917,5.322691988749653,2.5,27.233333333333334,detector,708,2023-08-19 09:40:00,2023-08-19 09:40:00
OULU,2023-08-19 12:52:00,2023-08-19 16:08:00,2023-08-19 12:52:00,2023-08-19 23:06:00,2023-08-19 23:08:00,0.26000175900998707,-6.94838202671919,7.208383785729177,2.169453364972423,5.3796103708789165,3.2666666666666666,10.233333333333333,detector,708,2023-08-19 09:40:00,2023-08-19 09:40:00
LMKS,2023-08-19 15:08:00,2023-08-19 18:16:00,2023-08-19 15:08:00,2023-08-19 19:04:00,2023-08-19 19:08:00,-0.09903146568753995,-3.770112905144291,3.671081439456751,2.265753386933795,11.464815516877,3.1333333333333333,3.933333333333333,detector,708,2023-08-19 09:40:00,2023-08-19 09:40:00
ATHN,2023-08-19 19:34:00,2023-08-19 22:46:00,2023-08-19 19:34:00,2023-08-20 13:46:00,2023-08-20 13:48:00,0.01295515075582265,-6.138316230910554,6.151271381666377,2.340603532397904,9.20075787813311,3.2,18.2,detector,708,2023-08-19 09:40:00,2023-08-19 09:40:00
AATB,2023-08-25 12:14:00,2023-08-25 14:12:00,2023-08-25 12:14:00,2023-08-26 20:24:00,2023-08-26 20:28:00,0.5501630976507779,-2.3853211009174276,2.935484198568205,2.3381725518576095,3.33031366808045,1.9666666666666666,32.166666666666664,detector,709,2023-08-25 18:40:00,2023-08-25 18:40:00
FSMT,2023-08-25 15:10:00,2023-08-25 17:48:00,2023-08-25 15:10:00,2023-08-26 13:02:00,2023-08-26 13:04:00,0.5538409098145085,-3.528975657976022,4.08281656779053,2.074217356048196,7.718108665742244,2.6333333333333333,21.866666666666667,detector,709,2023-08-25 18:40:00,2023-08-25 18:40:00
DRBS,2023-08-25 18:40:00,2023-08-25 21:52:00,2023-08-25 18:40:00,2023-08-26 17:38:00,2023-08-26 17:40:00,0.7607116788389482,-5.120174303806084,5.880885982645032,2.1231644568152364,4.277767041731446,3.2,22.966666666666665,detector,709,2023-08-25 18:40:00,2023-08-25 18:40:00
JUNG1,2023-08-25 20:30:00,2023-08-25 23:24:00,2023-08-25 20:30:00,2023-08-26 15:16:00,2023-08-26 15:18:00,0.5599426269291042,-3.5857737135193557,4.14571634044846,2.703893859409156,5.081323884745623,2.9,18.766666666666666,detector,709,2023-08-25 18:40:00,2023-08-25 18:40:00
LMKS,2023-08-26 05:02:00,2023-08-26 07:10:00,2023-08-26 05:02:00,2023-08-26 23:06:00,2023-08-26 23:20:00,0.3998187311773552,-2.789140335062102,3.188959066239457,2.015443662993772,7.241004050852301,2.1333333333333333,18.066666666666666,detector,709,2023-08-25 18:40:00,2023-08-25 18:40:00
JUNG,2023-08-28 13:50:00,2023-08-28 15:50:00,2023-08-28 13:50:00,2023-08-30 01:12:00,2023-08-30 01:14:00,0.2178699384912332,-3.772834147223733,3.990704085714966,2.0674891847726826,4.667554282057306,2.0,35.36666666666667,detector,710,2023-08-29 01:18:00,2023-08-29 01:18:00
JUNG1,2023-08-29 01:18:00,2023-08-29 03:46:00,2023-08-29 01:18:00,2023-08-29 06:42:00,2023-08-29 06:46:00,-1.0545352355482713,-5.016543892376206,3.962008656827935,2.139470321219543,9.453447990069986,2.466666666666667,5.4,detector,710,2023-08-29 01:18:00,2023-08-29 01:18:00
BKSN,2023-08-30 05:22:00,2023-08-30 07:38:00,2023-08-30 05:22:00,2023-08-31 12:14:00,2023-08-31 12:16:00,-0.1888608310745484,-4.9529616153669735,4.764100784292425,2.2629176280790833,3.710230695841328,2.2666666666666666,30.866666666666667,detector,710,2023-08-29 01:18:00,2023-08-29 01:18:00
JUNG,2023-09-03 03:14:00,2023-09-03 05:12:00,2023-09-03 03:14:00,2023-09-04 13:32:00,2023-09-04 13:34:00,0.6537029879685208,-4.11946379287686,4.773166780845381,2.203776683796205,8.137326156763574,1.9666666666666666,34.3,detector,711,2023-09-03 11:04:00,2023-09-03 11:04:00
LMKS,2023-09-03 11:04:00,2023-09-03 13:20:00,2023-09-03 11:04:00,2023-09-03 13:50:00,2023-09-03 13:52:00,0.027750252665322203,-2.5249494916350703,2.5526997443003925,2.2698921103745455,8.367852084619638,2.2666666666666666,2.7666666666666666,detector,711,2023-09-03 11:04:00,2023-09-03 11:04:00
BKSN,2023-09-03 23:02:00,2023-09-04 02:12:00,2023-09-03 23:02:00,2023-09-04 08:28:00,2023-09-04 08:30:00,0.1306042412592939,-3.511017873071452,3.6416221143307457,2.16693761847625,6.852162340050675,3.1666666666666665,9.433333333333334,detector,711,2023-09-03 11:04:00,2023-09-03 11:04:00
DRBS,2023-09-06 09:40:00,2023-09-06 22:14:00,2023-09-06 09:40:00,2023-09-06 11:26:00,2023-09-06 11:28:00,2.023894354010307,-17.355641820014185,19.37953617402449,2.1084170482382354,17.752781548452724,12.566666666666666,1.7666666666666666,detector,712,2023-09-08 12:06:00,2023-09-08 12:06:00
FSMT,2023-09-07 01:10:00,2023-09-07 03:10:00,2023-09-07 01:10:00,2023-09-08 12:54:00,2023-09-08 12:56:00,0.7299688683808976,-2.269188804844858,2.9991576732257554,2.2063276512893446,5.2623852528974835,2.0,35.733333333333334,detector,712,2023-09-08 12:06:00,2023-09-08 12:06:00
BKSN,2023-09-07 08:26:00,2023-09-07 14:46:00,2023-09-07 08:26:00,2023-09-07 23:34:00,2023-09-07 23:38:00,1.1691359503248524,-3.1345419263837164,4.303677876708569,2.049661202399008,8.128260101088692,6.333333333333333,15.133333333333333,detector,712,2023-09-08 12:06:00,2023-09-08 12:06:00
AATB,2023-09-08 12:06:00,2023-09-08 15:02:00,2023-09-08 12:06:00,2023-09-09 21:36:00,2023-09-09 21:40:00,0.3534049312773331,-2.5040700829521807,2.8574750142295136,2.038061390813621,3.4630821376315204,2.933333333333333,33.5,detector,712,2023-09-08 12:06:00,2023-09-08 12:06:00
KERG,2023-09-08 23:40:00,2023-09-09 01:58:00,2023-09-08 23:40:00,2023-09-10 04:26:00,2023-09-10 04:28:00,0.11481758826731375,-4.1362197877810445,4.251037376048358,2.0029091214479764,3.0881542023269892,2.3,28.766666666666666,detector,712,2023-09-08 12:06:00,2023-09-08 12:06:00
LMKS,2023-09-09 13:06:00,2023-09-09 15:04:00,2023-09-09 13:06:00,2023-09-10 08:04:00,2023-09-10 08:06:00,0.193883213705695,-2.6511353241550153,2.8450185378607102,2.2330370371488883,3.5936899005045766,1.9666666666666666,18.966666666666665,detector,712,2023-09-08 12:06:00,2023-09-08 12:06:00
ATHN,2023-09-09 22:38:00,2023-09-10 01:08:00,2023-09-09 22:38:00,2023-09-10 11:56:00,2023-09-10 11:58:00,0.2090702830960339,-6.436001557545747,6.645071840641782,2.076527351431082,4.680328960831306,2.5,13.3,detector,712,2023-09-08 12:06:00,2023-09-08 12:06:00
KERG,2023-09-11 08:44:00,2023-09-11 11:34:00,2023-09-11 08:44:00,2023-09-12 17:36:00,2023-09-12 17:38:00,-0.30229587208634934,-5.4349064125441355,5.132610540457787,2.2204190963764985,5.035329699018524,2.8333333333333335,32.86666666666667,detector,713,2023-09-11 21:12:00,2023-09-11 21:12:00
OULU,2023-09-11 13:08:00,2023-09-11 16:02:00,2023-09-11 13:08:00,2023-09-12 17:08:00,2023-09-12 17:10:00,-0.08603947811559425,-6.237631678893396,6.1515922007778014,2.378082374952045,6.769017930609531,2.9,28.0,detector,713,2023-09-11 21:12:00,2023-09-11 21:12:00
KIEL2,2023-09-12 05:16:00,2023-09-12 07:32:00,2023-09-12 05:16:00,2023-09-12 06:16:00,2023-09-12 06:18:00,-0.08719975107677586,-8.145378898653842,8.058179147577066,2.0437938698520064,4.946613348973893,2.2666666666666666,1.0,detector,713,2023-09-11 21:12:00,2023-09-11 21:12:00
APTY,2023-09-12 07:02:00,2023-09-12 11:02:00,2023-09-12 07:02:00,2023-09-13 01:00:00,2023-09-13 01:02:00,0.10515890016679524,-5.048911133986305,5.154070034153101,2.093710269272577,9.91051492312884,4.0,17.966666666666665,detector,713,2023-09-11 21:12:00,2023-09-11 21:12:00
JUNG1,2023-09-15 22:56:00,2023-09-16 04:18:00,2023-09-15 22:56:00,2023-09-16 05:08:00,2023-09-16 05:10:00,0.8553064477685297,-2.8851743693635625,3.7404808171320925,2.4055920209855115,4.624030943151923,5.366666666666666,6.2,detector,714,2023-09-17 16:40:00,2023-09-17 16:40:00
LMKS,2023-09-16 02:14:00,2023-09-16 05:12:00,2023-09-16 02:14:00,2023-09-16 09:32:00,2023-09-16 09:34:00,1.163669886639517,-1.58875391206017,2.752423798699687,2.165761442439823,8.088637768213877,2.966666666666667,7.3,detector,714,2023-09-17 16:40:00,2023-09-17 16:40:00
MXCO,2023-09-16 12:40:00,2023-09-16 15:20:00,2023-09-16 12:40:00,2023-09-17 07:50:00,2023-09-17 07:52:00,0.4065372786063492,-3.097715092451706,3.504252371058055,2.1523430726863437,7.807168338661762,2.6666666666666665,19.166666666666668,detector,714,2023-09-17 16:40:00,2023-09-17 16:40:00
JUNG,2023-09-17 16:40:00,2023-09-17 21:04:00,2023-09-17 16:40:00,2023-09-18 21:46:00,2023-09-18 22:08:00,0.3054529316158039,-6.801116767942178,7.106569699557982,2.128327538790926,4.31438276028688,4.4,29.1,detector,714,2023-09-17 16:40:00,2023-09-17 16:40:00
OULU,2023-09-18 04:48:00,2023-09-18 08:36:00,2023-09-18 04:48:00,2023-09-18 23:42:00,2023-09-18 23:44:00,0.1557713931008895,-9.195812814076676,9.351584207177567,2.2523719337135812,4.951496434725195,3.8,18.9,detector,714,2023-09-17 16:40:00,2023-09-17 16:40:00
DRBS,2023-09-18 12:40:00,2023-09-18 18:36:00,2023-09-18 12:40:00,2023-09-19 22:34:00,2023-09-19 22:36:00,-0.22091877960629336,-8.727853544661512,8.506934765055219,2.160965934848376,4.571256401343509,5.933333333333334,33.9,detector,714,2023-09-17 16:40:00,2023-09-17 16:40:00
FSMT,2023-09-18 23:00:00,2023-09-19 01:40:00,2023-09-18 23:00:00,2023-09-19 07:10:00,2023-09-19 07:24:00,-1.2309769711647678,-6.102690460190643,4.8717134890258755,2.0995314919034227,5.082355840180568,2.6666666666666665,8.166666666666666,detector,714,2023-09-17 16:40:00,2023-09-17 16:40:00
KIEL2,2023-09-23 14:28:00,2023-09-23 16:36:00,2023-09-23 14:28:00,2023-09-25 00:30:00,2023-09-25 00:32:00,0.7409012367565371,-5.01770467679385,5.758605913550387,2.3516449222009665,7.681387042271833,2.1333333333333333,34.03333333333333,detector,715,2023-09-24 17:12:00,2023-09-24 17:12:00
ATHN,2023-09-24 01:06:00,2023-09-24 03:06:00,2023-09-24 01:06:00,2023-09-25 07:34:00,2023-09-25 07:38:00,0.6696417451769072,-6.698690284084512,7.36833202926142,2.1144306019876744,3.050196110888073,2.0,30.466666666666665,detector,715,2023-09-24 17:12:00,2023-09-24 17:12:00
OULU,2023-09-24 01:34:00,2023-09-24 04:30:00,2023-09-24 01:34:00,2023-09-25 07:30:00,2023-09-25 07:32:00,0.9237877215156325,-6.052266076251698,6.97605379776733,2.0005813009484443,8.17353750663312,2.933333333333333,29.933333333333334,detector,715,2023-09-24 17:12:00,2023-09-24 17:12:00
FSMT,2023-09-24 10:54:00,2023-09-24 13:10:00,2023-09-24 10:54:00,2023-09-25 09:50:00,2023-09-25 10:06:00,0.9428496885608771,-5.169151593127983,6.11200128168886,2.0261167684358954,3.7361916338696264,2.2666666666666666,22.933333333333334,detector,715,2023-09-24 17:12:00,2023-09-24 17:12:00
LMKS,2023-09-24 17:04:00,2023-09-24 20:36:00,2023-09-24 17:04:00,2023-09-25 12:50:00,2023-09-25 14:32:00,1.5566513537236002,-5.519405080078502,7.076056433802102,2.435018138036792,10.885312004740024,3.533333333333333,19.766666666666666,detector,715,2023-09-24 17:12:00,2023-09-24 17:12:00
APTY,2023-09-24 17:20:00,2023-09-24 21:12:00,2023-09-24 17:20:00,2023-09-25 09:00:00,2023-09-25 09:04:00,1.175643829238879,-5.8650831983786516,7.04072702761753,2.6711097011341116,6.81995068594698,3.8666666666666667,15.666666666666666,detector,715,2023-09-24 17:12:00,2023-09-24 17:12:00
NEWK,2023-09-24 19:14:00,2023-09-24 23:18:00,2023-09-24 19:14:00,2023-09-25 07:14:00,2023-09-25 07:16:00,0.6704532381305777,-7.2503264634077,7.920779701538278,2.187521465178835,4.360128089822015,4.066666666666666,12.0,detector,715,2023-09-24 17:12:00,2023-09-24 17:12:00
JUNG,2023-09-25 00:00:00,2023-09-25 02:00:00,2023-09-25 00:00:00,2023-09-25 15:30:00,2023-09-25 15:32:00,1.7109952122584324,-5.953766504795929,7.664761717054362,2.010992532881111,6.330296068372958,2.0,15.5,detector,715,2023-09-24 17:12:00,2023-09-24 17:12:00
AATB,2023-09-25 03:56:00,2023-09-25 06:10:00,2023-09-25 03:56:00,2023-09-25 13:12:00,2023-09-25 13:14:00,1.1060360448086324,-5.64603906512834,6.752075109936973,2.692938741211702,5.57879822080324,2.2333333333333334,9.266666666666667,detector,715,2023-09-24 17:12:00,2023-09-24 17:12:00
KERG,2023-09-25 14:46:00,2023-09-25 17:10:00,2023-09-25 14:46:00,2023-09-25 19:32:00,2023-09-25 19:34:00,-0.6884930004251166,-4.750553379874007,4.062060379448891,2.340641222086296,6.008089949502771,2.4,4.766666666666667,detector,715,2023-09-24 17:12:00,2023-09-24 17:12:00
BKSN,2023-09-28 09:12:00,2023-09-28 12:04:00,2023-09-28 09:12:00,2023-09-28 17:24:00,2023-09-28 17:28:00,1.1960049545450142,-4.0976817583414,5.293686712886414,2.9528474334601222,3.3628652223334576,2.8666666666666667,8.2,detector,716,2023-09-28 09:12:00,2023-09-28 09:12:00
FSMT,2023-09-30 17:50:00,2023-09-30 20:06:00,2023-09-30 17:50:00,2023-10-01 14:56:00,2023-10-01 14:58:00,1.2190522350281368,-1.7930417050061018,3.0120939400342386,2.173933006123656,7.351626962885049,2.2666666666666666,21.1,detector,717,2023-10-01 14:16:00,2023-10-01 14:16:00
NEWK,2023-10-01 10:08:00,2023-10-01 13:28:00,2023-10-01 10:08:00,2023-10-01 10:14:00,2023-10-01 10:16:00,1.3137283446695096,-4.302044034010932,5.615772378680441,2.370751301764398,5.900283960383348,3.3333333333333335,0.1,detector,717,2023-10-01 14:16:00,2023-10-01 14:16:00
AATB,2023-10-01 14:16:00,2023-10-01 16:42:00,2023-10-01 14:16:00,2023-10-01 17:38:00,2023-10-01 17:40:00,1.092910320284636,-2.45314761923394,3.546057939518576,2.388956562031072,4.006459104274475,2.433333333333333,3.3666666666666667,detector,717,2023-10-01 14:16:00,2023-10-01 14:16:00
JUNG,2023-10-01 14:48:00,2023-10-01 17:00:00,2023-10-01 14:48:00,2023-10-01 23:12:00,2023-10-01 23:16:00,1.5303988158317905,-2.6485749837056325,4.178973799537423,2.1769498049896776,5.48190161218231,2.2,8.4,detector,717,2023-10-01 14:16:00,2023-10-01 14:16:00
LMKS,2023-10-01 22:20:00,2023-10-02 02:56:00,2023-10-01 22:20:00,2023-10-01 23:10:00,2023-10-01 23:14:00,1.2962564857280932,-3.0081614420228133,4.304417927750906,2.058772381208676,7.92859139843421,4.6,0.8333333333333334,detector,717,2023-10-01 14:16:00,2023-10-01 14:16:00
DRBS,2023-10-03 21:58:00,2023-10-03 23:56:00,2023-10-03 21:58:00,2023-10-04 06:46:00,2023-10-04 06:48:00,0.5376473134493749,-6.35015986822981,6.887807181679185,2.260635015819152,8.215599340157947,1.9666666666666666,8.8,detector,718,2023-10-04 16:30:00,2023-10-04 16:30:00
AATB,2023-10-04 06:24:00,2023-10-04 10:08:00,2023-10-04 06:24:00,2023-10-04 20:36:00,2023-10-04 20:38:00,0.5141322828478372,-2.9896349009900884,3.5037671838379256,2.395681540548802,4.402098825043618,3.7333333333333334,14.2,detector,718,2023-10-04 16:30:00,2023-10-04 16:30:00
JUNG1,2023-10-04 16:30:00,2023-10-04 18:52:00,2023-10-04 16:30:00,2023-10-05 18:58:00,2023-10-05 19:02:00,0.19700766522368857,-3.6159945123699297,3.8130021775936185,2.0132949142596313,7.304777360807506,2.3666666666666667,26.466666666666665,detector,718,2023-10-04 16:30:00,2023-10-04 16:30:00
JUNG,2023-10-05 00:26:00,2023-10-05 03:42:00,2023-10-05 00:26:00,2023-10-05 09:58:00,2023-10-05 10:00:00,0.0830075085288008,-5.128671928843581,5.211679437372382,2.152527554788799,5.575389614278333,3.2666666666666666,9.533333333333333,detector,718,2023-10-04 16:30:00,2023-10-04 16:30:00
OULU,2023-10-05 23:46:00,2023-10-06 02:10:00,2023-10-05 23:46:00,2023-10-06 11:34:00,2023-10-06 11:36:00,-0.185409146530631,-4.848805518673455,4.663396372142824,2.115307035741135,3.739740355640205,2.4,11.8,detector,718,2023-10-04 16:30:00,2023-10-04 16:30:00
LMKS,2023-10-07 03:24:00,2023-10-07 05:24:00,2023-10-07 03:24:00,2023-10-07 06:42:00,2023-10-07 06:44:00,-0.9803094974335178,-3.451641868073747,2.471332370640229,2.536967323960692,6.929638768234766,2.0,3.3,detector,719,2023-10-07 03:24:00,2023-10-07 03:24:00
LMKS,2023-10-09 04:32:00,2023-10-09 07:26:00,2023-10-09 04:32:00,2023-10-09 19:00:00,2023-10-09 19:02:00,-0.18623582866937727,-2.857973329678366,2.6717375010089883,2.022105139173136,4.338196231885952,2.9,14.466666666666667,detector,720,2023-10-12 03:44:00,2023-10-12 03:44:00
BKSN,2023-10-11 03:12:00,2023-10-11 05:44:00,2023-10-11 03:12:00,2023-10-12 00:06:00,2023-10-12 00:10:00,0.6293834575610063,-5.579618689018122,6.209002146579128,2.4676852561331755,5.953583294838634,2.533333333333333,20.9,detector,720,2023-10-12 03:44:00,2023-10-12 03:44:00
KIEL2,2023-10-11 15:14:00,2023-10-11 18:22:00,2023-10-11 15:14:00,2023-10-12 19:28:00,2023-10-12 19:30:00,0.1956833337603226,-5.469030337935822,5.664713671696144,2.0791206172117307,4.837303769290279,3.1333333333333333,28.233333333333334,detector,720,2023-10-12 03:44:00,2023-10-12 03:44:00
FSMT,2023-10-12 16:14:00,2023-10-12 18:48:00,2023-10-12 16:14:00,2023-10-13 16:12:00,2023-10-13 16:14:00,0.13532642824935803,-3.473994598210963,3.6093210264603206,2.609803465936518,12.431558368983868,2.566666666666667,23.966666666666665,detector,720,2023-10-12 03:44:00,2023-10-12 03:44:00
APTY,2023-10-12 16:38:00,2023-10-12 19:38:00,2023-10-12 16:38:00,2023-10-13 22:46:00,2023-10-13 22:48:00,0.11480133337384721,-3.8117989198171855,3.9266002531910327,2.0990759826632317,5.360582063483188,3.0,30.133333333333333,detector,720,2023-10-12 03:44:00,2023-10-12 03:44:00
MXCO,2023-10-13 06:26:00,2023-10-13 08:58:00,2023-10-13 06:26:00,2023-10-14 05:50:00,2023-10-14 05:52:00,0.0588913578168659,-3.671760557425666,3.730651915242532,2.341979320703389,7.984518350705722,2.533333333333333,23.4,detector,720,2023-10-12 03:44:00,2023-10-12 03:44:00
AATB,2023-10-17 06:16:00,2023-10-17 08:36:00,2023-10-17 06:16:00,2023-10-18 08:20:00,2023-10-18 08:22:00,0.47034497038447287,-2.3354317245667175,2.8057766949511906,2.2918813890251633,6.581138395134816,2.3333333333333335,26.066666666666666,detector,721,2023-10-19 02:32:00,2023-10-19 02:32:00
FSMT,2023-10-17 14:40:00,2023-10-17 17:00:00,2023-10-17 14:40:00,2023-10-18 16:08:00,2023-10-18 16:10:00,0.5154910473227715,-3.3860880506247835,3.901579097947555,2.2797161567592052,7.341857509886926,2.3333333333333335,25.466666666666665,detector,721,2023-10-19 02:32:00,2023-10-19 02:32:00
NEWK,2023-10-17 20:26:00,2023-10-17 23:12:00,2023-10-17 20:26:00,2023-10-19 07:50:00,2023-10-19 07:54:00,0.4708004376700829,-5.088219815527782,5.559020253197865,2.118243578101658,3.050455117285069,2.7666666666666666,35.4,detector,721,2023-10-19 02:32:00,2023-10-19 02:32:00
OULU,2023-10-18 18:52:00,2023-10-18 20:56:00,2023-10-18 18:52:00,2023-10-19 05:12:00,2023-10-19 05:14:00,0.5503569083180199,-5.317771714234503,5.868128622552523,2.026283595149931,8.953119031579993,2.066666666666667,10.333333333333334,detector,721,2023-10-19 02:32:00,2023-10-19 02:32:00
JUNG,2023-10-18 19:34:00,2023-10-18 21:38:00,2023-10-18 19:34:00,2023-10-20 05:00:00,2023-10-20 05:04:00,0.48316683343228184,-4.8059065405944335,5.2890733740267155,2.0867883324679384,3.618604611281589,2.066666666666667,33.43333333333333,detector,721,2023-10-19 02:32:00,2023-10-19 02:32:00
BKSN,2023-10-19 09:30:00,2023-10-19 11:50:00,2023-10-19 09:30:00,2023-10-20 17:10:00,2023-10-20 17:14:00,1.1938553207575828,-6.043876035430342,7.2377313561879255,2.2030581666761915,4.735729710172635,2.3333333333333335,31.666666666666668,detector,721,2023-10-19 02:32:00,2023-10-19 02:32:00
APTY,2023-10-19 10:12:00,2023-10-19 12:24:00,2023-10-19 10:12:00,2023-10-20 12:56:00,2023-10-20 12:58:00,-0.3988734392321207,-4.648763483856007,4.249890044623886,2.000697243702186,4.110265087461984,2.2,26.733333333333334,detector,721,2023-10-19 02:32:00,2023-10-19 02:32:00
LMKS,2023-10-19 12:32:00,2023-10-19 16:14:00,2023-10-19 12:32:00,2023-10-20 15:58:00,2023-10-20 16:26:00,0.13608327185411262,-4.70059045050909,4.836673722363202,2.1718086855874876,6.8744704823119385,3.7,27.433333333333334,detector,721,2023-10-19 02:32:00,2023-10-19 02:32:00
KERG,2023-10-19 19:52:00,2023-10-19 23:00:00,2023-10-19 19:52:00,2023-10-20 16:50:00,2023-10-20 16:52:00,0.14300547480023906,-4.93139704842284,5.074402523223079,2.092634305266191,3.8863637579542543,3.1333333333333333,20.966666666666665,detector,721,2023-10-19 02:32:00,2023-10-19 02:32:00
JUNG1,2023-10-19 21:30:00,2023-10-20 00:32:00,2023-10-19 21:30:00,2023-10-20 18:50:00,2023-10-20 18:52:00,-0.19349910710475338,-4.522792359704257,4.329293252599504,2.2813488164745785,8.149629373563322,3.033333333333333,21.333333333333332,detector,721,2023-10-19 02:32:00,2023-10-19 02:32:00
JUNG1,2023-10-22 18:32:00,2023-10-22 21:28:00,2023-10-22 18:32:00,2023-10-23 18:00:00,2023-10-23 18:02:00,-0.1437493162137097,-3.6669378453076513,3.5231885290939418,2.106975132524955,5.2098706670274,2.933333333333333,23.466666666666665,detector,722,2023-10-22 18:32:00,2023-10-22 18:32:00
BKSN,2023-10-24 07:32:00,2023-10-24 10:12:00,2023-10-24 07:32:00,2023-10-25 00:00:00,2023-10-25 00:02:00,0.4306017937788388,-5.318484771787735,5.749086565566573,2.172306025556374,3.569301860762514,2.6666666666666665,16.466666666666665,detector,723,2023-10-24 07:32:00,2023-10-24 07:32:00
KERG,2023-10-26 11:14:00,2023-10-26 14:20:00,2023-10-26 11:14:00,2023-10-27 22:12:00,2023-10-27 22:14:00,0.7581747926869895,-2.7215235845851424,3.4796983772721317,2.021682731660728,7.4592716023655745,3.1,34.96666666666667,detector,724,2023-10-27 18:02:00,2023-10-27 18:02:00
FSMT,2023-10-27 01:36:00,2023-10-27 05:08:00,2023-10-27 01:36:00,2023-10-28 00:52:00,2023-10-28 00:54:00,-0.01588680344065375,-3.76813721891898,3.7522504154783265,2.1470856540731913,7.230438656031482,3.533333333333333,23.266666666666666,detector,724,2023-10-27 18:02:00,2023-10-27 18:02:00
LMKS,2023-10-27 01:50:00,2023-10-27 05:40:00,2023-10-27 01:50:00,2023-10-28 05:04:00,2023-10-28 05:10:00,0.842768039254918,-4.2950423216445035,5.1378103608994214,2.7587397371600653,13.62746288659481,3.8333333333333335,27.233333333333334,detector,724,2023-10-27 18:02:00,2023-10-27 18:02:00
APTY,2023-10-27 18:02:00,2023-10-27 20:22:00,2023-10-27 18:02:00,2023-10-28 22:50:00,2023-10-28 22:54:00,0.16862091230010828,-3.3898562293046934,3.5584771416048016,2.424387737956808,5.955400113882064,2.3333333333333335,28.8,detector,724,2023-10-27 18:02:00,2023-10-27 18:02:00
DRBS,2023-10-27 23:50:00,2023-10-28 02:12:00,2023-10-27 23:50:00,2023-10-29 01:52:00,2023-10-29 01:54:00,0.26368597678608346,-5.770214079669675,6.033900056455758,2.0575095790889444,7.227795679602164,2.3666666666666667,26.033333333333335,detector,724,2023-10-27 18:02:00,2023-10-27 18:02:00
JUNG,2023-10-29 10:16:00,2023-10-29 12:48:00,2023-10-29 10:16:00,2023-10-30 00:28:00,2023-10-30 00:32:00,-0.870522004877369,-5.222685245474663,4.352163240597294,2.442271008233519,12.701370731278844,2.533333333333333,14.2,detector,724,2023-10-27 18:02:00,2023-10-27 18:02:00
JUNG1,2023-10-29 13:16:00,2023-10-29 15:34:00,2023-10-29 13:16:00,2023-10-30 00:44:00,2023-10-30 00:46:00,-0.87045249884087,-4.405326485952755,3.534873987111885,2.45762691035475,6.550165595715557,2.3,11.466666666666667,detector,724,2023-10-27 18:02:00,2023-10-27 18:02:00
JUNG1,2023-11-05 00:04:00,2023-11-05 03:32:00,2023-11-05 00:04:00,2023-11-06 04:30:00,2023-11-06 04:32:00,0.46357462570208796,-3.91384400451572,4.377418630217808,2.591903887421296,4.482548301454696,3.466666666666667,28.433333333333334,detector,725,2023-11-05 05:12:00,2023-11-05 05:12:00
JUNG,2023-11-05 02:42:00,2023-11-05 04:42:00,2023-11-05 02:42:00,2023-11-06 00:12:00,2023-11-06 00:14:00,0.764915823822874,-5.062061521856459,5.8269773456793335,2.1729580623792244,3.267478149791778,2.0,21.5,detector,725,2023-11-05 05:12:00,2023-11-05 05:12:00
FSMT,2023-11-05 03:08:00,2023-11-05 05:40:00,2023-11-05 03:08:00,2023-11-06 09:52:00,2023-11-06 09:54:00,0.6130969785486355,-5.815947234702948,6.429044213251584,2.068768817475765,6.425778279340759,2.533333333333333,30.733333333333334,detector,725,2023-11-05 05:12:00,2023-11-05 05:12:00
MXCO,2023-11-05 05:12:00,2023-11-05 07:32:00,2023-11-05 05:12:00,2023-11-06 01:48:00,2023-11-06 01:50:00,0.6876674629365824,-4.698035499507957,5.385702962444539,2.2348845830447113,4.334663638007602,2.3333333333333335,20.6,detector,725,2023-11-05 05:12:00,2023-11-05 05:12:00
BKSN,2023-11-05 08:52:00,2023-11-05 11:46:00,2023-11-05 08:52:00,2023-11-06 08:10:00,2023-11-06 08:12:00,0.12791171259156306,-6.627715126464929,6.755626839056492,2.2960996194843397,4.75515769261456,2.9,23.3,detector,725,2023-11-05 05:12:00,2023-11-05 05:12:00
KIEL2,2023-11-05 10:02:00,2023-11-05 13:32:00,2023-11-05 10:02:00,2023-11-06 08:50:00,2023-11-06 08:52:00,0.43124740935305894,-6.891405705604239,7.322653114957298,2.0451250378264816,3.755399580010424,3.5,22.8,detector,725,2023-11-05 05:12:00,2023-11-05 05:12:00
AATB,2023-11-05 14:30:00,2023-11-05 17:20:00,2023-11-05 14:30:00,2023-11-06 22:08:00,2023-11-06 22:12:00,0.8544036508657793,-4.237189214427458,5.091592865293237,2.39188224560099,5.211631249299762,2.8333333333333335,31.633333333333333,detector,725,2023-11-05 05:12:00,2023-11-05 05:12:00
KERG,2023-11-08 16:34:00,2023-11-08 19:12:00,2023-11-08 16:34:00,2023-11-09 10:54:00,2023-11-09 10:56:00,-0.0566421880678748,-4.10070151286594,4.044059324798065,2.1062924905819784,6.218711497328552,2.6333333333333333,18.333333333333332,detector,726,2023-11-08 16:34:00,2023-11-08 16:34:00
DRBS,2023-11-12 07:20:00,2023-11-12 09:40:00,2023-11-12 07:20:00,2023-11-13 17:38:00,2023-11-13 17:42:00,0.860023374573818,-6.43961345478501,7.299636829358828,2.0258039775849923,5.554375738975524,2.3333333333333335,34.3,detector,727,2023-11-12 09:08:00,2023-11-12 09:08:00
APTY,2023-11-12 10:56:00,2023-11-12 12:58:00,2023-11-12 10:56:00,2023-11-13 19:48:00,2023-11-13 19:52:00,0.1973597920802045,-4.749330416085088,4.946690208165292,2.2242587296775675,2.8031314720709086,2.033333333333333,32.86666666666667,detector,727,2023-11-12 09:08:00,2023-11-12 09:08:00
JUNG1,2023-11-16 05:06:00,2023-11-16 07:10:00,2023-11-16 05:06:00,2023-11-16 23:04:00,2023-11-16 23:06:00,1.0966718415394698,-2.3720219294287523,3.468693770968222,2.0108418232905807,4.6878798894713904,2.066666666666667,17.966666666666665,detector,728,2023-11-16 05:06:00,2023-11-16 05:06:00
APTY,2023-11-19 16:22:00,2023-11-19 19:46:00,2023-11-19 16:22:00,2023-11-21 03:16:00,2023-11-21 03:18:00,0.5757688051588385,-3.690656442317078,4.266425247475916,2.049954549781864,7.542486209648696,3.4,34.9,detector,729,2023-11-20 10:29:00,2023-11-20 10:29:00
NEWK,2023-11-19 22:22:00,2023-11-20 00:44:00,2023-11-19 22:22:00,2023-11-21 05:50:00,2023-11-21 05:52:00,0.8647216364058006,-4.358407079646031,5.223128716051831,2.1254976087178585,6.222908162458174,2.3666666666666667,31.466666666666665,detector,729,2023-11-20 10:29:00,2023-11-20 10:29:00
LMKS,2023-11-20 22:36:00,2023-11-21 01:16:00,2023-11-20 22:36:00,2023-11-21 01:50:00,2023-11-21 01:54:00,0.0718300166109887,-2.5897460008736775,2.6615760174846663,2.103487475683687,5.545380240484335,2.6666666666666665,3.2333333333333334,detector,729,2023-11-20 10:29:00,2023-11-20 10:29:00
FSMT,2023-11-21 10:24:00,2023-11-21 13:54:00,2023-11-21 10:24:00,2023-11-21 11:04:00,2023-11-21 11:06:00,0.10196598426046499,-3.735760831716654,3.837726815977119,2.178821566099802,6.306570439768575,3.5,0.6666666666666666,detector,729,2023-11-20 10:29:00,2023-11-20 10:29:00
KERG,2023-11-23 07:38:00,2023-11-23 09:44:00,2023-11-23 07:38:00,2023-11-24 04:08:00,2023-11-24 04:10:00,0.10084692558383779,-3.921652360820481,4.022499286404319,2.0793156099909753,5.2115711186143505,2.1,20.5,detector,730,2023-11-24 15:44:00,2023-11-24 15:44:00
JUNG,2023-11-23 18:34:00,2023-11-23 21:24:00,2023-11-23 18:34:00,2023-11-25 04:18:00,2023-11-25 04:20:00,0.5409768897162688,-4.713871048241983,5.254847937958251,2.5509972258463605,8.058019312710298,2.8333333333333335,33.733333333333334,detector,730,2023-11-24 15:44:00,2023-11-24 15:44:00
OULU,2023-11-24 06:46:00,2023-11-24 08:46:00,2023-11-24 06:46:00,2023-11-25 13:52:00,2023-11-25 13:56:00,-0.00125420549133265,-6.148776414058066,6.147522208566733,2.268575618185092,4.928706497289809,2.0,31.1,detector,730,2023-11-24 15:44:00,2023-11-24 15:44:00
DRBS,2023-11-24 14:00:00,2023-11-24 17:16:00,2023-11-24 14:00:00,2023-11-26 01:42:00,2023-11-26 01:46:00,-0.17814517137165886,-7.164729286940235,6.986584115568576,2.0182401863236614,11.205282512584716,3.2666666666666666,35.7,detector,730,2023-11-24 15:44:00,2023-11-24 15:44:00
APTY,2023-11-24 17:28:00,2023-11-24 20:30:00,2023-11-24 17:28:00,2023-11-25 13:28:00,2023-11-25 13:32:00,0.46019216822093145,-6.465961519583791,6.926153687804723,2.095028940912454,6.116451308147172,3.033333333333333,20.0,detector,730,2023-11-24 15:44:00,2023-11-24 15:44:00
NEWK,2023-11-24 18:28:00,2023-11-24 20:26:00,2023-11-24 18:28:00,2023-11-25 17:28:00,2023-11-25 17:30:00,0.32169563708076004,-7.046793375569639,7.368489012650398,2.451202207617814,5.8030288511392305,1.9666666666666666,23.0,detector,730,2023-11-24 15:44:00,2023-11-24 15:44:00
ATHN,2023-11-25 04:10:00,2023-11-25 06:54:00,2023-11-25 04:10:00,2023-11-26 01:30:00,2023-11-26 01:32:00,0.40410335942533826,-6.40056836530388,6.804671724729219,2.259812204445468,7.331525128827125,2.7333333333333334,21.333333333333332,detector,730,2023-11-24 15:44:00,2023-11-24 15:44:00
KIEL2,2023-11-25 15:08:00,2023-11-25 17:28:00,2023-11-25 15:08:00,2023-11-26 07:12:00,2023-11-26 07:14:00,-0.08293795436892455,-7.653338928368343,7.570400973999418,2.469019408647371,6.061111998113479,2.3333333333333335,16.066666666666666,detector,730,2023-11-24 15:44:00,2023-11-24 15:44:00
JUNG1,2023-11-28 04:02:00,2023-11-28 06:04:00,2023-11-28 04:02:00,2023-11-28 21:54:00,2023-11-28 22:00:00,-0.06714835412609754,-4.030138377341226,3.962990023215128,2.1712174162354105,3.3577964432012206,2.033333333333333,17.866666666666667,detector,731,2023-11-28 04:02:00,2023-11-28 04:02:00
MXCO,2023-12-01 00:10:00,2023-12-01 03:54:00,2023-12-01 00:10:00,2023-12-02 06:36:00,2023-12-02 06:38:00,0.14519330613748943,-5.033183026939522,5.178376333077011,2.1421960895156356,4.239164795595684,3.7333333333333334,30.433333333333334,detector,732,2023-12-01 14:51:00,2023-12-01 14:51:00
NEWK,2023-12-01 04:54:00,2023-12-01 07:44:00,2023-12-01 04:54:00,2023-12-02 05:38:00,2023-12-02 05:42:00,-0.07484253088140545,-6.515323496027237,6.440480965145831,2.4288170602177077,3.98382840502171,2.8333333333333335,24.733333333333334,detector,732,2023-12-01 14:51:00,2023-12-01 14:51:00
JUNG1,2023-12-01 06:18:00,2023-12-01 09:08:00,2023-12-01 06:18:00,2023-12-02 04:16:00,2023-12-02 04:32:00,0.3821861928383219,-4.509743116253667,4.8919293090919895,2.004038542670935,10.479001747783297,2.8333333333333335,21.966666666666665,detector,732,2023-12-01 14:51:00,2023-12-01 14:51:00
FSMT,2023-12-01 12:38:00,2023-12-01 15:34:00,2023-12-01 12:38:00,2023-12-02 07:50:00,2023-12-02 08:18:00,-0.0580717974318389,-6.110897682161612,6.052825884729773,2.3789741773455724,6.388806301691797,2.933333333333333,19.2,detector,732,2023-12-01 14:51:00,2023-12-01 14:51:00
OULU,2023-12-01 17:04:00,2023-12-01 19:08:00,2023-12-01 17:04:00,2023-12-02 16:26:00,2023-12-02 16:28:00,-0.3430536873560023,-7.71310769040235,7.370054003046348,2.4313042044654027,7.376595942550723,2.066666666666667,23.366666666666667,detector,732,2023-12-01 14:51:00,2023-12-01 14:51:00
BKSN,2023-12-01 20:32:00,2023-12-01 22:46:00,2023-12-01 20:32:00,2023-12-02 01:00:00,2023-12-02 01:02:00,-0.7179505081761954,-6.120698617319886,5.40274810914369,2.075264914012936,5.198322673851196,2.2333333333333334,4.466666666666667,detector,732,2023-12-01 14:51:00,2023-12-01 14:51:00
KIEL2,2023-12-01 22:00:00,2023-12-02 00:56:00,2023-12-01 22:00:00,2023-12-02 03:44:00,2023-12-02 03:46:00,-1.2624483509581823,-8.164673341262919,6.902224990304736,2.0799553860966467,12.445700100521034,2.933333333333333,5.733333333333333,detector,732,2023-12-01 14:51:00,2023-12-01 14:51:00
AATB,2023-12-02 01:10:00,2023-12-02 03:58:00,2023-12-02 01:10:00,2023-12-02 14:24:00,2023-12-02 14:28:00,-0.3490229329757441,-3.774852760978695,3.425829828002951,2.3899175938224477,13.52163900469258,2.8,13.233333333333333,detector,732,2023-12-01 14:51:00,2023-12-01 14:51:00
DRBS,2023-12-03 17:40:00,2023-12-03 21:32:00,2023-12-03 17:40:00,2023-12-05 02:40:00,2023-12-05 02:42:00,0.6365589997911325,-5.808519293928538,6.4450782937196704,2.0913976037828874,5.934021436322994,3.8666666666666667,33.0,detector,733,2023-12-04 08:42:00,2023-12-04 08:42:00
OULU,2023-12-04 08:42:00,2023-12-04 11:16:00,2023-12-04 08:42:00,2023-12-05 06:44:00,2023-12-05 06:50:00,1.1366049532339737,-4.016467258458757,5.153072211692731,2.061467037902707,7.434218625550899,2.566666666666667,22.033333333333335,detector,733,2023-12-04 08:42:00,2023-12-04 08:42:00
APTY,2023-12-04 12:00:00,2023-12-04 14:58:00,2023-12-04 12:00:00,2023-12-05 09:14:00,2023-12-05 09:16:00,1.2219283496948319,-2.523617416817362,3.745545766512194,2.053888102860028,7.41482070288494,2.966666666666667,21.233333333333334,detector,733,2023-12-04 08:42:00,2023-12-04 08:42:00
KIEL2,2023-12-07 00:06:00,2023-12-07 02:42:00,2023-12-07 00:06:00,2023-12-07 08:58:00,2023-12-07 09:00:00,0.9530104685066048,-6.772310781975648,7.725321250482253,2.0265018958776175,11.696287620829938,2.6,8.866666666666667,detector,734,2023-12-07 18:02:00,2023-12-07 18:02:00
JUNG1,2023-12-07 02:26:00,2023-12-07 05:18:00,2023-12-07 02:26:00,2023-12-07 22:36:00,2023-12-07 22:40:00,0.8761455877332611,-2.4595202232755895,3.335665811008851,2.0713251907781793,13.100284045204006,2.8666666666666667,20.166666666666668,detector,734,2023-12-07 18:02:00,2023-12-07 18:02:00
FSMT,2023-12-07 04:06:00,2023-12-07 06:22:00,2023-12-07 04:06:00,2023-12-08 08:52:00,2023-12-08 08:54:00,0.8427722076561373,-2.473704219997463,3.3164764276536003,2.7088808764434806,5.020840620620518,2.2666666666666666,28.766666666666666,detector,734,2023-12-07 18:02:00,2023-12-07 18:02:00
AATB,2023-12-07 18:02:00,2023-12-07 20:30:00,2023-12-07 18:02:00,2023-12-08 18:56:00,2023-12-08 19:00:00,0.716050088731718,-2.55149812734081,3.267548216072528,2.1637423405838208,2.9855581906014024,2.466666666666667,24.9,detector,734,2023-12-07 18:02:00,2023-12-07 18:02:00
KERG,2023-12-07 20:44:00,2023-12-07 22:42:00,2023-12-07 20:44:00,2023-12-09 02:26:00,2023-12-09 02:28:00,0.5697155268707358,-2.6293733087478057,3.1990888356185416,2.000360905870062,6.193810793175089,1.9666666666666666,29.7,detector,734,2023-12-07 18:02:00,2023-12-07 18:02:00
OULU,2023-12-07 23:12:00,2023-12-08 01:52:00,2023-12-07 23:12:00,2023-12-08 09:46:00,2023-12-08 09:48:00,0.968816059044735,-4.663536460513515,5.63235251955825,2.0607634101626062,3.4265877749312375,2.6666666666666665,10.566666666666666,detector,734,2023-12-07 18:02:00,2023-12-07 18:02:00
JUNG,2023-12-09 11:10:00,2023-12-09 13:50:00,2023-12-09 11:10:00,2023-12-09 20:04:00,2023-12-09 20:06:00,0.2327266909720958,-3.6385620180904024,3.8712887090624983,2.1360383898614828,3.70227200394972,2.6666666666666665,8.9,detector,734,2023-12-07 18:02:00,2023-12-07 18:02:00
BKSN,2023-12-11 19:30:00,2023-12-11 21:44:00,2023-12-11 19:30:00,2023-12-13 04:24:00,2023-12-13 04:26:00,-0.00085720654163935,-5.038129980581365,5.037272774039725,2.170096747470864,8.714490137895142,2.2333333333333334,32.9,detector,735,2023-12-12 09:15:00,2023-12-12 09:15:00
FSMT,2023-12-12 08:34:00,2023-12-12 10:56:00,2023-12-12 08:34:00,2023-12-12 13:54:00,2023-12-12 13:56:00,0.0804171641527168,-4.237948099580477,4.3183652637331935,2.3749540776448557,7.003819547200133,2.3666666666666667,5.333333333333333,detector,735,2023-12-12 09:15:00,2023-12-12 09:15:00
AATB,2023-12-12 08:42:00,2023-12-12 11:06:00,2023-12-12 08:42:00,2023-12-13 03:00:00,2023-12-13 03:04:00,0.3155434359174098,-4.286603391940262,4.602146827857672,2.227239686188699,6.877622830479443,2.4,18.3,detector,735,2023-12-12 09:15:00,2023-12-12 09:15:00
KERG,2023-12-12 09:48:00,2023-12-12 15:12:00,2023-12-12 09:48:00,2023-12-13 15:18:00,2023-12-13 15:20:00,0.3056659744899997,-4.491948573686132,4.797614548176132,2.0796881848371123,7.924697748617208,5.4,29.5,detector,735,2023-12-12 09:15:00,2023-12-12 09:15:00
JUNG1,2023-12-13 14:44:00,2023-12-13 17:30:00,2023-12-13 14:44:00,2023-12-14 22:58:00,2023-12-14 23:02:00,-0.1797465453825495,-4.044864150578545,3.8651176051959952,2.412174605933197,16.235728586653195,2.7666666666666666,32.233333333333334,detector,735,2023-12-12 09:15:00,2023-12-12 09:15:00
LMKS,2023-12-15 09:28:00,2023-12-15 11:42:00,2023-12-15 09:28:00,2023-12-15 23:44:00,2023-12-15 23:46:00,-0.6972694766871881,-4.73538001451339,4.038110537826202,2.0646372459023437,3.07162340622,2.2333333333333334,14.266666666666667,detector,735,2023-12-12 09:15:00,2023-12-12 09:15:00
NEWK,2023-12-16 16:54:00,2023-12-16 19:00:00,2023-12-16 16:54:00,2023-12-18 00:44:00,2023-12-18 00:46:00,-0.36155714094760283,-5.631177633436881,5.2696204924892776,2.2884495702847376,7.696581438065482,2.1,31.833333333333332,detector,736,2023-12-17 17:12:00,2023-12-17 17:12:00
LMKS,2023-12-17 10:46:00,2023-12-17 13:36:00,2023-12-17 10:46:00,2023-12-18 06:48:00,2023-12-18 06:50:00,-1.0415451027087723,-5.723861725168493,4.68231662245972,2.0576982016740293,3.835652433467141,2.8333333333333335,20.033333333333335,detector,736,2023-12-17 17:12:00,2023-12-17 17:12:00
JUNG,2023-12-17 11:36:00,2023-12-17 14:58:00,2023-12-17 11:36:00,2023-12-18 04:42:00,2023-12-18 04:44:00,0.190543497407701,-5.052184538953106,5.242728036360806,2.0285463329052296,3.5929127030736607,3.3666666666666667,17.1,detector,736,2023-12-17 17:12:00,2023-12-17 17:12:00
APTY,2023-12-17 22:48:00,2023-12-18 00:58:00,2023-12-17 22:48:00,2023-12-18 01:46:00,2023-12-18 01:50:00,-0.16915407571031124,-5.637392871825692,5.46823879611538,2.0856937504816813,4.824206272703676,2.1666666666666665,2.966666666666667,detector,736,2023-12-17 17:12:00,2023-12-17 17:12:00
BKSN,2023-12-18 04:32:00,2023-12-18 06:56:00,2023-12-18 04:32:00,2023-12-18 06:34:00,2023-12-18 06:38:00,-0.19758083704327575,-5.417649710886504,5.220068873843228,2.0865987218097897,7.294716787705158,2.4,2.033333333333333,detector,736,2023-12-17 17:12:00,2023-12-17 17:12:00
KERG,2023-12-18 08:32:00,2023-12-18 11:24:00,2023-12-18 08:32:00,2023-12-18 20:02:00,2023-12-18 20:04:00,-0.5412421169959285,-5.3410721905426835,4.7998300735467545,2.037370246487905,6.932427753602454,2.8666666666666667,11.5,detector,736,2023-12-17 17:12:00,2023-12-17 17:12:00
MXCO,2023-12-22 08:06:00,2023-12-22 10:48:00,2023-12-22 08:06:00,2023-12-23 05:16:00,2023-12-23 05:18:00,0.8124863360904102,-2.941338373181149,3.7538247092715595,2.0549094652178126,4.073158563080025,2.7,21.166666666666668,detector,737,2023-12-26 23:18:00,2023-12-26 23:18:00
LMKS,2023-12-23 08:08:00,2023-12-23 10:22:00,2023-12-23 08:08:00,2023-12-24 05:06:00,2023-12-24 05:08:00,0.7570316498147527,-3.1042587195637927,3.8612903693785454,2.50834696337224,8.815831996989711,2.2333333333333334,20.966666666666665,detector,737,2023-12-26 23:18:00,2023-12-26 23:18:00
APTY,2023-12-23 13:10:00,2023-12-23 15:12:00,2023-12-23 13:10:00,2023-12-24 21:00:00,2023-12-24 21:02:00,0.31433404611725313,-2.4636383210437582,2.7779723671610115,2.039191611055598,9.97423851449704,2.033333333333333,31.833333333333332,detector,737,2023-12-26 23:18:00,2023-12-26 23:18:00
KERG,2023-12-26 13:28:00,2023-12-26 16:02:00,2023-12-26 13:28:00,2023-12-27 23:28:00,2023-12-27 23:32:00,0.30203622468143754,-5.08835989319445,5.390396117875887,2.024528705245601,4.552933454719256,2.566666666666667,34.0,detector,737,2023-12-26 23:18:00,2023-12-26 23:18:00
OULU,2023-12-26 21:04:00,2023-12-26 23:34:00,2023-12-26 21:04:00,2023-12-28 01:22:00,2023-12-28 01:24:00,0.1320595474424886,-5.878604590004738,6.010664137447226,2.2032961352587717,8.171307319305573,2.5,28.3,detector,737,2023-12-26 23:18:00,2023-12-26 23:18:00
ROME,2023-12-26 21:36:00,2023-12-27 01:20:00,2023-12-26 21:36:00,2023-12-28 00:00:00,2023-12-28 00:04:00,0.25238418128861617,-5.29261397440473,5.544998155693346,2.208769879120151,16.12488597376455,3.7333333333333334,26.4,detector,737,2023-12-26 23:18:00,2023-12-26 23:18:00
BKSN,2023-12-27 01:00:00,2023-12-27 03:18:00,2023-12-27 01:00:00,2023-12-27 22:38:00,2023-12-27 22:40:00,-0.5191309992259321,-6.898099010242737,6.378968011016805,2.178147810239532,8.227615321838384,2.3,21.633333333333333,detector,737,2023-12-26 23:18:00,2023-12-26 23:18:00
FSMT,2023-12-27 07:32:00,2023-12-27 10:24:00,2023-12-27 07:32:00,2023-12-28 08:38:00,2023-12-28 08:40:00,-0.0188337158926787,-4.96644632668962,4.947612610796941,2.102987595667989,7.178215728669332,2.8666666666666667,25.1,detector,737,2023-12-26 23:18:00,2023-12-26 23:18:00
DRBS,2023-12-27 09:06:00,2023-12-27 11:10:00,2023-12-27 09:06:00,2023-12-27 23:30:00,2023-12-27 23:32:00,0.2945802970834305,-6.940801889074899,7.235382186158329,2.185296580218661,2.755162308054706,2.066666666666667,14.4,detector,737,2023-12-26 23:18:00,2023-12-26 23:18:00
JUNG,2023-12-27 13:52:00,2023-12-27 17:12:00,2023-12-27 13:52:00,2023-12-29 01:24:00,2023-12-29 01:26:00,0.34501658875826957,-5.27042836275669,5.61544495151496,2.0319559327042973,7.427303605395966,3.3333333333333335,35.53333333333333,detector,737,2023-12-26 23:18:00,2023-12-26 23:18:00
JUNG1,2023-12-27 20:38:00,2023-12-28 01:40:00,2023-12-27 20:38:00,2023-12-28 19:36:00,2023-12-28 19:38:00,0.5710671944604975,-4.489672839540322,5.06074003400082,2.2346285295389654,10.148297899445412,5.033333333333333,22.966666666666665,detector,737,2023-12-26 23:18:00,2023-12-26 23:18:00
KIEL2,2023-12-27 22:34:00,2023-12-28 00:36:00,2023-12-27 22:34:00,2023-12-29 02:30:00,2023-12-29 02:32:00,-0.18232383780260836,-6.86390640653595,6.681582568733342,2.1607751878704207,7.88487952567511,2.033333333333333,27.933333333333334,detector,737,2023-12-26 23:18:00,2023-12-26 23:18:00
MXCO,2023-12-31 09:56:00,2023-12-31 13:38:00,2023-12-31 09:56:00,2023-12-31 15:34:00,2023-12-31 15:36:00,-0.35489329293785976,-2.3718842570431584,2.0169909641052985,2.0823401930113317,23.52002658524844,3.7,5.633333333333334,detector,738,2023-12-31 09:56:00,2023-12-31 09:56:00
MXCO,2024-01-01 07:16:00,2024-01-01 12:30:00,2024-01-01 07:16:00,2024-01-01 12:20:00,2024-01-01 12:22:00,0.26197556429289093,-2.3577382355796543,2.619713799872545,2.041763970335848,63.21791524447376,5.233333333333333,5.066666666666666,detector,739,2024-01-02 15:07:00,2024-01-02 15:07:00
LMKS,2024-01-01 20:24:00,2024-01-01 23:40:00,2024-01-01 20:24:00,2024-01-03 07:08:00,2024-01-03 07:12:00,0.9700748788673915,-1.7469946009670871,2.7170694798344788,2.09912935920589,12.576323270523114,3.2666666666666666,34.733333333333334,detector,739,2024-01-02 15:07:00,2024-01-02 15:07:00
NEWK,2024-01-02 05:28:00,2024-01-02 08:18:00,2024-01-02 05:28:00,2024-01-03 14:00:00,2024-01-03 14:02:00,1.1187544576147648,-3.04864504664594,4.167399504260705,2.1479121357786615,8.139669313046497,2.8333333333333335,32.53333333333333,detector,739,2024-01-02 15:07:00,2024-01-02 15:07:00
JUNG1,2024-01-02 13:12:00,2024-01-02 18:04:00,2024-01-02 13:12:00,2024-01-04 00:28:00,2024-01-04 00:38:00,1.4027857184589485,-3.660615841206595,5.063401559665543,2.3043782433722,15.970361473566186,4.866666666666666,35.266666666666666,detector,739,2024-01-02 15:07:00,2024-01-02 15:07:00
APTY,2024-01-02 13:44:00,2024-01-02 15:54:00,2024-01-02 13:44:00,2024-01-04 00:48:00,2024-01-04 00:50:00,0.9935200209153514,-3.543962925851716,4.537482946767067,2.0559468050338072,8.05458289880002,2.1666666666666665,35.06666666666667,detector,739,2024-01-02 15:07:00,2024-01-02 15:07:00
FSMT,2024-01-02 16:30:00,2024-01-02 18:38:00,2024-01-02 16:30:00,2024-01-04 03:38:00,2024-01-04 03:40:00,1.6868266619082397,-2.8524328104705803,4.53925947237882,2.0831866493123097,5.551580858881109,2.1333333333333333,35.13333333333333,detector,739,2024-01-02 15:07:00,2024-01-02 15:07:00
AATB,2024-01-03 02:24:00,2024-01-03 04:40:00,2024-01-03 02:24:00,2024-01-04 09:20:00,2024-01-04 09:24:00,1.4408346209381668,-3.065699095812798,4.506533716750965,2.5688004833560525,7.29457796936284,2.2666666666666666,30.933333333333334,detector,739,2024-01-02 15:07:00,2024-01-02 15:07:00
KIEL2,2024-01-03 15:16:00,2024-01-03 17:34:00,2024-01-03 15:16:00,2024-01-04 04:54:00,2024-01-04 04:56:00,0.821733574379613,-5.272165927323639,6.093899501703253,2.056691666635133,4.474645246824858,2.3,13.633333333333333,detector,739,2024-01-02 15:07:00,2024-01-02 15:07:00
BKSN,2024-01-03 15:30:00,2024-01-03 17:58:00,2024-01-03 15:30:00,2024-01-05 00:00:00,2024-01-05 00:02:00,0.834889849478258,-5.543875940997159,6.378765790475417,2.1312286716572224,10.697332782157886,2.466666666666667,32.5,detector,739,2024-01-02 15:07:00,2024-01-02 15:07:00
OULU,2024-01-03 21:10:00,2024-01-04 01:36:00,2024-01-03 21:10:00,2024-01-04 06:56:00,2024-01-04 06:58:00,0.4327359145473244,-5.553782802267101,5.986518716814425,2.20931731849569,3.9220261345647858,4.433333333333334,9.766666666666667,detector,739,2024-01-02 15:07:00,2024-01-02 15:07:00
JUNG,2024-01-08 10:00:00,2024-01-08 11:58:00,2024-01-08 10:00:00,2024-01-09 05:08:00,2024-01-09 05:16:00,0.45829838789218413,-3.557969079201162,4.016267467093346,2.260908424363045,5.277132800530025,1.9666666666666666,19.133333333333333,detector,740,2024-01-09 00:26:00,2024-01-09 00:26:00
AATB,2024-01-08 14:40:00,2024-01-08 16:46:00,2024-01-08 14:40:00,2024-01-10 01:46:00,2024-01-10 01:48:00,0.36669896130688984,-3.1963470319634735,3.5630459932703635,2.615117024669187,6.251953427680242,2.1,35.1,detector,740,2024-01-09 00:26:00,2024-01-09 00:26:00
APTY,2024-01-08 23:10:00,2024-01-09 01:14:00,2024-01-08 23:10:00,2024-01-09 03:14:00,2024-01-09 03:18:00,0.7041206251171718,-3.411858999544235,4.115979624661406,2.1908301757250688,6.405344957191778,2.066666666666667,4.066666666666666,detector,740,2024-01-09 00:26:00,2024-01-09 00:26:00
JUNG1,2024-01-09 01:42:00,2024-01-09 04:04:00,2024-01-09 01:42:00,2024-01-10 04:06:00,2024-01-10 04:10:00,0.3142373394869107,-3.107548052041759,3.42178539152867,2.354260269128988,3.9521198556558943,2.3666666666666667,26.4,detector,740,2024-01-09 00:26:00,2024-01-09 00:26:00
KERG,2024-01-09 14:54:00,2024-01-09 17:10:00,2024-01-09 14:54:00,2024-01-11 02:16:00,2024-01-11 02:18:00,0.3786084932152666,-3.687577707804358,4.066186201019624,2.0737113876825233,3.082775541742849,2.2666666666666666,35.36666666666667,detector,740,2024-01-09 00:26:00,2024-01-09 00:26:00
FSMT,2024-01-10 02:52:00,2024-01-10 05:46:00,2024-01-10 02:52:00,2024-01-11 14:12:00,2024-01-11 14:14:00,-0.3785241011356625,-3.601219727325425,3.2226956261897626,2.353053848991311,7.985169847973479,2.9,35.333333333333336,detector,740,2024-01-09 00:26:00,2024-01-09 00:26:00
FSMT,2024-01-15 01:44:00,2024-01-15 04:32:00,2024-01-15 01:44:00,2024-01-16 04:48:00,2024-01-16 04:50:00,0.4149223775250628,-3.2922641890527076,3.7071865665777706,2.1442081579684107,3.4861752316078203,2.8,27.066666666666666,detector,741,2024-01-15 18:54:00,2024-01-15 18:54:00
APTY,2024-01-15 04:42:00,2024-01-15 08:00:00,2024-01-15 04:42:00,2024-01-16 10:06:00,2024-01-16 10:08:00,0.9462080961431938,-3.1413432101550707,4.0875513062982645,2.475488670237502,6.932180386216297,3.3,29.4,detector,741,2024-01-15 18:54:00,2024-01-15 18:54:00
DRBS,2024-01-15 18:54:00,2024-01-15 22:20:00,2024-01-15 18:54:00,2024-01-16 09:14:00,2024-01-16 09:16:00,0.7030843406620394,-4.866823345084213,5.569907685746252,2.6326708138943924,4.818048812500028,3.433333333333333,14.333333333333334,detector,741,2024-01-15 18:54:00,2024-01-15 18:54:00
NEWK,2024-01-16 01:56:00,2024-01-16 04:24:00,2024-01-16 01:56:00,2024-01-16 14:16:00,2024-01-16 14:18:00,0.604519456747808,-4.737971538287788,5.342490995035596,2.0640184362016085,5.7064411005550335,2.466666666666667,12.333333333333334,detector,741,2024-01-15 18:54:00,2024-01-15 18:54:00
AATB,2024-01-16 01:58:00,2024-01-16 04:32:00,2024-01-16 01:58:00,2024-01-17 13:48:00,2024-01-17 13:50:00,0.8376677407873678,-2.1909847651955463,3.0286525059829144,2.092637332016574,5.525472363664427,2.566666666666667,35.833333333333336,detector,741,2024-01-15 18:54:00,2024-01-15 18:54:00
JUNG,2024-01-22 11:02:00,2024-01-22 13:50:00,2024-01-22 11:02:00,2024-01-23 22:22:00,2024-01-23 22:24:00,0.28656429701794417,-5.484873999721544,5.771438296739488,2.0260108947958546,4.18116181198339,2.8,35.333333333333336,detector,742,2024-01-22 20:08:00,2024-01-22 20:08:00
KERG,2024-01-22 13:04:00,2024-01-22 15:40:00,2024-01-22 13:04:00,2024-01-23 22:08:00,2024-01-23 22:10:00,0.5438269676160585,-4.381529361255547,4.925356328871605,2.1006712492429114,12.24046802121555,2.6,33.06666666666667,detector,742,2024-01-22 20:08:00,2024-01-22 20:08:00
DRBS,2024-01-22 18:52:00,2024-01-22 21:16:00,2024-01-22 18:52:00,2024-01-24 01:44:00,2024-01-24 01:46:00,0.6209493845406029,-6.944112875329465,7.565062259870068,2.5037413188227777,4.923173085731594,2.4,30.866666666666667,detector,742,2024-01-22 20:08:00,2024-01-22 20:08:00
MXCO,2024-01-22 20:08:00,2024-01-22 23:10:00,2024-01-22 20:08:00,2024-01-23 17:00:00,2024-01-23 17:04:00,0.4399859510393363,-3.72211826091708,4.162104211956416,2.128428235650067,5.7924034479600435,3.033333333333333,20.866666666666667,detector,742,2024-01-22 20:08:00,2024-01-22 20:08:00
JUNG1,2024-01-23 03:10:00,2024-01-23 05:40:00,2024-01-23 03:10:00,2024-01-23 21:54:00,2024-01-23 21:56:00,-0.15764761599722193,-5.368720905995966,5.211073289998744,2.355186744427846,5.097956326695637,2.5,18.733333333333334,detector,742,2024-01-22 20:08:00,2024-01-22 20:08:00
LMKS,2024-01-23 17:36:00,2024-01-23 19:56:00,2024-01-23 17:36:00,2024-01-24 12:18:00,2024-01-24 12:20:00,-0.4840789853371793,-3.733906645826099,3.24982766048892,2.1733874873583843,5.368501097551283,2.3333333333333335,18.7,detector,742,2024-01-22 20:08:00,2024-01-22 20:08:00
BKSN,2024-01-24 13:16:00,2024-01-24 15:38:00,2024-01-24 13:16:00,2024-01-24 16:46:00,2024-01-24 16:48:00,-0.41698454533831397,-5.016231256763031,4.599246711424716,2.755679937823433,6.742055501560519,2.3666666666666667,3.5,detector,742,2024-01-22 20:08:00,2024-01-22 20:08:00
LMKS,2024-01-26 18:52:00,2024-01-26 23:00:00,2024-01-26 18:52:00,2024-01-27 00:12:00,2024-01-27 00:14:00,-0.5489260542063482,-3.117835357956499,2.568909303750151,2.289601498881717,14.28907550782034,4.133333333333334,5.333333333333333,detector,743,2024-01-26 18:52:00,2024-01-26 18:52:00
LMKS,2024-01-27 13:40:00,2024-01-27 16:46:00,2024-01-27 13:40:00,2024-01-27 21:10:00,2024-01-27 21:16:00,0.20280551062776742,-2.666083442085424,2.868888952713191,2.1523822159461656,5.466377431007096,3.1,7.5,detector,744,2024-01-28 07:46:00,2024-01-28 07:46:00
BKSN,2024-01-27 21:26:00,2024-01-28 00:26:00,2024-01-27 21:26:00,2024-01-28 18:02:00,2024-01-28 18:04:00,0.6241400450188588,-4.590902266926888,5.215042311945747,2.0883510814914468,7.864810220631276,3.0,20.6,detector,744,2024-01-28 07:46:00,2024-01-28 07:46:00
AATB,2024-01-28 18:06:00,2024-01-28 20:32:00,2024-01-28 18:06:00,2024-01-29 17:22:00,2024-01-29 17:24:00,0.5161823105215417,-2.299097131491206,2.8152794420127476,2.2263258810187745,6.407094118780809,2.433333333333333,23.266666666666666,detector,744,2024-01-28 07:46:00,2024-01-28 07:46:00
JUNG1,2024-01-29 19:46:00,2024-01-29 23:00:00,2024-01-29 19:46:00,2024-01-30 03:08:00,2024-01-30 03:10:00,1.1969058896851028,-1.9091097449560703,3.106015634641173,2.15514178837573,13.497410617838009,3.2333333333333334,7.366666666666666,detector,744,2024-01-28 07:46:00,2024-01-28 07:46:00
OULU,2024-01-31 03:56:00,2024-01-31 05:54:00,2024-01-31 03:56:00,2024-01-31 23:52:00,2024-01-31 23:54:00,1.1235218173728063,-3.262180414857703,4.38570223223051,2.6077088977623215,6.908619146736586,1.9666666666666666,19.933333333333334,detector,745,2024-02-01 07:43:00,2024-02-01 07:43:00
KERG,2024-01-31 15:02:00,2024-01-31 17:58:00,2024-01-31 15:02:00,2024-02-02 02:56:00,2024-02-02 02:58:00,1.0679080741233213,-3.119180633147105,4.187088707270426,2.1072312358118857,5.028178617566167,2.933333333333333,35.9,detector,745,2024-02-01 07:43:00,2024-02-01 07:43:00
AATB,2024-01-31 23:42:00,2024-02-01 02:42:00,2024-01-31 23:42:00,2024-02-02 00:38:00,2024-02-02 00:40:00,0.7073114379468469,-2.9419692710539525,3.6492807090007995,2.586217915974207,14.762833837553345,3.0,24.933333333333334,detector,745,2024-02-01 07:43:00,2024-02-01 07:43:00
KIEL2,2024-02-01 01:06:00,2024-02-01 03:44:00,2024-02-01 01:06:00,2024-02-01 06:36:00,2024-02-01 06:38:00,0.9228764201042786,-5.554965029018472,6.477841449122751,2.2456413276970437,5.475260076045354,2.6333333333333333,5.5,detector,745,2024-02-01 07:43:00,2024-02-01 07:43:00
LMKS,2024-02-01 14:20:00,2024-02-01 17:40:00,2024-02-01 14:20:00,2024-02-03 02:04:00,2024-02-03 02:08:00,1.1208144074742383,-3.8696376179525775,4.990452025426816,2.102387027138584,10.075231995332835,3.3333333333333335,35.733333333333334,detector,745,2024-02-01 07:43:00,2024-02-01 07:43:00
FSMT,2024-02-01 23:18:00,2024-02-02 03:16:00,2024-02-01 23:18:00,2024-02-02 08:56:00,2024-02-02 08:58:00,0.5595768013918437,-2.5485831478378307,3.1081599492296745,2.000473270026609,6.064392594095717,3.966666666666667,9.633333333333333,detector,745,2024-02-01 07:43:00,2024-02-01 07:43:00
JUNG,2024-02-02 01:54:00,2024-02-02 04:02:00,2024-02-02 01:54:00,2024-02-03 04:58:00,2024-02-03 05:00:00,0.21012360566969895,-4.060592210505693,4.270715816175391,2.0082935131309405,3.3478181201586463,2.1333333333333333,27.066666666666666,detector,745,2024-02-01 07:43:00,2024-02-01 07:43:00
APTY,2024-02-02 11:32:00,2024-02-02 14:16:00,2024-02-02 11:32:00,2024-02-03 04:18:00,2024-02-03 04:20:00,0.6466402322864715,-4.445166363561847,5.091806595848318,2.2480949911814436,8.418843078061531,2.7333333333333334,16.766666666666666,detector,745,2024-02-01 07:43:00,2024-02-01 07:43:00
AATB,2024-02-04 08:26:00,2024-02-04 10:30:00,2024-02-04 08:26:00,2024-02-05 15:14:00,2024-02-05 15:16:00,0.36725126660913476,-2.8880866425992884,3.255337909208423,2.38724065323895,7.164696839119805,2.066666666666667,30.8,detector,746,2024-02-04 18:20:00,2024-02-04 18:20:00
KERG,2024-02-04 18:20:00,2024-02-04 20:22:00,2024-02-04 18:20:00,2024-02-06 02:58:00,2024-02-06 03:00:00,-0.0374084264547355,-4.650922627010833,4.613514200556097,2.1686539939925513,6.605818673985134,2.033333333333333,32.63333333333333,detector,746,2024-02-04 18:20:00,2024-02-04 18:20:00
OULU,2024-02-04 20:52:00,2024-02-05 00:12:00,2024-02-04 20:52:00,2024-02-06 01:42:00,2024-02-06 01:44:00,-0.10005031575786875,-5.141470332677496,5.041420016919627,2.030351875498891,4.683325566268408,3.3333333333333335,28.833333333333332,detector,746,2024-02-04 18:20:00,2024-02-04 18:20:00
KERG,2024-02-09 00:06:00,2024-02-09 04:28:00,2024-02-09 00:06:00,2024-02-09 23:52:00,2024-02-09 23:54:00,0.46289458069066475,-3.676018962291216,4.13891354298188,2.065596590930833,9.18254836631402,4.366666666666666,23.766666666666666,detector,747,2024-02-11 02:56:00,2024-02-11 02:56:00
BKSN,2024-02-09 22:56:00,2024-02-10 02:04:00,2024-02-09 22:56:00,2024-02-09 23:40:00,2024-02-09 23:42:00,0.1275598442807153,-4.371977575212899,4.499537419493614,2.3637450744639463,12.997404492755592,3.1333333333333333,0.7333333333333333,detector,747,2024-02-11 02:56:00,2024-02-11 02:56:00
MXCO,2024-02-10 12:04:00,2024-02-10 14:56:00,2024-02-10 12:04:00,2024-02-11 10:56:00,2024-02-11 10:58:00,0.17609885088294455,-3.987301587301588,4.163400438184532,2.121833237082688,6.2280615432450706,2.8666666666666667,22.866666666666667,detector,747,2024-02-11 02:56:00,2024-02-11 02:56:00
FSMT,2024-02-10 12:42:00,2024-02-10 14:40:00,2024-02-10 12:42:00,2024-02-11 14:22:00,2024-02-11 14:24:00,0.02324696015816605,-4.141341689002979,4.164588649161145,2.214666418811274,4.902442298986842,1.9666666666666666,25.666666666666668,detector,747,2024-02-11 02:56:00,2024-02-11 02:56:00
KIEL2,2024-02-11 02:06:00,2024-02-11 04:12:00,2024-02-11 02:06:00,2024-02-11 17:50:00,2024-02-11 17:52:00,0.08074756738740524,-6.451083786936237,6.531831354323642,2.5999020833683217,4.257185638176424,2.1,15.733333333333333,detector,747,2024-02-11 02:56:00,2024-02-11 02:56:00
LMKS,2024-02-11 03:46:00,2024-02-11 06:14:00,2024-02-11 03:46:00,2024-02-11 16:08:00,2024-02-11 16:10:00,-0.09338465087060979,-4.425324941219208,4.331940290348598,2.553312261636008,11.068217991970116,2.466666666666667,12.366666666666667,detector,747,2024-02-11 02:56:00,2024-02-11 02:56:00
CALM,2024-02-11 12:16:00,2024-02-11 14:28:00,2024-02-11 12:16:00,2024-02-11 18:32:00,2024-02-11 18:34:00,0.0354358610914325,-9.276961479548415,9.312397340639848,2.276205283429209,5.557913597207821,2.2,6.266666666666667,detector,747,2024-02-11 02:56:00,2024-02-11 02:56:00
JUNG,2024-02-12 00:22:00,2024-02-12 03:46:00,2024-02-12 00:22:00,2024-02-12 21:26:00,2024-02-12 21:28:00,-0.6814077007885861,-5.5588603787881405,4.877452677999554,2.509265674128791,6.106122531435068,3.4,21.066666666666666,detector,747,2024-02-11 02:56:00,2024-02-11 02:56:00
NEWK,2024-02-12 09:50:00,2024-02-12 12:30:00,2024-02-12 09:50:00,2024-02-13 04:30:00,2024-02-13 04:32:00,-1.2466131470223902,-7.272112294943333,6.025499147920943,2.393416229605263,8.121043244414077,2.6666666666666665,18.666666666666668,detector,747,2024-02-11 02:56:00,2024-02-11 02:56:00
OULU,2024-02-12 23:08:00,2024-02-13 02:48:00,2024-02-12 23:08:00,2024-02-13 05:06:00,2024-02-13 05:08:00,-1.3886558219654717,-6.239455213648209,4.850799391682737,2.0380647835812993,5.124537213674513,3.6666666666666665,5.966666666666667,detector,747,2024-02-11 02:56:00,2024-02-11 02:56:00
MXCO,2024-02-14 21:48:00,2024-02-15 00:26:00,2024-02-14 21:48:00,2024-02-15 01:22:00,2024-02-15 01:24:00,0.0303785711474964,-3.8248847926267335,3.8552633637742297,2.076526838647452,4.711286003192001,2.6333333333333333,3.566666666666667,detector,748,2024-02-14 21:48:00,2024-02-14 21:48:00
AATB,2024-02-16 04:22:00,2024-02-16 07:12:00,2024-02-16 04:22:00,2024-02-16 21:24:00,2024-02-16 21:26:00,0.3749480432975608,-3.969731785586935,4.344679828884495,2.4876085416356672,11.399556814097156,2.8333333333333335,17.033333333333335,detector,749,2024-02-16 11:30:00,2024-02-16 11:30:00
MXCO,2024-02-16 11:30:00,2024-02-16 13:58:00,2024-02-16 11:30:00,2024-02-17 01:20:00,2024-02-17 01:22:00,0.20487802788722032,-3.400043336145573,3.6049213640327933,2.1140536001866725,4.322096416159683,2.466666666666667,13.833333333333334,detector,749,2024-02-16 11:30:00,2024-02-16 11:30:00
JUNG1,2024-02-18 11:22:00,2024-02-18 13:54:00,2024-02-18 11:22:00,2024-02-18 22:08:00,2024-02-18 22:10:00,0.1547878475246921,-3.189132363829566,3.343920211354258,2.2482253609527905,5.2616842136352036,2.533333333333333,10.766666666666667,detector,749,2024-02-16 11:30:00,2024-02-16 11:30:00
JUNG1,2024-02-20 06:04:00,2024-02-20 08:22:00,2024-02-20 06:04:00,2024-02-20 09:14:00,2024-02-20 09:16:00,-0.01556059366688835,-3.295463223003755,3.2799026293368665,2.0606616407074645,4.751841186558743,2.3,3.1666666666666665,detector,750,2024-02-20 16:26:00,2024-02-20 16:26:00
KIEL2,2024-02-20 11:58:00,2024-02-20 14:58:00,2024-02-20 11:58:00,2024-02-21 23:50:00,2024-02-21 23:52:00,1.192157884599112,-6.488021284532632,7.680179169131744,2.2153161808236432,9.36117347459774,3.0,35.86666666666667,detector,750,2024-02-20 16:26:00,2024-02-20 16:26:00
OULU,2024-02-20 13:56:00,2024-02-20 16:12:00,2024-02-20 13:56:00,2024-02-22 01:44:00,2024-02-22 01:46:00,0.8964535144140009,-4.404960966752492,5.301414481166493,2.2879424597426032,3.2524339152126895,2.2666666666666666,35.8,detector,750,2024-02-20 16:26:00,2024-02-20 16:26:00
JUNG,2024-02-20 16:26:00,2024-02-20 18:58:00,2024-02-20 16:26:00,2024-02-21 01:44:00,2024-02-21 01:48:00,0.7560959025768268,-3.5047924182865904,4.260888320863417,2.2664049358536964,4.891064643632,2.533333333333333,9.3,detector,750,2024-02-20 16:26:00,2024-02-20 16:26:00
DRBS,2024-02-20 17:18:00,2024-02-21 01:02:00,2024-02-20 17:18:00,2024-02-22 02:32:00,2024-02-22 02:36:00,2.1410223686447556,-6.178828724145931,8.319851092790687,2.2335877777379127,5.207659045180129,7.733333333333333,33.233333333333334,detector,750,2024-02-20 16:26:00,2024-02-20 16:26:00
FSMT,2024-02-20 18:50:00,2024-02-20 21:40:00,2024-02-20 18:50:00,2024-02-22 00:04:00,2024-02-22 00:06:00,0.8027636149774953,-2.7912559374840407,3.594019552461536,2.534265923258294,10.369563383588712,2.8333333333333335,29.233333333333334,detector,750,2024-02-20 16:26:00,2024-02-20 16:26:00
KERG,2024-02-20 19:52:00,2024-02-20 22:02:00,2024-02-20 19:52:00,2024-02-21 02:44:00,2024-02-21 03:00:00,0.6811666130149678,-3.4059803719883295,4.087146985003297,2.0810576441792494,7.44205028489969,2.1666666666666665,6.866666666666666,detector,750,2024-02-20 16:26:00,2024-02-20 16:26:00
JUNG1,2024-02-24 09:24:00,2024-02-24 12:26:00,2024-02-24 09:24:00,2024-02-24 20:32:00,2024-02-24 20:34:00,0.9522036204139296,-2.8063982163367323,3.7586018367506617,2.1711508919166804,6.157925070960661,3.033333333333333,11.133333333333333,detector,751,2024-02-24 21:28:00,2024-02-24 21:28:00
AATB,2024-02-24 12:48:00,2024-02-24 16:24:00,2024-02-24 12:48:00,2024-02-25 21:36:00,2024-02-25 21:38:00,0.3498427759444573,-3.727682950755346,4.077525726699803,2.653128128098829,4.8854071470289595,3.6,32.8,detector,751,2024-02-24 21:28:00,2024-02-24 21:28:00
APTY,2024-02-24 13:32:00,2024-02-24 16:02:00,2024-02-24 13:32:00,2024-02-26 01:28:00,2024-02-26 01:30:00,0.41127633907782424,-3.704561241028008,4.115837580105833,2.8695553505466473,11.059125471877737,2.5,35.93333333333333,detector,751,2024-02-24 21:28:00,2024-02-24 21:28:00
DRBS,2024-02-24 21:28:00,2024-02-25 01:16:00,2024-02-24 21:28:00,2024-02-25 07:44:00,2024-02-25 07:46:00,0.4789322166984291,-6.949625737275793,7.428557953974222,2.062921760311507,6.624042760531968,3.8,10.266666666666667,detector,751,2024-02-24 21:28:00,2024-02-24 21:28:00
FSMT,2024-02-25 00:42:00,2024-02-25 03:06:00,2024-02-25 00:42:00,2024-02-25 09:44:00,2024-02-25 09:46:00,0.5552294652781675,-3.198490027036683,3.7537194923148505,2.175639753956369,8.51737286499539,2.4,9.033333333333333,detector,751,2024-02-24 21:28:00,2024-02-24 21:28:00
JUNG,2024-02-25 05:20:00,2024-02-25 08:32:00,2024-02-25 05:20:00,2024-02-26 00:48:00,2024-02-26 00:50:00,-0.1019453331722221,-4.441937319661731,4.339991986489509,2.2095233770214286,7.486655242782117,3.2,19.466666666666665,detector,751,2024-02-24 21:28:00,2024-02-24 21:28:00
LMKS,2024-02-25 10:10:00,2024-02-25 12:28:00,2024-02-25 10:10:00,2024-02-25 23:32:00,2024-02-25 23:38:00,0.1693446202610751,-3.4064297134782113,3.5757743337392864,2.025494298026452,6.166562628924414,2.3,13.366666666666667,detector,751,2024-02-24 21:28:00,2024-02-24 21:28:00
APTY,2024-03-03 00:46:00,2024-03-03 02:46:00,2024-03-03 00:46:00,2024-03-04 04:58:00,2024-03-04 05:06:00,0.3803137523231087,-4.518579901490666,4.898893653813775,2.1141230954576424,4.356203070339141,2.0,28.2,detector,752,2024-03-04 01:16:00,2024-03-04 01:16:00
KERG,2024-03-03 12:24:00,2024-03-03 14:40:00,2024-03-03 12:24:00,2024-03-04 23:02:00,2024-03-04 23:04:00,-0.17505411388453385,-4.5645121098560315,4.389457995971497,2.017161931910156,4.165403467129495,2.2666666666666666,34.63333333333333,detector,752,2024-03-04 01:16:00,2024-03-04 01:16:00
FSMT,2024-03-03 12:56:00,2024-03-03 16:14:00,2024-03-03 12:56:00,2024-03-04 10:40:00,2024-03-04 10:42:00,0.7384722926718981,-5.511234536733158,6.249706829405056,2.175278769772067,3.778550433733745,3.3,21.733333333333334,detector,752,2024-03-04 01:16:00,2024-03-04 01:16:00
DRBS,2024-03-03 16:30:00,2024-03-03 18:38:00,2024-03-03 16:30:00,2024-03-05 02:18:00,2024-03-05 02:20:00,0.3185871789112354,-6.978403737758977,7.296990916670212,2.302452720443453,4.232005441168272,2.1333333333333333,33.8,detector,752,2024-03-04 01:16:00,2024-03-04 01:16:00
NEWK,2024-03-03 20:46:00,2024-03-03 23:36:00,2024-03-03 20:46:00,2024-03-05 03:50:00,2024-03-05 03:52:00,0.2163777069481807,-7.413462622618111,7.629840329566291,2.2878932317477187,5.887188478538426,2.8333333333333335,31.066666666666666,detector,752,2024-03-04 01:16:00,2024-03-04 01:16:00
MXCO,2024-03-04 05:46:00,2024-03-04 08:26:00,2024-03-04 05:46:00,2024-03-04 10:18:00,2024-03-04 10:20:00,0.4108332675730746,-4.605263157894739,5.016096425467813,2.108054937852848,6.186472502194543,2.6666666666666665,4.533333333333333,detector,752,2024-03-04 01:16:00,2024-03-04 01:16:00
BKSN,2024-03-04 10:28:00,2024-03-04 12:42:00,2024-03-04 10:28:00,2024-03-04 21:00:00,2024-03-04 21:02:00,0.683209802117167,-6.326384494988181,7.009594297105348,2.044295463331851,2.7771570708958326,2.2333333333333334,10.533333333333333,detector,752,2024-03-04 01:16:00,2024-03-04 01:16:00
JUNG,2024-03-04 10:46:00,2024-03-04 12:50:00,2024-03-04 10:46:00,2024-03-05 17:58:00,2024-03-05 18:00:00,0.7249658234434516,-5.134369681304595,5.859335504748047,2.0162291607812626,3.095061307476627,2.066666666666667,31.2,detector,752,2024-03-04 01:16:00,2024-03-04 01:16:00
JUNG1,2024-03-04 15:36:00,2024-03-04 19:22:00,2024-03-04 15:36:00,2024-03-05 22:30:00,2024-03-05 22:34:00,0.5783745915615052,-5.161416187422598,5.739790778984103,2.0012647365950036,6.58228213095582,3.7666666666666666,30.9,detector,752,2024-03-04 01:16:00,2024-03-04 01:16:00
AATB,2024-03-05 06:22:00,2024-03-05 08:30:00,2024-03-05 06:22:00,2024-03-05 11:16:00,2024-03-05 11:18:00,-0.5443130521135544,-3.8445075683878818,3.3001945162743276,2.344292361768389,8.196789327229093,2.1333333333333333,4.9,detector,752,2024-03-04 01:16:00,2024-03-04 01:16:00
JUNG,2024-03-09 01:56:00,2024-03-09 07:18:00,2024-03-09 01:56:00,2024-03-10 04:12:00,2024-03-10 04:14:00,0.4668618745524331,-4.175063056330306,4.641924930882739,2.2071089865831066,9.618631184039646,5.366666666666666,26.266666666666666,detector,753,2024-03-09 17:46:00,2024-03-09 17:46:00
KERG,2024-03-10 09:36:00,2024-03-10 11:38:00,2024-03-10 09:36:00,2024-03-11 02:22:00,2024-03-11 02:24:00,0.3724557192350782,-3.3717306648868446,3.7441863841219227,2.060687531805067,5.596641749086342,2.033333333333333,16.766666666666666,detector,753,2024-03-09 17:46:00,2024-03-09 17:46:00
JUNG,2024-03-11 21:06:00,2024-03-11 23:58:00,2024-03-11 21:06:00,2024-03-13 03:44:00,2024-03-13 03:46:00,1.0537251883873644,-5.2496951310193,6.303420319406665,2.23679191858083,7.062680855767689,2.8666666666666667,30.633333333333333,detector,754,2024-03-11 21:06:00,2024-03-11 21:06:00
KERG,2024-03-13 18:18:00,2024-03-13 20:36:00,2024-03-13 18:18:00,2024-03-15 02:44:00,2024-03-15 02:46:00,0.5867706178695826,-3.637141634574243,4.223912252443826,2.0044630500947735,4.859346237082448,2.3,32.43333333333333,detector,755,2024-03-13 22:04:00,2024-03-13 22:04:00
APTY,2024-03-14 01:50:00,2024-03-14 04:46:00,2024-03-14 01:50:00,2024-03-14 02:06:00,2024-03-14 02:08:00,0.34022088385335125,-3.6386518509423498,3.978872734795701,2.586624177913794,6.648588235574105,2.933333333333333,0.26666666666666666,detector,755,2024-03-13 22:04:00,2024-03-13 22:04:00
JUNG1,2024-03-16 03:16:00,2024-03-16 06:08:00,2024-03-16 03:16:00,2024-03-16 05:48:00,2024-03-16 05:54:00,0.28155991084882104,-3.3998846722579597,3.6814445831067806,2.4584615579719413,7.268064400001454,2.8666666666666667,2.533333333333333,detector,756,2024-03-17 02:38:00,2024-03-17 02:38:00
KERG,2024-03-17 02:38:00,2024-03-17 05:08:00,2024-03-17 02:38:00,2024-03-17 10:10:00,2024-03-17 10:12:00,0.5651369509340431,-3.9749724835198417,4.540109434453885,2.512606808898874,8.227598156575384,2.5,7.533333333333333,detector,756,2024-03-17 02:38:00,2024-03-17 02:38:00
KIEL2,2024-03-17 15:32:00,2024-03-17 18:40:00,2024-03-17 15:32:00,2024-03-18 03:24:00,2024-03-18 03:26:00,0.2826952729834472,-8.02666658669491,8.309361859678358,2.1829385561448964,15.573993890751666,3.1333333333333333,11.866666666666667,detector,756,2024-03-17 02:38:00,2024-03-17 02:38:00
AATB,2024-03-19 16:46:00,2024-03-19 19:24:00,2024-03-19 16:46:00,2024-03-20 22:02:00,2024-03-20 22:04:00,-0.2870223648773803,-3.4621796611483804,3.175157296271,2.0467243256525656,7.886685788659497,2.6333333333333333,29.266666666666666,detector,757,2024-03-20 14:52:00,2024-03-20 14:52:00
KERG,2024-03-20 02:42:00,2024-03-20 04:56:00,2024-03-20 02:42:00,2024-03-20 04:16:00,2024-03-20 04:18:00,-0.12677731756449084,-3.9294535313685297,3.802676213804039,2.1705384572131976,3.2309519164669434,2.2333333333333334,1.5666666666666667,detector,757,2024-03-20 14:52:00,2024-03-20 14:52:00
JUNG1,2024-03-20 03:56:00,2024-03-20 06:54:00,2024-03-20 03:56:00,2024-03-21 06:58:00,2024-03-21 07:00:00,0.015006748201410451,-5.503988804568003,5.518995552769414,2.051766295840672,8.469845436762489,2.966666666666667,27.033333333333335,detector,757,2024-03-20 14:52:00,2024-03-20 14:52:00
JUNG,2024-03-20 14:52:00,2024-03-20 16:58:00,2024-03-20 14:52:00,2024-03-21 06:48:00,2024-03-21 06:50:00,0.3245114681037373,-4.532624827732434,4.857136295836171,2.1112470577902953,5.086149308525012,2.1,15.933333333333334,detector,757,2024-03-20 14:52:00,2024-03-20 14:52:00
LMKS,2024-03-20 18:12:00,2024-03-20 21:02:00,2024-03-20 18:12:00,2024-03-21 04:56:00,2024-03-21 04:58:00,-0.020058181043745398,-3.309242681101224,3.2891845000574786,2.6755195259634976,12.030465489488297,2.8333333333333335,10.733333333333333,detector,757,2024-03-20 14:52:00,2024-03-20 14:52:00
OULU,2024-03-21 00:26:00,2024-03-21 02:38:00,2024-03-21 00:26:00,2024-03-21 02:38:00,2024-03-21 02:40:00,-0.2624691513496493,-4.721012760174158,4.458543608824509,2.052016837190285,4.2560174984185855,2.2,2.2,detector,757,2024-03-20 14:52:00,2024-03-20 14:52:00
FSMT,2024-03-21 00:30:00,2024-03-21 02:34:00,2024-03-21 00:30:00,2024-03-21 21:38:00,2024-03-21 21:40:00,0.4413928876968934,-3.3983692852745793,3.8397621729714726,2.243411845258601,5.416755521068532,2.066666666666667,21.133333333333333,detector,757,2024-03-20 14:52:00,2024-03-20 14:52:00
APTY,2024-03-23 08:30:00,2024-03-23 10:56:00,2024-03-23 08:30:00,2024-03-24 19:28:00,2024-03-25 01:52:00,0.2386789617304464,-10.477872185956084,10.71655114768653,2.104152853010967,5.544951205951166,2.433333333333333,34.96666666666667,detector,758,2024-03-24 08:05:00,2024-03-24 08:05:00
FSMT,2024-03-23 13:00:00,2024-03-23 15:56:00,2024-03-23 13:00:00,2024-03-24 23:24:00,2024-03-25 00:00:00,0.0553124525364659,-10.989425981873108,11.044738434409574,2.5846393063569675,4.413077252343084,2.933333333333333,34.4,detector,758,2024-03-24 08:05:00,2024-03-24 08:05:00
JUNG1,2024-03-23 14:58:00,2024-03-23 17:26:00,2024-03-23 14:58:00,2024-03-24 21:46:00,2024-03-25 00:52:00,0.2406445915997406,-12.936010543096046,13.176655134695787,2.3077994283304184,3.959696640454443,2.466666666666667,30.8,detector,758,2024-03-24 08:05:00,2024-03-24 08:05:00
LMKS,2024-03-24 07:02:00,2024-03-24 09:36:00,2024-03-24 07:02:00,2024-03-25 06:58:00,2024-03-25 15:12:00,0.9275650414127568,-3.976992523313533,4.904557564726289,2.336218949328786,6.056484246779088,2.566666666666667,23.933333333333334,detector,758,2024-03-24 08:05:00,2024-03-24 08:05:00
AATB,2024-03-24 09:08:00,2024-03-24 11:16:00,2024-03-24 09:08:00,2024-03-24 23:18:00,2024-03-25 02:08:00,0.5766967536550502,-8.215671062839418,8.792367816494467,2.1043293318202214,4.460564410643222,2.1333333333333333,14.166666666666666,detector,758,2024-03-24 08:05:00,2024-03-24 08:05:00
MXCO,2024-03-24 13:32:00,2024-03-24 16:40:00,2024-03-24 13:32:00,2024-03-24 20:22:00,2024-03-25 02:22:00,0.5871530677180099,-8.02838395319456,8.61553702091257,2.3407832764817824,8.24551998869766,3.1333333333333333,6.833333333333333,detector,758,2024-03-24 08:05:00,2024-03-24 08:05:00
BKSN,2024-03-24 15:28:00,2024-03-24 17:28:00,2024-03-24 15:28:00,2024-03-24 19:36:00,2024-03-24 20:54:00,0.6228513506931623,-10.088441269275268,10.71129261996843,2.086645960913185,3.841747212345548,2.0,4.133333333333334,detector,758,2024-03-24 08:05:00,2024-03-24 08:05:00
DRBS,2024-03-24 21:40:00,2024-03-25 01:02:00,2024-03-24 21:40:00,2024-03-24 23:36:00,2024-03-25 00:42:00,0.5124556551990279,-14.57250248419476,15.08495813939379,2.1616703554103767,12.93123581251106,3.3666666666666667,1.9333333333333333,detector,758,2024-03-24 08:05:00,2024-03-24 08:05:00
JUNG,2024-03-28 19:22:00,2024-03-28 21:40:00,2024-03-28 19:22:00,2024-03-29 21:36:00,2024-03-29 21:38:00,0.4615135177430594,-4.14735983662633,4.608873354369389,2.4846977450071006,7.67148695597794,2.3,26.233333333333334,detector,759,2024-03-29 15:35:00,2024-03-29 15:35:00
KERG,2024-03-29 06:26:00,2024-03-29 09:24:00,2024-03-29 06:26:00,2024-03-30 00:38:00,2024-03-30 00:44:00,0.9502864224006469,-3.4460089552892987,4.396295377689945,2.052352851052477,8.491770134044662,2.966666666666667,18.2,detector,759,2024-03-29 15:35:00,2024-03-29 15:35:00
KIEL2,2024-03-30 00:44:00,2024-03-30 03:40:00,2024-03-30 00:44:00,2024-03-31 08:36:00,2024-03-31 08:38:00,0.7552223620518901,-5.736838719755946,6.492061081807837,2.0120342720068582,5.640388439316756,2.933333333333333,31.866666666666667,detector,759,2024-03-29 15:35:00,2024-03-29 15:35:00
FSMT,2024-03-30 02:48:00,2024-03-30 05:50:00,2024-03-30 02:48:00,2024-03-31 11:22:00,2024-03-31 11:24:00,0.9065678337943196,-2.885488180621083,3.7920560144154027,2.247125519711098,6.671118943212164,3.033333333333333,32.56666666666667,detector,759,2024-03-29 15:35:00,2024-03-29 15:35:00
AATB,2024-04-02 14:46:00,2024-04-02 17:42:00,2024-04-02 14:46:00,2024-04-03 17:40:00,2024-04-03 17:46:00,0.969662006879736,-2.411859288599553,3.381521295479289,2.1781334244057766,3.979918871287379,2.933333333333333,26.9,detector,760,2024-04-02 17:15:00,2024-04-02 17:15:00
LMKS,2024-04-02 19:44:00,2024-04-02 22:10:00,2024-04-02 19:44:00,2024-04-03 23:18:00,2024-04-03 23:22:00,2.266816827079267,-1.9141639821261471,4.180980809205414,2.0120185149410954,3.2763781195301465,2.433333333333333,27.566666666666666,detector,760,2024-04-02 17:15:00,2024-04-02 17:15:00
OULU,2024-04-04 16:42:00,2024-04-04 19:10:00,2024-04-04 16:42:00,2024-04-06 03:08:00,2024-04-06 03:10:00,0.5994930629412735,-4.32503276539973,4.924525828341003,2.1165415659149045,3.7955684911573138,2.466666666666667,34.43333333333333,detector,761,2024-04-07 10:01:00,2024-04-07 10:01:00
KERG,2024-04-05 20:04:00,2024-04-05 22:30:00,2024-04-05 20:04:00,2024-04-06 07:52:00,2024-04-06 07:54:00,0.48143876558463217,-3.3691032317353287,3.8505419973199606,2.033519890145548,3.473708775829931,2.433333333333333,11.8,detector,761,2024-04-07 10:01:00,2024-04-07 10:01:00
JUNG,2024-04-06 23:00:00,2024-04-07 01:38:00,2024-04-06 23:00:00,2024-04-08 07:36:00,2024-04-08 07:40:00,0.6399359628826875,-3.546707382625603,4.1866433455082905,2.317372188609157,4.676910076797106,2.6333333333333333,32.6,detector,761,2024-04-07 10:01:00,2024-04-07 10:01:00
JUNG1,2024-04-07 21:02:00,2024-04-07 23:28:00,2024-04-07 21:02:00,2024-04-08 04:54:00,2024-04-08 05:00:00,0.5066483269495269,-2.846664038801026,3.353312365750553,2.0052709540928,3.095787836114161,2.433333333333333,7.866666666666666,detector,761,2024-04-07 10:01:00,2024-04-07 10:01:00
APTY,2024-04-08 03:14:00,2024-04-08 05:12:00,2024-04-08 03:14:00,2024-04-08 18:00:00,2024-04-08 18:02:00,0.18325950461222534,-4.168844023386352,4.352103527998578,2.266002927686471,5.968800189433826,1.9666666666666666,14.766666666666667,detector,761,2024-04-07 10:01:00,2024-04-07 10:01:00
LMKS,2024-04-08 05:52:00,2024-04-08 08:36:00,2024-04-08 05:52:00,2024-04-09 06:54:00,2024-04-09 06:56:00,1.4683219452930336,-1.3644347341815544,2.832756679474588,2.2896477144252168,3.4083094173701123,2.7333333333333334,25.033333333333335,detector,761,2024-04-07 10:01:00,2024-04-07 10:01:00
LMKS,2024-04-10 01:18:00,2024-04-10 04:34:00,2024-04-10 01:18:00,2024-04-10 21:08:00,2024-04-10 21:10:00,0.7020067497204003,-2.267296340023607,2.9693030897440074,2.0600997527693408,7.872180018104501,3.2666666666666666,19.833333333333332,detector,762,2024-04-10 12:43:00,2024-04-10 12:43:00
KIEL2,2024-04-11 00:08:00,2024-04-11 02:22:00,2024-04-11 00:08:00,2024-04-11 23:32:00,2024-04-11 23:34:00,0.46379260814672363,-5.635873784191069,6.0996663923377925,2.0931345927788096,3.875958141996791,2.2333333333333334,23.4,detector,762,2024-04-10 12:43:00,2024-04-10 12:43:00
FSMT,2024-04-12 22:48:00,2024-04-13 01:50:00,2024-04-12 22:48:00,2024-04-14 07:58:00,2024-04-14 08:00:00,0.07649468667629615,-3.0387328797163016,3.1152275663925977,2.006113169149764,3.5293516433539684,3.033333333333333,33.166666666666664,detector,763,2024-04-13 21:12:00,2024-04-13 21:12:00
OULU,2024-04-12 23:24:00,2024-04-13 01:32:00,2024-04-12 23:24:00,2024-04-14 06:04:00,2024-04-14 06:06:00,0.402728706013736,-5.095936254176903,5.498664960190639,2.2467157720985496,5.878979321735853,2.1333333333333333,30.666666666666668,detector,763,2024-04-13 21:12:00,2024-04-13 21:12:00
JUNG1,2024-04-12 23:32:00,2024-04-13 03:24:00,2024-04-12 23:32:00,2024-04-14 06:22:00,2024-04-14 06:24:00,0.1788482423363805,-3.919343450657325,4.098191692993705,2.235242250929903,8.597650090300105,3.8666666666666667,30.833333333333332,detector,763,2024-04-13 21:12:00,2024-04-13 21:12:00
KERG,2024-04-13 07:30:00,2024-04-13 10:40:00,2024-04-13 07:30:00,2024-04-14 06:30:00,2024-04-14 06:32:00,-0.1109914916690863,-3.3758819205102024,3.2648904288411162,2.2264065868408,3.1615067179237517,3.1666666666666665,23.0,detector,763,2024-04-13 21:12:00,2024-04-13 21:12:00
NEWK,2024-04-13 17:32:00,2024-04-13 20:16:00,2024-04-13 17:32:00,2024-04-14 11:36:00,2024-04-14 11:38:00,0.5898615194357131,-4.156998686086512,4.746860205522225,2.0787569933596655,3.101783194985621,2.7333333333333334,18.066666666666666,detector,763,2024-04-13 21:12:00,2024-04-13 21:12:00
JUNG,2024-04-14 00:52:00,2024-04-14 02:54:00,2024-04-14 00:52:00,2024-04-15 04:12:00,2024-04-15 04:16:00,0.15305496317584744,-4.684896728638307,4.837951691814155,2.795412207199964,7.527280201090255,2.033333333333333,27.333333333333332,detector,763,2024-04-13 21:12:00,2024-04-13 21:12:00
BKSN,2024-04-15 12:06:00,2024-04-15 14:26:00,2024-04-15 12:06:00,2024-04-16 01:56:00,2024-04-16 01:58:00,-0.24869294364693578,-6.894397175314193,6.645704231667257,2.2761331404430765,7.573478641529677,2.3333333333333335,13.833333333333334,detector,763,2024-04-13 21:12:00,2024-04-13 21:12:00
APTY,2024-04-16 11:48:00,2024-04-16 13:54:00,2024-04-16 11:48:00,2024-04-16 21:46:00,2024-04-16 21:48:00,-0.25958472595537785,-4.031597498014288,3.7720127720589103,2.2927835058316357,5.0539728817251905,2.1,9.966666666666667,detector,763,2024-04-13 21:12:00,2024-04-13 21:12:00
KIEL2,2024-04-16 20:40:00,2024-04-17 00:00:00,2024-04-16 20:40:00,2024-04-17 15:58:00,2024-04-17 16:00:00,-0.4199572205320215,-5.345857197403582,4.925899976871561,2.05622479428147,7.798287725831659,3.3333333333333335,19.3,detector,763,2024-04-13 21:12:00,2024-04-13 21:12:00
LMKS,2024-04-17 19:58:00,2024-04-17 22:44:00,2024-04-17 19:58:00,2024-04-18 22:44:00,2024-04-18 22:46:00,-0.1086511103770871,-3.013330881237774,2.904679770860687,2.464309793864275,5.945407115900676,2.7666666666666666,26.766666666666666,detector,763,2024-04-13 21:12:00,2024-04-13 21:12:00
BKSN,2024-04-21 06:46:00,2024-04-21 10:14:00,2024-04-21 06:46:00,2024-04-22 17:14:00,2024-04-22 17:16:00,0.5955175298955275,-5.294781941534994,5.890299471430522,2.143214413828286,12.008211301338228,3.466666666666667,34.46666666666667,detector,764,2024-04-21 14:01:00,2024-04-21 14:01:00
JUNG1,2024-04-21 21:16:00,2024-04-21 23:42:00,2024-04-21 21:16:00,2024-04-22 03:46:00,2024-04-22 03:48:00,-0.26389547233175875,-3.345020827714339,3.0811253553825804,2.105528046838039,5.565060571257599,2.433333333333333,6.5,detector,764,2024-04-21 14:01:00,2024-04-21 14:01:00
JUNG1,2024-04-23 21:48:00,2024-04-24 00:34:00,2024-04-23 21:48:00,2024-04-24 20:36:00,2024-04-24 20:38:00,0.06581402312349219,-3.7598678060753703,3.8256818291988623,2.3978493736741795,8.079173362160596,2.7666666666666666,22.8,detector,765,2024-04-24 08:06:00,2024-04-24 08:06:00
AATB,2024-04-24 04:46:00,2024-04-24 06:48:00,2024-04-24 04:46:00,2024-04-25 01:20:00,2024-04-25 01:22:00,0.1669414051803122,-3.256955162452023,3.423896567632335,2.2428804216637555,10.292439907144644,2.033333333333333,20.566666666666666,detector,765,2024-04-24 08:06:00,2024-04-24 08:06:00
LMKS,2024-04-24 11:26:00,2024-04-24 15:00:00,2024-04-24 11:26:00,2024-04-25 03:40:00,2024-04-25 03:42:00,0.16174853232885306,-3.3240960500669456,3.485844582395799,2.0411095019094527,6.158064100363169,3.566666666666667,16.233333333333334,detector,765,2024-04-24 08:06:00,2024-04-24 08:06:00
KERG,2024-04-24 22:32:00,2024-04-25 02:00:00,2024-04-24 22:32:00,2024-04-25 00:48:00,2024-04-25 00:50:00,0.7354466629026604,-3.71116246386996,4.44660912677262,2.05779952505924,3.7140265896163,3.466666666666667,2.2666666666666666,detector,765,2024-04-24 08:06:00,2024-04-24 08:06:00
KERG,2024-04-25 23:48:00,2024-04-26 03:00:00,2024-04-25 23:48:00,2024-04-27 02:00:00,2024-04-27 02:02:00,0.574632984671704,-3.867190971830219,4.441823956501922,2.1768122740210045,3.6417096808959792,3.2,26.2,detector,766,2024-04-26 19:58:00,2024-04-26 19:58:00
AATB,2024-04-26 19:58:00,2024-04-26 22:24:00,2024-04-26 19:58:00,2024-04-28 06:24:00,2024-04-28 06:26:00,0.6593669727897666,-2.388943731490622,3.0483107042803885,2.1303695131118316,10.64936625741732,2.433333333333333,34.43333333333333,detector,766,2024-04-26 19:58:00,2024-04-26 19:58:00
CALM,2024-04-28 13:42:00,2024-04-28 16:14:00,2024-04-28 13:42:00,2024-04-29 10:44:00,2024-04-29 10:46:00,0.278362770668637,-9.898250244795438,10.176613015464076,2.3452435940367193,9.092138661817188,2.533333333333333,21.033333333333335,detector,766,2024-04-26 19:58:00,2024-04-26 19:58:00
KERG,2024-04-30 17:36:00,2024-04-30 21:06:00,2024-04-30 17:36:00,2024-05-01 10:06:00,2024-05-01 10:10:00,0.27472828613022726,-3.818816604470436,4.093544890600663,2.0208945247959353,9.495728647700377,3.5,16.5,detector,767,2024-04-30 21:20:00,2024-04-30 21:20:00
AATB,2024-05-01 01:04:00,2024-05-01 03:36:00,2024-05-01 01:04:00,2024-05-01 11:38:00,2024-05-01 11:40:00,0.4333953724523175,-2.7997326098069215,3.233127982259239,2.4073832367482284,4.298982957558682,2.533333333333333,10.566666666666666,detector,767,2024-04-30 21:20:00,2024-04-30 21:20:00
FSMT,2024-05-02 23:06:00,2024-05-03 02:20:00,2024-05-02 23:06:00,2024-05-03 03:12:00,2024-05-03 03:14:00,0.1831581857646955,-3.859885651511742,4.0430438372764375,2.205965029710705,4.028450428749798,3.2333333333333334,4.1,detector,768,2024-05-04 05:26:00,2024-05-04 05:26:00
OULU,2024-05-02 23:26:00,2024-05-03 02:32:00,2024-05-02 23:26:00,2024-05-04 02:02:00,2024-05-04 02:04:00,0.2097449234903489,-4.545247782466969,4.754992705957318,2.3016283255966266,3.360142244197401,3.1,26.6,detector,768,2024-05-04 05:26:00,2024-05-04 05:26:00
AATB,2024-05-04 05:18:00,2024-05-04 07:20:00,2024-05-04 05:18:00,2024-05-04 20:34:00,2024-05-04 20:36:00,0.1764048688421496,-2.919236417033781,3.0956412858759306,2.0034842142572535,7.933929777495875,2.033333333333333,15.266666666666667,detector,768,2024-05-04 05:26:00,2024-05-04 05:26:00
JUNG1,2024-05-04 05:26:00,2024-05-04 09:06:00,2024-05-04 05:26:00,2024-05-05 11:00:00,2024-05-05 11:04:00,-0.0746512407997598,-3.4338947349361484,3.3592434941363885,2.1062602575303835,11.81936114236488,3.6666666666666665,29.566666666666666,detector,768,2024-05-04 05:26:00,2024-05-04 05:26:00
JUNG,2024-05-04 10:14:00,2024-05-04 12:38:00,2024-05-04 10:14:00,2024-05-05 11:44:00,2024-05-05 11:46:00,0.5319459939927567,-4.545649597787073,5.07759559177983,2.598908252070767,8.999544037018712,2.4,25.5,detector,768,2024-05-04 05:26:00,2024-05-04 05:26:00
LMKS,2024-05-04 11:24:00,2024-05-04 13:38:00,2024-05-04 11:24:00,2024-05-05 10:16:00,2024-05-05 10:18:00,0.326056175092979,-2.875048759511045,3.2011049346040243,2.0997647546548417,3.3552235397667487,2.2333333333333334,22.866666666666667,detector,768,2024-05-04 05:26:00,2024-05-04 05:26:00
APTY,2024-05-04 17:50:00,2024-05-04 21:04:00,2024-05-04 17:50:00,2024-05-05 12:28:00,2024-05-05 12:30:00,0.2585855018620953,-3.3855035913412403,3.644089093203336,2.1760970413380747,5.376871785627571,3.2333333333333334,18.633333333333333,detector,768,2024-05-04 05:26:00,2024-05-04 05:26:00
FSMT,2024-05-06 12:04:00,2024-05-06 14:38:00,2024-05-06 12:04:00,2024-05-07 12:26:00,2024-05-07 12:28:00,-0.1957208488504562,-4.173869472629329,3.978148623778873,2.189140693820944,6.916773542055179,2.566666666666667,24.366666666666667,detector,769,2024-05-06 12:04:00,2024-05-06 12:04:00
APTY,2024-05-09 08:32:00,2024-05-09 10:48:00,2024-05-09 08:32:00,2024-05-10 20:20:00,2024-05-10 20:22:00,0.14273860998366625,-4.5371187937241135,4.679857403707779,2.157647422503955,3.7544927315898353,2.2666666666666666,35.8,detector,770,2024-05-10 18:41:00,2024-05-10 18:41:00
OULU,2024-05-09 16:08:00,2024-05-09 19:14:00,2024-05-09 16:08:00,2024-05-10 21:56:00,2024-05-10 22:02:00,0.18021556315887685,-10.886369362559831,11.066584925718708,2.077278810791654,4.125708456337399,3.1,29.8,detector,770,2024-05-10 18:41:00,2024-05-10 18:41:00
LMKS,2024-05-09 17:02:00,2024-05-09 19:12:00,2024-05-09 17:02:00,2024-05-11 01:20:00,2024-05-12 20:08:00,0.1365022848092513,-8.745015324786607,8.881517609595859,2.03279542962249,3.4979396695762537,2.1666666666666665,32.3,detector,770,2024-05-10 18:41:00,2024-05-10 18:41:00
KERG,2024-05-09 19:18:00,2024-05-09 22:40:00,2024-05-09 19:18:00,2024-05-10 21:36:00,2024-05-14 20:40:00,0.3561089749304901,-8.252817649931544,8.608926624862034,2.187732091068608,4.2892256426734665,3.3666666666666667,26.3,detector,770,2024-05-10 18:41:00,2024-05-10 18:41:00
FSMT,2024-05-10 15:02:00,2024-05-10 17:36:00,2024-05-10 15:02:00,2024-05-11 00:30:00,2024-05-11 03:22:00,0.00125372984629155,-11.341240189563957,11.342493919410249,2.090054018640936,7.197935601112773,2.566666666666667,9.466666666666667,detector,770,2024-05-10 18:41:00,2024-05-10 18:41:00
AATB,2024-05-10 22:20:00,2024-05-11 02:14:00,2024-05-10 22:20:00,2024-05-10 22:52:00,2024-05-11 01:44:00,0.6066544787507443,-7.17928599450765,7.785940473258394,2.6193035397066713,9.0593385369993,3.9,0.5333333333333333,detector,770,2024-05-10 18:41:00,2024-05-10 18:41:00
MXCO,2024-05-10 22:42:00,2024-05-11 01:32:00,2024-05-10 22:42:00,2024-05-11 00:16:00,2024-05-11 01:30:00,0.21655662258630565,-7.806082390476587,8.022639013062893,2.0691663851638027,4.95395140242411,2.8333333333333335,1.5666666666666667,detector,770,2024-05-10 18:41:00,2024-05-10 18:41:00
DRBS,2024-05-11 03:00:00,2024-05-11 05:54:00,2024-05-11 03:00:00,2024-05-12 01:10:00,2024-05-12 01:12:00,-0.4541803577948259,-12.170844535821605,11.716664178026779,2.6939717863680976,3.956695476928704,2.9,22.166666666666668,detector,770,2024-05-10 18:41:00,2024-05-10 18:41:00
NEWK,2024-05-11 05:30:00,2024-05-11 07:32:00,2024-05-11 05:30:00,2024-05-11 06:36:00,2024-05-11 11:12:00,-0.1913552453849636,-8.501294899223058,8.309939653838095,2.0603443947560023,3.1084776807702226,2.033333333333333,1.1,detector,770,2024-05-10 18:41:00,2024-05-10 18:41:00
KIEL2,2024-05-11 11:34:00,2024-05-11 13:48:00,2024-05-11 11:34:00,2024-05-11 20:06:00,2024-05-11 20:08:00,-5.9843158672759635,-12.859197619650226,6.874881752374263,2.381907801613224,7.114822382860572,2.2333333333333334,8.533333333333333,detector,770,2024-05-10 18:41:00,2024-05-10 18:41:00
FSMT,2024-05-14 14:12:00,2024-05-14 16:40:00,2024-05-14 14:12:00,2024-05-15 13:28:00,2024-05-15 13:34:00,3.2742597572892587,-2.4046859199138537,5.678945677203112,2.050334868454931,5.737631242313923,2.466666666666667,23.266666666666666,detector,771,2024-05-16 04:59:00,2024-05-16 04:59:00
LMKS,2024-05-14 16:40:00,2024-05-14 19:44:00,2024-05-14 16:40:00,2024-05-16 00:34:00,2024-05-16 00:44:00,1.4690154976035847,-2.3826118381992356,3.8516273358028204,2.2761339020168094,8.52027267495452,3.066666666666667,31.9,detector,771,2024-05-16 04:59:00,2024-05-16 04:59:00
BKSN,2024-05-15 02:26:00,2024-05-15 04:48:00,2024-05-15 02:26:00,2024-05-15 23:24:00,2024-05-15 23:28:00,1.9719866756496431,-4.648069674648381,6.620056350298024,2.0283007279837326,3.3786985842555946,2.3666666666666667,20.966666666666665,detector,771,2024-05-16 04:59:00,2024-05-16 04:59:00
APTY,2024-05-16 02:36:00,2024-05-16 05:44:00,2024-05-16 02:36:00,2024-05-16 20:14:00,2024-05-16 20:16:00,0.9285914976591572,-5.0795513196575035,6.008142817316661,2.121438949901168,14.261419256803247,3.1333333333333333,17.633333333333333,detector,771,2024-05-16 04:59:00,2024-05-16 04:59:00
OULU,2024-05-16 07:22:00,2024-05-16 10:04:00,2024-05-16 07:22:00,2024-05-16 20:42:00,2024-05-16 20:44:00,0.9020716623806069,-5.042237263235224,5.944308925615831,2.411270445826147,9.67749918956314,2.7,13.333333333333334,detector,771,2024-05-16 04:59:00,2024-05-16 04:59:00
JUNG,2024-05-16 14:18:00,2024-05-16 17:06:00,2024-05-16 14:18:00,2024-05-17 04:14:00,2024-05-17 04:16:00,1.076269379272793,-3.312063411384104,4.3883327906568965,2.0625373877669793,4.06618409532848,2.8,13.933333333333334,detector,771,2024-05-16 04:59:00,2024-05-16 04:59:00
KERG,2024-05-16 21:50:00,2024-05-16 23:48:00,2024-05-16 21:50:00,2024-05-16 22:08:00,2024-05-16 22:10:00,-0.1587382971357005,-3.70739983034779,3.5486615332120897,2.0765264210750156,3.974782763444856,1.9666666666666666,0.3,detector,771,2024-05-16 04:59:00,2024-05-16 04:59:00
KIEL2,2024-05-17 00:24:00,2024-05-17 02:30:00,2024-05-17 00:24:00,2024-05-17 03:44:00,2024-05-17 03:52:00,0.6680258303224749,-5.679049794773134,6.347075625095609,2.1213159586157815,5.159933934123167,2.1,3.3333333333333335,detector,771,2024-05-16 04:59:00,2024-05-16 04:59:00
KIEL2,2024-05-17 21:58:00,2024-05-18 01:10:00,2024-05-17 21:58:00,2024-05-19 01:58:00,2024-05-19 02:00:00,0.48307607574289074,-7.036164017495864,7.519240093238754,2.1307323229216064,7.988220532851802,3.2,28.0,detector,772,2024-05-17 21:58:00,2024-05-17 21:58:00
DRBS,2024-05-21 15:42:00,2024-05-22 00:24:00,2024-05-21 15:42:00,2024-05-21 19:52:00,2024-05-21 19:54:00,0.9168861865688599,-4.924358517014945,5.841244703583805,2.086030635749851,3.5897637663908326,8.7,4.166666666666667,detector,773,2024-05-21 15:42:00,2024-05-21 15:42:00
DRBS,2024-05-22 16:56:00,2024-05-22 19:22:00,2024-05-22 16:56:00,2024-05-23 11:10:00,2024-05-23 11:12:00,0.5346199449366871,-4.957058158949797,5.491678103886485,2.1542185871279047,3.302623205771362,2.433333333333333,18.233333333333334,detector,774,2024-05-23 03:06:00,2024-05-23 03:06:00
MXCO,2024-05-23 13:16:00,2024-05-23 16:38:00,2024-05-23 13:16:00,2024-05-23 18:36:00,2024-05-23 18:38:00,0.11130548106055649,-2.4887960060373766,2.600101487097933,2.012494297854055,21.398600396369055,3.3666666666666667,5.333333333333333,detector,774,2024-05-23 03:06:00,2024-05-23 03:06:00
JUNG,2024-05-26 13:26:00,2024-05-26 16:20:00,2024-05-26 13:26:00,2024-05-27 16:36:00,2024-05-27 16:38:00,1.03835882489668,-3.190351690984208,4.228710515880888,2.137456664225807,3.3825364012620667,2.9,27.166666666666668,detector,775,2024-05-27 10:58:00,2024-05-27 10:58:00
DRBS,2024-05-27 01:22:00,2024-05-27 03:20:00,2024-05-27 01:22:00,2024-05-28 12:42:00,2024-05-28 12:44:00,0.7453872840778586,-6.2206590188425315,6.96604630292039,2.089600624145709,5.605587060520327,1.9666666666666666,35.333333333333336,detector,775,2024-05-27 10:58:00,2024-05-27 10:58:00
AATB,2024-05-27 20:34:00,2024-05-28 00:54:00,2024-05-27 20:34:00,2024-05-28 21:16:00,2024-05-28 21:18:00,0.9053496241397512,-3.03258841741754,3.9379380415572913,2.0117717590580337,7.622744469763422,4.333333333333333,24.7,detector,775,2024-05-27 10:58:00,2024-05-27 10:58:00
LMKS,2024-05-28 01:12:00,2024-05-28 04:18:00,2024-05-28 01:12:00,2024-05-28 05:54:00,2024-05-28 05:58:00,0.7181410041878233,-2.862978051103704,3.581119055291527,2.179041277636909,5.513611896616709,3.1,4.7,detector,775,2024-05-27 10:58:00,2024-05-27 10:58:00
AATB,2024-05-31 08:52:00,2024-05-31 11:06:00,2024-05-31 08:52:00,2024-06-01 14:46:00,2024-06-01 14:48:00,0.9129975031759188,-2.6801432046996636,3.593140707875582,2.204753417617244,9.411904605764857,2.2333333333333334,29.9,detector,776,2024-05-31 18:04:00,2024-05-31 18:04:00
OULU,2024-05-31 14:06:00,2024-05-31 16:42:00,2024-05-31 14:06:00,2024-06-01 17:30:00,2024-06-01 17:32:00,0.9825816842196637,-3.892403435683799,4.874985119903463,2.2368197447353797,11.33253308596622,2.6,27.4,detector,776,2024-05-31 18:04:00,2024-05-31 18:04:00
JUNG1,2024-05-31 18:04:00,2024-05-31 20:36:00,2024-05-31 18:04:00,2024-05-31 19:26:00,2024-05-31 19:28:00,0.0611144273206313,-3.8396251110101143,3.9007395383307455,2.5205341428292827,7.072665063257568,2.533333333333333,1.3666666666666667,detector,776,2024-05-31 18:04:00,2024-05-31 18:04:00
KERG,2024-06-01 02:50:00,2024-06-01 05:38:00,2024-06-01 02:50:00,2024-06-01 08:52:00,2024-06-01 08:54:00,0.3574473596159188,-3.770958293333866,4.128405652949785,2.0098805682708756,2.987293272678698,2.8,6.033333333333333,detector,776,2024-05-31 18:04:00,2024-05-31 18:04:00
NEWK,2024-06-01 13:46:00,2024-06-01 16:04:00,2024-06-01 13:46:00,2024-06-02 22:42:00,2024-06-02 22:44:00,0.40547114890702224,-5.159635119726346,5.565106268633368,2.0448100679886334,8.209940548967854,2.3,32.93333333333333,detector,776,2024-05-31 18:04:00,2024-05-31 18:04:00
FSMT,2024-06-04 06:24:00,2024-06-04 08:58:00,2024-06-04 06:24:00,2024-06-05 07:40:00,2024-06-05 07:42:00,0.25858605948818614,-3.2060445170512564,3.4646305765394425,2.13786628056469,3.214304585377792,2.566666666666667,25.266666666666666,detector,777,2024-06-05 02:44:00,2024-06-05 02:44:00
LMKS,2024-06-04 14:56:00,2024-06-04 18:32:00,2024-06-04 14:56:00,2024-06-05 23:12:00,2024-06-05 23:14:00,0.17010221429083028,-2.43404936650001,2.60415158079084,2.160909962678287,6.538836815802417,3.6,32.266666666666666,detector,777,2024-06-05 02:44:00,2024-06-05 02:44:00
JUNG,2024-06-05 14:32:00,2024-06-05 16:34:00,2024-06-05 14:32:00,2024-06-06 14:14:00,2024-06-06 14:16:00,0.26450111499177104,-4.168257196231373,4.432758311223144,2.0519376903547815,5.713801142121307,2.033333333333333,23.7,detector,777,2024-06-05 02:44:00,2024-06-05 02:44:00
NEWK,2024-06-05 23:08:00,2024-06-06 01:26:00,2024-06-05 23:08:00,2024-06-06 04:18:00,2024-06-06 04:20:00,-0.0285934869882375,-5.242696243782509,5.214102756794272,2.5295239989885148,4.073388718660701,2.3,5.166666666666667,detector,777,2024-06-05 02:44:00,2024-06-05 02:44:00
KERG,2024-06-10 07:34:00,2024-06-10 10:32:00,2024-06-10 07:34:00,2024-06-11 18:00:00,2024-06-11 18:02:00,0.569412282768581,-3.5139981560040012,4.0834104387725825,2.226340459823753,7.492555735228445,2.966666666666667,34.43333333333333,detector,778,2024-06-10 10:26:00,2024-06-10 10:26:00
AATB,2024-06-10 13:18:00,2024-06-10 16:16:00,2024-06-10 13:18:00,2024-06-11 12:46:00,2024-06-11 12:48:00,0.3683049846100015,-2.6123507228158394,2.980655707425841,2.4959679077095713,8.540719736923393,2.966666666666667,23.466666666666665,detector,778,2024-06-10 10:26:00,2024-06-10 10:26:00
AATB,2024-06-14 14:56:00,2024-06-14 17:30:00,2024-06-14 14:56:00,2024-06-16 00:46:00,2024-06-16 00:52:00,0.4480609234172791,-3.233500156396615,3.681561079813894,2.0087637257758453,6.185210108002499,2.566666666666667,33.833333333333336,detector,779,2024-06-15 06:09:00,2024-06-15 06:09:00
JUNG,2024-06-14 18:20:00,2024-06-14 21:18:00,2024-06-14 18:20:00,2024-06-16 01:40:00,2024-06-16 01:42:00,0.04232108074637255,-5.120147813101201,5.162468893847573,2.658011993553298,6.444071252243479,2.966666666666667,31.333333333333332,detector,779,2024-06-15 06:09:00,2024-06-15 06:09:00
BKSN,2024-06-14 19:56:00,2024-06-14 22:14:00,2024-06-14 19:56:00,2024-06-16 05:50:00,2024-06-16 05:52:00,0.3205879035546605,-5.34552907175756,5.66611697531222,2.178983063121101,3.1208754307437587,2.3,33.9,detector,779,2024-06-15 06:09:00,2024-06-15 06:09:00
LMKS,2024-06-15 04:46:00,2024-06-15 07:12:00,2024-06-15 04:46:00,2024-06-16 08:04:00,2024-06-16 08:18:00,0.5842124080550926,-3.91642445716577,4.500636865220862,2.178201104114364,6.489481368280114,2.433333333333333,27.3,detector,779,2024-06-15 06:09:00,2024-06-15 06:09:00
JUNG1,2024-06-15 05:44:00,2024-06-15 08:52:00,2024-06-15 05:44:00,2024-06-16 02:52:00,2024-06-16 02:56:00,0.23994857166848926,-4.654063432447498,4.894012004115988,2.0047362228844343,3.914077995582212,3.1333333333333333,21.133333333333333,detector,779,2024-06-15 06:09:00,2024-06-15 06:09:00
NEWK,2024-06-15 06:34:00,2024-06-15 09:10:00,2024-06-15 06:34:00,2024-06-16 16:24:00,2024-06-16 16:26:00,-0.02111633128092205,-5.556026325452634,5.534909994171712,2.2304316814354617,5.86109710557163,2.6,33.833333333333336,detector,779,2024-06-15 06:09:00,2024-06-15 06:09:00
APTY,2024-06-15 20:00:00,2024-06-15 22:26:00,2024-06-15 20:00:00,2024-06-16 17:36:00,2024-06-16 17:38:00,0.1508441549753691,-4.732225300092324,4.883069455067693,2.101350588615546,6.09871273935761,2.433333333333333,21.6,detector,779,2024-06-15 06:09:00,2024-06-15 06:09:00
MXCO,2024-06-16 02:52:00,2024-06-16 06:06:00,2024-06-16 02:52:00,2024-06-17 09:30:00,2024-06-17 09:32:00,-0.29838816040947025,-4.674260882213893,4.3758727218044235,2.191602584772536,8.956817804095875,3.2333333333333334,30.633333333333333,detector,779,2024-06-15 06:09:00,2024-06-15 06:09:00
OULU,2024-06-16 03:48:00,2024-06-16 05:48:00,2024-06-16 03:48:00,2024-06-16 23:20:00,2024-06-16 23:22:00,-0.5046442641799592,-5.942564685811775,5.437920421631816,2.1409749952565065,4.7761044659393495,2.0,19.533333333333335,detector,779,2024-06-15 06:09:00,2024-06-15 06:09:00
KERG,2024-06-16 06:30:00,2024-06-16 09:06:00,2024-06-16 06:30:00,2024-06-17 01:42:00,2024-06-17 01:44:00,-0.6680671563320713,-4.502648687986729,3.834581531654657,2.1393949278100473,9.161026994244926,2.6,19.2,detector,779,2024-06-15 06:09:00,2024-06-15 06:09:00
AATB,2024-06-21 04:20:00,2024-06-21 08:20:00,2024-06-21 04:20:00,2024-06-22 15:10:00,2024-06-22 15:12:00,0.9039461941231912,-2.2487004263769466,3.1526466205001378,2.110090546305733,7.3284639902297695,4.0,34.833333333333336,detector,780,2024-06-22 09:50:00,2024-06-22 09:50:00
JUNG1,2024-06-22 07:56:00,2024-06-22 10:56:00,2024-06-22 07:56:00,2024-06-22 22:16:00,2024-06-22 22:18:00,2.3062564077616354,-2.4514484899967695,4.757704897758405,2.072790835166635,8.350171142375956,3.0,14.333333333333334,detector,780,2024-06-22 09:50:00,2024-06-22 09:50:00
MXCO,2024-06-22 09:26:00,2024-06-22 11:44:00,2024-06-22 09:26:00,2024-06-23 08:38:00,2024-06-23 08:40:00,0.3374277597322831,-3.0065259497045234,3.3439537094368066,2.5648047231035997,4.618694117265864,2.3,23.2,detector,780,2024-06-22 09:50:00,2024-06-22 09:50:00
KERG,2024-06-22 09:50:00,2024-06-22 12:36:00,2024-06-22 09:50:00,2024-06-23 02:30:00,2024-06-23 02:32:00,0.9192872759942745,-3.1945128652089885,4.113800141203263,2.0496623064977686,4.2714462939697455,2.7666666666666666,16.666666666666668,detector,780,2024-06-22 09:50:00,2024-06-22 09:50:00
OULU,2024-06-23 10:38:00,2024-06-23 13:20:00,2024-06-23 10:38:00,2024-06-23 18:38:00,2024-06-23 18:40:00,0.6190285475477566,-4.739583856106148,5.358612403653905,2.4315536425677524,9.341655206407546,2.7,8.0,detector,780,2024-06-22 09:50:00,2024-06-22 09:50:00
FSMT,2024-06-23 13:44:00,2024-06-23 16:16:00,2024-06-23 13:44:00,2024-06-24 08:32:00,2024-06-24 08:36:00,0.38148914418122826,-3.3742560450232864,3.7557451892045144,2.223735909913923,3.3599859946441057,2.533333333333333,18.8,detector,780,2024-06-22 09:50:00,2024-06-22 09:50:00
DRBS,2024-06-23 18:28:00,2024-06-23 21:14:00,2024-06-23 18:28:00,2024-06-23 21:58:00,2024-06-23 22:00:00,0.5976839955719109,-7.102881293783897,7.700565289355808,2.2275462377566724,3.6422569585120104,2.7666666666666666,3.5,detector,780,2024-06-22 09:50:00,2024-06-22 09:50:00
KERG,2024-06-25 03:36:00,2024-06-25 08:26:00,2024-06-25 03:36:00,2024-06-26 06:36:00,2024-06-26 06:38:00,0.3595443499870866,-3.743452092374276,4.102996442361363,2.1132130562002778,3.828104403547688,4.833333333333333,27.0,detector,781,2024-06-26 07:33:00,2024-06-26 07:33:00
JUNG1,2024-06-25 11:16:00,2024-06-25 13:34:00,2024-06-25 11:16:00,2024-06-26 18:24:00,2024-06-26 18:26:00,0.891240247378299,-2.355847129905026,3.247087377283325,2.094591172058289,2.961471937022045,2.3,31.133333333333333,detector,781,2024-06-26 07:33:00,2024-06-26 07:33:00
JUNG,2024-06-26 04:44:00,2024-06-26 06:42:00,2024-06-26 04:44:00,2024-06-27 07:50:00,2024-06-27 07:56:00,0.33797682207747815,-4.366646365821238,4.704623187898717,2.177085343028671,3.975931839463786,1.9666666666666666,27.1,detector,781,2024-06-26 07:33:00,2024-06-26 07:33:00
AATB,2024-06-26 10:22:00,2024-06-26 13:08:00,2024-06-26 10:22:00,2024-06-27 05:20:00,2024-06-27 05:22:00,-0.17106311846752756,-3.3329439707199455,3.161880852252418,2.6210590671607927,7.460539507866113,2.7666666666666666,18.966666666666665,detector,781,2024-06-26 07:33:00,2024-06-26 07:33:00
KIEL2,2024-06-26 17:54:00,2024-06-26 19:52:00,2024-06-26 17:54:00,2024-06-27 23:02:00,2024-06-27 23:04:00,-0.1541557961886787,-6.267596826394255,6.113441030205577,2.6793832418942913,4.482995508460323,1.9666666666666666,29.133333333333333,detector,781,2024-06-26 07:33:00,2024-06-26 07:33:00
NEWK,2024-06-27 01:06:00,2024-06-27 03:20:00,2024-06-27 01:06:00,2024-06-27 08:32:00,2024-06-27 08:34:00,-0.7006692041036466,-6.277863451563154,5.5771942474595075,2.1225134797581564,11.425599950613403,2.2333333333333334,7.433333333333334,detector,781,2024-06-26 07:33:00,2024-06-26 07:33:00
KERG,2024-06-28 18:28:00,2024-06-28 20:26:00,2024-06-28 18:28:00,2024-06-28 19:48:00,2024-06-28 19:54:00,-0.8935200952359619,-3.940633365855527,3.047113270619565,2.092465451841099,4.193777153060331,1.9666666666666666,1.3333333333333333,detector,782,2024-06-28 18:28:00,2024-06-28 18:28:00
NEWK,2024-07-02 23:22:00,2024-07-03 01:44:00,2024-07-02 23:22:00,2024-07-04 09:10:00,2024-07-04 09:12:00,1.086927890500372,-5.02092050209205,6.107848392592422,2.280588185145738,6.10234913198707,2.3666666666666667,33.8,detector,783,2024-07-04 08:47:00,2024-07-04 08:47:00
KERG,2024-07-03 23:38:00,2024-07-04 02:16:00,2024-07-03 23:38:00,2024-07-05 01:30:00,2024-07-05 01:36:00,1.111886583426685,-5.0622598691279395,6.174146452554624,2.332085175326909,3.2501717018847205,2.6333333333333333,25.866666666666667,detector,783,2024-07-04 08:47:00,2024-07-04 08:47:00
DRBS,2024-07-04 07:40:00,2024-07-04 10:06:00,2024-07-04 07:40:00,2024-07-04 23:58:00,2024-07-05 00:00:00,0.4390499398594035,-7.177167599331189,7.616217539190592,2.2299862947447666,9.24950569058162,2.433333333333333,16.3,detector,783,2024-07-04 08:47:00,2024-07-04 08:47:00
JUNG1,2024-07-04 09:54:00,2024-07-04 12:22:00,2024-07-04 09:54:00,2024-07-05 01:16:00,2024-07-05 01:22:00,-1.0399861551270702,-5.791529602381578,4.751543447254508,2.05413710995803,4.183942442420897,2.466666666666667,15.366666666666667,detector,783,2024-07-04 08:47:00,2024-07-04 08:47:00
AATB,2024-07-04 15:26:00,2024-07-04 17:44:00,2024-07-04 15:26:00,2024-07-04 21:12:00,2024-07-04 21:14:00,0.8074438694699254,-3.9440624817404344,4.7515063512103595,2.3636387886860915,5.017299212730841,2.3,5.766666666666667,detector,783,2024-07-04 08:47:00,2024-07-04 08:47:00
FSMT,2024-07-05 05:24:00,2024-07-05 07:36:00,2024-07-05 05:24:00,2024-07-05 08:36:00,2024-07-05 08:38:00,-0.017992530579662602,-3.5135536944348105,3.495561163855148,2.6968017045486294,5.845679677031096,2.2,3.2,detector,783,2024-07-04 08:47:00,2024-07-04 08:47:00
KIEL2,2024-07-06 13:24:00,2024-07-06 16:04:00,2024-07-06 13:24:00,2024-07-08 00:00:00,2024-07-08 00:02:00,0.2780406566965892,-6.0986322376543605,6.37667289435095,2.1409815955011404,10.646701806373654,2.6666666666666665,34.6,detector,784,2024-07-06 13:24:00,2024-07-06 13:24:00
KERG,2024-07-09 20:08:00,2024-07-09 22:58:00,2024-07-09 20:08:00,2024-07-10 09:24:00,2024-07-10 09:28:00,-0.1028884042516216,-3.933905096195239,3.8310166919436175,2.4298037839388873,11.69125519022214,2.8333333333333335,13.266666666666667,detector,785,2024-07-09 20:08:00,2024-07-09 20:08:00
JUNG1,2024-07-11 00:00:00,2024-07-11 02:34:00,2024-07-11 00:00:00,2024-07-12 03:58:00,2024-07-12 04:00:00,1.4101869982620023,-1.871189176059207,3.2813761743212093,2.0650069332632435,3.70744104568107,2.566666666666667,27.966666666666665,detector,786,2024-07-11 00:00:00,2024-07-11 00:00:00
APTY,2024-07-13 01:54:00,2024-07-13 03:52:00,2024-07-13 01:54:00,2024-07-14 01:46:00,2024-07-14 01:48:00,0.09311273747081435,-3.640705465846576,3.7338182033173903,2.00284858904046,6.903877661964337,1.9666666666666666,23.866666666666667,detector,787,2024-07-13 01:54:00,2024-07-13 01:54:00
KERG,2024-07-16 02:36:00,2024-07-16 04:44:00,2024-07-16 02:36:00,2024-07-16 16:50:00,2024-07-16 16:52:00,0.4351852696525089,-3.1697375163964185,3.6049227860489275,2.0320965748624045,4.303279804788664,2.1333333333333333,14.233333333333333,detector,788,2024-07-16 05:37:00,2024-07-16 05:37:00
AATB,2024-07-16 08:38:00,2024-07-16 11:14:00,2024-07-16 08:38:00,2024-07-16 20:40:00,2024-07-16 20:42:00,0.3551844013593785,-2.4561540412415312,2.81133844260091,2.319131293048516,9.272198126662696,2.6,12.033333333333333,detector,788,2024-07-16 05:37:00,2024-07-16 05:37:00
LMKS,2024-07-19 13:46:00,2024-07-19 17:20:00,2024-07-19 13:46:00,2024-07-20 08:58:00,2024-07-20 09:02:00,0.6700641829279343,-2.1860618014464133,2.856125984374348,2.317056311312136,5.691821738301856,3.566666666666667,19.2,detector,789,2024-07-19 16:46:00,2024-07-19 16:46:00
KERG,2024-07-19 16:46:00,2024-07-19 18:52:00,2024-07-19 16:46:00,2024-07-20 23:02:00,2024-07-20 23:04:00,0.6901996181446959,-3.885422243627354,4.57562186177205,2.070934649255021,3.689897037815136,2.1,30.266666666666666,detector,789,2024-07-19 16:46:00,2024-07-19 16:46:00
KIEL2,2024-07-20 05:02:00,2024-07-20 07:26:00,2024-07-20 05:02:00,2024-07-20 09:20:00,2024-07-20 09:22:00,0.4203403548571196,-7.020255478842407,7.440595833699527,2.3418348459128793,8.372201239524466,2.4,4.3,detector,789,2024-07-19 16:46:00,2024-07-19 16:46:00
KERG,2024-07-22 22:40:00,2024-07-23 01:26:00,2024-07-22 22:40:00,2024-07-23 23:12:00,2024-07-23 23:14:00,-0.23745408017644326,-4.3124716840728885,4.075017603896446,2.6698321673896994,5.269888444630925,2.7666666666666666,24.533333333333335,detector,790,2024-07-23 10:20:00,2024-07-23 10:20:00
JUNG1,2024-07-23 01:36:00,2024-07-23 05:32:00,2024-07-23 01:36:00,2024-07-24 05:12:00,2024-07-24 05:14:00,0.1289803907197499,-4.105472399413985,4.234452790133735,2.1437484269549216,4.155647715635613,3.933333333333333,27.6,detector,790,2024-07-23 10:20:00,2024-07-23 10:20:00
DRBS,2024-07-23 01:52:00,2024-07-23 03:58:00,2024-07-23 01:52:00,2024-07-24 07:48:00,2024-07-24 07:50:00,-0.0729623021604173,-5.649031511997696,5.576069209837279,2.0617577200042008,4.804805831484677,2.1,29.933333333333334,detector,790,2024-07-23 10:20:00,2024-07-23 10:20:00
ROME,2024-07-23 18:48:00,2024-07-23 21:10:00,2024-07-23 18:48:00,2024-07-24 01:36:00,2024-07-24 01:40:00,-0.08187640851883801,-4.959769131062147,4.877892722543309,2.283452803587467,5.724578811762404,2.3666666666666667,6.8,detector,790,2024-07-23 10:20:00,2024-07-23 10:20:00
AATB,2024-07-23 20:32:00,2024-07-24 00:58:00,2024-07-23 20:32:00,2024-07-24 03:20:00,2024-07-24 03:22:00,0.0427350427350392,-3.788614727025452,3.8313497697604912,2.2490590736343368,3.925446168196596,4.433333333333334,6.8,detector,790,2024-07-23 10:20:00,2024-07-23 10:20:00
JUNG,2024-07-23 23:22:00,2024-07-24 02:08:00,2024-07-23 23:22:00,2024-07-24 03:06:00,2024-07-24 03:08:00,-0.3647660660335479,-4.898492423311502,4.5337263572779545,2.066270425080414,4.956193731720517,2.7666666666666666,3.7333333333333334,detector,790,2024-07-23 10:20:00,2024-07-23 10:20:00
MXCO,2024-07-27 04:24:00,2024-07-27 07:44:00,2024-07-27 04:24:00,2024-07-27 10:46:00,2024-07-27 10:48:00,0.08675463340202325,-3.3869407849843007,3.473695418386324,2.206580619340615,26.162759313377716,3.3333333333333335,6.366666666666666,detector,791,2024-07-27 11:06:00,2024-07-27 11:06:00
LMKS,2024-07-27 17:48:00,2024-07-27 20:28:00,2024-07-27 17:48:00,2024-07-28 10:54:00,2024-07-28 10:56:00,0.1235193918401355,-2.365909869653179,2.4894292614933144,2.156536107978407,5.675927434827931,2.6666666666666665,17.1,detector,791,2024-07-27 11:06:00,2024-07-27 11:06:00
OULU,2024-07-29 01:00:00,2024-07-29 03:52:00,2024-07-29 01:00:00,2024-07-30 07:46:00,2024-07-30 07:48:00,0.36919872755046823,-6.699677093743243,7.068875821293711,2.7121358048246407,9.4520053155777,2.8666666666666667,30.766666666666666,detector,792,2024-07-31 05:48:00,2024-07-31 05:48:00
KERG,2024-07-29 19:04:00,2024-07-29 21:10:00,2024-07-29 19:04:00,2024-07-30 19:50:00,2024-07-30 19:52:00,0.7649188808422092,-5.5445610496370366,6.309479930479245,2.049225475555839,7.405373762614928,2.1,24.766666666666666,detector,792,2024-07-31 05:48:00,2024-07-31 05:48:00
MXCO,2024-07-30 12:46:00,2024-07-30 14:56:00,2024-07-30 12:46:00,2024-07-31 22:28:00,2024-07-31 22:30:00,-0.10938426953802036,-4.541437121909447,4.432052852371426,2.0633044907669964,2.838194527505158,2.1666666666666665,33.7,detector,792,2024-07-31 05:48:00,2024-07-31 05:48:00
JUNG,2024-07-30 21:36:00,2024-07-31 00:36:00,2024-07-30 21:36:00,2024-08-01 02:48:00,2024-08-01 02:52:00,-1.0740699176925097,-6.088939566704676,5.014869649012166,2.4854017598311087,6.521970900320652,3.0,29.2,detector,792,2024-07-31 05:48:00,2024-07-31 05:48:00
NEWK,2024-07-31 02:44:00,2024-07-31 05:32:00,2024-07-31 02:44:00,2024-08-01 11:10:00,2024-08-01 11:12:00,-1.0309567773250605,-7.148137617287457,6.117180839962396,2.0748172328207453,7.6615367268509935,2.8,32.43333333333333,detector,792,2024-07-31 05:48:00,2024-07-31 05:48:00
AATB,2024-07-31 05:48:00,2024-07-31 08:18:00,2024-07-31 05:48:00,2024-08-01 06:50:00,2024-08-01 06:52:00,-0.6631978193523467,-4.527706566752127,3.8645087473997806,2.0717362004331483,6.639343925131445,2.5,25.033333333333335,detector,792,2024-07-31 05:48:00,2024-07-31 05:48:00
JUNG1,2024-07-31 07:32:00,2024-07-31 10:04:00,2024-07-31 07:32:00,2024-08-01 14:38:00,2024-08-01 14:56:00,-0.5562162979396079,-5.3587450713539075,4.802528773414299,2.211460564609812,5.23217667057729,2.533333333333333,31.1,detector,792,2024-07-31 05:48:00,2024-07-31 05:48:00
KIEL2,2024-07-31 09:16:00,2024-07-31 12:14:00,2024-07-31 09:16:00,2024-08-01 01:38:00,2024-08-01 01:42:00,-0.8407834929869609,-7.287880858040729,6.447097365053768,2.195982694797247,7.90449680637947,2.966666666666667,16.366666666666667,detector,792,2024-07-31 05:48:00,2024-07-31 05:48:00
ROME,2024-07-31 12:04:00,2024-07-31 15:38:00,2024-07-31 12:04:00,2024-08-01 15:30:00,2024-08-01 15:32:00,-0.21577871198411414,-6.613314718323318,6.3975360063392035,2.120506458812266,6.672469037597459,3.566666666666667,27.433333333333334,detector,792,2024-07-31 05:48:00,2024-07-31 05:48:00
FSMT,2024-07-31 23:28:00,2024-08-01 01:48:00,2024-07-31 23:28:00,2024-08-01 05:16:00,2024-08-01 05:18:00,-1.1304896640751985,-5.36739597824713,4.236906314171931,2.039680888735417,3.3351236952462893,2.3333333333333335,5.8,detector,792,2024-07-31 05:48:00,2024-07-31 05:48:00
DRBS,2024-08-01 00:34:00,2024-08-01 05:58:00,2024-08-01 00:34:00,2024-08-01 01:40:00,2024-08-01 01:44:00,-0.9682558097055041,-10.346990171388263,9.37873436168276,2.1823340222567364,16.177198119961677,5.4,1.1,detector,792,2024-07-31 05:48:00,2024-07-31 05:48:00
LMKS,2024-08-04 23:20:00,2024-08-05 01:58:00,2024-08-04 23:20:00,2024-08-06 00:04:00,2024-08-06 00:06:00,1.6491859119695402,-1.8172822545684284,3.4664681665379686,2.059838118218285,5.178910941412896,2.6333333333333333,24.733333333333334,detector,793,2024-08-10 04:44:00,2024-08-10 04:44:00
BKSN,2024-08-05 09:16:00,2024-08-05 11:46:00,2024-08-05 09:16:00,2024-08-05 22:28:00,2024-08-05 22:32:00,1.2196021737108749,-5.668455807055339,6.888057980766214,2.013259870434549,5.133154304075209,2.5,13.2,detector,793,2024-08-10 04:44:00,2024-08-10 04:44:00
KERG,2024-08-06 08:36:00,2024-08-06 11:08:00,2024-08-06 08:36:00,2024-08-07 05:26:00,2024-08-07 05:28:00,0.9870673689084185,-3.1732783729922014,4.16034574190062,2.0417543561971097,5.825350584859454,2.533333333333333,20.833333333333332,detector,793,2024-08-10 04:44:00,2024-08-10 04:44:00
JUNG,2024-08-06 21:18:00,2024-08-07 00:20:00,2024-08-06 21:18:00,2024-08-08 07:42:00,2024-08-08 07:44:00,0.5637648936324314,-2.896230340351176,3.4599952339836078,2.1212750731399614,9.313374936315428,3.033333333333333,34.4,detector,793,2024-08-10 04:44:00,2024-08-10 04:44:00
NEWK,2024-08-07 00:06:00,2024-08-07 02:20:00,2024-08-07 00:06:00,2024-08-07 08:40:00,2024-08-07 08:42:00,0.7344747821445905,-6.119881034088319,6.85435581623291,2.128105942949017,5.987082169643416,2.2333333333333334,8.566666666666666,detector,793,2024-08-10 04:44:00,2024-08-10 04:44:00
JUNG1,2024-08-07 20:48:00,2024-08-08 00:24:00,2024-08-07 20:48:00,2024-08-09 00:36:00,2024-08-09 00:38:00,0.34455958267808995,-3.5704938564266033,3.9150534391046934,2.0017515864598456,3.4041083077098193,3.6,27.8,detector,793,2024-08-10 04:44:00,2024-08-10 04:44:00
APTY,2024-08-10 04:44:00,2024-08-10 07:04:00,2024-08-10 04:44:00,2024-08-11 13:06:00,2024-08-11 13:10:00,0.02948878097941125,-5.401705537344739,5.431194318324151,2.271344115391308,5.201512959057923,2.3333333333333335,32.36666666666667,detector,793,2024-08-10 04:44:00,2024-08-10 04:44:00
ROME,2024-08-10 10:48:00,2024-08-10 14:04:00,2024-08-10 10:48:00,2024-08-11 19:52:00,2024-08-11 20:02:00,-0.07623782887922,-6.244054671984784,6.167816843105563,2.0145239968721684,9.348837673893732,3.2666666666666666,33.06666666666667,detector,793,2024-08-10 04:44:00,2024-08-10 04:44:00
MXCO,2024-08-10 17:50:00,2024-08-10 19:50:00,2024-08-10 17:50:00,2024-08-11 11:26:00,2024-08-11 11:30:00,0.23715849462658214,-6.414547128553342,6.651705623179924,2.123850225987855,3.7939415951676834,2.0,17.6,detector,793,2024-08-10 04:44:00,2024-08-10 04:44:00
FSMT,2024-08-11 02:02:00,2024-08-11 04:18:00,2024-08-11 02:02:00,2024-08-12 07:08:00,2024-08-12 07:10:00,0.3016648524619565,-6.061610649257914,6.363275501719871,2.081204247096294,3.0037313786088493,2.2666666666666666,29.1,detector,793,2024-08-10 04:44:00,2024-08-10 04:44:00
OULU,2024-08-11 02:26:00,2024-08-11 04:48:00,2024-08-11 02:26:00,2024-08-11 22:14:00,2024-08-11 22:16:00,0.08939860017188475,-7.379147916484936,7.46854651665682,2.10219670735919,7.857386606768054,2.3666666666666667,19.8,detector,793,2024-08-10 04:44:00,2024-08-10 04:44:00
KIEL2,2024-08-11 07:42:00,2024-08-11 10:16:00,2024-08-11 07:42:00,2024-08-11 23:36:00,2024-08-11 23:38:00,-0.5695718701233855,-7.981022142905988,7.411450272782602,2.244842672173589,11.815235078558818,2.566666666666667,15.9,detector,793,2024-08-10 04:44:00,2024-08-10 04:44:00
AATB,2024-08-11 15:28:00,2024-08-11 18:54:00,2024-08-11 15:28:00,2024-08-11 21:10:00,2024-08-11 21:26:00,-1.539100535094207,-5.678943489432893,4.139842954338686,2.236958143437472,9.258917496750817,3.433333333333333,5.7,detector,793,2024-08-10 04:44:00,2024-08-10 04:44:00
FSMT,2024-08-14 08:36:00,2024-08-14 10:50:00,2024-08-14 08:36:00,2024-08-15 08:24:00,2024-08-15 08:26:00,1.0857075934497944,-3.253369237341909,4.339076830791703,2.4369800402490953,6.0132511276037715,2.2333333333333334,23.8,detector,794,2024-08-14 21:16:00,2024-08-14 21:16:00
DRBS,2024-08-14 16:04:00,2024-08-14 18:30:00,2024-08-14 16:04:00,2024-08-16 04:02:00,2024-08-16 04:04:00,1.1508803948506534,-4.89402161770328,6.0449020125539334,2.156779404216592,7.776716046170096,2.433333333333333,35.96666666666667,detector,794,2024-08-14 21:16:00,2024-08-14 21:16:00
KERG,2024-08-14 21:16:00,2024-08-14 23:28:00,2024-08-14 21:16:00,2024-08-15 06:24:00,2024-08-15 06:26:00,2.0142494655914582,-2.571720267977576,4.585969733569034,2.181063918143392,6.492530759873168,2.2,9.133333333333333,detector,794,2024-08-14 21:16:00,2024-08-14 21:16:00
NEWK,2024-08-15 06:38:00,2024-08-15 09:10:00,2024-08-15 06:38:00,2024-08-15 10:24:00,2024-08-15 10:26:00,1.5464421613560413,-4.579579579579583,6.126021740935625,2.0222538276845317,8.314615840704306,2.533333333333333,3.7666666666666666,detector,794,2024-08-14 21:16:00,2024-08-14 21:16:00
APTY,2024-08-15 09:56:00,2024-08-15 13:26:00,2024-08-15 09:56:00,2024-08-15 21:00:00,2024-08-15 21:02:00,1.410356934077197,-3.1875879722574094,4.5979449063346065,2.497563853100496,4.740383088739824,3.5,11.066666666666666,detector,794,2024-08-14 21:16:00,2024-08-14 21:16:00
APTY,2024-08-17 09:04:00,2024-08-17 11:16:00,2024-08-17 09:04:00,2024-08-17 23:20:00,2024-08-17 23:22:00,0.8376167614622927,-3.603287608899681,4.440904370361974,2.200489263970914,3.9098057013702214,2.2,14.266666666666667,detector,795,2024-08-18 00:04:00,2024-08-18 00:04:00
AATB,2024-08-17 15:54:00,2024-08-17 19:16:00,2024-08-17 15:54:00,2024-08-17 23:24:00,2024-08-17 23:26:00,0.0915897363372129,-3.139423842113626,3.2310135784508387,2.0671094228296436,7.728816384594912,3.3666666666666667,7.5,detector,795,2024-08-18 00:04:00,2024-08-18 00:04:00
LMKS,2024-08-18 00:04:00,2024-08-18 02:28:00,2024-08-18 00:04:00,2024-08-18 01:20:00,2024-08-18 01:26:00,0.42555584676269487,-2.757154577192778,3.1827104239554727,2.401082456615877,6.909510451508447,2.4,1.2666666666666666,detector,795,2024-08-18 00:04:00,2024-08-18 00:04:00
FSMT,2024-08-18 02:58:00,2024-08-18 05:12:00,2024-08-18 02:58:00,2024-08-18 09:20:00,2024-08-18 09:22:00,0.040792133912776904,-3.3367759374721033,3.3775680713848804,2.2071394879905086,6.956091502375624,2.2333333333333334,6.366666666666666,detector,795,2024-08-18 00:04:00,2024-08-18 00:04:00
KERG,2024-08-18 15:02:00,2024-08-18 17:02:00,2024-08-18 15:02:00,2024-08-19 16:14:00,2024-08-19 16:16:00,0.5431760112021815,-3.4039633296236325,3.9471393408258137,2.0582370167681723,3.582108582566721,2.0,25.2,detector,795,2024-08-18 00:04:00,2024-08-18 00:04:00
FSMT,2024-08-21 08:46:00,2024-08-21 10:58:00,2024-08-21 08:46:00,2024-08-21 15:54:00,2024-08-21 15:56:00,1.0107747339209432,-2.2476171213308693,3.2583918552518125,2.1254316007765097,4.726571289806569,2.2,7.133333333333334,detector,796,2024-08-21 18:10:00,2024-08-21 18:10:00
LMKS,2024-08-21 16:06:00,2024-08-21 19:16:00,2024-08-21 16:06:00,2024-08-23 03:26:00,2024-08-23 03:34:00,1.2119204972943418,-3.0487933569557506,4.260713854250092,2.26075632427001,3.91376304335412,3.1666666666666665,35.333333333333336,detector,796,2024-08-21 18:10:00,2024-08-21 18:10:00
OULU,2024-08-21 16:22:00,2024-08-21 18:26:00,2024-08-21 16:22:00,2024-08-23 00:20:00,2024-08-23 00:22:00,0.9515884052996364,-4.603548199326803,5.55513660462644,2.0365455312956953,6.573339029947866,2.066666666666667,31.966666666666665,detector,796,2024-08-21 18:10:00,2024-08-21 18:10:00
NEWK,2024-08-21 16:28:00,2024-08-21 20:02:00,2024-08-21 16:28:00,2024-08-22 17:52:00,2024-08-22 17:54:00,1.3749768407162084,-4.807854137447402,6.18283097816361,2.0082440095266514,10.160191079340851,3.566666666666667,25.4,detector,796,2024-08-21 18:10:00,2024-08-21 18:10:00
KERG,2024-08-21 19:52:00,2024-08-21 22:22:00,2024-08-21 19:52:00,2024-08-23 01:54:00,2024-08-23 02:00:00,1.224862636974159,-3.800305362480563,5.025167999454722,2.497885928793467,4.643266083396753,2.5,30.033333333333335,detector,796,2024-08-21 18:10:00,2024-08-21 18:10:00
ROME,2024-08-22 01:18:00,2024-08-22 04:14:00,2024-08-22 01:18:00,2024-08-22 03:12:00,2024-08-22 03:14:00,0.7027232893320726,-3.647838226304755,4.350561515636827,2.317166981603646,3.751461480289371,2.933333333333333,1.9,detector,796,2024-08-21 18:10:00,2024-08-21 18:10:00
KIEL2,2024-08-22 13:16:00,2024-08-22 16:00:00,2024-08-22 13:16:00,2024-08-23 01:42:00,2024-08-23 01:44:00,0.6305998324724642,-5.502376330410336,6.132976162882801,2.114638900561036,3.54380867006316,2.7333333333333334,12.433333333333334,detector,796,2024-08-21 18:10:00,2024-08-21 18:10:00
MXCO,2024-08-22 17:50:00,2024-08-22 20:22:00,2024-08-22 17:50:00,2024-08-23 09:32:00,2024-08-23 09:34:00,0.7235168004768191,-3.7087912087912063,4.432308009268025,2.4597416880006215,5.898085197119478,2.533333333333333,15.7,detector,796,2024-08-21 18:10:00,2024-08-21 18:10:00
KIEL2,2024-08-26 13:34:00,2024-08-26 15:46:00,2024-08-26 13:34:00,2024-08-27 22:36:00,2024-08-27 22:38:00,0.4831991051997315,-6.36551560127566,6.848714706475391,2.368252801829444,11.050224451783366,2.2,33.03333333333333,detector,797,2024-08-28 14:46:00,2024-08-28 14:46:00
APTY,2024-08-26 14:42:00,2024-08-26 19:34:00,2024-08-26 14:42:00,2024-08-27 21:16:00,2024-08-27 21:18:00,0.0705585959072763,-4.198778400929306,4.269336996836582,2.3921277051588516,6.477704430392654,4.866666666666666,30.566666666666666,detector,797,2024-08-28 14:46:00,2024-08-28 14:46:00
OULU,2024-08-26 21:34:00,2024-08-26 23:42:00,2024-08-26 21:34:00,2024-08-28 00:52:00,2024-08-28 00:54:00,0.3851337662542407,-5.8621443200471735,6.247278086301414,2.531927948985889,6.799352126813243,2.1333333333333333,27.3,detector,797,2024-08-28 14:46:00,2024-08-28 14:46:00
BKSN,2024-08-27 22:02:00,2024-08-28 00:44:00,2024-08-27 22:02:00,2024-08-29 04:58:00,2024-08-29 05:00:00,2.3106859776256647,-4.2270760789279365,6.537762056553602,2.0175535467988985,3.25944565345414,2.7,30.933333333333334,detector,797,2024-08-28 14:46:00,2024-08-28 14:46:00
KERG,2024-08-28 02:36:00,2024-08-28 05:24:00,2024-08-28 02:36:00,2024-08-29 01:06:00,2024-08-29 01:10:00,0.04752573498413595,-4.957119338412652,5.004645073396788,2.088505370071815,3.9158188296909984,2.8,22.5,detector,797,2024-08-28 14:46:00,2024-08-28 14:46:00
JUNG1,2024-08-29 02:56:00,2024-08-29 05:40:00,2024-08-29 02:56:00,2024-08-30 03:16:00,2024-08-30 03:24:00,0.6149714488039083,-4.012457952367137,4.627429401171045,2.2786568053372407,6.245881421353388,2.7333333333333334,24.333333333333332,detector,797,2024-08-28 14:46:00,2024-08-28 14:46:00
NEWK,2024-08-29 05:12:00,2024-08-29 08:28:00,2024-08-29 05:12:00,2024-08-30 15:04:00,2024-08-30 15:06:00,0.01129433039029475,-5.888022678951093,5.899317009341388,2.0028172474071373,8.326631746665125,3.2666666666666666,33.86666666666667,detector,797,2024-08-28 14:46:00,2024-08-28 14:46:00
AATB,2024-08-29 07:08:00,2024-08-29 10:02:00,2024-08-29 07:08:00,2024-08-29 19:02:00,2024-08-29 19:04:00,0.0967320734525227,-3.247471554993672,3.3442036284461945,2.2376220584282462,8.579220705479973,2.9,11.9,detector,797,2024-08-28 14:46:00,2024-08-28 14:46:00
MXCO,2024-08-29 15:28:00,2024-08-29 20:10:00,2024-08-29 15:28:00,2024-08-30 07:50:00,2024-08-30 07:54:00,0.027757057310920548,-3.9962520066232945,4.024009063934215,2.5970699809307636,12.558092983160131,4.7,16.366666666666667,detector,797,2024-08-28 14:46:00,2024-08-28 14:46:00
FSMT,2024-08-30 05:34:00,2024-08-30 08:56:00,2024-08-30 05:34:00,2024-08-30 11:16:00,2024-08-30 11:18:00,0.36553251140957066,-3.4313353085669456,3.7968678199765162,2.0617625868410454,6.026426014391031,3.3666666666666667,5.7,detector,797,2024-08-28 14:46:00,2024-08-28 14:46:00
LMKS,2024-08-31 17:58:00,2024-08-31 19:56:00,2024-08-31 17:58:00,2024-08-31 22:24:00,2024-08-31 22:26:00,-0.09722346951654459,-3.1869306518592793,3.0897071823427344,2.1635739054414564,5.282659699272995,1.9666666666666666,4.433333333333334,detector,798,2024-08-31 17:58:00,2024-08-31 17:58:00
JUNG1,2024-09-03 10:22:00,2024-09-03 13:14:00,2024-09-03 10:22:00,2024-09-04 19:06:00,2024-09-04 19:08:00,0.3224065936281111,-3.543703405033787,3.866109998661898,2.572704205946622,7.744128166559027,2.8666666666666667,32.733333333333334,detector,799,2024-09-04 05:09:00,2024-09-04 05:09:00
FSMT,2024-09-03 14:34:00,2024-09-03 17:58:00,2024-09-03 14:34:00,2024-09-04 14:50:00,2024-09-04 14:52:00,0.34976049665472,-3.997184373271652,4.346944869926372,2.5832322467946223,7.836787992817659,3.4,24.266666666666666,detector,799,2024-09-04 05:09:00,2024-09-04 05:09:00
KERG,2024-09-03 16:34:00,2024-09-03 22:32:00,2024-09-03 16:34:00,2024-09-05 01:26:00,2024-09-05 01:28:00,0.8214464661696139,-5.918976259919642,6.740422726089256,2.10419346280369,3.7940846676714024,5.966666666666667,32.86666666666667,detector,799,2024-09-04 05:09:00,2024-09-04 05:09:00
APTY,2024-09-03 17:52:00,2024-09-03 21:12:00,2024-09-03 17:52:00,2024-09-05 03:38:00,2024-09-05 03:46:00,-0.0398055891746998,-4.988645013556789,4.948839424382089,2.2458840081002767,3.36671162804167,3.3333333333333335,33.766666666666666,detector,799,2024-09-04 05:09:00,2024-09-04 05:09:00
CALM,2024-09-03 21:46:00,2024-09-04 00:40:00,2024-09-03 21:46:00,2024-09-05 03:32:00,2024-09-05 03:34:00,-0.012148584332611,-8.582708702866624,8.570560118534013,2.0334549061209946,4.048020424346292,2.9,29.766666666666666,detector,799,2024-09-04 05:09:00,2024-09-04 05:09:00
OULU,2024-09-04 03:40:00,2024-09-04 07:28:00,2024-09-04 03:40:00,2024-09-05 00:52:00,2024-09-05 00:58:00,0.12072535793325184,-6.347742360512838,6.46846771844609,2.0423137835017133,3.9983137631937726,3.8,21.2,detector,799,2024-09-04 05:09:00,2024-09-04 05:09:00
KIEL2,2024-09-04 06:38:00,2024-09-04 09:12:00,2024-09-04 06:38:00,2024-09-05 07:52:00,2024-09-05 07:54:00,-0.07493115566714095,-7.329462102689478,7.254530947022337,2.2718690644951813,6.077618570244739,2.566666666666667,25.233333333333334,detector,799,2024-09-04 05:09:00,2024-09-04 05:09:00
JUNG,2024-09-04 07:54:00,2024-09-04 11:00:00,2024-09-04 07:54:00,2024-09-05 03:20:00,2024-09-05 03:22:00,-0.19195959624493655,-6.343651386950165,6.151691790705228,2.4265800587551016,16.375942142140374,3.1,19.433333333333334,detector,799,2024-09-04 05:09:00,2024-09-04 05:09:00
NEWK,2024-09-04 08:14:00,2024-09-04 10:48:00,2024-09-04 08:14:00,2024-09-05 07:54:00,2024-09-05 07:56:00,0.3810119304952233,-7.166197183098592,7.547209113593815,2.003813636470256,4.49451836058619,2.566666666666667,23.666666666666668,detector,799,2024-09-04 05:09:00,2024-09-04 05:09:00
BKSN,2024-09-04 09:12:00,2024-09-04 11:54:00,2024-09-04 09:12:00,2024-09-05 19:30:00,2024-09-05 19:36:00,-0.11859884603755565,-6.070695630700051,5.952096784662495,2.148105456682248,3.529474957323742,2.7,34.3,detector,799,2024-09-04 05:09:00,2024-09-04 05:09:00
LMKS,2024-09-04 09:34:00,2024-09-04 12:16:00,2024-09-04 09:34:00,2024-09-05 20:42:00,2024-09-05 20:48:00,-0.17841624422060154,-4.582939125624559,4.404522881403958,2.499137347983754,10.52541002273354,2.7,35.13333333333333,detector,799,2024-09-04 05:09:00,2024-09-04 05:09:00
DRBS,2024-09-04 11:54:00,2024-09-04 13:52:00,2024-09-04 11:54:00,2024-09-05 00:28:00,2024-09-05 00:30:00,0.024103409481039402,-7.66346219404104,7.68756560352208,2.107733367147284,4.150143999005488,1.9666666666666666,12.566666666666666,detector,799,2024-09-04 05:09:00,2024-09-04 05:09:00
JUNG,2024-09-09 08:22:00,2024-09-09 13:28:00,2024-09-09 08:22:00,2024-09-09 13:10:00,2024-09-09 13:12:00,-0.34298891989203456,-4.270407263599368,3.927418343707333,2.3750039728883694,11.176414974639084,5.1,4.8,detector,800,2024-09-09 12:46:00,2024-09-09 12:46:00
JUNG1,2024-09-09 12:46:00,2024-09-09 16:04:00,2024-09-09 12:46:00,2024-09-09 23:50:00,2024-09-09 23:52:00,-1.350692621315861,-6.1098624808800945,4.759169859564233,2.098212667320458,8.568538574494013,3.3,11.066666666666666,detector,800,2024-09-09 12:46:00,2024-09-09 12:46:00
DRBS,2024-09-09 13:56:00,2024-09-09 17:02:00,2024-09-09 13:56:00,2024-09-09 22:10:00,2024-09-09 22:16:00,0.6742760791053872,-7.2599342347848435,7.9342103138902305,2.26330094276637,7.985884327758037,3.1,8.233333333333333,detector,800,2024-09-09 12:46:00,2024-09-09 12:46:00
FSMT,2024-09-11 09:36:00,2024-09-11 12:12:00,2024-09-11 09:36:00,2024-09-12 11:30:00,2024-09-12 11:34:00,0.025691727899004,-4.436806131721393,4.462497859620397,2.01640782398689,6.8471284492170765,2.6,25.9,detector,801,2024-09-12 11:32:00,2024-09-12 11:32:00
KIEL2,2024-09-11 14:36:00,2024-09-11 17:10:00,2024-09-11 14:36:00,2024-09-13 01:00:00,2024-09-13 01:02:00,0.6243747873713957,-5.1118633810541505,5.736238168425547,2.132590617651346,9.19949191648602,2.566666666666667,34.4,detector,801,2024-09-12 11:32:00,2024-09-12 11:32:00
JUNG1,2024-09-11 19:16:00,2024-09-11 21:18:00,2024-09-11 19:16:00,2024-09-13 00:08:00,2024-09-13 00:10:00,0.0438997936568116,-3.146181736913458,3.1900815305702697,2.5580433366422186,3.67874271125009,2.033333333333333,28.866666666666667,detector,801,2024-09-12 11:32:00,2024-09-12 11:32:00
OULU,2024-09-12 09:30:00,2024-09-12 13:08:00,2024-09-12 09:30:00,2024-09-13 01:36:00,2024-09-13 01:38:00,0.6299451992158989,-6.172564966007999,6.802510165223898,2.269670483112318,3.325044506977826,3.6333333333333333,16.1,detector,801,2024-09-12 11:32:00,2024-09-12 11:32:00
BKSN,2024-09-12 11:32:00,2024-09-12 14:18:00,2024-09-12 11:32:00,2024-09-12 23:32:00,2024-09-12 23:34:00,0.6915082185899162,-5.340050157343497,6.031558375933413,2.0155536394129716,4.442376049183479,2.7666666666666666,12.0,detector,801,2024-09-12 11:32:00,2024-09-12 11:32:00
NEWK,2024-09-12 16:24:00,2024-09-12 18:34:00,2024-09-12 16:24:00,2024-09-13 04:56:00,2024-09-13 04:58:00,0.5873370139786209,-4.650208174514752,5.237545188493373,2.099054253901087,6.811959184922332,2.1666666666666665,12.533333333333333,detector,801,2024-09-12 11:32:00,2024-09-12 11:32:00
KERG,2024-09-13 02:08:00,2024-09-13 04:30:00,2024-09-13 02:08:00,2024-09-13 23:36:00,2024-09-13 23:38:00,0.30255326550676886,-3.2956551484780054,3.598208413984774,2.0179870316276687,5.76731386189215,2.3666666666666667,21.466666666666665,detector,801,2024-09-12 11:32:00,2024-09-12 11:32:00
LMKS,2024-09-13 03:16:00,2024-09-13 06:10:00,2024-09-13 03:16:00,2024-09-13 16:38:00,2024-09-13 16:42:00,1.508983155215181,-2.7679627430296736,4.276945898244854,2.5461661198118355,10.300914632899154,2.9,13.366666666666667,detector,801,2024-09-12 11:32:00,2024-09-12 11:32:00
ROME,2024-09-13 10:22:00,2024-09-13 14:34:00,2024-09-13 10:22:00,2024-09-13 22:08:00,2024-09-13 22:10:00,0.7683642260144921,-4.042039943060248,4.81040416907474,2.190364934543662,5.815741566150488,4.2,11.766666666666667,detector,801,2024-09-12 11:32:00,2024-09-12 11:32:00
LMKS,2024-09-15 11:44:00,2024-09-15 15:04:00,2024-09-15 11:44:00,2024-09-16 07:02:00,2024-09-16 07:04:00,0.04316433660629155,-2.659193485086344,2.702357821692636,2.4365983308530037,9.133738646380044,3.3333333333333335,19.3,detector,802,2024-09-16 20:52:00,2024-09-16 20:52:00
FSMT,2024-09-16 18:04:00,2024-09-16 20:02:00,2024-09-16 18:04:00,2024-09-17 20:00:00,2024-09-17 20:04:00,0.42004329875057655,-5.075029060551617,5.495072359302194,2.0002655142472845,5.262275552579918,1.9666666666666666,25.933333333333334,detector,802,2024-09-16 20:52:00,2024-09-16 20:52:00
JUNG1,2024-09-16 20:32:00,2024-09-16 23:34:00,2024-09-16 20:32:00,2024-09-18 06:16:00,2024-09-18 06:18:00,0.08480115596341925,-5.633065204215519,5.717866360178939,2.198299049689746,13.139841522682763,3.033333333333333,33.733333333333334,detector,802,2024-09-16 20:52:00,2024-09-16 20:52:00
APTY,2024-09-16 20:52:00,2024-09-16 22:52:00,2024-09-16 20:52:00,2024-09-17 02:02:00,2024-09-17 02:04:00,0.09554490556917555,-4.565960221074102,4.661505126643277,2.100963246704169,4.243681576081869,2.0,5.166666666666667,detector,802,2024-09-16 20:52:00,2024-09-16 20:52:00
JUNG,2024-09-17 00:56:00,2024-09-17 02:54:00,2024-09-17 00:56:00,2024-09-17 14:34:00,2024-09-17 14:38:00,0.0487285981545975,-4.777939885080517,4.826668483235115,2.1182021938644584,4.194010239685095,1.9666666666666666,13.633333333333333,detector,802,2024-09-16 20:52:00,2024-09-16 20:52:00
AATB,2024-09-17 06:34:00,2024-09-17 08:54:00,2024-09-17 06:34:00,2024-09-17 12:40:00,2024-09-17 12:50:00,-0.22039466980587516,-3.2341156267887956,3.0137209569829206,2.164214373840134,6.749668860972852,2.3333333333333335,6.1,detector,802,2024-09-16 20:52:00,2024-09-16 20:52:00
ROME,2024-09-17 11:18:00,2024-09-17 13:22:00,2024-09-17 11:18:00,2024-09-17 13:36:00,2024-09-17 13:44:00,-0.0280871417227262,-6.006808510638304,5.978721368915577,2.1338220647070885,3.9937825209075775,2.066666666666667,2.3,detector,802,2024-09-16 20:52:00,2024-09-16 20:52:00
BKSN,2024-09-19 18:06:00,2024-09-19 20:04:00,2024-09-19 18:06:00,2024-09-21 03:26:00,2024-09-21 03:28:00,-0.28082066436173037,-6.145690683394446,5.864870019032716,2.029624937671079,5.627605643494687,1.9666666666666666,33.333333333333336,detector,803,2024-09-19 18:06:00,2024-09-19 18:06:00
AATB,2024-09-24 15:38:00,2024-09-24 17:38:00,2024-09-24 15:38:00,2024-09-26 02:32:00,2024-09-26 02:34:00,1.2706012929156265,-1.8867157321188992,3.1573170250345255,2.647826990628929,6.324596011196621,2.0,34.9,detector,804,2024-09-25 11:29:00,2024-09-25 11:29:00
OULU,2024-09-25 02:24:00,2024-09-25 07:14:00,2024-09-25 02:24:00,2024-09-25 18:52:00,2024-09-25 18:54:00,0.9620874875689713,-5.679601697098423,6.641689184667395,2.166943881387047,8.520013918506773,4.833333333333333,16.466666666666665,detector,804,2024-09-25 11:29:00,2024-09-25 11:29:00
JUNG,2024-09-25 07:44:00,2024-09-25 09:48:00,2024-09-25 07:44:00,2024-09-26 00:32:00,2024-09-26 00:34:00,1.8947153136287842,-3.6233527871151447,5.518068100743929,2.2774616454890455,6.56356530058474,2.066666666666667,16.8,detector,804,2024-09-25 11:29:00,2024-09-25 11:29:00
LMKS,2024-09-25 10:56:00,2024-09-25 13:28:00,2024-09-25 10:56:00,2024-09-26 08:16:00,2024-09-26 08:22:00,1.6290850564251347,-3.623323841668781,5.252408898093916,2.3002901446357567,5.6094622027373715,2.533333333333333,21.333333333333332,detector,804,2024-09-25 11:29:00,2024-09-25 11:29:00
APTY,2024-09-25 12:02:00,2024-09-25 14:30:00,2024-09-25 12:02:00,2024-09-26 02:02:00,2024-09-26 02:04:00,0.8629520360103204,-3.157112149079565,4.020064185089885,2.226694233879773,3.492323391457927,2.466666666666667,14.0,detector,804,2024-09-25 11:29:00,2024-09-25 11:29:00
MXCO,2024-09-25 17:08:00,2024-09-25 20:32:00,2024-09-25 17:08:00,2024-09-26 20:28:00,2024-09-26 20:30:00,0.8571514706033979,-3.221553964664704,4.078705435268102,2.2134713209620043,7.565754887553333,3.4,27.333333333333332,detector,804,2024-09-25 11:29:00,2024-09-25 11:29:00
NEWK,2024-09-26 00:34:00,2024-09-26 03:22:00,2024-09-26 00:34:00,2024-09-26 03:32:00,2024-09-26 03:34:00,0.7810439065347621,-4.7238117482190844,5.504855654753847,2.0196349704782506,9.01539832786773,2.8,2.966666666666667,detector,804,2024-09-25 11:29:00,2024-09-25 11:29:00
JUNG1,2024-09-26 06:34:00,2024-09-26 08:42:00,2024-09-26 06:34:00,2024-09-27 02:50:00,2024-09-27 02:54:00,0.285135902976206,-3.3996226376488323,3.6847585406250385,2.0810508103992924,5.048416119300831,2.1333333333333333,20.266666666666666,detector,804,2024-09-25 11:29:00,2024-09-25 11:29:00
BKSN,2024-09-27 18:34:00,2024-09-27 22:08:00,2024-09-27 18:34:00,2024-09-27 23:12:00,2024-09-27 23:14:00,0.38492373514959133,-4.791994383270675,5.176918118420266,2.3900785979055983,8.412484721588754,3.566666666666667,4.633333333333334,detector,805,2024-09-27 18:34:00,2024-09-27 18:34:00
APTY,2024-09-28 12:44:00,2024-09-28 14:48:00,2024-09-28 12:44:00,2024-09-29 23:52:00,2024-09-29 23:54:00,0.9982473533544618,-2.9240880083817617,3.9223353617362235,2.0854899348171605,3.2449199048703496,2.066666666666667,35.13333333333333,detector,806,2024-09-30 07:22:00,2024-09-30 07:22:00
LMKS,2024-09-28 23:32:00,2024-09-29 01:52:00,2024-09-28 23:32:00,2024-09-30 00:00:00,2024-09-30 00:02:00,0.6180144132029226,-2.950910428589818,3.5689248417927404,2.1136154059395493,7.325372705193184,2.3333333333333335,24.466666666666665,detector,806,2024-09-30 07:22:00,2024-09-30 07:22:00
KIEL2,2024-09-29 00:54:00,2024-09-29 03:34:00,2024-09-29 00:54:00,2024-09-29 12:52:00,2024-09-29 12:54:00,0.7167803245392929,-4.895688629468824,5.612468954008118,2.463101606223424,9.25836393380686,2.6666666666666665,11.966666666666667,detector,806,2024-09-30 07:22:00,2024-09-30 07:22:00
CALM,2024-09-29 05:04:00,2024-09-29 08:26:00,2024-09-29 05:04:00,2024-09-30 10:10:00,2024-09-30 10:12:00,0.5873502543060194,-10.436361540235184,11.023711794541203,2.1780491408637954,6.397824007718105,3.3666666666666667,29.1,detector,806,2024-09-30 07:22:00,2024-09-30 07:22:00
NEWK,2024-09-30 07:22:00,2024-09-30 11:36:00,2024-09-30 07:22:00,2024-10-01 08:14:00,2024-10-01 08:18:00,0.40321170221166003,-5.208092485549128,5.611304187760788,2.0590376281007603,9.332358257347462,4.233333333333333,24.866666666666667,detector,806,2024-09-30 07:22:00,2024-09-30 07:22:00
FSMT,2024-09-30 10:48:00,2024-09-30 13:36:00,2024-09-30 10:48:00,2024-10-01 14:34:00,2024-10-01 14:36:00,0.2811961046224142,-3.2515305859957775,3.532726690618192,2.134729279894992,3.754592851222493,2.8,27.766666666666666,detector,806,2024-09-30 07:22:00,2024-09-30 07:22:00
JUNG,2024-09-30 17:46:00,2024-09-30 20:00:00,2024-09-30 17:46:00,2024-10-02 03:26:00,2024-10-02 03:28:00,0.08137384029513645,-4.363651263000481,4.445025103295618,2.09635979252964,6.308780622729935,2.2333333333333334,33.666666666666664,detector,806,2024-09-30 07:22:00,2024-09-30 07:22:00
KERG,2024-09-30 22:00:00,2024-10-01 01:02:00,2024-09-30 22:00:00,2024-10-01 02:14:00,2024-10-01 02:16:00,0.2628894229038824,-4.773323415417135,5.036212838321017,2.0971676059519617,6.8252737465991915,3.033333333333333,4.233333333333333,detector,806,2024-09-30 07:22:00,2024-09-30 07:22:00
JUNG1,2024-10-01 19:10:00,2024-10-01 22:10:00,2024-10-01 19:10:00,2024-10-02 03:26:00,2024-10-02 03:28:00,-0.45271763832398176,-4.030242990434414,3.577525352110432,2.5422923065995184,4.650224529859243,3.0,8.266666666666667,detector,806,2024-09-30 07:22:00,2024-09-30 07:22:00
FSMT,2024-10-03 22:04:00,2024-10-04 02:58:00,2024-10-03 22:04:00,2024-10-05 05:20:00,2024-10-05 05:22:00,0.1840766706516886,-2.9939039321570826,3.177980602808771,2.0310574038870453,8.275989438739495,4.9,31.266666666666666,detector,807,2024-10-03 22:04:00,2024-10-03 22:04:00
APTY,2024-10-05 19:04:00,2024-10-05 23:02:00,2024-10-05 19:04:00,2024-10-06 21:38:00,2024-10-06 22:48:00,-0.0984083424220232,-6.606539184430133,6.50813084200811,2.426341935631179,5.126371188447251,3.966666666666667,26.566666666666666,detector,808,2024-10-06 08:50:00,2024-10-06 08:50:00
JUNG,2024-10-06 07:10:00,2024-10-06 09:20:00,2024-10-06 07:10:00,2024-10-06 16:18:00,2024-10-06 16:20:00,0.07256205913247374,-5.508412055163041,5.580974114295515,2.0540080517938044,3.606282349017214,2.1666666666666665,9.133333333333333,detector,808,2024-10-06 08:50:00,2024-10-06 08:50:00
DRBS,2024-10-06 07:30:00,2024-10-06 11:16:00,2024-10-06 07:30:00,2024-10-06 22:04:00,2024-10-06 22:06:00,0.024736613863222498,-10.817560858183128,10.84229747204635,2.726446605110462,7.328951783723207,3.7666666666666666,14.566666666666666,detector,808,2024-10-06 08:50:00,2024-10-06 08:50:00
BKSN,2024-10-06 08:50:00,2024-10-06 10:56:00,2024-10-06 08:50:00,2024-10-06 20:48:00,2024-10-06 21:10:00,-0.07468532339350595,-5.9640939027550575,5.889408579361551,2.776290906613303,6.890736517642518,2.1,11.966666666666667,detector,808,2024-10-06 08:50:00,2024-10-06 08:50:00
KERG,2024-10-06 15:32:00,2024-10-06 18:16:00,2024-10-06 15:32:00,2024-10-06 22:16:00,2024-10-06 23:52:00,-0.2921164565509568,-5.228893967726294,4.936777511175337,2.2908992593944895,4.818262182092453,2.7333333333333334,6.733333333333333,detector,808,2024-10-06 08:50:00,2024-10-06 08:50:00
MXCO,2024-10-06 22:10:00,2024-10-07 02:24:00,2024-10-06 22:10:00,2024-10-07 01:34:00,2024-10-07 01:40:00,-1.0676257096321684,-4.267358245903564,3.1997325362713953,2.1666671652977323,4.0072399701925825,4.233333333333333,3.4,detector,808,2024-10-06 08:50:00,2024-10-06 08:50:00
NEWK,2024-10-06 23:42:00,2024-10-07 03:48:00,2024-10-06 23:42:00,2024-10-07 01:04:00,2024-10-07 01:08:00,-1.00828649243784,-5.57782813317066,4.56954164073282,2.1154866141410738,5.101814541786742,4.1,1.3666666666666667,detector,808,2024-10-06 08:50:00,2024-10-06 08:50:00
KIEL2,2024-10-10 04:18:00,2024-10-10 07:14:00,2024-10-10 04:18:00,2024-10-11 13:38:00,2024-10-11 13:42:00,0.8746766062074184,-11.464276188679484,12.338952794886902,2.480963102442689,7.426344674034873,2.933333333333333,33.333333333333336,detector,809,2024-10-10 18:10:00,2024-10-10 18:10:00
APTY,2024-10-10 12:42:00,2024-10-10 15:38:00,2024-10-10 12:42:00,2024-10-10 17:32:00,2024-10-10 18:34:00,0.8362494511489316,-3.2225264501036857,4.058775901252617,2.185582518568987,8.13576995679938,2.933333333333333,4.833333333333333,detector,809,2024-10-10 18:10:00,2024-10-10 18:10:00
ROME,2024-10-10 18:10:00,2024-10-10 20:30:00,2024-10-10 18:10:00,2024-10-11 08:36:00,2024-10-11 08:40:00,0.46092042051741455,-6.884531590413948,7.345452010931362,2.2310246798857767,9.269843631088284,2.3333333333333335,14.433333333333334,detector,809,2024-10-10 18:10:00,2024-10-10 18:10:00
OULU,2024-10-10 19:08:00,2024-10-10 21:52:00,2024-10-10 19:08:00,2024-10-10 19:52:00,2024-10-10 19:58:00,0.4337463398147917,-4.047484699856769,4.4812310396715604,2.1375777160880096,4.313841887991645,2.7333333333333334,0.7333333333333333,detector,809,2024-10-10 18:10:00,2024-10-10 18:10:00
DRBS,2024-10-11 00:06:00,2024-10-11 02:28:00,2024-10-11 00:06:00,2024-10-11 03:02:00,2024-10-11 03:10:00,0.556849938424574,-7.878276099330709,8.435126037755282,2.0637248593274475,3.514617628967263,2.3666666666666667,2.933333333333333,detector,809,2024-10-10 18:10:00,2024-10-10 18:10:00
JUNG1,2024-10-16 04:20:00,2024-10-16 07:18:00,2024-10-16 04:20:00,2024-10-17 09:08:00,2024-10-17 09:10:00,3.9540766209038356,-2.02969398201761,5.983770602921446,2.113566471744715,3.0832330222828275,2.966666666666667,28.8,detector,810,2024-10-17 08:22:00,2024-10-17 08:22:00
KIEL2,2024-10-16 11:24:00,2024-10-16 14:42:00,2024-10-16 11:24:00,2024-10-17 17:12:00,2024-10-17 17:14:00,2.8902173472125643,-4.347798271372724,7.238015618585289,2.1552237732181863,8.73912547324722,3.3,29.8,detector,810,2024-10-17 08:22:00,2024-10-17 08:22:00
APTY,2024-10-16 20:58:00,2024-10-16 23:20:00,2024-10-16 20:58:00,2024-10-17 18:30:00,2024-10-17 18:32:00,1.8669903649362256,-2.6161214235777557,4.483111788513981,2.719012035023633,8.047484676110049,2.3666666666666667,21.533333333333335,detector,810,2024-10-17 08:22:00,2024-10-17 08:22:00
BKSN,2024-10-17 04:10:00,2024-10-17 07:08:00,2024-10-17 04:10:00,2024-10-18 04:12:00,2024-10-18 04:14:00,2.1795348794480676,-4.218019263395072,6.3975541428431395,2.17113282749128,4.558746637924434,2.966666666666667,24.033333333333335,detector,810,2024-10-17 08:22:00,2024-10-17 08:22:00
LMKS,2024-10-17 12:34:00,2024-10-17 15:06:00,2024-10-17 12:34:00,2024-10-18 20:18:00,2024-10-18 20:20:00,1.2235199077755392,-1.7724139890618549,2.995933896837394,2.5203533686283905,5.783042772227199,2.533333333333333,31.733333333333334,detector,810,2024-10-17 08:22:00,2024-10-17 08:22:00
OULU,2024-10-17 15:38:00,2024-10-17 18:24:00,2024-10-17 15:38:00,2024-10-18 21:52:00,2024-10-18 21:58:00,1.0693464746996435,-4.552978375740081,5.622324850439725,2.325268039293566,4.822988201694643,2.7666666666666666,30.233333333333334,detector,810,2024-10-17 08:22:00,2024-10-17 08:22:00
FSMT,2024-10-18 08:46:00,2024-10-18 10:58:00,2024-10-18 08:46:00,2024-10-19 19:56:00,2024-10-19 19:58:00,0.9743086479333778,-3.172707105446235,4.147015753379613,2.38970395690883,5.800434780752388,2.2,35.166666666666664,detector,810,2024-10-17 08:22:00,2024-10-17 08:22:00
KERG,2024-10-18 15:14:00,2024-10-18 17:38:00,2024-10-18 15:14:00,2024-10-19 06:08:00,2024-10-19 06:18:00,1.3819700159488617,-2.8882639839195576,4.270233999868419,2.052583736817687,3.896516113505076,2.4,14.9,detector,810,2024-10-17 08:22:00,2024-10-17 08:22:00
JUNG,2024-10-25 14:58:00,2024-10-25 17:40:00,2024-10-25 14:58:00,2024-10-26 22:14:00,2024-10-26 22:22:00,0.32864533939307805,-4.59372667702863,4.922372016421708,2.055869921439649,3.7638246331697416,2.7,31.266666666666666,detector,811,2024-10-26 21:06:00,2024-10-26 21:06:00
JUNG1,2024-10-25 16:22:00,2024-10-25 18:56:00,2024-10-25 16:22:00,2024-10-27 04:16:00,2024-10-27 04:20:00,0.4654473529352354,-5.409067068531198,5.874514421466433,2.074220639390953,4.901070556567711,2.566666666666667,35.9,detector,811,2024-10-26 21:06:00,2024-10-26 21:06:00
LMKS,2024-10-25 17:06:00,2024-10-25 19:44:00,2024-10-25 17:06:00,2024-10-27 04:50:00,2024-10-27 05:00:00,0.47259523606464593,-4.5387012435723,5.011296479636946,2.2742473688250655,2.763394609943428,2.6333333333333333,35.733333333333334,detector,811,2024-10-26 21:06:00,2024-10-26 21:06:00
NEWK,2024-10-25 18:12:00,2024-10-25 21:28:00,2024-10-25 18:12:00,2024-10-27 03:34:00,2024-10-27 03:36:00,0.5050650188020716,-5.6864988558352385,6.1915638746373105,2.323754058191769,6.010733205720244,3.2666666666666666,33.36666666666667,detector,811,2024-10-26 21:06:00,2024-10-26 21:06:00
AATB,2024-10-26 15:24:00,2024-10-26 18:08:00,2024-10-26 15:24:00,2024-10-27 16:10:00,2024-10-27 17:04:00,0.05018573897039475,-4.620036283007455,4.67022202197785,2.018620230359605,11.700802411697104,2.7333333333333334,24.766666666666666,detector,811,2024-10-26 21:06:00,2024-10-26 21:06:00
KIEL2,2024-10-26 21:06:00,2024-10-27 00:56:00,2024-10-26 21:06:00,2024-10-28 06:36:00,2024-10-28 06:40:00,0.06952941722518255,-7.77725073522436,7.846780152449543,2.2860772841307293,5.6559457833036255,3.8333333333333335,33.5,detector,811,2024-10-26 21:06:00,2024-10-26 21:06:00
ROME,2024-10-26 23:40:00,2024-10-27 02:02:00,2024-10-26 23:40:00,2024-10-28 07:48:00,2024-10-28 07:50:00,-0.054703910938472156,-7.259605179367448,7.2049012684289755,2.1426852014461404,3.756200806081947,2.3666666666666667,32.13333333333333,detector,811,2024-10-26 21:06:00,2024-10-26 21:06:00
MXCO,2024-10-27 04:44:00,2024-10-27 07:14:00,2024-10-27 04:44:00,2024-10-27 11:24:00,2024-10-27 11:26:00,-0.34418315461321525,-5.2957453603657125,4.951562205752497,2.1024478247229923,3.712384037899105,2.5,6.666666666666667,detector,811,2024-10-26 21:06:00,2024-10-26 21:06:00
CALM,2024-10-27 07:08:00,2024-10-27 10:10:00,2024-10-27 07:08:00,2024-10-27 21:54:00,2024-10-27 21:56:00,-0.15273449485436064,-10.701336222462976,10.548601727608615,2.067646030954957,7.145679112269256,3.033333333333333,14.766666666666667,detector,811,2024-10-26 21:06:00,2024-10-26 21:06:00
DRBS,2024-10-27 13:26:00,2024-10-27 16:00:00,2024-10-27 13:26:00,2024-10-28 22:34:00,2024-10-28 22:36:00,-1.3046695728700333,-9.637575664700018,8.332906091829985,2.231260070072715,5.756265360426862,2.566666666666667,33.13333333333333,detector,811,2024-10-26 21:06:00,2024-10-26 21:06:00
APTY,2024-10-28 20:38:00,2024-10-28 23:02:00,2024-10-28 20:38:00,2024-10-28 22:20:00,2024-10-28 22:24:00,-2.607797243604869,-5.871356679905319,3.2635594363004503,2.311257768899605,6.755219213565551,2.4,1.7,detector,811,2024-10-26 21:06:00,2024-10-26 21:06:00
OULU,2024-11-05 18:54:00,2024-11-05 22:18:00,2024-11-05 18:54:00,2024-11-05 22:38:00,2024-11-05 22:42:00,2.187681329799183,-2.9999999999999893,5.187681329799172,2.473453554482696,11.05620574600286,3.4,3.7333333333333334,detector,812,2024-11-07 10:22:00,2024-11-07 10:22:00
KIEL2,2024-11-07 07:38:00,2024-11-07 10:34:00,2024-11-07 07:38:00,2024-11-08 19:08:00,2024-11-08 19:10:00,1.7475292229652317,-6.220371287208813,7.967900510174045,2.2345158644495773,3.708941719455899,2.933333333333333,35.5,detector,812,2024-11-07 10:22:00,2024-11-07 10:22:00
NEWK,2024-11-07 09:22:00,2024-11-07 11:22:00,2024-11-07 09:22:00,2024-11-08 10:30:00,2024-11-08 10:32:00,1.3548348420358436,-3.674509571504765,5.029344413540608,2.240107468173267,5.91990548114461,2.0,25.133333333333333,detector,812,2024-11-07 10:22:00,2024-11-07 10:22:00
DRBS,2024-11-07 11:22:00,2024-11-07 13:56:00,2024-11-07 11:22:00,2024-11-08 14:46:00,2024-11-08 14:48:00,1.943031447740103,-6.519627042947036,8.462658490687138,2.3187308442591283,9.22850803128354,2.566666666666667,27.4,detector,812,2024-11-07 10:22:00,2024-11-07 10:22:00
BKSN,2024-11-07 18:16:00,2024-11-07 20:56:00,2024-11-07 18:16:00,2024-11-08 16:22:00,2024-11-08 16:24:00,1.1336216059056228,-4.499219292941144,5.6328408988467675,2.104564567317767,7.312301889780212,2.6666666666666665,22.1,detector,812,2024-11-07 10:22:00,2024-11-07 10:22:00
FSMT,2024-11-08 13:58:00,2024-11-08 16:52:00,2024-11-08 13:58:00,2024-11-09 02:50:00,2024-11-09 02:52:00,0.3189220730400558,-3.8640825976038222,4.183004670643878,2.410437514326812,8.708452860199571,2.9,12.866666666666667,detector,812,2024-11-07 10:22:00,2024-11-07 10:22:00
KIEL2,2024-11-12 15:36:00,2024-11-12 20:10:00,2024-11-12 15:36:00,2024-11-13 04:14:00,2024-11-13 04:16:00,0.4772324860586779,-7.013971414806494,7.491203900865171,2.096484896656869,3.9344744936906295,4.566666666666666,12.633333333333333,detector,813,2024-11-12 15:36:00,2024-11-12 15:36:00
JUNG1,2024-11-15 08:12:00,2024-11-15 11:36:00,2024-11-15 08:12:00,2024-11-16 05:10:00,2024-11-16 05:12:00,0.7837000057638566,-2.141054735763281,2.9247547415271375,2.221823647028588,6.587073525254059,3.4,20.966666666666665,detector,814,2024-11-15 08:12:00,2024-11-15 08:12:00
KERG,2024-11-18 19:46:00,2024-11-18 21:54:00,2024-11-18 19:46:00,2024-11-19 15:00:00,2024-11-19 15:02:00,0.42161814634524225,-3.7051704949919384,4.126788641337181,2.180869040144254,7.854349218963567,2.1333333333333333,19.233333333333334,detector,815,2024-11-20 21:28:00,2024-11-20 21:28:00
ATHN,2024-11-20 00:38:00,2024-11-20 02:38:00,2024-11-20 00:38:00,2024-11-21 12:02:00,2024-11-21 12:04:00,0.37232811166626945,-5.374583308965433,5.746911420631703,2.322846850805243,5.068456482767847,2.0,35.4,detector,815,2024-11-20 21:28:00,2024-11-20 21:28:00
CALM,2024-11-20 20:22:00,2024-11-20 22:34:00,2024-11-20 20:22:00,2024-11-21 22:10:00,2024-11-21 22:12:00,0.2207100468346757,-8.526850507982592,8.747560554817268,2.5410515529095523,10.098466874761105,2.2,25.8,detector,815,2024-11-20 21:28:00,2024-11-20 21:28:00
FSMT,2024-11-20 20:46:00,2024-11-20 23:14:00,2024-11-20 20:46:00,2024-11-21 13:48:00,2024-11-21 13:50:00,1.0897813235237268,-4.009016683485567,5.098798007009293,2.0819483078714014,3.7136262961917903,2.466666666666667,17.033333333333335,detector,815,2024-11-20 21:28:00,2024-11-20 21:28:00
LMKS,2024-11-20 22:10:00,2024-11-21 00:48:00,2024-11-20 22:10:00,2024-11-22 03:46:00,2024-11-22 03:56:00,0.8940425360491402,-3.3661456120871365,4.260188148136277,2.031781441219565,3.3020276907994086,2.6333333333333333,29.6,detector,815,2024-11-20 21:28:00,2024-11-20 21:28:00
JUNG1,2024-11-21 07:02:00,2024-11-21 09:42:00,2024-11-21 07:02:00,2024-11-21 18:02:00,2024-11-21 18:04:00,0.13242962383299844,-4.912852328773232,5.0452819526062305,2.36115492911118,7.726516917097896,2.6666666666666665,11.0,detector,815,2024-11-20 21:28:00,2024-11-20 21:28:00
MXCO,2024-11-21 18:08:00,2024-11-21 20:48:00,2024-11-21 18:08:00,2024-11-22 09:34:00,2024-11-22 09:36:00,0.1216409319487042,-4.075536415977977,4.197177347926681,2.230331439876315,7.700577941743123,2.6666666666666665,15.433333333333334,detector,815,2024-11-20 21:28:00,2024-11-20 21:28:00
KIEL2,2024-11-21 21:58:00,2024-11-22 00:20:00,2024-11-21 21:58:00,2024-11-23 04:32:00,2024-11-23 04:34:00,0.5464669480668229,-5.079721226403263,5.626188174470086,2.05131826233458,3.660453985269748,2.3666666666666667,30.566666666666666,detector,815,2024-11-20 21:28:00,2024-11-20 21:28:00
BKSN,2024-11-24 14:42:00,2024-11-24 17:04:00,2024-11-24 14:42:00,2024-11-26 02:04:00,2024-11-26 02:06:00,0.47285168544494993,-4.7736380254315325,5.2464897108764825,2.129079078615838,7.974146357061865,2.3666666666666667,35.36666666666667,detector,816,2024-11-25 04:18:00,2024-11-25 04:18:00
JUNG,2024-11-25 00:32:00,2024-11-25 02:42:00,2024-11-25 00:32:00,2024-11-25 23:54:00,2024-11-25 23:56:00,0.5090225916438749,-3.5277064068919217,4.036728998535796,2.323594797787254,4.75667192491273,2.1666666666666665,23.366666666666667,detector,816,2024-11-25 04:18:00,2024-11-25 04:18:00
JUNG1,2024-11-25 04:18:00,2024-11-25 07:10:00,2024-11-25 04:18:00,2024-11-25 12:10:00,2024-11-25 12:12:00,0.7783053005504905,-3.3422358895964503,4.120541190146941,2.3065689998689223,6.992890555081196,2.8666666666666667,7.866666666666666,detector,816,2024-11-25 04:18:00,2024-11-25 04:18:00
ROME,2024-11-25 09:56:00,2024-11-25 11:54:00,2024-11-25 09:56:00,2024-11-25 19:52:00,2024-11-25 19:54:00,0.0050699959920506,-5.082858010732728,5.087928006724779,2.4065184517086404,7.540938387263992,1.9666666666666666,9.933333333333334,detector,816,2024-11-25 04:18:00,2024-11-25 04:18:00
FSMT,2024-11-25 10:34:00,2024-11-25 13:58:00,2024-11-25 10:34:00,2024-11-25 15:10:00,2024-11-25 15:12:00,0.2200676269334852,-3.2371340503843187,3.457201677317804,2.557202256252108,5.985251557605109,3.4,4.6,detector,816,2024-11-25 04:18:00,2024-11-25 04:18:00
ROME,2024-11-27 21:02:00,2024-11-27 23:24:00,2024-11-27 21:02:00,2024-11-29 00:34:00,2024-11-29 00:38:00,-0.08282834923379989,-5.177322443845767,5.094494094611966,2.2019634222715956,5.787601831595547,2.3666666666666667,27.533333333333335,detector,817,2024-11-28 19:04:00,2024-11-28 19:04:00
FSMT,2024-11-28 02:34:00,2024-11-28 04:46:00,2024-11-28 02:34:00,2024-11-29 13:52:00,2024-11-29 13:56:00,-0.21580468771782868,-5.3909983719342405,5.175193684216412,2.11015224923495,5.756832904062853,2.2,35.3,detector,817,2024-11-28 19:04:00,2024-11-28 19:04:00
MXCO,2024-11-28 07:34:00,2024-11-28 10:32:00,2024-11-28 07:34:00,2024-11-29 03:52:00,2024-11-29 03:54:00,-0.07922444097155526,-4.030084998156328,3.9508605571847726,2.2597717562961757,18.03162767197443,2.966666666666667,20.3,detector,817,2024-11-28 19:04:00,2024-11-28 19:04:00
KERG,2024-11-28 19:04:00,2024-11-28 22:00:00,2024-11-28 19:04:00,2024-11-29 04:56:00,2024-11-29 05:02:00,-0.6615223997055497,-4.3922726320723635,3.730750232366814,2.150369656951736,6.539681025123601,2.933333333333333,9.866666666666667,detector,817,2024-11-28 19:04:00,2024-11-28 19:04:00
APTY,2024-11-28 21:26:00,2024-11-28 23:40:00,2024-11-28 21:26:00,2024-11-30 02:28:00,2024-11-30 02:34:00,-0.3872942159942109,-5.253563627722569,4.866269411728358,2.0113300048000227,3.215485884344419,2.2333333333333334,29.033333333333335,detector,817,2024-11-28 19:04:00,2024-11-28 19:04:00
NEWK,2024-11-29 06:58:00,2024-11-29 10:00:00,2024-11-29 06:58:00,2024-11-29 07:30:00,2024-11-29 07:32:00,-1.1471525583314972,-5.190412317023389,4.043259758691892,2.1290795376099605,4.140858433852935,3.033333333333333,0.5333333333333333,detector,817,2024-11-28 19:04:00,2024-11-28 19:04:00
KIEL2,2024-11-29 13:36:00,2024-11-29 15:38:00,2024-11-29 13:36:00,2024-11-30 21:08:00,2024-11-30 21:10:00,-1.1356943122804588,-9.734788079534471,8.599093767254013,2.6101776793360236,8.568466997460698,2.033333333333333,31.533333333333335,detector,817,2024-11-28 19:04:00,2024-11-28 19:04:00
NEWK,2024-12-02 22:58:00,2024-12-03 01:20:00,2024-12-02 22:58:00,2024-12-04 09:30:00,2024-12-04 09:32:00,1.081485576248172,-3.3620893405814214,4.4435749168295935,2.0015811031021715,9.323667727164068,2.3666666666666667,34.53333333333333,detector,818,2024-12-04 01:22:00,2024-12-04 01:22:00
JUNG1,2024-12-03 13:30:00,2024-12-03 16:14:00,2024-12-03 13:30:00,2024-12-04 21:38:00,2024-12-04 21:40:00,1.212424051849426,-2.593204685753172,3.805628737602598,2.229262718832057,3.1247243890926764,2.7333333333333334,32.13333333333333,detector,818,2024-12-04 01:22:00,2024-12-04 01:22:00
ROME,2024-12-03 21:20:00,2024-12-04 00:20:00,2024-12-03 21:20:00,2024-12-04 23:58:00,2024-12-05 00:00:00,1.2086992053826138,-4.838059631100105,6.046758836482718,2.1093023376899467,7.310604501558087,3.0,26.633333333333333,detector,818,2024-12-04 01:22:00,2024-12-04 01:22:00
FSMT,2024-12-04 01:22:00,2024-12-04 03:24:00,2024-12-04 01:22:00,2024-12-05 02:50:00,2024-12-05 02:52:00,0.8720831212644407,-3.660333878185382,4.532416999449822,2.1198848859908175,3.0190551848518346,2.033333333333333,25.466666666666665,detector,818,2024-12-04 01:22:00,2024-12-04 01:22:00
KIEL2,2024-12-04 05:38:00,2024-12-04 08:00:00,2024-12-04 05:38:00,2024-12-04 21:38:00,2024-12-04 21:40:00,1.4938221836649426,-6.413802697517638,7.9076248811825804,2.2695712055206427,6.668039015475797,2.3666666666666667,16.0,detector,818,2024-12-04 01:22:00,2024-12-04 01:22:00
AATB,2024-12-04 13:46:00,2024-12-04 15:44:00,2024-12-04 13:46:00,2024-12-05 21:28:00,2024-12-05 21:32:00,0.9619371423832744,-2.506745762013632,3.4686829043969065,2.2448287508388196,6.891140442076953,1.9666666666666666,31.7,detector,818,2024-12-04 01:22:00,2024-12-04 01:22:00
JUNG,2024-12-04 14:52:00,2024-12-04 17:20:00,2024-12-04 14:52:00,2024-12-05 04:48:00,2024-12-05 05:00:00,1.2470708160728114,-2.957512829272948,4.2045836453457595,2.114918266754061,4.857287638327499,2.466666666666667,13.933333333333334,detector,818,2024-12-04 01:22:00,2024-12-04 01:22:00
ATHN,2024-12-07 22:20:00,2024-12-08 01:32:00,2024-12-07 22:20:00,2024-12-08 08:22:00,2024-12-08 08:24:00,-0.0280773208578316,-4.430080403594509,4.402003082736678,2.0971058073596027,15.742787750866526,3.2,10.033333333333333,detector,819,2024-12-08 15:32:00,2024-12-08 15:32:00
KIEL2,2024-12-07 23:04:00,2024-12-08 01:06:00,2024-12-07 23:04:00,2024-12-09 08:04:00,2024-12-09 08:06:00,0.5555699500862579,-6.104044903318832,6.65961485340509,2.0531835301064043,6.458735599373349,2.033333333333333,33.0,detector,819,2024-12-08 15:32:00,2024-12-08 15:32:00
LMKS,2024-12-08 04:08:00,2024-12-08 07:36:00,2024-12-08 04:08:00,2024-12-09 04:30:00,2024-12-09 04:32:00,0.3344509117635651,-2.142624796697107,2.477075708460672,2.580440942581894,13.858452082558982,3.466666666666667,24.366666666666667,detector,819,2024-12-08 15:32:00,2024-12-08 15:32:00
OULU,2024-12-09 02:56:00,2024-12-09 05:42:00,2024-12-09 02:56:00,2024-12-09 23:22:00,2024-12-09 23:24:00,0.22128484437651863,-5.00146303833161,5.222747882708129,2.2885579856916176,6.788325778614203,2.7666666666666666,20.433333333333334,detector,819,2024-12-08 15:32:00,2024-12-08 15:32:00
JUNG1,2024-12-09 23:38:00,2024-12-10 02:08:00,2024-12-09 23:38:00,2024-12-10 22:36:00,2024-12-10 22:38:00,0.8284015284875872,-2.9747206467292644,3.803122175216852,2.1647382166627205,3.056483270585253,2.5,22.966666666666665,detector,819,2024-12-08 15:32:00,2024-12-08 15:32:00
JUNG,2024-12-10 07:14:00,2024-12-10 09:48:00,2024-12-10 07:14:00,2024-12-11 03:06:00,2024-12-11 03:08:00,0.7282703653351599,-3.1672503523042934,3.895520717639453,2.3544455611090727,9.837578731348286,2.566666666666667,19.866666666666667,detector,819,2024-12-08 15:32:00,2024-12-08 15:32:00
NEWK,2024-12-15 04:50:00,2024-12-15 08:42:00,2024-12-15 04:50:00,2024-12-16 12:20:00,2024-12-16 12:22:00,1.080490234960669,-5.049516351911567,6.130006586872236,2.238709867798699,6.4906590930989045,3.8666666666666667,31.5,detector,820,2024-12-16 09:36:00,2024-12-16 09:36:00
JUNG,2024-12-15 12:08:00,2024-12-15 14:44:00,2024-12-15 12:08:00,2024-12-15 23:50:00,2024-12-15 23:52:00,0.38923985632214725,-3.681677362248293,4.07091721857044,2.087023749887835,3.2002628858244906,2.6,11.7,detector,820,2024-12-16 09:36:00,2024-12-16 09:36:00
LMKS,2024-12-15 22:32:00,2024-12-16 01:34:00,2024-12-15 22:32:00,2024-12-16 07:46:00,2024-12-16 07:52:00,1.0616185582650952,-3.6714762368175378,4.733094795082633,2.448155657912569,5.431060364391605,3.033333333333333,9.233333333333333,detector,820,2024-12-16 09:36:00,2024-12-16 09:36:00
ROME,2024-12-15 23:30:00,2024-12-16 01:58:00,2024-12-15 23:30:00,2024-12-17 10:52:00,2024-12-17 10:54:00,0.5305034339016035,-4.690561741640332,5.221065175541936,2.315747584836995,7.988016571726806,2.466666666666667,35.36666666666667,detector,820,2024-12-16 09:36:00,2024-12-16 09:36:00
AATB,2024-12-16 07:08:00,2024-12-16 09:16:00,2024-12-16 07:08:00,2024-12-17 15:18:00,2024-12-17 15:20:00,0.5849255244827163,-4.16498506739851,4.749910591881226,2.3343539699139426,3.0135141831147427,2.1333333333333333,32.166666666666664,detector,820,2024-12-16 09:36:00,2024-12-16 09:36:00
APTY,2024-12-16 12:04:00,2024-12-16 14:22:00,2024-12-16 12:04:00,2024-12-17 17:46:00,2024-12-17 17:48:00,0.6183376302395831,-4.824323151543988,5.442660781783571,2.04289924087706,5.981443423579951,2.3,29.7,detector,820,2024-12-16 09:36:00,2024-12-16 09:36:00
KIEL2,2024-12-16 13:16:00,2024-12-16 17:52:00,2024-12-16 13:16:00,2024-12-17 15:32:00,2024-12-17 15:34:00,-0.59644035555239,-6.7430275724212345,6.146587216868845,2.2296907055310435,10.988092865418311,4.6,26.266666666666666,detector,820,2024-12-16 09:36:00,2024-12-16 09:36:00
JUNG1,2024-12-16 23:08:00,2024-12-17 02:02:00,2024-12-16 23:08:00,2024-12-17 10:08:00,2024-12-17 10:14:00,-0.017707169507388,-4.16448558104123,4.146778411533842,2.566935054913094,8.573972940396201,2.9,11.0,detector,820,2024-12-16 09:36:00,2024-12-16 09:36:00
BKSN,2024-12-17 01:04:00,2024-12-17 03:04:00,2024-12-17 01:04:00,2024-12-17 18:48:00,2024-12-17 18:52:00,0.12571709006048565,-5.692235420441574,5.81795251050206,2.1474971147324227,5.799216137399726,2.0,17.733333333333334,detector,820,2024-12-16 09:36:00,2024-12-16 09:36:00
CALM,2024-12-17 03:04:00,2024-12-17 05:50:00,2024-12-17 03:04:00,2024-12-17 18:48:00,2024-12-17 18:50:00,-0.0604969391429623,-10.653679653679648,10.593182714536685,2.5628876049230245,6.6820553174998,2.7666666666666666,15.733333333333333,detector,820,2024-12-16 09:36:00,2024-12-16 09:36:00
MXCO,2024-12-20 13:12:00,2024-12-20 16:06:00,2024-12-20 13:12:00,2024-12-22 00:24:00,2024-12-22 00:26:00,0.3389488530465491,-3.288087719874449,3.627036572920998,2.0642521715425066,7.720954907014463,2.9,35.2,detector,821,2024-12-21 18:40:00,2024-12-21 18:40:00
JUNG1,2024-12-20 16:18:00,2024-12-20 18:50:00,2024-12-20 16:18:00,2024-12-22 04:08:00,2024-12-22 04:12:00,0.097015814353848,-4.704900604037613,4.801916418391461,2.163697623046269,8.098351171828519,2.533333333333333,35.833333333333336,detector,821,2024-12-21 18:40:00,2024-12-21 18:40:00
AATB,2024-12-21 18:40:00,2024-12-21 21:16:00,2024-12-21 18:40:00,2024-12-22 14:12:00,2024-12-22 14:14:00,0.2883452641563649,-3.550534597538834,3.8388798616951987,2.197447461955165,7.923901550625995,2.6,19.533333333333335,detector,821,2024-12-21 18:40:00,2024-12-21 18:40:00
JUNG,2024-12-22 02:30:00,2024-12-22 05:36:00,2024-12-22 02:30:00,2024-12-22 06:16:00,2024-12-22 06:18:00,-0.3786737456910353,-4.83255996745659,4.453886221765555,2.2098461501130693,6.816466584386685,3.1,3.7666666666666666,detector,821,2024-12-21 18:40:00,2024-12-21 18:40:00
APTY,2024-12-22 09:30:00,2024-12-22 12:38:00,2024-12-22 09:30:00,2024-12-22 20:34:00,2024-12-22 20:38:00,-0.6395284954151708,-4.650382152447846,4.010853657032675,2.0345845411455787,8.207801041468244,3.1333333333333333,11.066666666666666,detector,821,2024-12-21 18:40:00,2024-12-21 18:40:00
KERG,2024-12-23 11:40:00,2024-12-23 15:00:00,2024-12-23 11:40:00,2024-12-23 22:04:00,2024-12-23 22:10:00,-1.231236464115897,-3.744560241794909,2.5133237776790116,2.0189131916813476,2.9661128808639305,3.3333333333333335,10.4,detector,822,2024-12-23 11:40:00,2024-12-23 11:40:00
JUNG,2024-12-31 10:10:00,2024-12-31 13:12:00,2024-12-31 10:10:00,2025-01-01 19:10:00,2025-01-01 19:16:00,0.3596881055837955,-2.9464203916815324,3.3061084972653276,2.057666728957892,3.4830466273440326,3.033333333333333,33.0,detector,823,2025-01-01 02:48:00,2025-01-01 02:48:00
AATB,2024-12-31 14:54:00,2024-12-31 17:08:00,2024-12-31 14:54:00,2025-01-01 21:42:00,2025-01-01 21:44:00,0.8521381957677572,-2.5198665952978887,3.372004791065646,2.244019294761721,5.316568170127131,2.2333333333333334,30.8,detector,823,2025-01-01 02:48:00,2025-01-01 02:48:00
KERG,2024-12-31 16:28:00,2024-12-31 19:04:00,2024-12-31 16:28:00,2025-01-01 13:30:00,2025-01-01 14:16:00,0.7228056775507603,-2.8354802718328473,3.558285949383608,2.1751042300114647,3.433294458995019,2.6,21.033333333333335,detector,823,2025-01-01 02:48:00,2025-01-01 02:48:00
APTY,2024-12-31 16:38:00,2024-12-31 18:54:00,2024-12-31 16:38:00,2025-01-01 11:02:00,2025-01-01 11:04:00,0.30504136463986015,-4.069460919994735,4.374502284634595,2.1251112390866904,3.0338763651466936,2.2666666666666666,18.4,detector,823,2025-01-01 02:48:00,2025-01-01 02:48:00
LMKS,2025-01-01 02:48:00,2025-01-01 05:20:00,2025-01-01 02:48:00,2025-01-01 08:12:00,2025-01-01 08:34:00,0.6153306544464673,-1.7397456183057425,2.3550762727522097,2.3863337517219865,7.698920503886781,2.533333333333333,5.4,detector,823,2025-01-01 02:48:00,2025-01-01 02:48:00
DRBS,2025-01-01 04:12:00,2025-01-01 06:54:00,2025-01-01 04:12:00,2025-01-01 18:32:00,2025-01-01 18:34:00,0.22710248087186574,-6.629514963880295,6.85661744475216,2.5431062883351157,7.5243403644894284,2.7,14.333333333333334,detector,823,2025-01-01 02:48:00,2025-01-01 02:48:00
FSMT,2025-01-01 13:16:00,2025-01-01 16:00:00,2025-01-01 13:16:00,2025-01-01 18:42:00,2025-01-01 18:44:00,-0.6052217337024267,-3.9652362846279106,3.360014550925484,2.0832754597624903,5.719393737222542,2.7333333333333334,5.433333333333334,detector,823,2025-01-01 02:48:00,2025-01-01 02:48:00
OULU,2025-01-01 14:06:00,2025-01-01 16:30:00,2025-01-01 14:06:00,2025-01-01 15:02:00,2025-01-01 15:06:00,-0.1587581584053609,-5.315664404529976,5.156906246124615,2.017912628273734,3.4956769019694036,2.4,0.9333333333333333,detector,823,2025-01-01 02:48:00,2025-01-01 02:48:00
NEWK,2025-01-01 17:24:00,2025-01-01 20:42:00,2025-01-01 17:24:00,2025-01-01 20:40:00,2025-01-01 20:42:00,-0.3378178154447894,-3.4277906493197943,3.089972833875005,2.201327468108569,8.228054662247636,3.3,3.2666666666666666,detector,823,2025-01-01 02:48:00,2025-01-01 02:48:00
JUNG1,2025-01-02 22:36:00,2025-01-03 00:46:00,2025-01-02 22:36:00,2025-01-03 00:08:00,2025-01-03 00:10:00,-1.3687297485818006,-4.828468665773286,3.4597389171914856,2.083330352094592,6.056991248802803,2.1666666666666665,1.5333333333333334,detector,824,2025-01-02 22:36:00,2025-01-02 22:36:00
KIEL2,2025-01-04 20:22:00,2025-01-04 22:50:00,2025-01-04 20:22:00,2025-01-05 19:22:00,2025-01-05 19:24:00,1.1721687010444906,-6.331236897274625,7.503405598319116,2.2926891701782344,3.977758569834234,2.466666666666667,23.0,detector,825,2025-01-05 09:15:00,2025-01-05 09:15:00
LMKS,2025-01-05 22:08:00,2025-01-06 05:00:00,2025-01-05 22:08:00,2025-01-06 01:04:00,2025-01-06 01:14:00,0.4561197982987963,-1.386103334181718,1.8422231324805143,2.3398663792922414,10.329782386779598,6.866666666666666,2.933333333333333,detector,825,2025-01-05 09:15:00,2025-01-05 09:15:00
APTY,2025-01-11 19:14:00,2025-01-11 21:16:00,2025-01-11 19:14:00,2025-01-13 00:20:00,2025-01-13 00:24:00,1.0914166991299812,-3.808281163630743,4.899697862760725,2.185494277546592,5.79677243239862,2.033333333333333,29.1,detector,826,2025-01-12 15:22:00,2025-01-12 15:22:00
BKSN,2025-01-11 23:34:00,2025-01-12 02:08:00,2025-01-11 23:34:00,2025-01-12 22:26:00,2025-01-12 22:28:00,1.2894515214795335,-4.066759338624226,5.35621086010376,2.08977273779718,4.060766647333563,2.566666666666667,22.866666666666667,detector,826,2025-01-12 15:22:00,2025-01-12 15:22:00
OULU,2025-01-12 15:22:00,2025-01-12 19:50:00,2025-01-12 15:22:00,2025-01-14 02:14:00,2025-01-14 02:16:00,0.7884578360543252,-5.694229798571101,6.482687634625426,2.183359774112523,11.06048101438325,4.466666666666667,34.86666666666667,detector,826,2025-01-12 15:22:00,2025-01-12 15:22:00
DRBS,2025-01-12 16:58:00,2025-01-12 19:02:00,2025-01-12 16:58:00,2025-01-13 14:34:00,2025-01-13 14:36:00,1.2775206760740399,-6.655271448020911,7.93279212409495,2.2116260194184374,3.2622207473493483,2.066666666666667,21.6,detector,826,2025-01-12 15:22:00,2025-01-12 15:22:00
KIEL2,2025-01-12 22:30:00,2025-01-13 01:46:00,2025-01-12 22:30:00,2025-01-13 23:50:00,2025-01-13 23:52:00,0.1592472944732726,-6.899888726724817,7.05913602119809,2.216773724019043,3.608627622349811,3.2666666666666666,25.333333333333332,detector,826,2025-01-12 15:22:00,2025-01-12 15:22:00
KERG,2025-01-15 22:44:00,2025-01-16 01:20:00,2025-01-15 22:44:00,2025-01-17 01:46:00,2025-01-17 01:48:00,0.8656925664378947,-3.3204614150885186,4.186153981526413,2.10665144694485,7.262455278061513,2.6,27.033333333333335,detector,827,2025-01-16 13:18:00,2025-01-16 13:18:00
AATB,2025-01-16 03:22:00,2025-01-16 05:40:00,2025-01-16 03:22:00,2025-01-17 14:32:00,2025-01-17 14:34:00,0.17549768250224979,-3.628475645829225,3.803973328331475,2.543280278765511,4.804048440747255,2.3,35.166666666666664,detector,827,2025-01-16 13:18:00,2025-01-16 13:18:00
KIEL2,2025-01-16 23:14:00,2025-01-17 01:26:00,2025-01-16 23:14:00,2025-01-17 09:02:00,2025-01-17 09:04:00,-0.0820143948134084,-6.106963960191547,6.024949565378138,2.207426913101801,3.0723984484516556,2.2,9.8,detector,827,2025-01-16 13:18:00,2025-01-16 13:18:00
JUNG,2025-01-17 04:24:00,2025-01-17 06:38:00,2025-01-17 04:24:00,2025-01-17 20:46:00,2025-01-17 20:48:00,-0.41766087567381066,-5.0704187131963785,4.652757837522568,2.033749788921203,4.205326148292168,2.2333333333333334,16.366666666666667,detector,827,2025-01-16 13:18:00,2025-01-16 13:18:00
KERG,2025-01-19 23:54:00,2025-01-20 02:22:00,2025-01-19 23:54:00,2025-01-20 17:18:00,2025-01-20 17:22:00,0.5650820699305616,-4.418460264900668,4.983542334831229,2.7741856273607097,6.57570399069299,2.466666666666667,17.4,detector,828,2025-01-20 12:14:00,2025-01-20 12:14:00
FSMT,2025-01-20 04:32:00,2025-01-20 07:26:00,2025-01-20 04:32:00,2025-01-21 11:54:00,2025-01-21 11:56:00,0.6443832657594364,-4.339342854912981,4.983726120672417,2.0460442736210513,5.213394685355643,2.9,31.366666666666667,detector,828,2025-01-20 12:14:00,2025-01-20 12:14:00
OULU,2025-01-20 08:10:00,2025-01-20 10:54:00,2025-01-20 08:10:00,2025-01-21 00:24:00,2025-01-21 00:26:00,0.8227788488712968,-5.52940138377772,6.352180232649017,2.0918732430040965,3.059141416073509,2.7333333333333334,16.233333333333334,detector,828,2025-01-20 12:14:00,2025-01-20 12:14:00
KIEL2,2025-01-20 12:14:00,2025-01-20 15:08:00,2025-01-20 12:14:00,2025-01-21 00:44:00,2025-01-21 00:46:00,0.5149264298784662,-5.346528412493285,5.861454842371751,2.082519299816034,7.235572228287444,2.9,12.5,detector,828,2025-01-20 12:14:00,2025-01-20 12:14:00
JUNG1,2025-01-20 17:32:00,2025-01-20 20:28:00,2025-01-20 17:32:00,2025-01-20 23:26:00,2025-01-20 23:28:00,0.03550967446356975,-3.238511401782606,3.274021076246176,2.2718583720433165,7.724157988215787,2.933333333333333,5.9,detector,828,2025-01-20 12:14:00,2025-01-20 12:14:00
ATHN,2025-01-20 18:22:00,2025-01-20 21:32:00,2025-01-20 18:22:00,2025-01-20 19:54:00,2025-01-20 19:56:00,0.3022840310975927,-6.304775877379248,6.60705990847684,2.6009315061741836,17.997655395077363,3.1666666666666665,1.5333333333333334,detector,828,2025-01-20 12:14:00,2025-01-20 12:14:00
APTY,2025-01-20 21:36:00,2025-01-21 00:08:00,2025-01-20 21:36:00,2025-01-22 00:00:00,2025-01-22 00:02:00,0.4250000803267957,-4.646518608969946,5.071518689296742,2.2028503720205777,5.918015948716468,2.533333333333333,26.4,detector,828,2025-01-20 12:14:00,2025-01-20 12:14:00
LMKS,2025-01-24 05:00:00,2025-01-24 08:02:00,2025-01-24 05:00:00,2025-01-25 02:12:00,2025-01-25 02:14:00,0.6136722459904072,-2.4876675883899817,3.101339834380389,2.119727418155606,5.4020732316739934,3.033333333333333,21.2,detector,829,2025-01-26 08:30:00,2025-01-26 08:30:00
AATB,2025-01-26 08:30:00,2025-01-26 11:12:00,2025-01-26 08:30:00,2025-01-26 17:44:00,2025-01-26 17:46:00,0.38118686650464784,-2.7734274329441084,3.154614299448756,2.248096156443914,10.834066223629424,2.7,9.233333333333333,detector,829,2025-01-26 08:30:00,2025-01-26 08:30:00
KERG,2025-01-26 21:54:00,2025-01-27 00:44:00,2025-01-26 21:54:00,2025-01-27 20:58:00,2025-01-27 21:00:00,0.11743536879801325,-4.130184841248787,4.2476202100468,2.1265780408335027,7.103667416851447,2.8333333333333335,23.066666666666666,detector,829,2025-01-26 08:30:00,2025-01-26 08:30:00
OULU,2025-01-28 09:16:00,2025-01-28 12:48:00,2025-01-28 09:16:00,2025-01-29 13:46:00,2025-01-29 13:48:00,1.0454192621829617,-5.3799499058146445,6.425369167997606,2.2092671148118916,13.149444844956829,3.533333333333333,28.5,detector,830,2025-01-31 06:46:00,2025-01-31 06:46:00
BKSN,2025-01-29 21:16:00,2025-01-29 23:32:00,2025-01-29 21:16:00,2025-01-31 08:26:00,2025-01-31 08:28:00,0.2796080529622286,-4.880057381186405,5.159665434148634,2.1540430747926473,8.89686356728502,2.2666666666666666,35.166666666666664,detector,830,2025-01-31 06:46:00,2025-01-31 06:46:00
NEWK,2025-01-30 13:34:00,2025-01-30 16:42:00,2025-01-30 13:34:00,2025-02-01 01:32:00,2025-02-01 01:34:00,0.32583531265377963,-5.655836341756922,5.981671654410702,2.4744367445889868,4.9610954946969,3.1333333333333333,35.96666666666667,detector,830,2025-01-31 06:46:00,2025-01-31 06:46:00
KIEL2,2025-01-31 00:14:00,2025-01-31 02:54:00,2025-01-31 00:14:00,2025-02-01 04:08:00,2025-02-01 04:10:00,0.14055179413595364,-6.219889399193948,6.360441193329902,2.0949233903411844,8.834428193589197,2.6666666666666665,27.9,detector,830,2025-01-31 06:46:00,2025-01-31 06:46:00
LMKS,2025-01-31 04:06:00,2025-01-31 06:30:00,2025-01-31 04:06:00,2025-02-01 01:22:00,2025-02-01 01:24:00,-0.05800812052352895,-3.6003162070694867,3.5423080865459577,2.24369816289997,6.69502787830561,2.4,21.266666666666666,detector,830,2025-01-31 06:46:00,2025-01-31 06:46:00
JUNG1,2025-01-31 06:46:00,2025-01-31 08:44:00,2025-01-31 06:46:00,2025-02-01 17:16:00,2025-02-01 17:18:00,0.12257150335596459,-4.63464816202749,4.757219665383455,2.2759204723365505,5.498228996187829,1.9666666666666666,34.5,detector,830,2025-01-31 06:46:00,2025-01-31 06:46:00
AATB,2025-01-31 09:38:00,2025-01-31 12:32:00,2025-01-31 09:38:00,2025-02-01 16:44:00,2025-02-01 16:46:00,-0.24037792775526107,-4.597655787521212,4.357277859765952,2.2717239041303587,11.242854380719326,2.9,31.1,detector,830,2025-01-31 06:46:00,2025-01-31 06:46:00
MXCO,2025-01-31 10:24:00,2025-01-31 13:30:00,2025-01-31 10:24:00,2025-02-01 14:08:00,2025-02-01 14:12:00,-0.11243819572505315,-4.351509371947581,4.239071176222528,2.0662720244889896,19.179375381159407,3.1,27.733333333333334,detector,830,2025-01-31 06:46:00,2025-01-31 06:46:00
DRBS,2025-02-02 20:48:00,2025-02-02 23:08:00,2025-02-02 20:48:00,2025-02-03 09:00:00,2025-02-03 09:02:00,-0.859204638072772,-7.472776951822244,6.613572313749472,2.0634827634944903,7.141872242269314,2.3333333333333335,12.2,detector,830,2025-01-31 06:46:00,2025-01-31 06:46:00
KERG,2025-02-02 23:44:00,2025-02-03 01:54:00,2025-02-02 23:44:00,2025-02-03 01:18:00,2025-02-03 01:20:00,-1.531224696619292,-4.410590606973912,2.87936591035462,2.096236235804804,6.195169112375749,2.1666666666666665,1.5666666666666667,detector,830,2025-01-31 06:46:00,2025-01-31 06:46:00
JUNG,2025-02-03 03:00:00,2025-02-03 05:40:00,2025-02-03 03:00:00,2025-02-03 05:24:00,2025-02-03 05:26:00,-0.8235109970330704,-5.030466301277479,4.206955304244409,2.262276368418473,3.967657411189385,2.6666666666666665,2.4,detector,830,2025-01-31 06:46:00,2025-01-31 06:46:00
AATB,2025-02-08 02:18:00,2025-02-08 04:24:00,2025-02-08 02:18:00,2025-02-09 14:06:00,2025-02-09 14:08:00,1.1338552279406957,-2.087558153405702,3.2214133813463977,2.0213369362869384,4.916638518403186,2.1,35.8,detector,831,2025-02-08 22:20:00,2025-02-08 22:20:00
OULU,2025-02-08 10:16:00,2025-02-08 13:10:00,2025-02-08 10:16:00,2025-02-08 14:56:00,2025-02-08 14:58:00,1.6741674380097127,-4.325072626401396,5.999240064411109,2.0953302829833373,4.31315415062653,2.9,4.666666666666667,detector,831,2025-02-08 22:20:00,2025-02-08 22:20:00
NEWK,2025-02-08 12:10:00,2025-02-08 14:52:00,2025-02-08 12:10:00,2025-02-09 02:48:00,2025-02-09 02:50:00,1.3408508556676488,-4.02015872096391,5.3610095766315595,2.0882627441567965,5.021910775159617,2.7,14.633333333333333,detector,831,2025-02-08 22:20:00,2025-02-08 22:20:00
MXCO,2025-02-09 08:30:00,2025-02-09 10:36:00,2025-02-09 08:30:00,2025-02-10 03:16:00,2025-02-10 03:20:00,0.8984534697168468,-3.4690799396681724,4.367533409385019,2.445507813412457,5.169474611950349,2.1,18.766666666666666,detector,831,2025-02-08 22:20:00,2025-02-08 22:20:00
JUNG,2025-02-09 09:56:00,2025-02-09 11:54:00,2025-02-09 09:56:00,2025-02-09 14:50:00,2025-02-09 14:52:00,0.8049277080975652,-2.8800953110373437,3.685023019134909,2.0941227778016853,3.562405138608378,1.9666666666666666,4.9,detector,831,2025-02-08 22:20:00,2025-02-08 22:20:00
FSMT,2025-02-10 01:34:00,2025-02-10 03:40:00,2025-02-10 01:34:00,2025-02-10 09:04:00,2025-02-10 09:06:00,0.8591952712408961,-3.6664419436809736,4.52563721492187,2.442928629571441,7.919852052604931,2.1,7.5,detector,831,2025-02-08 22:20:00,2025-02-08 22:20:00
KERG,2025-02-13 03:40:00,2025-02-13 05:56:00,2025-02-13 03:40:00,2025-02-14 06:50:00,2025-02-14 06:52:00,0.842659586889335,-3.2359282312386606,4.078587818127995,2.057979960028289,5.533929619540635,2.2666666666666666,27.166666666666668,detector,832,2025-02-14 18:54:00,2025-02-14 18:54:00
APTY,2025-02-14 12:12:00,2025-02-14 15:10:00,2025-02-14 12:12:00,2025-02-15 07:12:00,2025-02-15 07:14:00,1.2153949234755204,-4.536081177935095,5.751476101410615,2.1229930392485157,10.545749652453049,2.966666666666667,19.0,detector,832,2025-02-14 18:54:00,2025-02-14 18:54:00
FSMT,2025-02-14 14:22:00,2025-02-14 17:02:00,2025-02-14 14:22:00,2025-02-15 20:42:00,2025-02-15 20:46:00,0.8194903062484014,-3.595131326073023,4.414621632321424,2.601859889289267,5.528373900977645,2.6666666666666665,30.333333333333332,detector,832,2025-02-14 18:54:00,2025-02-14 18:54:00
NEWK,2025-02-14 18:54:00,2025-02-14 21:40:00,2025-02-14 18:54:00,2025-02-16 03:10:00,2025-02-16 03:12:00,0.7537291326389379,-5.727023319615918,6.480752452254856,2.1119612091378697,3.5921899860673148,2.7666666666666666,32.266666666666666,detector,832,2025-02-14 18:54:00,2025-02-14 18:54:00
AATB,2025-02-14 22:32:00,2025-02-15 00:36:00,2025-02-14 22:32:00,2025-02-15 23:48:00,2025-02-15 23:52:00,0.20858414969793582,-3.0765908153848964,3.2851749650828324,2.314091386473761,6.676784706570405,2.066666666666667,25.266666666666666,detector,832,2025-02-14 18:54:00,2025-02-14 18:54:00
MXCO,2025-02-15 08:18:00,2025-02-15 11:32:00,2025-02-15 08:18:00,2025-02-16 05:40:00,2025-02-16 05:42:00,-0.2459137896078062,-4.630704013091895,4.384790223484089,2.492444146503054,20.657808466109586,3.2333333333333334,21.366666666666667,detector,832,2025-02-14 18:54:00,2025-02-14 18:54:00
JUNG1,2025-02-16 02:24:00,2025-02-16 04:38:00,2025-02-16 02:24:00,2025-02-16 04:24:00,2025-02-16 04:26:00,-0.6541085207546765,-4.128543056241172,3.4744345354864956,2.212743170785911,6.618360085307784,2.2333333333333334,2.0,detector,832,2025-02-14 18:54:00,2025-02-14 18:54:00
AATB,2025-02-17 23:24:00,2025-02-18 01:38:00,2025-02-17 23:24:00,2025-02-19 09:42:00,2025-02-19 09:44:00,0.10784007057664044,-3.050083076192751,3.1579231467693916,2.732671088419634,3.774663920563597,2.2333333333333334,34.3,detector,833,2025-02-18 18:03:00,2025-02-18 18:03:00
JUNG1,2025-02-18 11:36:00,2025-02-18 14:26:00,2025-02-18 11:36:00,2025-02-19 19:58:00,2025-02-19 20:00:00,0.323965931197403,-4.113083402624648,4.437049333822051,2.599331659271407,4.722276391275873,2.8333333333333335,32.36666666666667,detector,833,2025-02-18 18:03:00,2025-02-18 18:03:00
DRBS,2025-02-18 12:22:00,2025-02-18 15:20:00,2025-02-18 12:22:00,2025-02-19 09:02:00,2025-02-19 09:04:00,0.3231488194280882,-6.548775844249605,6.871924663677693,2.1261848184089898,3.026119968711259,2.966666666666667,20.666666666666668,detector,833,2025-02-18 18:03:00,2025-02-18 18:03:00
KERG,2025-02-18 23:44:00,2025-02-19 01:50:00,2025-02-18 23:44:00,2025-02-19 23:56:00,2025-02-19 23:58:00,0.8551832494777629,-5.084411242990395,5.939594492468158,2.04005388118984,5.0651147942208326,2.1,24.2,detector,833,2025-02-18 18:03:00,2025-02-18 18:03:00
NEWK,2025-02-19 06:58:00,2025-02-19 09:30:00,2025-02-19 06:58:00,2025-02-19 07:32:00,2025-02-19 07:34:00,0.17703222790420045,-4.871802250294958,5.048834478199158,2.0871407859233444,5.789000270521334,2.533333333333333,0.5666666666666667,detector,833,2025-02-18 18:03:00,2025-02-18 18:03:00
MXCO,2025-02-19 15:58:00,2025-02-19 18:12:00,2025-02-19 15:58:00,2025-02-20 06:00:00,2025-02-20 06:02:00,-0.3083977125137331,-4.256215217376799,3.947817504863066,2.1940995321983356,3.51254709677081,2.2333333333333334,14.033333333333333,detector,833,2025-02-18 18:03:00,2025-02-18 18:03:00
ATHN,2025-02-22 15:02:00,2025-02-22 17:48:00,2025-02-22 15:02:00,2025-02-23 21:00:00,2025-02-23 21:04:00,0.6504146714513555,-6.486304337361006,7.136719008812362,2.1480940437560694,3.9272418218034657,2.7666666666666666,29.966666666666665,detector,834,2025-02-24 01:48:00,2025-02-24 01:48:00
AATB,2025-02-23 04:52:00,2025-02-23 07:06:00,2025-02-23 04:52:00,2025-02-23 21:52:00,2025-02-23 21:54:00,0.6072914799992217,-2.42801124886124,3.035302728860462,2.3778691653975,8.064755639797816,2.2333333333333334,17.0,detector,834,2025-02-24 01:48:00,2025-02-24 01:48:00
JUNG,2025-02-23 05:32:00,2025-02-23 07:52:00,2025-02-23 05:32:00,2025-02-24 06:58:00,2025-02-24 07:00:00,0.8314393300455035,-3.488808810840982,4.320248140886486,2.4102112313110577,8.032032135493976,2.3333333333333335,25.433333333333334,detector,834,2025-02-24 01:48:00,2025-02-24 01:48:00
DRBS,2025-02-24 00:30:00,2025-02-24 02:46:00,2025-02-24 00:30:00,2025-02-24 08:26:00,2025-02-24 08:28:00,0.7126591793433406,-6.108044340688612,6.820703520031953,2.0370397213511664,3.6644516756859824,2.2666666666666666,7.933333333333334,detector,834,2025-02-24 01:48:00,2025-02-24 01:48:00
FSMT,2025-02-24 01:48:00,2025-02-24 05:38:00,2025-02-24 01:48:00,2025-02-25 07:44:00,2025-02-25 07:46:00,0.38256611600395163,-3.24582214458899,3.6283882605929416,2.2993898449206807,4.877425395750186,3.8333333333333335,29.933333333333334,detector,834,2025-02-24 01:48:00,2025-02-24 01:48:00
LMKS,2025-02-24 09:28:00,2025-02-24 11:46:00,2025-02-24 09:28:00,2025-02-24 12:46:00,2025-02-24 12:48:00,-0.13849058748782844,-2.986152526646732,2.8476619391589035,2.4219547271111215,5.560419682949348,2.3,3.3,detector,834,2025-02-24 01:48:00,2025-02-24 01:48:00
NEWK,2025-02-24 11:30:00,2025-02-24 14:32:00,2025-02-24 11:30:00,2025-02-25 22:30:00,2025-02-25 22:32:00,0.12721116022282897,-5.750945125443934,5.878156285666763,2.3421139059507476,7.043394313291815,3.033333333333333,35.0,detector,834,2025-02-24 01:48:00,2025-02-24 01:48:00
KIEL2,2025-02-26 01:04:00,2025-02-26 04:04:00,2025-02-26 01:04:00,2025-02-27 12:54:00,2025-02-27 12:56:00,0.5214442924938614,-6.155236592576692,6.676680885070553,2.189911565670563,7.105070705000873,3.0,35.833333333333336,detector,834,2025-02-24 01:48:00,2025-02-24 01:48:00
JUNG1,2025-02-26 19:48:00,2025-02-26 22:40:00,2025-02-26 19:48:00,2025-02-27 04:12:00,2025-02-27 04:16:00,-0.556430211117658,-3.951234118758336,3.3948039076406777,2.7492687610877953,10.488567670527493,2.8666666666666667,8.4,detector,834,2025-02-24 01:48:00,2025-02-24 01:48:00
KERG,2025-02-28 12:00:00,2025-02-28 16:52:00,2025-02-28 12:00:00,2025-03-01 00:26:00,2025-03-01 00:28:00,0.0463328031574789,-3.94819820938212,3.994531012539599,2.0115362682002704,5.866732313108997,4.866666666666666,12.433333333333334,detector,835,2025-02-28 12:00:00,2025-02-28 12:00:00
LMKS,2025-03-04 05:08:00,2025-03-04 09:26:00,2025-03-04 05:08:00,2025-03-05 03:10:00,2025-03-05 03:12:00,1.8690147819595073,-1.6324582338902087,3.501473015849716,2.127386809069958,3.8561367940699713,4.3,22.033333333333335,detector,836,2025-03-04 09:20:00,2025-03-04 09:20:00
OULU,2025-03-04 09:20:00,2025-03-04 12:46:00,2025-03-04 09:20:00,2025-03-05 00:14:00,2025-03-05 00:16:00,0.5653361449721568,-5.371602913057552,5.93693905802971,2.0869705128994966,4.380635567635238,3.433333333333333,14.9,detector,836,2025-03-04 09:20:00,2025-03-04 09:20:00
KERG,2025-03-04 10:06:00,2025-03-04 12:04:00,2025-03-04 10:06:00,2025-03-05 08:36:00,2025-03-05 08:38:00,0.9469321569330945,-3.967461180892096,4.9143933378251905,2.023731514005176,8.780651274247242,1.9666666666666666,22.5,detector,836,2025-03-04 09:20:00,2025-03-04 09:20:00
KIEL2,2025-03-07 01:38:00,2025-03-07 04:36:00,2025-03-07 01:38:00,2025-03-08 01:40:00,2025-03-08 01:42:00,0.6100032041563717,-5.987905193337472,6.5979083974938435,2.231725771481122,5.30280135145313,2.966666666666667,24.033333333333335,detector,837,2025-03-09 13:20:00,2025-03-09 13:20:00
LMKS,2025-03-07 14:32:00,2025-03-07 16:34:00,2025-03-07 14:32:00,2025-03-09 00:26:00,2025-03-09 00:30:00,1.1619357069419194,-2.159937989101681,3.3218736960436006,2.334705356912436,6.854540923140128,2.033333333333333,33.9,detector,837,2025-03-09 13:20:00,2025-03-09 13:20:00
JUNG,2025-03-08 14:12:00,2025-03-08 17:00:00,2025-03-08 14:12:00,2025-03-09 23:46:00,2025-03-09 23:48:00,-0.0568864583789887,-4.476554704554195,4.419668246175206,2.112749607277832,5.116264340357799,2.8,33.56666666666667,detector,837,2025-03-09 13:20:00,2025-03-09 13:20:00
BKSN,2025-03-09 11:56:00,2025-03-09 17:46:00,2025-03-09 11:56:00,2025-03-10 17:44:00,2025-03-10 17:46:00,0.48280251378499883,-4.577864490954244,5.060667004739243,2.2403856575960326,7.692127465044262,5.833333333333333,29.8,detector,837,2025-03-09 13:20:00,2025-03-09 13:20:00
JUNG1,2025-03-09 13:20:00,2025-03-09 15:36:00,2025-03-09 13:20:00,2025-03-10 08:48:00,2025-03-10 08:50:00,0.346823338406946,-4.092501812531609,4.439325150938554,2.189551378798974,5.712165229674206,2.2666666666666666,19.466666666666665,detector,837,2025-03-09 13:20:00,2025-03-09 13:20:00
DRBS,2025-03-09 18:56:00,2025-03-09 22:00:00,2025-03-09 18:56:00,2025-03-10 00:06:00,2025-03-10 00:08:00,0.048736348868672896,-6.326656224823232,6.375392573691904,2.0715612309633533,3.3216659812011846,3.066666666666667,5.166666666666667,detector,837,2025-03-09 13:20:00,2025-03-09 13:20:00
APTY,2025-03-09 22:26:00,2025-03-10 03:16:00,2025-03-09 22:26:00,2025-03-10 06:00:00,2025-03-10 06:04:00,-0.1680932803240317,-3.4663440877329843,3.2982508074089525,2.2765167811548124,9.72674786340791,4.833333333333333,7.566666666666666,detector,837,2025-03-09 13:20:00,2025-03-09 13:20:00
MXCO,2025-03-10 14:12:00,2025-03-10 17:44:00,2025-03-10 14:12:00,2025-03-10 20:56:00,2025-03-10 20:58:00,-0.09105566237068866,-3.8976897228319887,3.8066340604613,2.0602822381784676,3.7832437118142983,3.533333333333333,6.733333333333333,detector,837,2025-03-09 13:20:00,2025-03-09 13:20:00
KERG,2025-03-11 01:36:00,2025-03-11 03:38:00,2025-03-11 01:36:00,2025-03-11 02:00:00,2025-03-11 02:02:00,-0.4043327768886138,-4.6172584794740015,4.2129257025853875,2.2894511819602874,5.894365221340305,2.033333333333333,0.4,detector,837,2025-03-09 13:20:00,2025-03-09 13:20:00
DRBS,2025-03-13 11:40:00,2025-03-13 13:48:00,2025-03-13 11:40:00,2025-03-14 14:10:00,2025-03-14 14:12:00,0.8698534388894703,-5.5474153235283765,6.417268762417847,2.4366447833142195,6.698521530197352,2.1333333333333333,26.5,detector,838,2025-03-13 22:59:00,2025-03-13 22:59:00
NEWK,2025-03-13 12:04:00,2025-03-13 15:18:00,2025-03-13 12:04:00,2025-03-14 16:50:00,2025-03-14 16:52:00,0.6564997615351724,-4.37046249963845,5.026962261173622,2.4472794456944724,8.249302081789454,3.2333333333333334,28.766666666666666,detector,838,2025-03-13 22:59:00,2025-03-13 22:59:00
CALM,2025-03-13 22:54:00,2025-03-14 02:22:00,2025-03-13 22:54:00,2025-03-15 08:46:00,2025-03-15 08:48:00,0.8517551092787379,-7.72046109510087,8.572216204379608,2.3784990546994074,9.51096934266778,3.466666666666667,33.86666666666667,detector,838,2025-03-13 22:59:00,2025-03-13 22:59:00
APTY,2025-03-13 23:04:00,2025-03-14 01:42:00,2025-03-13 23:04:00,2025-03-15 05:38:00,2025-03-15 05:40:00,1.0227694320578877,-3.123865568696384,4.146635000754272,2.355230024841808,8.717673113180435,2.6333333333333333,30.566666666666666,detector,838,2025-03-13 22:59:00,2025-03-13 22:59:00
JUNG1,2025-03-14 07:20:00,2025-03-14 10:06:00,2025-03-14 07:20:00,2025-03-15 04:10:00,2025-03-15 04:12:00,1.2665876840908417,-3.30949628502218,4.5760839691130215,2.071280556495624,2.866616148990389,2.7666666666666666,20.833333333333332,detector,838,2025-03-13 22:59:00,2025-03-13 22:59:00
JUNG,2025-03-14 14:08:00,2025-03-14 16:42:00,2025-03-14 14:08:00,2025-03-15 05:20:00,2025-03-15 05:24:00,0.8104243954220398,-3.653337429385773,4.463761824807813,2.080052089435924,8.358391845572108,2.566666666666667,15.2,detector,838,2025-03-13 22:59:00,2025-03-13 22:59:00
KERG,2025-03-16 16:56:00,2025-03-16 19:12:00,2025-03-16 16:56:00,2025-03-18 00:02:00,2025-03-18 00:04:00,0.88902534521062,-3.24731071703552,4.13633606224614,2.0890114459150912,5.710077002694461,2.2666666666666666,31.1,detector,839,2025-03-17 12:44:00,2025-03-17 12:44:00
OULU,2025-03-17 03:06:00,2025-03-17 05:24:00,2025-03-17 03:06:00,2025-03-17 19:10:00,2025-03-17 19:12:00,0.539423881139199,-4.752044508585887,5.291468389725086,2.6129032201082247,11.145750497908187,2.3,16.066666666666666,detector,839,2025-03-17 12:44:00,2025-03-17 12:44:00
MXCO,2025-03-17 11:48:00,2025-03-17 14:26:00,2025-03-17 11:48:00,2025-03-18 16:46:00,2025-03-18 16:48:00,0.43252387314223073,-3.16543722413004,3.597961097272271,2.3466918951590237,6.671349747217558,2.6333333333333333,28.966666666666665,detector,839,2025-03-17 12:44:00,2025-03-17 12:44:00
APTY,2025-03-17 12:44:00,2025-03-17 15:50:00,2025-03-17 12:44:00,2025-03-18 16:00:00,2025-03-18 16:02:00,0.5960762425194486,-4.1433989593855545,4.7394752019050035,2.1820780494963485,6.298390810877447,3.1,27.266666666666666,detector,839,2025-03-17 12:44:00,2025-03-17 12:44:00
JUNG1,2025-03-18 16:20:00,2025-03-18 18:24:00,2025-03-18 16:20:00,2025-03-19 22:30:00,2025-03-19 22:32:00,0.4857088936505189,-3.0344825583674493,3.520191452017968,2.494839283728165,5.864474317590261,2.066666666666667,30.166666666666668,detector,839,2025-03-17 12:44:00,2025-03-17 12:44:00
ROME,2025-03-19 04:20:00,2025-03-19 06:26:00,2025-03-19 04:20:00,2025-03-20 07:00:00,2025-03-20 07:02:00,0.05880895102219115,-3.763508577474368,3.8223175284965594,2.0937893764023148,4.4486559523480045,2.1,26.666666666666668,detector,839,2025-03-17 12:44:00,2025-03-17 12:44:00
LMKS,2025-03-19 20:24:00,2025-03-19 22:26:00,2025-03-19 20:24:00,2025-03-19 20:24:00,2025-03-19 20:28:00,0.9574593718359502,-3.8601688932266898,4.81762826506264,2.1211160363918307,3.241001508938941,2.033333333333333,0.0,detector,839,2025-03-17 12:44:00,2025-03-17 12:44:00
AATB,2025-03-21 04:26:00,2025-03-21 07:32:00,2025-03-21 04:26:00,2025-03-21 19:12:00,2025-03-21 19:14:00,-0.027051403086986302,-4.073107049608359,4.046055646521372,2.1124251211442098,9.937423536298278,3.1,14.766666666666667,detector,840,2025-03-21 10:35:00,2025-03-21 10:35:00
JUNG1,2025-03-21 04:40:00,2025-03-21 07:04:00,2025-03-21 04:40:00,2025-03-22 00:14:00,2025-03-22 00:16:00,-0.09724327700583725,-5.009321328569904,4.912078051564066,2.045856223828414,3.7939223875108063,2.4,19.566666666666666,detector,840,2025-03-21 10:35:00,2025-03-21 10:35:00
APTY,2025-03-21 06:36:00,2025-03-21 08:44:00,2025-03-21 06:36:00,2025-03-22 06:52:00,2025-03-22 06:54:00,0.0554177896998588,-5.690416494554867,5.745834284254726,2.0135777838629645,3.099614470449259,2.1333333333333333,24.266666666666666,detector,840,2025-03-21 10:35:00,2025-03-21 10:35:00
MXCO,2025-03-21 14:34:00,2025-03-21 17:20:00,2025-03-21 14:34:00,2025-03-22 07:00:00,2025-03-22 07:02:00,0.1208581298131895,-4.357772465825056,4.478630595638245,2.677421415596734,7.302683891121652,2.7666666666666666,16.433333333333334,detector,840,2025-03-21 10:35:00,2025-03-21 10:35:00
OULU,2025-03-21 15:30:00,2025-03-21 17:46:00,2025-03-21 15:30:00,2025-03-22 06:20:00,2025-03-22 06:22:00,0.19475473743681845,-6.494891716947786,6.689646454384605,2.5798926189664684,5.010780715854128,2.2666666666666666,14.833333333333334,detector,840,2025-03-21 10:35:00,2025-03-21 10:35:00
NEWK,2025-03-22 01:54:00,2025-03-22 05:20:00,2025-03-22 01:54:00,2025-03-22 11:24:00,2025-03-22 11:26:00,-0.005797438234094451,-4.847428073234527,4.841630635000432,2.070314917321447,7.987071355850496,3.433333333333333,9.5,detector,840,2025-03-21 10:35:00,2025-03-21 10:35:00
OULU,2025-03-23 16:16:00,2025-03-23 21:02:00,2025-03-23 16:16:00,2025-03-24 08:32:00,2025-03-24 08:36:00,-0.16167747448603315,-4.890075806163336,4.728398331677303,2.0433183774925876,14.11119462026215,4.766666666666667,16.266666666666666,detector,841,2025-03-24 01:05:00,2025-03-24 01:05:00
AATB,2025-03-24 09:54:00,2025-03-24 12:20:00,2025-03-24 09:54:00,2025-03-25 02:08:00,2025-03-25 02:10:00,-0.39051435602756257,-3.3148275722332428,2.92431321620568,2.2372515658921266,7.284951191587128,2.433333333333333,16.233333333333334,detector,841,2025-03-24 01:05:00,2025-03-24 01:05:00
LMKS,2025-03-30 04:42:00,2025-03-30 07:50:00,2025-03-30 04:42:00,2025-03-31 02:34:00,2025-03-31 02:36:00,0.4633218669130988,-2.113161403717753,2.5764832706308516,2.4032878832586033,9.112613881686949,3.1333333333333333,21.866666666666667,detector,842,2025-03-31 16:04:00,2025-03-31 16:04:00
MXCO,2025-03-30 20:30:00,2025-03-30 23:38:00,2025-03-30 20:30:00,2025-04-01 07:52:00,2025-04-01 07:54:00,0.2740418658934777,-4.645754524821043,4.91979639071452,2.189471156278286,20.701766353847443,3.1333333333333333,35.36666666666667,detector,842,2025-03-31 16:04:00,2025-03-31 16:04:00
AATB,2025-03-31 03:10:00,2025-03-31 05:36:00,2025-03-31 03:10:00,2025-04-01 13:50:00,2025-04-01 13:56:00,0.11829522477548154,-4.753302019350439,4.871597244125921,2.1583687875851356,7.261802388091412,2.433333333333333,34.666666666666664,detector,842,2025-03-31 16:04:00,2025-03-31 16:04:00
KERG,2025-03-31 12:56:00,2025-03-31 17:02:00,2025-03-31 12:56:00,2025-04-01 17:24:00,2025-04-01 17:30:00,0.8322902505392472,-5.220887494176137,6.053177744715384,2.1298422986565617,3.4541117566543584,4.1,28.466666666666665,detector,842,2025-03-31 16:04:00,2025-03-31 16:04:00
JUNG,2025-03-31 19:12:00,2025-03-31 22:08:00,2025-03-31 19:12:00,2025-04-01 21:22:00,2025-04-01 21:26:00,-0.34111163567540925,-5.41888160876912,5.077769973093711,2.0867354744308844,4.4735241874793354,2.933333333333333,26.166666666666668,detector,842,2025-03-31 16:04:00,2025-03-31 16:04:00
JUNG1,2025-03-31 19:32:00,2025-03-31 22:08:00,2025-03-31 19:32:00,2025-04-01 18:04:00,2025-04-01 18:06:00,-0.41582169827190546,-4.725116148106438,4.309294449834533,2.508712053943045,6.559932443803005,2.6,22.533333333333335,detector,842,2025-03-31 16:04:00,2025-03-31 16:04:00
KIEL2,2025-03-31 19:42:00,2025-03-31 21:54:00,2025-03-31 19:42:00,2025-04-01 00:50:00,2025-04-01 00:52:00,0.8165685988184493,-7.0958316613162165,7.912400260134666,2.1769355643361923,6.255251747598382,2.2,5.133333333333334,detector,842,2025-03-31 16:04:00,2025-03-31 16:04:00
APTY,2025-03-31 23:58:00,2025-04-01 02:16:00,2025-03-31 23:58:00,2025-04-01 12:16:00,2025-04-01 12:20:00,0.28655813284840903,-5.911824605352475,6.198382738200884,2.1086478089527243,8.757525780092248,2.3,12.3,detector,842,2025-03-31 16:04:00,2025-03-31 16:04:00
LMKS,2025-04-05 10:50:00,2025-04-05 14:06:00,2025-04-05 10:50:00,2025-04-06 06:00:00,2025-04-06 06:02:00,0.9308331508612986,-2.599295029784113,3.530128180645412,2.7008516496266424,7.764233542655636,3.2666666666666666,19.166666666666668,detector,843,2025-04-05 21:07:00,2025-04-05 21:07:00
KERG,2025-04-06 07:24:00,2025-04-06 09:50:00,2025-04-06 07:24:00,2025-04-07 18:36:00,2025-04-07 18:38:00,0.5461518585882141,-3.250180593555029,3.7963324521432433,2.2747059875069677,5.783000681144157,2.433333333333333,35.2,detector,843,2025-04-05 21:07:00,2025-04-05 21:07:00
LMKS,2025-04-09 20:48:00,2025-04-09 22:50:00,2025-04-09 20:48:00,2025-04-10 07:10:00,2025-04-10 07:16:00,0.1142309957128735,-2.647641477456762,2.7618724731696354,2.128913055325281,7.562793326893316,2.033333333333333,10.366666666666667,detector,844,2025-04-09 20:48:00,2025-04-09 20:48:00
OULU,2025-04-11 19:50:00,2025-04-11 22:28:00,2025-04-11 19:50:00,2025-04-13 07:10:00,2025-04-13 07:12:00,0.5546123060655639,-4.952639269982456,5.50725157604802,2.1684907814013816,6.752941711027843,2.6333333333333333,35.333333333333336,detector,845,2025-04-11 19:50:00,2025-04-11 19:50:00
NEWK,2025-04-14 20:34:00,2025-04-14 23:36:00,2025-04-14 20:34:00,2025-04-16 02:12:00,2025-04-16 02:16:00,-0.06701411021151041,-5.005841121495323,4.938827011283813,2.6867899772855073,7.119729331937804,3.033333333333333,29.633333333333333,detector,846,2025-04-15 04:08:00,2025-04-15 04:08:00
DRBS,2025-04-14 22:10:00,2025-04-15 01:16:00,2025-04-14 22:10:00,2025-04-16 02:02:00,2025-04-16 02:04:00,0.36246928432646325,-6.874629572406232,7.237098856732696,2.732728161718077,7.256042862795167,3.1,27.866666666666667,detector,846,2025-04-15 04:08:00,2025-04-15 04:08:00
BKSN,2025-04-15 01:26:00,2025-04-15 04:42:00,2025-04-15 01:26:00,2025-04-16 06:32:00,2025-04-16 06:36:00,0.17009894921800833,-5.408986329821045,5.579085279039053,2.070430488874252,5.01365718104621,3.2666666666666666,29.1,detector,846,2025-04-15 04:08:00,2025-04-15 04:08:00
OULU,2025-04-15 04:08:00,2025-04-15 07:20:00,2025-04-15 04:08:00,2025-04-16 01:34:00,2025-04-16 01:42:00,0.16319250641198635,-6.462051744980975,6.625244251392962,2.1406352201143464,11.370383627408271,3.2,21.433333333333334,detector,846,2025-04-15 04:08:00,2025-04-15 04:08:00
LMKS,2025-04-15 08:08:00,2025-04-15 10:16:00,2025-04-15 08:08:00,2025-04-16 00:46:00,2025-04-16 03:04:00,0.7109782529941757,-4.2276081126175695,4.938586365611745,2.050419690363737,9.280205965053202,2.1333333333333333,16.633333333333333,detector,846,2025-04-15 04:08:00,2025-04-15 04:08:00
MXCO,2025-04-15 08:16:00,2025-04-15 11:46:00,2025-04-15 08:16:00,2025-04-16 02:54:00,2025-04-16 03:00:00,0.4480001102777112,-4.950305094897619,5.39830520517533,2.1629840957305086,21.641481708969657,3.5,18.633333333333333,detector,846,2025-04-15 04:08:00,2025-04-15 04:08:00
KERG,2025-04-16 02:08:00,2025-04-16 04:38:00,2025-04-16 02:08:00,2025-04-16 02:14:00,2025-04-16 02:18:00,0.14110231840887885,-4.300353559674738,4.441455878083617,2.169429802978992,4.406463389096954,2.5,0.1,detector,846,2025-04-15 04:08:00,2025-04-15 04:08:00
AATB,2025-04-20 10:18:00,2025-04-20 13:10:00,2025-04-20 10:18:00,2025-04-21 21:48:00,2025-04-21 21:50:00,1.3256899982854478,-2.514687646114141,3.840377644399589,2.1660385195303116,3.850144614711279,2.8666666666666667,35.5,detector,847,2025-04-20 16:34:00,2025-04-20 16:34:00
JUNG,2025-04-20 16:04:00,2025-04-20 18:18:00,2025-04-20 16:04:00,2025-04-20 21:38:00,2025-04-20 21:40:00,1.177801310829932,-2.807773880979786,3.985575191809718,2.036871515621591,5.501039461796163,2.2333333333333334,5.566666666666666,detector,847,2025-04-20 16:34:00,2025-04-20 16:34:00
CALM,2025-04-20 16:34:00,2025-04-20 20:46:00,2025-04-20 16:34:00,2025-04-22 01:00:00,2025-04-22 01:04:00,1.3776174199677182,-8.426550598476604,9.804168018444322,2.560467561437122,6.292844955744955,4.2,32.43333333333333,detector,847,2025-04-20 16:34:00,2025-04-20 16:34:00
JUNG1,2025-04-21 03:44:00,2025-04-21 07:04:00,2025-04-21 03:44:00,2025-04-22 00:34:00,2025-04-22 00:38:00,1.0452927522447473,-2.9080618941537715,3.9533546463985187,2.4117333307642097,8.417355517080972,3.3333333333333335,20.833333333333332,detector,847,2025-04-20 16:34:00,2025-04-20 16:34:00
KERG,2025-04-21 05:36:00,2025-04-21 09:22:00,2025-04-21 05:36:00,2025-04-21 23:20:00,2025-04-21 23:24:00,1.019791534798729,-3.1893823277663973,4.209173862565127,2.091995474027908,8.644663987825501,3.7666666666666666,17.733333333333334,detector,847,2025-04-20 16:34:00,2025-04-20 16:34:00
KIEL2,2025-04-22 15:00:00,2025-04-22 17:16:00,2025-04-22 15:00:00,2025-04-23 01:42:00,2025-04-23 01:44:00,0.2420909068082137,-6.49119743463561,6.733288341443823,2.2021193092345297,7.253393796393615,2.2666666666666666,10.7,detector,848,2025-04-22 15:50:00,2025-04-22 15:50:00
FSMT,2025-04-22 15:50:00,2025-04-22 17:52:00,2025-04-22 15:50:00,2025-04-23 09:04:00,2025-04-23 09:06:00,0.3773971442588344,-3.3169887510816207,3.694385895340455,2.0667221281460693,10.438504092305031,2.033333333333333,17.233333333333334,detector,848,2025-04-22 15:50:00,2025-04-22 15:50:00
JUNG1,2025-04-22 22:30:00,2025-04-23 00:54:00,2025-04-22 22:30:00,2025-04-24 01:58:00,2025-04-24 02:02:00,0.1628792042544417,-4.4641430964268505,4.6270223006812925,2.1518029091665025,8.045499481408347,2.4,27.466666666666665,detector,848,2025-04-22 15:50:00,2025-04-22 15:50:00
JUNG,2025-04-24 16:02:00,2025-04-24 19:22:00,2025-04-24 16:02:00,2025-04-25 13:22:00,2025-04-25 13:30:00,0.1852290966512921,-3.6421303662060858,3.8273594628573777,2.029723021062086,6.594361389789043,3.3333333333333335,21.333333333333332,detector,849,2025-04-25 00:10:00,2025-04-25 00:10:00
LMKS,2025-04-24 20:10:00,2025-04-24 22:30:00,2025-04-24 20:10:00,2025-04-25 22:56:00,2025-04-25 22:58:00,0.3473672845776379,-4.483215412134902,4.83058269671254,2.1786979264092756,8.001338023803273,2.3333333333333335,26.766666666666666,detector,849,2025-04-25 00:10:00,2025-04-25 00:10:00
JUNG1,2025-04-25 04:10:00,2025-04-25 06:32:00,2025-04-25 04:10:00,2025-04-25 11:32:00,2025-04-25 11:34:00,-0.301781213400783,-4.108382756328132,3.8066015429273494,2.0393211282449233,3.1342190221464237,2.3666666666666667,7.366666666666666,detector,849,2025-04-25 00:10:00,2025-04-25 00:10:00
FSMT,2025-04-25 21:06:00,2025-04-25 23:16:00,2025-04-25 21:06:00,2025-04-26 12:22:00,2025-04-26 12:24:00,0.0902208471590195,-3.148092441700787,3.2383132888598065,2.1643281648867494,3.188924725243206,2.1666666666666665,15.266666666666667,detector,849,2025-04-25 00:10:00,2025-04-25 00:10:00
KERG,2025-04-28 17:24:00,2025-04-28 19:28:00,2025-04-28 17:24:00,2025-04-29 20:10:00,2025-04-29 20:14:00,0.5137395606653063,-2.9209291308274157,3.434668691492722,2.528429570234949,9.08739892286548,2.066666666666667,26.766666666666666,detector,850,2025-04-28 17:24:00,2025-04-28 17:24:00
DRBS,2025-05-01 13:24:00,2025-05-01 15:46:00,2025-05-01 13:24:00,2025-05-02 13:20:00,2025-05-02 13:22:00,0.42580617042355595,-6.267895959823105,6.693702130246661,2.162902424962012,9.307675427047018,2.3666666666666667,23.933333333333334,detector,851,2025-05-02 07:03:00,2025-05-02 07:03:00
AATB,2025-05-02 05:44:00,2025-05-02 07:52:00,2025-05-02 05:44:00,2025-05-02 23:46:00,2025-05-02 23:48:00,0.3662191174090921,-2.798920703958762,3.1651398213678537,2.0977458586611792,9.697584599888213,2.1333333333333333,18.033333333333335,detector,851,2025-05-02 07:03:00,2025-05-02 07:03:00
JUNG,2025-05-02 08:22:00,2025-05-02 10:26:00,2025-05-02 08:22:00,2025-05-03 19:52:00,2025-05-03 19:54:00,0.400138416321678,-4.897774788637184,5.297913204958862,2.7257741063518712,7.56991138096327,2.066666666666667,35.5,detector,851,2025-05-02 07:03:00,2025-05-02 07:03:00
JUNG1,2025-05-02 14:34:00,2025-05-02 20:42:00,2025-05-02 14:34:00,2025-05-03 13:46:00,2025-05-03 13:48:00,0.49833864568016556,-3.741430937309956,4.239769582990122,2.076744547353094,5.686676270365684,6.133333333333334,23.2,detector,851,2025-05-02 07:03:00,2025-05-02 07:03:00
KERG,2025-05-08 08:58:00,2025-05-08 11:56:00,2025-05-08 08:58:00,2025-05-09 18:42:00,2025-05-09 18:44:00,1.009028203989329,-3.267170731223923,4.276198935213252,2.078910914809694,2.699904385589413,2.966666666666667,33.733333333333334,detector,852,2025-05-08 22:38:00,2025-05-08 22:38:00
APTY,2025-05-08 21:10:00,2025-05-09 00:42:00,2025-05-08 21:10:00,2025-05-10 02:56:00,2025-05-10 02:58:00,0.786626511148107,-3.809828308341592,4.596454819489699,2.239394020240734,3.535735266106172,3.533333333333333,29.766666666666666,detector,852,2025-05-08 22:38:00,2025-05-08 22:38:00
BKSN,2025-05-09 00:06:00,2025-05-09 02:40:00,2025-05-09 00:06:00,2025-05-09 17:58:00,2025-05-09 18:00:00,0.7439573892417015,-4.495300367797305,5.239257757039006,2.0704220330442804,6.85072761585898,2.566666666666667,17.866666666666667,detector,852,2025-05-08 22:38:00,2025-05-08 22:38:00
MXCO,2025-05-09 12:02:00,2025-05-09 17:24:00,2025-05-09 12:02:00,2025-05-10 09:42:00,2025-05-10 09:46:00,0.3770508231356636,-3.4440890853055803,3.821139908441244,2.076445245976367,22.288726267503257,5.366666666666666,21.666666666666668,detector,852,2025-05-08 22:38:00,2025-05-08 22:38:00
APTY,2025-05-11 04:44:00,2025-05-11 08:20:00,2025-05-11 04:44:00,2025-05-11 23:50:00,2025-05-11 23:52:00,-0.4240483697769689,-4.883884047387981,4.459835677611012,2.1328393813364617,6.1783856716176855,3.6,19.1,detector,853,2025-05-11 11:42:00,2025-05-11 11:42:00
DRBS,2025-05-11 08:02:00,2025-05-11 10:10:00,2025-05-11 08:02:00,2025-05-12 12:30:00,2025-05-12 12:32:00,-0.3377227266350022,-6.7046931844521325,6.36697045781713,2.463908434340948,7.583799652677271,2.1333333333333333,28.466666666666665,detector,853,2025-05-11 11:42:00,2025-05-11 11:42:00
FSMT,2025-05-11 15:22:00,2025-05-11 17:36:00,2025-05-11 15:22:00,2025-05-12 04:30:00,2025-05-12 04:32:00,-0.3704689882173467,-4.849517910816751,4.479048922599405,2.186292052374347,3.042682639163476,2.2333333333333334,13.133333333333333,detector,853,2025-05-11 11:42:00,2025-05-11 11:42:00
OULU,2025-05-12 09:20:00,2025-05-12 12:12:00,2025-05-12 09:20:00,2025-05-13 04:32:00,2025-05-13 04:34:00,-0.7183755981575648,-5.946991803235597,5.228616205078032,2.1782053806660455,9.194132587178444,2.8666666666666667,19.2,detector,853,2025-05-11 11:42:00,2025-05-11 11:42:00
DRBS,2025-05-17 00:12:00,2025-05-17 02:50:00,2025-05-17 00:12:00,2025-05-17 19:36:00,2025-05-17 19:38:00,1.2921847239254836,-5.943970402472452,7.236155126397936,2.0445705097384708,3.5821125127718294,2.6333333333333333,19.4,detector,854,2025-05-17 10:52:00,2025-05-17 10:52:00
OULU,2025-05-17 03:10:00,2025-05-17 05:32:00,2025-05-17 03:10:00,2025-05-17 14:12:00,2025-05-17 14:14:00,1.286731668801465,-3.8164685581825735,5.103200226984038,2.4696719288107607,4.757631576924289,2.3666666666666667,11.033333333333333,detector,854,2025-05-17 10:52:00,2025-05-17 10:52:00
ROME,2025-05-17 05:06:00,2025-05-17 08:02:00,2025-05-17 05:06:00,2025-05-18 11:14:00,2025-05-18 11:16:00,1.1783825042583853,-3.7937848632153046,4.9721673674736895,2.1001874730875763,13.15318184330215,2.933333333333333,30.133333333333333,detector,854,2025-05-17 10:52:00,2025-05-17 10:52:00
MXCO,2025-05-17 10:52:00,2025-05-17 13:08:00,2025-05-17 10:52:00,2025-05-17 12:18:00,2025-05-17 12:20:00,1.2337170250221747,-2.7055690633321814,3.939286088354356,2.07299034299713,5.0070198166596,2.2666666666666666,1.4333333333333333,detector,854,2025-05-17 10:52:00,2025-05-17 10:52:00
JUNG,2025-05-18 15:04:00,2025-05-18 18:50:00,2025-05-18 15:04:00,2025-05-20 02:04:00,2025-05-20 02:06:00,0.5318837955706596,-4.782777020316766,5.314660815887426,2.0729496517021686,6.039157295741617,3.7666666666666666,35.0,detector,854,2025-05-17 10:52:00,2025-05-17 10:52:00
LMKS,2025-05-19 23:20:00,2025-05-20 02:46:00,2025-05-19 23:20:00,2025-05-20 01:30:00,2025-05-20 01:32:00,-0.23182492414182676,-3.4991845865641737,3.267359662422347,2.421025712616427,4.666574998869491,3.433333333333333,2.1666666666666665,detector,854,2025-05-17 10:52:00,2025-05-17 10:52:00
APTY,2025-05-20 00:46:00,2025-05-20 03:44:00,2025-05-20 00:46:00,2025-05-20 02:00:00,2025-05-20 02:04:00,0.4268466164887495,-3.433517336114574,3.8603639526033238,2.059063549240622,7.257801067300833,2.966666666666667,1.2333333333333334,detector,854,2025-05-17 10:52:00,2025-05-17 10:52:00
JUNG,2025-05-21 17:04:00,2025-05-21 20:04:00,2025-05-21 17:04:00,2025-05-22 20:32:00,2025-05-22 20:36:00,-0.5145588966881716,-4.482259281669182,3.9677003849810104,2.994329737376163,5.115755749100118,3.0,27.466666666666665,detector,855,2025-05-22 22:08:00,2025-05-22 22:08:00
KERG,2025-05-21 18:52:00,2025-05-21 20:56:00,2025-05-21 18:52:00,2025-05-23 01:22:00,2025-05-23 01:24:00,0.22396723355826487,-3.558906073752171,3.7828733073104357,2.026097381905694,3.477952416564841,2.066666666666667,30.5,detector,855,2025-05-22 22:08:00,2025-05-22 22:08:00
LMKS,2025-05-22 22:08:00,2025-05-23 00:26:00,2025-05-22 22:08:00,2025-05-24 05:38:00,2025-05-24 05:46:00,0.22456053271007148,-3.371023706112142,3.5955842388222137,2.007273321753122,5.121689515880716,2.3,31.5,detector,855,2025-05-22 22:08:00,2025-05-22 22:08:00
APTY,2025-05-23 14:50:00,2025-05-23 17:00:00,2025-05-23 14:50:00,2025-05-24 21:00:00,2025-05-24 21:02:00,-0.43536142495136687,-5.389646281498719,4.9542848565473525,2.0362124851222196,5.387366039164431,2.1666666666666665,30.166666666666668,detector,855,2025-05-22 22:08:00,2025-05-22 22:08:00
FSMT,2025-05-24 22:46:00,2025-05-25 01:28:00,2025-05-24 22:46:00,2025-05-25 11:04:00,2025-05-25 11:06:00,-0.2930176990980975,-3.914388860237237,3.6213711611391397,2.018476044664488,7.18850081931837,2.7,12.3,detector,855,2025-05-22 22:08:00,2025-05-22 22:08:00
APTY,2025-05-28 04:02:00,2025-05-28 06:12:00,2025-05-28 04:02:00,2025-05-29 05:24:00,2025-05-29 05:26:00,0.032680262717264597,-4.428403083204014,4.461083345921279,2.106390320917596,6.032772734441902,2.1666666666666665,25.366666666666667,detector,856,2025-05-28 17:03:00,2025-05-28 17:03:00
LMKS,2025-05-29 06:04:00,2025-05-29 08:24:00,2025-05-29 06:04:00,2025-05-29 17:22:00,2025-05-29 17:30:00,1.0450529406895204,-3.1593775405583924,4.204430481247913,2.247400206112751,6.726875982480053,2.3333333333333335,11.3,detector,856,2025-05-28 17:03:00,2025-05-28 17:03:00
BKSN,2025-05-31 13:54:00,2025-05-31 16:16:00,2025-05-31 13:54:00,2025-06-01 11:10:00,2025-06-01 11:42:00,-0.4612478541864138,-5.3694202501023,4.908172395915885,2.231285075866409,6.03277706932152,2.3666666666666667,21.266666666666666,detector,857,2025-05-31 22:53:00,2025-05-31 22:53:00
DRBS,2025-05-31 17:32:00,2025-05-31 19:58:00,2025-05-31 17:32:00,2025-06-01 12:28:00,2025-06-05 17:08:00,2.761354644050803,-11.592666313252051,14.354020957302854,16.300933749171644,20.580199852385753,2.433333333333333,18.933333333333334,detector,857,2025-05-31 22:53:00,2025-05-31 22:53:00
APTY,2025-05-31 21:02:00,2025-05-31 23:22:00,2025-05-31 21:02:00,2025-06-01 09:26:00,2025-06-01 09:30:00,-0.21696481640386636,-5.445496306210876,5.228531489807009,2.1251661491689875,5.102688030078018,2.3333333333333335,12.4,detector,857,2025-05-31 22:53:00,2025-05-31 22:53:00
KIEL2,2025-06-01 00:44:00,2025-06-01 03:32:00,2025-06-01 00:44:00,2025-06-02 01:22:00,2025-06-02 03:20:00,-0.40357493234912456,-18.9645448128942,18.560969880545077,2.104575089189591,3.4176180493742425,2.8,24.633333333333333,detector,857,2025-05-31 22:53:00,2025-05-31 22:53:00
FSMT,2025-06-01 05:16:00,2025-06-01 07:58:00,2025-06-01 05:16:00,2025-06-01 09:34:00,2025-06-06 22:26:00,-0.0203380482730035,-6.790528999027665,6.770190950754662,2.1225324866519406,3.7755041344427833,2.7,4.3,detector,857,2025-05-31 22:53:00,2025-05-31 22:53:00
JUNG,2025-06-01 07:02:00,2025-06-01 09:44:00,2025-06-01 07:02:00,2025-06-01 08:48:00,2025-06-01 11:08:00,0.8921965523774772,-4.111152876971682,5.003349429349159,2.1742260117775167,6.832944273232087,2.7,1.7666666666666666,detector,857,2025-05-31 22:53:00,2025-05-31 22:53:00
JUNG1,2025-06-05 16:04:00,2025-06-05 18:40:00,2025-06-05 16:04:00,2025-06-06 20:12:00,2025-06-06 20:16:00,3.562198378249607,-1.1588708337811986,4.721069212030805,2.6888117509119223,7.159456563480815,2.6,28.133333333333333,detector,858,2025-06-05 16:57:00,2025-06-05 16:57:00
KIEL2,2025-06-05 17:50:00,2025-06-05 20:12:00,2025-06-05 17:50:00,2025-06-07 00:52:00,2025-06-07 00:54:00,4.103096854375947,-2.5466410332782763,6.649737887654223,2.0162789654288376,8.487044530814735,2.3666666666666667,31.033333333333335,detector,858,2025-06-05 16:57:00,2025-06-05 16:57:00
ROME,2025-06-07 23:14:00,2025-06-08 02:30:00,2025-06-07 23:14:00,2025-06-08 10:20:00,2025-06-08 10:22:00,2.3635307631293117,-4.358086916088721,6.721617679218032,2.011043440567924,3.3663810182832523,3.2666666666666666,11.1,detector,859,2025-06-08 01:51:00,2025-06-08 01:51:00
JUNG1,2025-06-08 04:28:00,2025-06-08 06:42:00,2025-06-08 04:28:00,2025-06-08 17:20:00,2025-06-08 17:22:00,2.973791388486217,-2.3229519177932483,5.296743306279465,2.876874706372095,5.778043753168685,2.2333333333333334,12.866666666666667,detector,859,2025-06-08 01:51:00,2025-06-08 01:51:00
JUNG1,2025-06-10 01:04:00,2025-06-10 03:26:00,2025-06-10 01:04:00,2025-06-11 04:02:00,2025-06-11 04:04:00,3.9754570413788772,-1.4632738120297712,5.438730853408648,2.603237243890648,10.290775217207068,2.3666666666666667,26.966666666666665,detector,860,2025-06-11 17:12:00,2025-06-11 17:12:00
JUNG,2025-06-10 12:58:00,2025-06-10 15:36:00,2025-06-10 12:58:00,2025-06-11 01:18:00,2025-06-11 01:22:00,3.6249538139931716,-2.8835230706016,6.508476884594772,2.2552890093165847,4.575665495453928,2.6333333333333333,12.333333333333334,detector,860,2025-06-11 17:12:00,2025-06-11 17:12:00
ROME,2025-06-10 18:30:00,2025-06-10 20:54:00,2025-06-10 18:30:00,2025-06-12 04:24:00,2025-06-12 04:26:00,2.3601566045344065,-4.371642174083143,6.7317987786175495,2.0531000036900027,4.966591340134609,2.4,33.9,detector,860,2025-06-11 17:12:00,2025-06-11 17:12:00
MXCO,2025-06-11 05:28:00,2025-06-11 09:00:00,2025-06-11 05:28:00,2025-06-12 12:24:00,2025-06-12 12:26:00,1.55155745595239,-4.584935345429492,6.136492801381882,2.4568380123850986,7.704642672044944,3.533333333333333,30.933333333333334,detector,860,2025-06-11 17:12:00,2025-06-11 17:12:00
ATHN,2025-06-11 15:02:00,2025-06-11 18:44:00,2025-06-11 15:02:00,2025-06-12 15:24:00,2025-06-12 15:26:00,1.2466572282523352,-5.74965024094512,6.996307469197455,2.2350464250304434,27.93178992945036,3.7,24.366666666666667,detector,860,2025-06-11 17:12:00,2025-06-11 17:12:00
LMKS,2025-06-11 19:22:00,2025-06-11 21:58:00,2025-06-11 19:22:00,2025-06-13 06:32:00,2025-06-13 06:34:00,1.0952690786003454,-4.024803423322863,5.120072501923209,2.253639577092444,5.35781449138472,2.6,35.166666666666664,detector,860,2025-06-11 17:12:00,2025-06-11 17:12:00
NEWK,2025-06-11 22:22:00,2025-06-12 00:32:00,2025-06-11 22:22:00,2025-06-12 09:14:00,2025-06-12 09:18:00,1.7757094752768676,-5.39629005059022,7.171999525867087,2.111508986472421,3.148817048900846,2.1666666666666665,10.866666666666667,detector,860,2025-06-11 17:12:00,2025-06-11 17:12:00
DRBS,2025-06-12 09:44:00,2025-06-12 12:24:00,2025-06-12 09:44:00,2025-06-13 01:08:00,2025-06-13 01:10:00,0.5486685591429175,-8.246554480310225,8.795223039453143,2.5093231223151315,5.926634119953426,2.6666666666666665,15.4,detector,860,2025-06-11 17:12:00,2025-06-11 17:12:00
OULU,2025-06-12 15:56:00,2025-06-12 18:52:00,2025-06-12 15:56:00,2025-06-13 14:26:00,2025-06-13 14:28:00,0.4717642357955746,-7.048651817116054,7.520416052911629,2.321791623576773,3.999940065801286,2.933333333333333,22.5,detector,860,2025-06-11 17:12:00,2025-06-11 17:12:00
FSMT,2025-06-13 01:52:00,2025-06-13 04:00:00,2025-06-13 01:52:00,2025-06-13 03:42:00,2025-06-13 03:44:00,-0.6704694595757139,-4.331552887052132,3.6610834274764175,2.147314657098154,3.539345659636618,2.1333333333333333,1.8333333333333333,detector,860,2025-06-11 17:12:00,2025-06-11 17:12:00
JUNG1,2025-06-16 02:10:00,2025-06-16 04:28:00,2025-06-16 02:10:00,2025-06-17 13:36:00,2025-06-17 13:38:00,1.3042682164846666,-2.4242820920709285,3.728550308555595,2.8893341975971483,7.794390966113329,2.3,35.43333333333333,detector,861,2025-06-16 09:48:00,2025-06-16 09:48:00
ROME,2025-06-16 09:48:00,2025-06-16 12:28:00,2025-06-16 09:48:00,2025-06-17 05:12:00,2025-06-17 05:14:00,0.2996089848841336,-4.644359577463602,4.943968562347735,2.012456696317129,4.7621394252157065,2.6666666666666665,19.4,detector,861,2025-06-16 09:48:00,2025-06-16 09:48:00
FSMT,2025-06-17 03:12:00,2025-06-17 05:16:00,2025-06-17 03:12:00,2025-06-18 02:16:00,2025-06-18 02:18:00,0.11550740989487784,-3.46186759328891,3.5773750031837874,2.2878967734242934,6.490153583220576,2.066666666666667,23.066666666666666,detector,861,2025-06-16 09:48:00,2025-06-16 09:48:00
JUNG1,2025-06-18 21:52:00,2025-06-18 23:50:00,2025-06-18 21:52:00,2025-06-20 04:18:00,2025-06-20 04:20:00,0.09755211254106624,-4.042386575689382,4.1399386882304485,2.346376533554156,6.203947841572917,1.9666666666666666,30.433333333333334,detector,862,2025-06-19 04:34:00,2025-06-19 04:34:00
KERG,2025-06-18 23:38:00,2025-06-19 02:24:00,2025-06-18 23:38:00,2025-06-20 00:50:00,2025-06-20 00:52:00,0.125102905222746,-4.372728768188543,4.497831673411289,2.0059228942854164,3.1920833225719405,2.7666666666666666,25.2,detector,862,2025-06-19 04:34:00,2025-06-19 04:34:00
NEWK,2025-06-19 09:30:00,2025-06-19 12:30:00,2025-06-19 09:30:00,2025-06-20 07:04:00,2025-06-20 07:06:00,-0.4964373320873697,-4.727016968027429,4.230579635940059,2.2876707957771405,8.833589377680964,3.0,21.566666666666666,detector,862,2025-06-19 04:34:00,2025-06-19 04:34:00
JUNG,2025-06-20 11:48:00,2025-06-20 13:48:00,2025-06-20 11:48:00,2025-06-21 14:06:00,2025-06-21 14:10:00,-1.1762637042039334,-4.38074634937805,3.204482645174117,2.22543888026594,6.898768300611065,2.0,26.3,detector,862,2025-06-19 04:34:00,2025-06-19 04:34:00
LMKS,2025-06-26 23:16:00,2025-06-27 01:24:00,2025-06-26 23:16:00,2025-06-27 01:02:00,2025-06-27 01:04:00,0.33874928777423907,-2.376325620631471,2.71507490840571,2.074042798676789,8.7444777268442,2.1333333333333333,1.7666666666666666,detector,863,2025-06-27 04:41:00,2025-06-27 04:41:00
JUNG1,2025-06-27 10:06:00,2025-06-27 14:00:00,2025-06-27 10:06:00,2025-06-28 21:26:00,2025-06-28 21:28:00,0.02678704430652265,-3.168169791869436,3.1949568361759586,2.3228742520734293,11.01118651370592,3.9,35.333333333333336,detector,863,2025-06-27 04:41:00,2025-06-27 04:41:00
KERG,2025-07-01 22:38:00,2025-07-02 02:26:00,2025-07-01 22:38:00,2025-07-03 02:50:00,2025-07-03 02:52:00,0.9070004204077915,-3.87241919691461,4.779419617322401,2.2410661874190976,11.633176319385118,3.8,28.2,detector,864,2025-07-01 22:38:00,2025-07-01 22:38:00
JUNG1,2025-07-04 17:24:00,2025-07-04 20:02:00,2025-07-04 17:24:00,2025-07-04 20:50:00,2025-07-04 20:52:00,0.3262703065575552,-2.9422370883153897,3.2685073948729446,2.322446207513435,5.866260017048179,2.6333333333333333,3.433333333333333,detector,865,2025-07-04 17:47:00,2025-07-04 17:47:00
KIEL2,2025-07-04 18:10:00,2025-07-04 20:32:00,2025-07-04 18:10:00,2025-07-05 00:58:00,2025-07-05 01:00:00,0.5207016441384276,-7.480342224712454,8.001043868850882,2.170872866744306,5.770283082015197,2.3666666666666667,6.8,detector,865,2025-07-04 17:47:00,2025-07-04 17:47:00
FSMT,2025-07-08 07:12:00,2025-07-08 09:44:00,2025-07-08 07:12:00,2025-07-08 08:04:00,2025-07-08 08:06:00,0.6312989598328324,-2.1789873120607193,2.8102862718935517,2.3735785930524553,6.310024206003236,2.533333333333333,0.8666666666666667,detector,866,2025-07-08 07:12:00,2025-07-08 07:12:00
KERG,2025-07-09 01:52:00,2025-07-09 04:24:00,2025-07-09 01:52:00,2025-07-10 06:18:00,2025-07-10 06:20:00,1.119628453288447,-2.896066690437838,4.015695143726285,2.0554076537441057,4.796491069371981,2.533333333333333,28.433333333333334,detector,867,2025-07-09 16:52:00,2025-07-09 16:52:00
LMKS,2025-07-09 06:18:00,2025-07-09 11:34:00,2025-07-09 06:18:00,2025-07-10 05:10:00,2025-07-10 05:16:00,0.809691598021637,-3.79461876119676,4.604310359218397,2.0075989587674505,8.394141091930367,5.266666666666667,22.866666666666667,detector,867,2025-07-09 16:52:00,2025-07-09 16:52:00
APTY,2025-07-09 08:26:00,2025-07-09 11:46:00,2025-07-09 08:26:00,2025-07-10 07:16:00,2025-07-10 07:18:00,0.7341080320634481,-4.8528670781060885,5.586975110169536,2.2640377946914865,5.61505302138345,3.3333333333333335,22.833333333333332,detector,867,2025-07-09 16:52:00,2025-07-09 16:52:00
BKSN,2025-07-10 01:18:00,2025-07-10 03:38:00,2025-07-10 01:18:00,2025-07-10 20:34:00,2025-07-10 20:36:00,0.4896261614925292,-5.275132533761118,5.764758695253647,2.1298509552766807,6.985377150310754,2.3333333333333335,19.266666666666666,detector,867,2025-07-09 16:52:00,2025-07-09 16:52:00
KIEL2,2025-07-10 11:46:00,2025-07-10 14:40:00,2025-07-10 11:46:00,2025-07-11 00:28:00,2025-07-11 00:30:00,0.0453011954582297,-7.001619641325312,7.046920836783541,2.183452094459987,3.994639984067841,2.9,12.7,detector,867,2025-07-09 16:52:00,2025-07-09 16:52:00
OULU,2025-07-10 17:28:00,2025-07-10 19:36:00,2025-07-10 17:28:00,2025-07-11 08:26:00,2025-07-11 08:28:00,0.4612713788932713,-4.826812974622756,5.288084353516028,2.019091817749035,3.23643936724149,2.1333333333333333,14.966666666666667,detector,867,2025-07-09 16:52:00,2025-07-09 16:52:00
JUNG1,2025-07-12 18:08:00,2025-07-12 20:46:00,2025-07-12 18:08:00,2025-07-14 05:42:00,2025-07-14 05:44:00,0.6869696111408663,-2.0612076473212424,2.7481772584621087,2.169991912958233,5.063929018653359,2.6333333333333333,35.56666666666667,detector,868,2025-07-14 20:01:00,2025-07-14 20:01:00
OULU,2025-07-14 14:46:00,2025-07-14 18:04:00,2025-07-14 14:46:00,2025-07-15 01:12:00,2025-07-15 01:14:00,0.02083625301991325,-5.716787590693014,5.737623843712927,2.0441490261110764,9.858207258236284,3.3,10.433333333333334,detector,868,2025-07-14 20:01:00,2025-07-14 20:01:00
NEWK,2025-07-14 19:54:00,2025-07-14 22:28:00,2025-07-14 19:54:00,2025-07-15 23:46:00,2025-07-15 23:48:00,0.0289628426433284,-5.688137164040775,5.717100006684103,2.3652509060903655,4.018553027264365,2.566666666666667,27.866666666666667,detector,868,2025-07-14 20:01:00,2025-07-14 20:01:00
FSMT,2025-07-14 20:08:00,2025-07-14 23:44:00,2025-07-14 20:08:00,2025-07-16 06:04:00,2025-07-16 06:06:00,0.5781849723049821,-3.825051558426399,4.403236530731381,2.244385696816475,7.117258053513326,3.6,33.93333333333333,detector,868,2025-07-14 20:01:00,2025-07-14 20:01:00
AATB,2025-07-14 21:30:00,2025-07-15 00:14:00,2025-07-14 21:30:00,2025-07-16 00:24:00,2025-07-16 00:26:00,-0.1882860801902459,-3.265057797606976,3.0767717174167304,2.3660352982001935,8.574500150321487,2.7333333333333334,26.9,detector,868,2025-07-14 20:01:00,2025-07-14 20:01:00
JUNG,2025-07-15 19:48:00,2025-07-15 22:14:00,2025-07-15 19:48:00,2025-07-15 21:12:00,2025-07-15 21:14:00,-0.15805636349655883,-4.657246801378924,4.4991904378823655,2.49405941209589,4.81323575257023,2.433333333333333,1.4,detector,868,2025-07-14 20:01:00,2025-07-14 20:01:00
JUNG,2025-07-19 16:10:00,2025-07-19 18:36:00,2025-07-19 16:10:00,2025-07-20 18:48:00,2025-07-20 18:50:00,0.150470953468181,-3.6939286711021846,3.8443996245703658,2.4280272236161133,6.059398989396846,2.433333333333333,26.633333333333333,detector,869,2025-07-20 07:00:00,2025-07-20 07:00:00
JUNG1,2025-07-20 21:50:00,2025-07-21 00:32:00,2025-07-20 21:50:00,2025-07-22 01:06:00,2025-07-22 01:10:00,-0.1133383639336885,-4.1169197784527425,4.003581414519054,2.031095545918076,4.200225586452221,2.7,27.266666666666666,detector,869,2025-07-20 07:00:00,2025-07-20 07:00:00
AATB,2025-07-25 04:58:00,2025-07-25 07:38:00,2025-07-25 04:58:00,2025-07-26 16:36:00,2025-07-26 16:38:00,0.7157213453488143,-2.8706960006543008,3.586417346003115,2.4965448629064424,8.725745341936733,2.6666666666666665,35.63333333333333,detector,870,2025-07-25 11:24:00,2025-07-25 11:24:00
KERG,2025-07-25 05:02:00,2025-07-25 07:52:00,2025-07-25 05:02:00,2025-07-26 13:28:00,2025-07-26 13:30:00,0.5578948065728495,-3.9200388102847223,4.477933616857571,2.545625322180272,8.794056893436826,2.8333333333333335,32.43333333333333,detector,870,2025-07-25 11:24:00,2025-07-25 11:24:00
OULU,2025-07-25 09:02:00,2025-07-25 11:12:00,2025-07-25 09:02:00,2025-07-26 00:56:00,2025-07-26 00:58:00,0.167385977051182,-4.955847330818355,5.123233307869537,2.33669402380749,8.917799364448324,2.1666666666666665,15.9,detector,870,2025-07-25 11:24:00,2025-07-25 11:24:00
APTY,2025-07-25 11:24:00,2025-07-25 14:40:00,2025-07-25 11:24:00,2025-07-26 21:38:00,2025-07-26 21:42:00,0.1746034930545407,-4.909130521024027,5.083734014078567,2.125266850711139,3.716141452683991,3.2666666666666666,34.233333333333334,detector,870,2025-07-25 11:24:00,2025-07-25 11:24:00
LMKS,2025-07-25 14:42:00,2025-07-25 18:20:00,2025-07-25 14:42:00,2025-07-26 20:04:00,2025-07-26 20:08:00,-0.32792398534933864,-3.432821174053411,3.104897188704072,2.292418664276595,6.8939625717462505,3.6333333333333333,29.366666666666667,detector,870,2025-07-25 11:24:00,2025-07-25 11:24:00
BKSN,2025-07-26 06:40:00,2025-07-26 08:48:00,2025-07-26 06:40:00,2025-07-27 03:34:00,2025-07-27 03:36:00,-0.08782973867954905,-4.6206849656610585,4.53285522698151,2.145354073791065,8.220992236499917,2.1333333333333333,20.9,detector,870,2025-07-25 11:24:00,2025-07-25 11:24:00
JUNG,2025-07-26 23:38:00,2025-07-27 01:46:00,2025-07-26 23:38:00,2025-07-27 00:10:00,2025-07-27 00:16:00,-1.8216603467142116,-4.728759673563725,2.9070993268495133,2.3027167999137244,4.060936109427369,2.1333333333333333,0.5333333333333333,detector,870,2025-07-25 11:24:00,2025-07-25 11:24:00
DRBS,2025-07-29 22:34:00,2025-07-30 00:32:00,2025-07-29 22:34:00,2025-07-31 06:08:00,2025-07-31 06:10:00,0.47199072608414283,-5.37932575595981,5.851316482043953,2.0716952471354837,3.0649896606821616,1.9666666666666666,31.566666666666666,detector,871,2025-07-30 09:57:00,2025-07-30 09:57:00
KERG,2025-07-30 21:20:00,2025-07-30 23:56:00,2025-07-30 21:20:00,2025-07-31 23:50:00,2025-07-31 23:52:00,0.8342718049460477,-3.55332996493193,4.3876017698779775,2.1946940511378017,7.183971335904841,2.6,26.5,detector,871,2025-07-30 09:57:00,2025-07-30 09:57:00
KIEL2,2025-08-02 16:46:00,2025-08-02 18:52:00,2025-08-02 16:46:00,2025-08-03 02:46:00,2025-08-03 02:48:00,0.5838684348991818,-5.107128845691433,5.690997280590615,2.2869641057301364,10.720427572987743,2.1,10.0,detector,872,2025-08-02 16:46:00,2025-08-02 16:46:00
OULU,2025-08-03 21:14:00,2025-08-03 23:36:00,2025-08-03 21:14:00,2025-08-05 05:04:00,2025-08-05 05:06:00,0.7686187795216917,-3.818722448640108,4.587341228161799,2.3847132993665996,12.711928129203413,2.3666666666666667,31.833333333333332,detector,873,2025-08-04 04:40:00,2025-08-04 04:40:00
ATHN,2025-08-04 12:06:00,2025-08-04 15:30:00,2025-08-04 12:06:00,2025-08-05 01:38:00,2025-08-05 01:40:00,0.1992304236576298,-5.308646792570633,5.5078772162282625,2.0839557512788973,22.64536978324507,3.4,13.533333333333333,detector,873,2025-08-04 04:40:00,2025-08-04 04:40:00
APTY,2025-08-07 14:22:00,2025-08-07 17:36:00,2025-08-07 14:22:00,2025-08-08 03:54:00,2025-08-08 03:56:00,0.5483476688297377,-3.865081383519842,4.41342905234958,2.0471414914766237,6.213824371488418,3.2333333333333334,13.533333333333333,detector,874,2025-08-07 17:56:00,2025-08-07 17:56:00
KIEL2,2025-08-07 21:30:00,2025-08-08 00:06:00,2025-08-07 21:30:00,2025-08-09 02:30:00,2025-08-09 02:32:00,0.20459231928653185,-6.775724151637102,6.9803164709236345,2.0528388034831924,4.306668704873121,2.6,29.0,detector,874,2025-08-07 17:56:00,2025-08-07 17:56:00
ROME,2025-08-09 19:50:00,2025-08-09 21:54:00,2025-08-09 19:50:00,2025-08-10 19:42:00,2025-08-10 19:44:00,0.2671581696846122,-4.654278704037119,4.921436873721731,2.599423053337019,4.5208458511646334,2.066666666666667,23.866666666666667,detector,875,2025-08-09 19:50:00,2025-08-09 19:50:00
JUNG1,2025-08-11 16:30:00,2025-08-11 19:52:00,2025-08-11 16:30:00,2025-08-12 07:44:00,2025-08-12 07:46:00,1.649391347762918,-2.020057634251221,3.669448982014139,2.0544296146521095,4.157632827386568,3.3666666666666667,15.233333333333333,detector,876,2025-08-12 00:36:00,2025-08-12 00:36:00
KERG,2025-08-12 00:36:00,2025-08-12 04:32:00,2025-08-12 00:36:00,2025-08-12 17:08:00,2025-08-12 17:10:00,0.13109100820098984,-3.79532860019696,3.92641960839795,2.403748842467313,5.9116700894695615,3.933333333333333,16.533333333333335,detector,876,2025-08-12 00:36:00,2025-08-12 00:36:00
MXCO,2025-08-12 14:22:00,2025-08-12 17:46:00,2025-08-12 14:22:00,2025-08-13 15:38:00,2025-08-13 15:40:00,-0.21840194931534046,-3.244699871689096,3.026297922373755,2.3252088048605843,33.844766997664316,3.4,25.266666666666666,detector,876,2025-08-12 00:36:00,2025-08-12 00:36:00
AATB,2025-08-14 14:40:00,2025-08-14 16:42:00,2025-08-14 14:40:00,2025-08-14 14:44:00,2025-08-14 14:46:00,0.04555530909911655,-2.5635833468329716,2.6091386559320884,2.1515797780939256,7.502105503831972,2.033333333333333,0.06666666666666667,detector,877,2025-08-14 22:24:00,2025-08-14 22:24:00
MXCO,2025-08-15 06:08:00,2025-08-15 09:34:00,2025-08-15 06:08:00,2025-08-15 08:02:00,2025-08-15 08:04:00,0.24790395680476074,-3.0290714242335097,3.2769753810382705,2.016332389800754,29.814652295972728,3.433333333333333,1.9,detector,877,2025-08-14 22:24:00,2025-08-14 22:24:00
FSMT,2025-08-16 13:44:00,2025-08-16 18:28:00,2025-08-16 13:44:00,2025-08-17 14:28:00,2025-08-17 14:32:00,0.08554975432199846,-3.4021933180311223,3.487743072353121,2.1494051910829564,3.3875684317616708,4.733333333333333,24.733333333333334,detector,878,2025-08-16 17:30:00,2025-08-16 17:30:00
DRBS,2025-08-16 17:30:00,2025-08-16 20:38:00,2025-08-16 17:30:00,2025-08-18 04:38:00,2025-08-18 04:40:00,0.5721677157649756,-7.82655773206025,8.398725447825225,2.2214298254638853,6.363774237696379,3.1333333333333333,35.13333333333333,detector,878,2025-08-16 17:30:00,2025-08-16 17:30:00
CALM,2025-08-17 04:42:00,2025-08-17 07:36:00,2025-08-17 04:42:00,2025-08-18 01:02:00,2025-08-18 01:04:00,0.00578243587044375,-7.977894493824315,7.9836769296947585,2.6417496851170776,12.971979199489477,2.9,20.333333333333332,detector,878,2025-08-16 17:30:00,2025-08-16 17:30:00
ATHN,2025-08-19 05:46:00,2025-08-19 08:06:00,2025-08-19 05:46:00,2025-08-20 08:26:00,2025-08-20 08:28:00,0.1795783623621589,-6.0685556082591905,6.24813397062135,2.153209585508313,6.040158181923409,2.3333333333333335,26.666666666666668,detector,879,2025-08-19 15:37:00,2025-08-19 15:37:00
JUNG,2025-08-20 01:28:00,2025-08-20 03:56:00,2025-08-20 01:28:00,2025-08-21 03:12:00,2025-08-21 03:14:00,-0.5200230278826824,-3.7082889373720858,3.1882659094894032,2.4022181459993965,11.479404190414254,2.466666666666667,25.733333333333334,detector,879,2025-08-19 15:37:00,2025-08-19 15:37:00
JUNG,2025-08-21 19:44:00,2025-08-21 22:06:00,2025-08-21 19:44:00,2025-08-22 00:02:00,2025-08-22 00:04:00,-0.9365990754413209,-5.202327858152952,4.265728782711631,2.4476445835153053,6.242054604437901,2.3666666666666667,4.3,detector,880,2025-08-21 19:44:00,2025-08-21 19:44:00
LMKS,2025-08-23 15:52:00,2025-08-23 17:52:00,2025-08-23 15:52:00,2025-08-24 02:30:00,2025-08-24 02:32:00,0.2440856330266883,-3.437951833622999,3.682037466649687,2.0562845425952485,5.378308641511347,2.0,10.633333333333333,detector,881,2025-08-26 12:04:00,2025-08-26 12:04:00
JUNG,2025-08-24 13:40:00,2025-08-24 15:38:00,2025-08-24 13:40:00,2025-08-26 00:10:00,2025-08-26 00:12:00,0.4788485954407109,-3.0263908895713914,3.505239485012102,2.0666277881977515,4.3264798034043945,1.9666666666666666,34.5,detector,881,2025-08-26 12:04:00,2025-08-26 12:04:00
KERG,2025-08-24 16:14:00,2025-08-24 19:42:00,2025-08-24 16:14:00,2025-08-26 03:14:00,2025-08-26 03:16:00,-0.049919190408906994,-4.636103616952729,4.586184426543822,2.225489050611538,8.070719647017818,3.466666666666667,35.0,detector,881,2025-08-26 12:04:00,2025-08-26 12:04:00
AATB,2025-08-26 12:04:00,2025-08-26 14:08:00,2025-08-26 12:04:00,2025-08-27 16:38:00,2025-08-27 16:44:00,0.026325791895407298,-3.706563706563699,3.7328894984591066,2.0919625623708935,10.023375424832611,2.066666666666667,28.566666666666666,detector,881,2025-08-26 12:04:00,2025-08-26 12:04:00
APTY,2025-08-27 18:08:00,2025-08-27 20:58:00,2025-08-27 18:08:00,2025-08-28 21:24:00,2025-08-28 21:26:00,-0.6575624420089349,-4.8342933898173674,4.176730947808433,2.0312623348265615,7.518216163312957,2.8333333333333335,27.266666666666666,detector,881,2025-08-26 12:04:00,2025-08-26 12:04:00
FSMT,2025-08-29 08:56:00,2025-08-29 11:20:00,2025-08-29 08:56:00,2025-08-29 10:50:00,2025-08-29 10:52:00,-0.680675896376247,-4.846786539010406,4.166110642634159,2.101575054037508,5.948770427771175,2.4,1.9,detector,881,2025-08-26 12:04:00,2025-08-26 12:04:00
OULU,2025-08-29 09:30:00,2025-08-29 12:32:00,2025-08-29 09:30:00,2025-08-29 09:34:00,2025-08-29 09:36:00,-0.9301815642899138,-5.0315853645718285,4.101403800281915,2.314826171135519,7.8450450713975215,3.033333333333333,0.06666666666666667,detector,881,2025-08-26 12:04:00,2025-08-26 12:04:00
OULU,2025-09-01 10:16:00,2025-09-01 12:20:00,2025-09-01 10:16:00,2025-09-01 22:30:00,2025-09-01 22:34:00,-0.6997519102295716,-5.245792760656025,4.546040850426453,2.151797095566811,4.661120722917081,2.066666666666667,12.233333333333333,detector,882,2025-09-01 15:16:00,2025-09-01 15:16:00
JUNG1,2025-09-01 20:16:00,2025-09-01 23:12:00,2025-09-01 20:16:00,2025-09-02 09:24:00,2025-09-02 09:28:00,-0.08959656476883615,-4.421804619733727,4.332208054964891,2.1410398487863613,3.465563157623396,2.933333333333333,13.133333333333333,detector,882,2025-09-01 15:16:00,2025-09-01 15:16:00
FSMT,2025-09-05 23:12:00,2025-09-06 02:46:00,2025-09-05 23:12:00,2025-09-07 09:50:00,2025-09-07 12:08:00,1.6367689085316415,-6.344162893531399,7.98093180206304,2.2023634675724733,10.59699168861023,3.566666666666667,34.63333333333333,detector,883,2025-09-06 14:16:00,2025-09-06 14:16:00
ROME,2025-09-06 12:38:00,2025-09-06 15:10:00,2025-09-06 12:38:00,2025-09-07 07:44:00,2025-09-07 07:48:00,1.4309173233571122,-6.936784230044482,8.367701553401595,2.162241903103056,7.41487474720501,2.533333333333333,19.1,detector,883,2025-09-06 14:16:00,2025-09-06 14:16:00
CALM,2025-09-06 14:16:00,2025-09-06 16:16:00,2025-09-06 14:16:00,2025-09-07 06:30:00,2025-09-07 06:32:00,1.2257395172742431,-9.034989379277793,10.260728896552036,2.46374657394746,9.179388691434214,2.0,16.233333333333334,detector,883,2025-09-06 14:16:00,2025-09-06 14:16:00
OULU,2025-09-06 17:36:00,2025-09-06 19:52:00,2025-09-06 17:36:00,2025-09-07 13:24:00,2025-09-07 13:32:00,1.807736801992313,-5.085872695003144,6.893609496995457,2.077215629756663,4.542554622925094,2.2666666666666666,19.8,detector,883,2025-09-06 14:16:00,2025-09-06 14:16:00
JUNG,2025-09-07 04:18:00,2025-09-07 07:32:00,2025-09-07 04:18:00,2025-09-07 10:12:00,2025-09-07 12:30:00,1.6161587894815757,-3.0222169025885033,4.638375692070079,2.1587219921011176,6.578542371910958,3.2333333333333334,5.9,detector,883,2025-09-06 14:16:00,2025-09-06 14:16:00
JUNG,2025-09-10 03:16:00,2025-09-10 06:46:00,2025-09-10 03:16:00,2025-09-10 20:34:00,2025-09-10 20:36:00,0.8802626897908252,-3.350758894128475,4.231021583919301,2.0799263929379235,5.958780962496224,3.5,17.3,detector,884,2025-09-13 22:16:00,2025-09-13 22:16:00
OULU,2025-09-11 10:08:00,2025-09-11 13:28:00,2025-09-11 10:08:00,2025-09-12 03:30:00,2025-09-12 03:32:00,1.280809456806357,-4.008873727279389,5.289683184085746,2.01076071078631,7.400659038044247,3.3333333333333335,17.366666666666667,detector,884,2025-09-13 22:16:00,2025-09-13 22:16:00
FSMT,2025-09-12 07:54:00,2025-09-12 10:04:00,2025-09-12 07:54:00,2025-09-13 12:18:00,2025-09-13 12:20:00,1.0410194237001238,-3.401448026645754,4.442467450345878,2.1147035583733063,3.2693198098735383,2.1666666666666665,28.4,detector,884,2025-09-13 22:16:00,2025-09-13 22:16:00
JUNG1,2025-09-13 16:34:00,2025-09-13 19:26:00,2025-09-13 16:34:00,2025-09-13 22:10:00,2025-09-13 22:12:00,0.6571459059664714,-3.415263793567293,4.072409699533765,2.1313941312280766,4.369843540927001,2.8666666666666667,5.6,detector,884,2025-09-13 22:16:00,2025-09-13 22:16:00
KERG,2025-09-14 03:58:00,2025-09-14 06:08:00,2025-09-14 03:58:00,2025-09-15 04:30:00,2025-09-15 04:32:00,0.4418125138968575,-3.2815122230494507,3.7233247369463083,2.0645166635031886,3.353594707368091,2.1666666666666665,24.533333333333335,detector,884,2025-09-13 22:16:00,2025-09-13 22:16:00
ROME,2025-09-14 19:54:00,2025-09-15 00:30:00,2025-09-14 19:54:00,2025-09-15 21:52:00,2025-09-15 21:54:00,0.32952310596984247,-4.456196518517893,4.785719624487736,2.4877891034752,6.48482589854472,4.6,25.966666666666665,detector,884,2025-09-13 22:16:00,2025-09-13 22:16:00
AATB,2025-09-15 06:54:00,2025-09-15 09:04:00,2025-09-15 06:54:00,2025-09-16 18:04:00,2025-09-16 18:06:00,0.2656911812718177,-3.1510658016682043,3.416756982940022,2.226474699818904,8.431108907777203,2.1666666666666665,35.166666666666664,detector,884,2025-09-13 22:16:00,2025-09-13 22:16:00
MXCO,2025-09-15 15:24:00,2025-09-15 17:24:00,2025-09-15 15:24:00,2025-09-16 04:36:00,2025-09-16 04:38:00,0.30632466670858594,-3.8231607591338888,4.129485425842475,2.0068786784901267,7.503984650217976,2.0,13.2,detector,884,2025-09-13 22:16:00,2025-09-13 22:16:00
AATB,2025-09-19 17:42:00,2025-09-19 19:50:00,2025-09-19 17:42:00,2025-09-19 20:58:00,2025-09-19 21:00:00,0.048500525501588204,-2.700080840743742,2.7485813662453302,2.3931442495524475,7.076106297270242,2.1333333333333333,3.2666666666666666,detector,885,2025-09-20 07:52:00,2025-09-20 07:52:00
DRBS,2025-09-20 07:52:00,2025-09-20 10:14:00,2025-09-20 07:52:00,2025-09-21 01:58:00,2025-09-21 02:00:00,0.8038456935413066,-9.124207140942788,9.928052834484095,2.373604026950782,6.065307997722899,2.3666666666666667,18.1,detector,885,2025-09-20 07:52:00,2025-09-20 07:52:00
JUNG1,2025-09-21 03:48:00,2025-09-21 06:58:00,2025-09-21 03:48:00,2025-09-21 22:18:00,2025-09-21 22:20:00,0.8020094551875305,-3.15704175742886,3.959051212616391,2.1400758967931903,4.014643024632441,3.1666666666666665,18.5,detector,885,2025-09-20 07:52:00,2025-09-20 07:52:00
FSMT,2025-09-22 18:50:00,2025-09-22 21:32:00,2025-09-22 18:50:00,2025-09-23 20:18:00,2025-09-23 20:20:00,0.39135408600206056,-3.7734883006502504,4.164842386652311,2.4946805973960884,7.235246027908281,2.7,25.466666666666665,detector,886,2025-09-22 23:05:00,2025-09-22 23:05:00
KERG,2025-09-23 03:20:00,2025-09-23 05:38:00,2025-09-23 03:20:00,2025-09-23 20:34:00,2025-09-23 20:40:00,0.2740923410082182,-3.8507031793691406,4.124795520377359,2.161791008552033,7.215867636951808,2.3,17.233333333333334,detector,886,2025-09-22 23:05:00,2025-09-22 23:05:00
JUNG,2025-09-25 11:48:00,2025-09-25 14:04:00,2025-09-25 11:48:00,2025-09-26 12:10:00,2025-09-26 12:12:00,0.5047908201604101,-3.308426051374696,3.813216871535106,2.3107071307933857,4.963669298089147,2.2666666666666666,24.366666666666667,detector,887,2025-09-25 11:48:00,2025-09-25 11:48:00
MXCO,2025-09-27 06:30:00,2025-09-27 09:06:00,2025-09-27 06:30:00,2025-09-28 12:46:00,2025-09-28 12:48:00,0.14042479411319203,-4.548137737174982,4.6885625312881745,2.248754218424705,4.995244462318064,2.6,30.266666666666666,detector,888,2025-09-28 05:04:00,2025-09-28 05:04:00
JUNG1,2025-09-27 13:10:00,2025-09-27 15:32:00,2025-09-27 13:10:00,2025-09-28 05:50:00,2025-09-28 05:52:00,-0.5404541603440469,-3.9920639605616817,3.4516098002176347,2.277664027814067,6.959657888154157,2.3666666666666667,16.666666666666668,detector,888,2025-09-28 05:04:00,2025-09-28 05:04:00
OULU,2025-09-27 13:34:00,2025-09-27 16:04:00,2025-09-27 13:34:00,2025-09-28 21:38:00,2025-09-28 21:40:00,0.32578600950752035,-6.2835822446710035,6.6093682541785235,2.0326596472038783,5.442694088923691,2.5,32.06666666666667,detector,888,2025-09-28 05:04:00,2025-09-28 05:04:00
KIEL2,2025-09-28 01:24:00,2025-09-28 03:22:00,2025-09-28 01:24:00,2025-09-29 00:26:00,2025-09-29 00:28:00,0.021834291189414948,-7.490116400044049,7.511950691233464,2.0238261659815144,4.921118075384393,1.9666666666666666,23.033333333333335,detector,888,2025-09-28 05:04:00,2025-09-28 05:04:00
JUNG,2025-09-28 05:04:00,2025-09-28 07:58:00,2025-09-28 05:04:00,2025-09-28 21:14:00,2025-09-28 21:16:00,-0.1826135221277304,-4.139743391559762,3.9571298694320314,2.339362395558817,5.112636026359479,2.9,16.166666666666668,detector,888,2025-09-28 05:04:00,2025-09-28 05:04:00
APTY,2025-09-28 11:30:00,2025-09-28 15:04:00,2025-09-28 11:30:00,2025-09-29 17:00:00,2025-09-29 17:02:00,-0.31744741973283097,-5.193544001398424,4.876096581665593,2.040399629305725,6.083747609129362,3.566666666666667,29.5,detector,888,2025-09-28 05:04:00,2025-09-28 05:04:00
LMKS,2025-09-28 13:22:00,2025-09-28 15:28:00,2025-09-28 13:22:00,2025-09-29 02:44:00,2025-09-29 02:46:00,0.0620754121925601,-4.370241504344334,4.4323169165368945,2.099986794305086,5.331284291147623,2.1,13.366666666666667,detector,888,2025-09-28 05:04:00,2025-09-28 05:04:00
AATB,2025-09-28 15:28:00,2025-09-28 17:58:00,2025-09-28 15:28:00,2025-09-28 17:46:00,2025-09-28 17:48:00,-0.5080673705280674,-3.5239159134761855,3.015848542948118,2.0624827602116373,8.413586555212163,2.5,2.3,detector,888,2025-09-28 05:04:00,2025-09-28 05:04:00
KERG,2025-09-28 20:50:00,2025-09-28 22:52:00,2025-09-28 20:50:00,2025-09-28 23:30:00,2025-09-28 23:32:00,-0.5749690197988546,-3.928019441310796,3.3530504215119414,2.1297705366648274,3.295127891569555,2.033333333333333,2.6666666666666665,detector,888,2025-09-28 05:04:00,2025-09-28 05:04:00
AATB,2025-10-01 03:28:00,2025-10-01 07:10:00,2025-10-01 03:28:00,2025-10-01 21:04:00,2025-10-01 21:06:00,0.37438616896449095,-2.3641048713648893,2.7384910403293805,2.1461571586383212,7.50700687841448,3.7,17.6,detector,889,2025-10-01 03:28:00,2025-10-01 03:28:00
ROME,2025-10-03 09:18:00,2025-10-03 11:40:00,2025-10-03 09:18:00,2025-10-04 19:32:00,2025-10-04 19:34:00,0.28511198177623015,-4.076890045214579,4.362002026990809,2.0373427001411164,5.5869743664371905,2.3666666666666667,34.233333333333334,detector,890,2025-10-05 12:21:00,2025-10-05 12:21:00
JUNG,2025-10-05 06:42:00,2025-10-05 09:34:00,2025-10-05 06:42:00,2025-10-06 00:24:00,2025-10-06 00:26:00,0.25122777119590445,-4.079562297320068,4.330790068515973,2.106577575351386,5.5049546208387445,2.8666666666666667,17.7,detector,890,2025-10-05 12:21:00,2025-10-05 12:21:00
AATB,2025-10-05 18:00:00,2025-10-05 21:20:00,2025-10-05 18:00:00,2025-10-06 19:58:00,2025-10-06 20:02:00,0.3992786707530614,-2.751104088164989,3.15038275891805,2.002295041676388,11.1994579503207,3.3333333333333335,25.966666666666665,detector,890,2025-10-05 12:21:00,2025-10-05 12:21:00
KERG,2025-10-06 17:34:00,2025-10-06 20:26:00,2025-10-06 17:34:00,2025-10-07 19:16:00,2025-10-07 19:18:00,0.5013955219251895,-5.006384875871593,5.5077803977967825,2.632850946048966,9.317371073735943,2.8666666666666667,25.7,detector,890,2025-10-05 12:21:00,2025-10-05 12:21:00
JUNG1,2025-10-09 05:36:00,2025-10-09 07:50:00,2025-10-09 05:36:00,2025-10-09 16:18:00,2025-10-09 16:20:00,0.8613308578347504,-2.722673276287408,3.5840041341221585,2.257956019794182,6.922179300693127,2.2333333333333334,10.7,detector,891,2025-10-09 05:36:00,2025-10-09 05:36:00
LMKS,2025-10-11 00:40:00,2025-10-11 04:04:00,2025-10-11 00:40:00,2025-10-11 00:56:00,2025-10-11 01:02:00,-0.907798507275906,-2.8656180946320364,1.9578195873561304,2.1306516563995155,6.246158248152141,3.4,0.26666666666666666,detector,892,2025-10-11 08:57:00,2025-10-11 08:57:00
AATB,2025-10-11 08:36:00,2025-10-11 11:16:00,2025-10-11 08:36:00,2025-10-12 19:14:00,2025-10-12 19:16:00,0.6094341395224498,-2.4217532927347545,3.0311874322572043,2.367471974546494,8.320404132690998,2.6666666666666665,34.63333333333333,detector,892,2025-10-11 08:57:00,2025-10-11 08:57:00
BKSN,2025-10-11 09:18:00,2025-10-11 12:14:00,2025-10-11 09:18:00,2025-10-12 03:00:00,2025-10-12 03:02:00,0.7029244138527566,-5.305069387718672,6.007993801571429,2.270017779201255,8.94652771273864,2.933333333333333,17.7,detector,892,2025-10-11 08:57:00,2025-10-11 08:57:00
KERG,2025-10-11 15:04:00,2025-10-11 17:52:00,2025-10-11 15:04:00,2025-10-11 20:08:00,2025-10-11 20:10:00,0.7487441231530239,-3.0197996414531794,3.7685437646062034,2.406537573747589,5.052532421410429,2.8,5.066666666666666,detector,892,2025-10-11 08:57:00,2025-10-11 08:57:00
JUNG1,2025-10-16 05:24:00,2025-10-16 07:46:00,2025-10-16 05:24:00,2025-10-17 14:14:00,2025-10-17 14:16:00,0.3985169567859531,-3.841731175831105,4.240248132617058,2.001941556127464,5.0369212413813464,2.3666666666666667,32.833333333333336,detector,893,2025-10-17 07:42:00,2025-10-17 07:42:00
KERG,2025-10-16 10:38:00,2025-10-16 12:50:00,2025-10-16 10:38:00,2025-10-17 14:32:00,2025-10-17 14:36:00,0.5363344748510928,-4.767329941660609,5.303664416511702,2.3252563101848787,9.553558646208414,2.2,27.9,detector,893,2025-10-17 07:42:00,2025-10-17 07:42:00
ROME,2025-10-16 20:56:00,2025-10-16 23:00:00,2025-10-16 20:56:00,2025-10-16 23:04:00,2025-10-16 23:06:00,0.20751241677995436,-4.66540959564216,4.872922012422114,2.1003841122143094,2.9447901701437154,2.066666666666667,2.1333333333333333,detector,893,2025-10-17 07:42:00,2025-10-17 07:42:00
JUNG,2025-10-17 07:38:00,2025-10-17 10:40:00,2025-10-17 07:38:00,2025-10-17 08:34:00,2025-10-17 08:36:00,0.0211773390072168,-4.564944961896701,4.586122300903917,2.009278741005845,5.513477871833855,3.033333333333333,0.9333333333333333,detector,893,2025-10-17 07:42:00,2025-10-17 07:42:00
FSMT,2025-10-17 07:46:00,2025-10-17 12:12:00,2025-10-17 07:46:00,2025-10-18 05:50:00,2025-10-18 05:54:00,0.18562442041720234,-4.193331957060281,4.378956377477484,2.268102684655846,11.629541448346918,4.433333333333334,22.066666666666666,detector,893,2025-10-17 07:42:00,2025-10-17 07:42:00
APTY,2025-10-17 22:48:00,2025-10-18 01:10:00,2025-10-17 22:48:00,2025-10-19 06:32:00,2025-10-19 06:34:00,-0.2528445551134685,-5.483519494338706,5.230674939225238,2.025614233829197,6.8877390411978245,2.3666666666666667,31.733333333333334,detector,893,2025-10-17 07:42:00,2025-10-17 07:42:00
BKSN,2025-10-18 03:10:00,2025-10-18 06:16:00,2025-10-18 03:10:00,2025-10-19 15:08:00,2025-10-19 15:10:00,-0.7367634295040607,-5.43838883807679,4.701625408572729,2.515171092037928,6.9289182309442685,3.1,35.96666666666667,detector,893,2025-10-17 07:42:00,2025-10-17 07:42:00
OULU,2025-10-19 01:06:00,2025-10-19 03:12:00,2025-10-19 01:06:00,2025-10-19 08:16:00,2025-10-19 08:18:00,-0.8768776955822752,-7.368530993785583,6.491653298203309,2.2372730887540513,7.933925046115645,2.1,7.166666666666667,detector,893,2025-10-17 07:42:00,2025-10-17 07:42:00
MXCO,2025-10-22 22:26:00,2025-10-23 02:28:00,2025-10-22 22:26:00,2025-10-23 12:04:00,2025-10-23 12:06:00,0.2303664921466011,-3.146083442291687,3.3764499344382877,2.1159422657686044,15.013171703029718,4.033333333333333,13.633333333333333,detector,894,2025-10-22 22:26:00,2025-10-22 22:26:00
JUNG1,2025-10-25 16:08:00,2025-10-25 19:38:00,2025-10-25 16:08:00,2025-10-27 01:06:00,2025-10-27 01:08:00,1.1049198157673716,-3.8560039982839807,4.960923814051352,2.3301358159090304,6.4745840444194975,3.5,32.96666666666667,detector,895,2025-10-26 20:08:00,2025-10-26 20:08:00
BKSN,2025-10-26 20:08:00,2025-10-26 23:04:00,2025-10-26 20:08:00,2025-10-28 01:00:00,2025-10-28 01:02:00,0.4280231017830469,-5.34573104109529,5.773754142878337,2.1795656251386473,5.723445952373228,2.933333333333333,28.866666666666667,detector,895,2025-10-26 20:08:00,2025-10-26 20:08:00
JUNG,2025-10-27 01:20:00,2025-10-27 04:12:00,2025-10-27 01:20:00,2025-10-28 10:24:00,2025-10-28 10:26:00,0.4999399923753699,-4.45935009533216,4.959290087707529,2.0838957825037023,6.273356894686662,2.8666666666666667,33.06666666666667,detector,895,2025-10-26 20:08:00,2025-10-26 20:08:00
JUNG1,2025-10-30 21:28:00,2025-10-30 23:38:00,2025-10-30 21:28:00,2025-10-31 00:32:00,2025-10-31 00:36:00,0.35112885730424864,-3.32272526052746,3.673854117831709,2.426370683759268,6.763682509139893,2.1666666666666665,3.066666666666667,detector,896,2025-10-30 21:28:00,2025-10-30 21:28:00
JUNG,2025-11-03 21:20:00,2025-11-03 23:42:00,2025-11-03 21:20:00,2025-11-05 09:02:00,2025-11-05 09:06:00,0.336721543137927,-4.504690592994246,4.841412136132173,2.0694420302762713,3.0598032579231846,2.3666666666666667,35.7,detector,897,2025-11-04 10:22:00,2025-11-04 10:22:00
BKSN,2025-11-04 04:56:00,2025-11-04 07:04:00,2025-11-04 04:56:00,2025-11-05 08:56:00,2025-11-05 08:58:00,0.1430962794967257,-4.947914317925595,5.091010597422321,2.1906288434192094,8.510207824105862,2.1333333333333333,28.0,detector,897,2025-11-04 10:22:00,2025-11-04 10:22:00
KERG,2025-11-04 15:48:00,2025-11-04 18:46:00,2025-11-04 15:48:00,2025-11-04 22:14:00,2025-11-04 22:36:00,0.18271076879935635,-4.347435372587392,4.530146141386749,2.4107838730254696,8.613464668131824,2.966666666666667,6.433333333333334,detector,897,2025-11-04 10:22:00,2025-11-04 10:22:00
AATB,2025-11-05 04:28:00,2025-11-05 07:08:00,2025-11-05 04:28:00,2025-11-05 04:50:00,2025-11-05 04:54:00,-0.6255813373143098,-3.764758298061922,3.139176960747612,2.204302313724918,8.85936942059025,2.6666666666666665,0.36666666666666664,detector,897,2025-11-04 10:22:00,2025-11-04 10:22:00
DRBS,2025-11-06 04:42:00,2025-11-06 06:40:00,2025-11-06 04:42:00,2025-11-06 16:32:00,2025-11-06 16:34:00,-1.483382092496706,-8.076670781531659,6.593288689034953,2.4794415056936683,5.013782659316212,1.9666666666666666,11.833333333333334,detector,898,2025-11-07 05:18:00,2025-11-07 05:18:00
CALM,2025-11-06 22:18:00,2025-11-07 01:52:00,2025-11-06 22:18:00,2025-11-07 18:14:00,2025-11-07 18:16:00,-0.6147014655894825,-9.534495740628651,8.91979427503917,2.7968287199152657,6.75478241194962,3.566666666666667,19.933333333333334,detector,898,2025-11-07 05:18:00,2025-11-07 05:18:00
FSMT,2025-11-07 05:18:00,2025-11-07 07:20:00,2025-11-07 05:18:00,2025-11-07 11:32:00,2025-11-08 05:20:00,-1.1220589146126612,-5.3282804611861705,4.206221546573509,2.090851620769686,3.0252949768399904,2.033333333333333,6.233333333333333,detector,898,2025-11-07 05:18:00,2025-11-07 05:18:00
KIEL2,2025-11-07 22:44:00,2025-11-08 02:08:00,2025-11-07 22:44:00,2025-11-08 00:16:00,2025-11-08 00:18:00,-3.593063020717046,-9.023832926969362,5.430769906252316,2.4265321479834348,6.227880257529012,3.4,1.5333333333333334,detector,898,2025-11-07 05:18:00,2025-11-07 05:18:00
ROME,2025-11-07 23:16:00,2025-11-08 01:30:00,2025-11-07 23:16:00,2025-11-08 01:14:00,2025-11-08 01:16:00,-3.3640487778219472,-7.400431965442767,4.036383187620819,2.0321374858429344,3.994936128136356,2.2333333333333334,1.9666666666666666,detector,898,2025-11-07 05:18:00,2025-11-07 05:18:00
CALM,2025-11-11 06:16:00,2025-11-11 08:34:00,2025-11-11 06:16:00,2025-11-12 03:54:00,2025-11-12 03:58:00,1.3358778625954195,-7.56439468244028,8.9002725450357,2.2486881707175965,7.800560618948176,2.3,21.633333333333333,detector,899,2025-11-11 14:38:00,2025-11-11 14:38:00
DRBS,2025-11-11 14:38:00,2025-11-11 16:58:00,2025-11-11 14:38:00,2025-11-12 05:28:00,2025-11-12 08:08:00,2.326649813970337,-5.558524281805739,7.885174095776076,2.0247791579044256,3.151026905317057,2.3333333333333335,14.833333333333334,detector,899,2025-11-11 14:38:00,2025-11-11 14:38:00
ROME,2025-11-11 19:50:00,2025-11-11 21:52:00,2025-11-11 19:50:00,2025-11-12 06:54:00,2025-11-12 07:02:00,1.6898831183016991,-5.316792202038104,7.006675320339803,2.4569958275272565,7.380481377353496,2.033333333333333,11.066666666666666,detector,899,2025-11-11 14:38:00,2025-11-11 14:38:00
JUNG1,2025-11-17 03:36:00,2025-11-17 06:10:00,2025-11-17 03:36:00,2025-11-17 21:48:00,2025-11-17 21:50:00,2.1158381804482147,-2.331371836409617,4.447210016857832,2.2919355092182614,8.067912965006975,2.566666666666667,18.2,detector,900,2025-11-19 18:38:00,2025-11-19 18:38:00
DRBS,2025-11-18 22:06:00,2025-11-19 13:50:00,2025-11-18 22:06:00,2025-11-19 21:50:00,2025-11-19 21:52:00,3.4295546601973066,-7.6141024975336284,11.043657157730935,2.097891220214459,5.163280874065904,15.733333333333333,23.733333333333334,detector,900,2025-11-19 18:38:00,2025-11-19 18:38:00
FSMT,2025-11-19 15:24:00,2025-11-19 17:40:00,2025-11-19 15:24:00,2025-11-20 23:08:00,2025-11-20 23:10:00,1.6026510367796512,-2.785496256347771,4.388147293127423,2.1903949039812955,6.468889865864832,2.2666666666666666,31.733333333333334,detector,900,2025-11-19 18:38:00,2025-11-19 18:38:00
OULU,2025-11-19 21:52:00,2025-11-20 00:56:00,2025-11-19 21:52:00,2025-11-21 05:24:00,2025-11-21 05:26:00,1.6566973983452118,-4.479525171409017,6.13622256975423,2.0566315256426044,13.168812159999389,3.066666666666667,31.533333333333335,detector,900,2025-11-19 18:38:00,2025-11-19 18:38:00
AATB,2025-11-20 17:34:00,2025-11-20 19:44:00,2025-11-20 17:34:00,2025-11-21 10:02:00,2025-11-21 10:18:00,0.3829185049529789,-1.502914238134884,1.8858327430878628,2.4236112100088416,3.475951047847089,2.1666666666666665,16.466666666666665,detector,900,2025-11-19 18:38:00,2025-11-19 18:38:00
KIEL2,2025-11-21 01:50:00,2025-11-21 04:26:00,2025-11-21 01:50:00,2025-11-21 22:20:00,2025-11-21 22:24:00,0.5243297098739235,-5.379205714556634,5.903535424430558,2.1101486109906236,8.228834859951005,2.6,20.5,detector,900,2025-11-19 18:38:00,2025-11-19 18:38:00
DRBS,2025-11-27 10:20:00,2025-11-27 12:56:00,2025-11-27 10:20:00,2025-11-27 22:38:00,2025-11-27 22:40:00,0.9370919497180875,-8.020779755169233,8.95787170488732,2.042229532630931,4.462479776097297,2.6,12.3,detector,901,2025-11-27 10:20:00,2025-11-27 10:20:00
FSMT,2025-11-29 00:50:00,2025-11-29 02:56:00,2025-11-29 00:50:00,2025-11-30 04:52:00,2025-11-30 04:54:00,0.8860360496386255,-3.244406653557948,4.130442703196573,2.225070268718452,4.475782075232642,2.1,28.033333333333335,detector,902,2025-11-29 00:50:00,2025-11-29 00:50:00
FSMT,2025-12-02 03:36:00,2025-12-02 05:52:00,2025-12-02 03:36:00,2025-12-03 09:30:00,2025-12-03 09:32:00,0.17367548833018914,-3.520642808056244,3.694318296386433,2.5639364366115296,5.8763748969586125,2.2666666666666666,29.9,detector,903,2025-12-03 07:40:00,2025-12-03 07:40:00
ROME,2025-12-03 05:46:00,2025-12-03 08:44:00,2025-12-03 05:46:00,2025-12-03 23:56:00,2025-12-03 23:58:00,0.0645412972846407,-5.702979319422531,5.767520616707172,2.0219153924830993,7.074319296395068,2.966666666666667,18.166666666666668,detector,903,2025-12-03 07:40:00,2025-12-03 07:40:00
KIEL2,2025-12-03 09:34:00,2025-12-03 12:04:00,2025-12-03 09:34:00,2025-12-04 14:56:00,2025-12-04 14:58:00,0.1451362249218137,-7.200852516503551,7.345988741425365,2.099439121161916,3.4661048498930245,2.5,29.366666666666667,detector,903,2025-12-03 07:40:00,2025-12-03 07:40:00
MXCO,2025-12-03 16:26:00,2025-12-03 18:28:00,2025-12-03 16:26:00,2025-12-04 08:20:00,2025-12-04 08:34:00,0.17481260890059386,-4.573240925643123,4.748053534543717,2.495384554986003,8.042090906776835,2.033333333333333,15.9,detector,903,2025-12-03 07:40:00,2025-12-03 07:40:00
JUNG1,2025-12-09 17:04:00,2025-12-09 19:26:00,2025-12-09 17:04:00,2025-12-10 20:44:00,2025-12-10 20:46:00,1.1802345607721896,-2.7638363056690274,3.944070866441217,2.0435685032262105,9.010361656509222,2.3666666666666667,27.666666666666668,detector,904,2025-12-09 19:00:00,2025-12-09 19:00:00
OULU,2025-12-09 20:56:00,2025-12-09 23:40:00,2025-12-09 20:56:00,2025-12-10 12:22:00,2025-12-10 12:26:00,0.2293927072688118,-3.91524042379789,4.144633131066702,2.092526690168446,8.305711944980414,2.7333333333333334,15.433333333333334,detector,904,2025-12-09 19:00:00,2025-12-09 19:00:00
ROME,2025-12-14 00:08:00,2025-12-14 03:08:00,2025-12-14 00:08:00,2025-12-14 21:52:00,2025-12-14 21:54:00,0.5222016391418656,-3.9956803455723544,4.51788198471422,2.0340805301267175,11.350524714534442,3.0,21.733333333333334,detector,905,2025-12-14 00:08:00,2025-12-14 00:08:00
KIEL2,2025-12-17 12:44:00,2025-12-17 15:42:00,2025-12-17 12:44:00,2025-12-17 21:56:00,2025-12-17 21:58:00,-0.06252185395929535,-4.79450319802419,4.731981344064894,2.537357235949071,8.171591965657429,2.966666666666667,9.2,detector,906,2025-12-17 12:44:00,2025-12-17 12:44:00
APTY,2025-12-22 08:14:00,2025-12-22 10:32:00,2025-12-22 08:14:00,2025-12-23 17:00:00,2025-12-23 17:02:00,0.6982456590895251,-2.8441881011518984,3.5424337602414235,2.0373962577367246,3.181790152047995,2.3,32.766666666666666,detector,907,2025-12-23 00:10:00,2025-12-23 00:10:00
NEWK,2025-12-23 00:10:00,2025-12-23 02:34:00,2025-12-23 00:10:00,2025-12-23 04:38:00,2025-12-23 04:40:00,1.0441187496723456,-3.7598436852389097,4.803962434911256,2.0736754901216305,3.3156420185219466,2.4,4.466666666666667,detector,907,2025-12-23 00:10:00,2025-12-23 00:10:00
KERG,2025-12-24 00:16:00,2025-12-24 03:00:00,2025-12-24 00:16:00,2025-12-24 21:28:00,2025-12-24 21:36:00,1.219352157577966,-3.1050500659627276,4.324402223540694,2.0058834293664005,3.284565386171659,2.7333333333333334,21.2,detector,907,2025-12-23 00:10:00,2025-12-23 00:10:00
BKSN,2025-12-29 07:26:00,2025-12-29 09:32:00,2025-12-29 07:26:00,2025-12-30 10:00:00,2025-12-30 10:02:00,0.9650275579789049,-6.520311225726816,7.485338783705721,2.4214671455623207,4.5632105218904915,2.1,26.566666666666666,detector,908,2025-12-30 08:36:00,2025-12-30 08:36:00
NEWK,2025-12-30 08:36:00,2025-12-30 23:28:00,2025-12-30 08:36:00,2025-12-30 16:42:00,2025-12-30 16:44:00,0.08910180307935885,-5.145387797913881,5.23448960099324,2.0491570168305953,80.5282064007944,14.866666666666667,8.1,detector,908,2025-12-30 08:36:00,2025-12-30 08:36:00
KERG,2025-12-30 17:02:00,2025-12-30 19:02:00,2025-12-30 17:02:00,2025-12-31 16:28:00,2025-12-31 16:32:00,0.4011686287409951,-3.8543651545836246,4.25553378332462,2.153864663659077,8.481806536670055,2.0,23.433333333333334,detector,908,2025-12-30 08:36:00,2025-12-30 08:36:00
