group_id,repr_time,anchor_onset_time,time_start,time_end,group_span_h,n_trigger_events,n_trigger_stations,trigger_stations,trigger_drop_mean,trigger_drop_max,trigger_A_complex_mean,onset_min,onset_max,min_time_min,min_time_max,n_supported_stations,supported_stations,n_support_only_stations,support_only_stations,mean_supported_drop,median_supported_drop,max_supported_drop,catalog_tier,fd_scope,quality,promoted_from_single_trigger,year
1,2018-02-02 16:14:00+00:00,2018-02-02 06:28:00+00:00,2018-02-02 06:28:00+00:00,2018-02-02 16:14:00+00:00,9.766666666666667,1,1,LMKS,2.767625697029872,2.767625697029872,7.352764889470553,2018-02-02 06:28:00+00:00,2018-02-02 06:28:00+00:00,2018-02-02 16:14:00+00:00,2018-02-02 16:14:00+00:00,2,"JUNG1,LMKS",1,JUNG1,2.834845103240821,2.834845103240821,2.9020645094517694,core,supported_multi_station_candidate,B,True,2018
2,2018-02-04 22:22:00+00:00,2018-02-03 23:46:00+00:00,2018-02-03 20:08:00+00:00,2018-02-05 18:48:00+00:00,46.666666666666664,3,3,"AATB,KERG,OULU",4.43448487090505,6.493945048968586,5.332112344375504,2018-02-03 20:08:00+00:00,2018-02-04 16:30:00+00:00,2018-02-04 13:44:00+00:00,2018-02-05 18:48:00+00:00,5,"AATB,APTY,KERG,LMKS,OULU",2,"APTY,LMKS",4.334401920422441,4.080098436106756,6.493945048968586,core,supported_multi_station_candidate,A,False,2018
3,2018-02-09 06:06:00+00:00,2018-02-08 11:03:00+00:00,2018-02-07 16:24:00+00:00,2018-02-09 11:52:00+00:00,43.46666666666667,2,2,"AATB,JUNG1",3.142495051001082,3.6918200661591545,8.994683133150474,2018-02-07 16:24:00+00:00,2018-02-09 05:42:00+00:00,2018-02-09 00:20:00+00:00,2018-02-09 11:52:00+00:00,3,"AATB,APTY,JUNG1",1,APTY,3.4228924180839857,3.6918200661591545,3.9836871522497925,core,supported_multi_station_candidate,B,False,2018
5,2018-02-16 22:18:00+00:00,2018-02-15 23:57:00+00:00,2018-02-15 13:56:00+00:00,2018-02-16 23:34:00+00:00,33.63333333333333,2,2,"DOMC,KERG",7.548117184069877,10.822419254809182,6.174975478447662,2018-02-15 13:56:00+00:00,2018-02-16 09:58:00+00:00,2018-02-16 21:02:00+00:00,2018-02-16 23:34:00+00:00,9,"AATB,APTY,DOMC,INVK,KERG,LMKS,MXCO,NEWK,OULU",7,"AATB,APTY,INVK,LMKS,MXCO,NEWK,OULU",5.0073711614518235,4.215202149053795,10.822419254809182,core,supported_multi_station_candidate,A,False,2018
7,2018-02-21 08:24:00+00:00,2018-02-20 15:48:00+00:00,2018-02-20 15:48:00+00:00,2018-02-21 08:24:00+00:00,16.6,1,1,LMKS,2.2886632404821547,2.2886632404821547,2.622392449259189,2018-02-20 15:48:00+00:00,2018-02-20 15:48:00+00:00,2018-02-21 08:24:00+00:00,2018-02-21 08:24:00+00:00,2,"KERG,LMKS",1,KERG,2.723366321242131,2.723366321242131,3.158069402002108,core,supported_multi_station_candidate,B,True,2018
8,2018-02-23 19:42:00+00:00,2018-02-23 03:12:00+00:00,2018-02-22 13:44:00+00:00,2018-02-23 23:12:00+00:00,33.46666666666667,3,3,"AATB,JUNG1,NEWK",3.9951999071244533,5.2029065619507096,6.717402325507231,2018-02-22 13:44:00+00:00,2018-02-23 07:04:00+00:00,2018-02-23 19:34:00+00:00,2018-02-23 23:12:00+00:00,8,"AATB,APTY,INVK,JUNG1,KERG,LMKS,MXCO,NEWK",5,"APTY,INVK,KERG,LMKS,MXCO",3.7770764810419877,3.621671529062195,5.2029065619507096,core,supported_multi_station_candidate,A,False,2018
9,2018-03-03 14:54:00+00:00,2018-03-03 02:18:00+00:00,2018-03-03 02:18:00+00:00,2018-03-03 14:54:00+00:00,12.6,1,1,INVK,4.044625274091113,4.044625274091113,5.52903264073413,2018-03-03 02:18:00+00:00,2018-03-03 02:18:00+00:00,2018-03-03 14:54:00+00:00,2018-03-03 14:54:00+00:00,3,"AATB,INVK,OULU",2,"AATB,OULU",3.9131334671783455,4.044625274091113,4.562081369318781,core,supported_multi_station_candidate,B,True,2018
10,2018-03-07 09:29:00+00:00,2018-03-06 10:25:00+00:00,2018-03-04 17:14:00+00:00,2018-03-09 18:26:00+00:00,121.2,4,4,"AATB,KERG,LMKS,NEWK",3.8020800833851145,6.1537284628097675,5.4266278105921,2018-03-04 17:14:00+00:00,2018-03-08 08:52:00+00:00,2018-03-06 00:14:00+00:00,2018-03-09 18:26:00+00:00,5,"AATB,JUNG1,KERG,LMKS,NEWK",1,JUNG1,3.8431787131817097,3.700710631366185,6.1537284628097675,core,supported_multi_station_candidate,A,False,2018
11,2018-03-17 12:54:00+00:00,2018-03-16 03:18:00+00:00,2018-03-15 09:32:00+00:00,2018-03-18 08:44:00+00:00,71.2,5,5,"AATB,JUNG1,KERG,LMKS,NEWK",3.6301429800162106,4.772480432703295,5.762154341969763,2018-03-15 09:32:00+00:00,2018-03-17 17:38:00+00:00,2018-03-16 12:42:00+00:00,2018-03-18 08:44:00+00:00,6,"AATB,INVK,JUNG1,KERG,LMKS,NEWK",1,INVK,3.599067056241821,3.5433580847657593,4.772480432703295,core,supported_multi_station_candidate,A,False,2018
12,2018-03-23 05:22:00+00:00,2018-03-22 04:52:00+00:00,2018-03-21 20:08:00+00:00,2018-03-24 19:22:00+00:00,71.23333333333333,5,5,"AATB,DOMC,INVK,KERG,NEWK",4.946458497867203,9.633895801506904,4.346005776280279,2018-03-21 20:08:00+00:00,2018-03-23 21:52:00+00:00,2018-03-22 02:12:00+00:00,2018-03-24 19:22:00+00:00,10,"AATB,APTY,DOMC,INVK,JUNG1,KERG,LMKS,MXCO,NEWK,OULU",5,"APTY,JUNG1,LMKS,MXCO,OULU",4.576132168463509,4.364951280963792,9.633895801506904,core,supported_multi_station_candidate,A,False,2018
13,2018-03-30 20:49:00+00:00,2018-03-29 19:27:00+00:00,2018-03-29 13:30:00+00:00,2018-03-31 01:00:00+00:00,35.5,4,4,"JUNG1,KERG,LMKS,OULU",3.85411833686533,5.015347585385599,7.600566535150418,2018-03-29 13:30:00+00:00,2018-03-30 06:06:00+00:00,2018-03-30 07:00:00+00:00,2018-03-31 01:00:00+00:00,6,"AATB,APTY,JUNG1,KERG,LMKS,OULU",2,"AATB,APTY",3.5459878730213457,3.550122741370382,5.015347585385599,core,supported_multi_station_candidate,A,False,2018
14,2018-04-10 21:06:00+00:00,2018-04-09 17:14:00+00:00,2018-04-09 06:52:00+00:00,2018-04-12 20:54:00+00:00,86.03333333333333,3,3,"AATB,DOMC,JUNG1",4.986646932935133,8.601663365717995,5.607148430911234,2018-04-09 06:52:00+00:00,2018-04-11 10:44:00+00:00,2018-04-10 12:48:00+00:00,2018-04-12 20:54:00+00:00,5,"AATB,APTY,DOMC,JUNG1,KERG",2,"APTY,KERG",4.525114749978833,3.7924552250157153,8.601663365717995,core,supported_multi_station_candidate,A,False,2018
16,2018-04-18 03:01:00+00:00,2018-04-17 10:07:00+00:00,2018-04-16 20:30:00+00:00,2018-04-18 05:44:00+00:00,33.233333333333334,2,2,"APTY,LMKS",3.2301649669556385,3.59173431902113,4.212735957950194,2018-04-16 20:30:00+00:00,2018-04-17 23:44:00+00:00,2018-04-18 00:18:00+00:00,2018-04-18 05:44:00+00:00,3,"APTY,KERG,LMKS",1,KERG,3.3971366912894485,3.59173431902113,3.731080139957069,core,supported_multi_station_candidate,B,False,2018
17,2018-04-20 20:35:00+00:00,2018-04-20 08:04:00+00:00,2018-04-19 18:36:00+00:00,2018-04-20 22:54:00+00:00,28.3,2,2,"INVK,MXCO",9.317741387151514,15.057055869559598,4.987879864518966,2018-04-19 18:36:00+00:00,2018-04-20 21:32:00+00:00,2018-04-20 18:16:00+00:00,2018-04-20 22:54:00+00:00,3,"INVK,KERG,MXCO",1,KERG,7.334010748036197,3.5784269047434307,15.057055869559598,core,supported_multi_station_candidate,B,False,2018
20,2018-05-01 13:08:00+00:00,2018-04-30 12:37:00+00:00,2018-04-30 10:08:00+00:00,2018-05-01 23:40:00+00:00,37.53333333333333,2,2,"JUNG1,KERG",3.6757779758360636,3.9271486972683265,3.398652346105916,2018-04-30 10:08:00+00:00,2018-04-30 15:06:00+00:00,2018-05-01 02:36:00+00:00,2018-05-01 23:40:00+00:00,3,"AATB,JUNG1,KERG",1,AATB,3.36877525840071,3.4244072544038002,3.9271486972683265,core,supported_multi_station_candidate,B,False,2018
21,2018-05-05 18:52:00+00:00,2018-05-04 14:30:00+00:00,2018-05-04 14:30:00+00:00,2018-05-05 18:52:00+00:00,28.366666666666667,1,1,KERG,3.1843871121900413,3.1843871121900413,3.9009962640227975,2018-05-04 14:30:00+00:00,2018-05-04 14:30:00+00:00,2018-05-05 18:52:00+00:00,2018-05-05 18:52:00+00:00,3,"AATB,INVK,KERG",2,"AATB,INVK",2.876738553135089,3.1843871121900413,3.2343520420030676,core,supported_multi_station_candidate,B,True,2018
22,2018-05-08 13:36:00+00:00,2018-05-07 07:14:00+00:00,2018-05-07 07:14:00+00:00,2018-05-08 13:36:00+00:00,30.366666666666667,1,1,AATB,2.364153850057895,2.364153850057895,3.410776982603707,2018-05-07 07:14:00+00:00,2018-05-07 07:14:00+00:00,2018-05-08 13:36:00+00:00,2018-05-08 13:36:00+00:00,3,"AATB,JUNG1,LMKS",2,"JUNG1,LMKS",2.822654815462986,2.9188523948641496,3.184958201466912,core,supported_multi_station_candidate,B,True,2018
23,2018-05-11 11:44:00+00:00,2018-05-10 03:52:00+00:00,2018-05-10 02:00:00+00:00,2018-05-11 21:08:00+00:00,43.13333333333333,3,3,"JUNG1,KERG,LMKS",2.9797341371686716,3.7850733038952864,4.732002817325871,2018-05-10 02:00:00+00:00,2018-05-11 07:02:00+00:00,2018-05-10 04:14:00+00:00,2018-05-11 21:08:00+00:00,3,"JUNG1,KERG,LMKS",0,,2.9797341371686716,3.1054983404191714,3.7850733038952864,core,supported_multi_station_candidate,B,False,2018
24,2018-05-16 08:30:00+00:00,2018-05-15 06:42:00+00:00,2018-05-15 06:42:00+00:00,2018-05-16 08:30:00+00:00,25.8,1,1,JUNG1,3.085131176354423,3.085131176354423,5.469341695983717,2018-05-15 06:42:00+00:00,2018-05-15 06:42:00+00:00,2018-05-16 08:30:00+00:00,2018-05-16 08:30:00+00:00,3,"JUNG1,LMKS,MXCO",2,"LMKS,MXCO",3.0636567819611122,3.085131176354423,3.1313578250888487,core,supported_multi_station_candidate,B,True,2018
25,2018-05-18 01:12:00+00:00,2018-05-16 21:46:00+00:00,2018-05-16 21:46:00+00:00,2018-05-18 01:12:00+00:00,27.433333333333334,1,1,KERG,3.8094024341909214,3.8094024341909214,7.8673560772672335,2018-05-16 21:46:00+00:00,2018-05-16 21:46:00+00:00,2018-05-18 01:12:00+00:00,2018-05-18 01:12:00+00:00,6,"AATB,APTY,DOMC,KERG,LMKS,OULU",5,"AATB,APTY,DOMC,LMKS,OULU",4.873513471046522,4.211699952365988,9.782069765412981,core,supported_multi_station_candidate,A,True,2018
26,2018-05-22 17:50:00+00:00,2018-05-21 23:18:00+00:00,2018-05-21 20:54:00+00:00,2018-05-22 22:28:00+00:00,25.566666666666666,2,2,"KERG,LMKS",3.5761312471464626,3.892085902383901,4.013920931869508,2018-05-21 20:54:00+00:00,2018-05-22 01:42:00+00:00,2018-05-22 13:12:00+00:00,2018-05-22 22:28:00+00:00,3,"AATB,KERG,LMKS",1,AATB,3.339602011304605,3.2601765919090244,3.892085902383901,core,supported_multi_station_candidate,B,False,2018
27,2018-05-29 04:04:00+00:00,2018-05-28 05:02:00+00:00,2018-05-28 05:02:00+00:00,2018-05-29 04:04:00+00:00,23.033333333333335,1,1,KERG,3.803724469666543,3.803724469666543,2.9382589602978855,2018-05-28 05:02:00+00:00,2018-05-28 05:02:00+00:00,2018-05-29 04:04:00+00:00,2018-05-29 04:04:00+00:00,4,"AATB,INVK,JUNG1,KERG",3,"AATB,INVK,JUNG1",3.659137214353258,3.721240518294892,4.014914106060945,core,supported_multi_station_candidate,A,True,2018
28,2018-05-31 23:12:00+00:00,2018-05-31 22:26:00+00:00,2018-05-31 22:26:00+00:00,2018-05-31 23:12:00+00:00,0.7666666666666667,1,1,MXCO,15.30514732597253,15.30514732597253,15.935756892442955,2018-05-31 22:26:00+00:00,2018-05-31 22:26:00+00:00,2018-05-31 23:12:00+00:00,2018-05-31 23:12:00+00:00,2,"DOMC,MXCO",1,DOMC,11.907930075621483,11.907930075621483,15.30514732597253,core,supported_multi_station_candidate,B,True,2018
29,2018-06-03 01:55:00+00:00,2018-06-01 22:03:00+00:00,2018-06-01 20:00:00+00:00,2018-06-03 02:30:00+00:00,30.5,2,2,"AATB,LMKS",2.8897885554357035,3.246163126599478,7.395455644089232,2018-06-01 20:00:00+00:00,2018-06-02 00:06:00+00:00,2018-06-03 01:20:00+00:00,2018-06-03 02:30:00+00:00,4,"AATB,INVK,KERG,LMKS",2,"INVK,KERG",3.3162775729381964,3.4891661313304114,3.753364044820034,core,supported_multi_station_candidate,A,False,2018
31,2018-06-06 10:40:00+00:00,2018-06-06 09:50:00+00:00,2018-06-06 09:50:00+00:00,2018-06-06 10:40:00+00:00,0.8333333333333334,1,1,LMKS,2.459490396343069,2.459490396343069,4.44800511377496,2018-06-06 09:50:00+00:00,2018-06-06 09:50:00+00:00,2018-06-06 10:40:00+00:00,2018-06-06 10:40:00+00:00,2,"KERG,LMKS",1,KERG,3.252317972488737,3.252317972488737,4.045145548634405,core,supported_multi_station_candidate,B,True,2018
32,2018-06-10 20:58:00+00:00,2018-06-09 23:29:00+00:00,2018-06-09 17:38:00+00:00,2018-06-11 03:20:00+00:00,33.7,2,2,"AATB,KERG",2.713557380889579,3.058169317415558,4.665427464492204,2018-06-09 17:38:00+00:00,2018-06-10 05:20:00+00:00,2018-06-10 14:36:00+00:00,2018-06-11 03:20:00+00:00,2,"AATB,KERG",0,,2.713557380889579,2.713557380889579,3.058169317415558,core,supported_multi_station_candidate,B,False,2018
33,2018-06-13 18:38:00+00:00,2018-06-12 22:30:00+00:00,2018-06-12 06:34:00+00:00,2018-06-14 09:38:00+00:00,51.06666666666667,2,2,"APTY,LMKS",3.3142908810064577,3.7053611001544695,6.474210613795978,2018-06-12 06:34:00+00:00,2018-06-13 14:26:00+00:00,2018-06-13 03:38:00+00:00,2018-06-14 09:38:00+00:00,5,"APTY,JUNG1,LMKS,MXCO,NEWK",3,"JUNG1,MXCO,NEWK",4.073637569395527,3.8649762418473688,5.143168331964649,core,supported_multi_station_candidate,A,False,2018
34,2018-06-18 19:56:00+00:00,2018-06-18 10:40:00+00:00,2018-06-17 01:06:00+00:00,2018-06-20 19:48:00+00:00,90.7,4,4,"AATB,INVK,KERG,NEWK",6.040334376671427,15.075787656028197,7.897532255340388,2018-06-17 01:06:00+00:00,2018-06-19 13:04:00+00:00,2018-06-18 11:08:00+00:00,2018-06-20 19:48:00+00:00,5,"AATB,INVK,KERG,LMKS,NEWK",1,LMKS,5.425674968853357,3.404374361327831,15.075787656028197,core,supported_multi_station_candidate,A,False,2018
35,2018-06-23 10:32:00+00:00,2018-06-23 00:14:00+00:00,2018-06-22 14:02:00+00:00,2018-06-23 17:58:00+00:00,27.933333333333334,3,3,"AATB,LMKS,NEWK",4.067420333624741,5.202517691269093,6.460362805666367,2018-06-22 14:02:00+00:00,2018-06-23 05:14:00+00:00,2018-06-23 09:52:00+00:00,2018-06-23 17:58:00+00:00,9,"AATB,APTY,DOMC,INVK,JUNG1,KERG,LMKS,NEWK,OULU",6,"APTY,DOMC,INVK,JUNG1,KERG,OULU",4.8841767520474235,4.571887203192174,9.25569170879058,core,supported_multi_station_candidate,A,False,2018
37,2018-07-04 06:07:00+00:00,2018-07-02 22:43:00+00:00,2018-07-02 16:22:00+00:00,2018-07-04 14:38:00+00:00,46.266666666666666,2,2,"KERG,LMKS",4.2104649284848845,5.935945647486734,5.436997086047665,2018-07-02 16:22:00+00:00,2018-07-03 05:04:00+00:00,2018-07-03 21:36:00+00:00,2018-07-04 14:38:00+00:00,2,"KERG,LMKS",0,,4.2104649284848845,4.2104649284848845,5.935945647486734,core,supported_multi_station_candidate,B,False,2018
38,2018-07-10 13:20:00+00:00,2018-07-09 16:10:00+00:00,2018-07-09 14:14:00+00:00,2018-07-10 15:34:00+00:00,25.333333333333332,3,3,"INVK,JUNG1,KERG",4.053796602784329,4.184848496783827,5.633996131952467,2018-07-09 14:14:00+00:00,2018-07-10 11:38:00+00:00,2018-07-10 05:26:00+00:00,2018-07-10 15:34:00+00:00,4,"INVK,JUNG1,KERG,LMKS",1,LMKS,3.882570530536918,3.9882706557845804,4.184848496783827,core,supported_multi_station_candidate,A,False,2018
39,2018-07-11 16:29:00+00:00,2018-07-11 08:06:00+00:00,2018-07-11 05:02:00+00:00,2018-07-11 19:04:00+00:00,14.033333333333333,2,2,"LMKS,NEWK",4.114420190566498,5.374270893228866,7.044877472344665,2018-07-11 05:02:00+00:00,2018-07-11 11:10:00+00:00,2018-07-11 13:54:00+00:00,2018-07-11 19:04:00+00:00,5,"AATB,KERG,LMKS,NEWK,OULU",3,"AATB,KERG,OULU",3.8928161914516197,3.5964686211658257,5.376765479548464,core,supported_multi_station_candidate,A,False,2018
40,2018-07-16 19:02:00+00:00,2018-07-16 00:26:00+00:00,2018-07-16 00:26:00+00:00,2018-07-16 19:02:00+00:00,18.6,1,1,DOMC,9.426932116719142,9.426932116719142,4.500515989099631,2018-07-16 00:26:00+00:00,2018-07-16 00:26:00+00:00,2018-07-16 19:02:00+00:00,2018-07-16 19:02:00+00:00,2,"AATB,DOMC",1,AATB,6.27679509318229,6.27679509318229,9.426932116719142,core,supported_multi_station_candidate,B,True,2018
41,2018-07-21 14:42:00+00:00,2018-07-20 22:14:00+00:00,2018-07-20 04:32:00+00:00,2018-07-22 12:10:00+00:00,55.63333333333333,4,4,"JUNG1,KERG,LMKS,MXCO",3.1276512210996135,3.8499527165892036,7.527811206582102,2018-07-20 04:32:00+00:00,2018-07-21 05:16:00+00:00,2018-07-21 05:06:00+00:00,2018-07-22 12:10:00+00:00,8,"AATB,APTY,JUNG1,KERG,LMKS,MXCO,NEWK,OULU",4,"AATB,APTY,NEWK,OULU",3.605924530516713,3.6857037126855134,5.568808695686069,core,supported_multi_station_candidate,A,False,2018
42,2018-07-26 05:02:00+00:00,2018-07-25 05:27:00+00:00,2018-07-24 07:04:00+00:00,2018-07-26 22:48:00+00:00,63.733333333333334,4,4,"APTY,JUNG1,KERG,MXCO",3.8427644156520024,4.468769822653138,5.607601173340219,2018-07-24 07:04:00+00:00,2018-07-26 18:36:00+00:00,2018-07-24 23:54:00+00:00,2018-07-26 22:48:00+00:00,4,"APTY,JUNG1,KERG,MXCO",0,,3.8427644156520016,3.7355425892153367,4.468769822653138,core,supported_multi_station_candidate,A,False,2018
43,2018-07-28 04:10:00+00:00,2018-07-27 22:22:00+00:00,2018-07-27 22:22:00+00:00,2018-07-28 04:10:00+00:00,5.8,1,1,KERG,3.166260259229086,3.166260259229086,5.877536034300861,2018-07-27 22:22:00+00:00,2018-07-27 22:22:00+00:00,2018-07-28 04:10:00+00:00,2018-07-28 04:10:00+00:00,3,"JUNG1,KERG,LMKS",2,"JUNG1,LMKS",2.8911397690767164,3.0582547092173735,3.166260259229086,core,supported_multi_station_candidate,B,True,2018
46,2018-08-06 23:04:00+00:00,2018-08-06 00:16:00+00:00,2018-08-06 00:16:00+00:00,2018-08-06 23:04:00+00:00,22.8,1,1,OULU,4.242005861669376,4.242005861669376,8.647612665239128,2018-08-06 00:16:00+00:00,2018-08-06 00:16:00+00:00,2018-08-06 23:04:00+00:00,2018-08-06 23:04:00+00:00,2,"AATB,OULU",1,AATB,3.3099851863477383,3.3099851863477383,4.242005861669376,core,supported_multi_station_candidate,B,True,2018
48,2018-08-12 14:34:00+00:00,2018-08-11 17:06:00+00:00,2018-08-11 17:06:00+00:00,2018-08-12 14:34:00+00:00,21.466666666666665,1,1,AATB,2.480687204821234,2.480687204821234,4.752764928071654,2018-08-11 17:06:00+00:00,2018-08-11 17:06:00+00:00,2018-08-12 14:34:00+00:00,2018-08-12 14:34:00+00:00,2,"AATB,KERG",1,KERG,3.0467776733683696,3.0467776733683696,3.612868141915505,core,supported_multi_station_candidate,B,True,2018
49,2018-08-16 02:54:00+00:00,2018-08-15 10:37:00+00:00,2018-08-14 05:04:00+00:00,2018-08-17 02:16:00+00:00,69.2,2,2,"KERG,OULU",5.0084050069652015,6.161516383397481,4.1327316132930925,2018-08-14 05:04:00+00:00,2018-08-16 16:10:00+00:00,2018-08-15 03:32:00+00:00,2018-08-17 02:16:00+00:00,4,"APTY,INVK,KERG,OULU",2,"APTY,INVK",4.473008470748651,3.9529627366687605,6.161516383397481,core,supported_multi_station_candidate,A,False,2018
50,2018-08-25 08:42:00+00:00,2018-08-23 22:06:00+00:00,2018-08-21 16:04:00+00:00,2018-08-25 16:16:00+00:00,96.2,5,5,"AATB,INVK,JUNG1,LMKS,NEWK",3.9225253536790468,5.5744655207538125,6.267651862048408,2018-08-21 16:04:00+00:00,2018-08-24 14:16:00+00:00,2018-08-23 00:00:00+00:00,2018-08-25 16:16:00+00:00,6,"AATB,INVK,JUNG1,KERG,LMKS,NEWK",1,KERG,4.042352739105342,3.9984611381973423,5.5744655207538125,core,supported_multi_station_candidate,A,False,2018
51,2018-08-27 19:41:00+00:00,2018-08-27 02:26:00+00:00,2018-08-27 01:10:00+00:00,2018-08-28 11:22:00+00:00,34.2,2,2,"AATB,NEWK",4.421378308251185,5.290984365209788,4.89704144135175,2018-08-27 01:10:00+00:00,2018-08-27 03:42:00+00:00,2018-08-27 04:00:00+00:00,2018-08-28 11:22:00+00:00,5,"AATB,JUNG1,KERG,LMKS,NEWK",3,"JUNG1,KERG,LMKS",4.095243508127467,4.045344548183493,5.290984365209788,core,supported_multi_station_candidate,A,False,2018
53,2018-09-06 00:26:00+00:00,2018-09-05 04:26:00+00:00,2018-09-05 04:26:00+00:00,2018-09-06 00:26:00+00:00,20.0,1,1,KERG,3.165003955681331,3.165003955681331,6.941560350856125,2018-09-05 04:26:00+00:00,2018-09-05 04:26:00+00:00,2018-09-06 00:26:00+00:00,2018-09-06 00:26:00+00:00,2,"JUNG1,KERG",1,JUNG1,2.991373057357824,2.991373057357824,3.165003955681331,core,supported_multi_station_candidate,B,True,2018
54,2018-09-08 21:50:00+00:00,2018-09-08 13:58:00+00:00,2018-09-08 13:58:00+00:00,2018-09-08 21:50:00+00:00,7.866666666666666,1,1,KERG,3.4091626453814046,3.4091626453814046,12.462033223530737,2018-09-08 13:58:00+00:00,2018-09-08 13:58:00+00:00,2018-09-08 21:50:00+00:00,2018-09-08 21:50:00+00:00,3,"AATB,INVK,KERG",2,"AATB,INVK",2.794029019979471,3.0351822644462705,3.4091626453814046,core,supported_multi_station_candidate,B,True,2018
55,2018-09-11 17:11:00+00:00,2018-09-10 18:29:00+00:00,2018-09-10 00:24:00+00:00,2018-09-12 03:56:00+00:00,51.53333333333333,2,2,"KERG,LMKS",3.559742783143858,3.762246419439372,7.151637759718607,2018-09-10 00:24:00+00:00,2018-09-11 12:34:00+00:00,2018-09-11 06:26:00+00:00,2018-09-12 03:56:00+00:00,5,"AATB,DOMC,INVK,KERG,LMKS",3,"AATB,DOMC,INVK",4.368321507504083,3.7231034751363437,8.800598166640258,core,supported_multi_station_candidate,A,False,2018
57,2018-09-21 19:28:00+00:00,2018-09-20 23:48:00+00:00,2018-09-18 16:26:00+00:00,2018-09-23 12:42:00+00:00,116.26666666666667,8,8,"AATB,APTY,INVK,JUNG1,KERG,MXCO,NEWK,OULU",3.8203977073465625,4.841345588932759,7.140302605684164,2018-09-18 16:26:00+00:00,2018-09-22 21:52:00+00:00,2018-09-19 16:24:00+00:00,2018-09-23 12:42:00+00:00,9,"AATB,APTY,INVK,JUNG1,KERG,LMKS,MXCO,NEWK,OULU",1,LMKS,3.7056938329842364,3.5078403536142466,4.841345588932759,core,supported_multi_station_candidate,A,False,2018
59,2018-09-28 15:26:00+00:00,2018-09-27 17:26:00+00:00,2018-09-27 17:26:00+00:00,2018-09-28 15:26:00+00:00,22.0,1,1,APTY,4.624161426370689,4.624161426370689,6.19429360949647,2018-09-27 17:26:00+00:00,2018-09-27 17:26:00+00:00,2018-09-28 15:26:00+00:00,2018-09-28 15:26:00+00:00,2,"AATB,APTY",1,AATB,3.436803108945468,3.436803108945468,4.624161426370689,core,supported_multi_station_candidate,B,True,2018
60,2018-10-01 13:03:00+00:00,2018-09-30 04:43:00+00:00,2018-09-29 06:36:00+00:00,2018-10-02 10:00:00+00:00,75.4,2,2,"KERG,LMKS",3.1518780781514475,3.384125381898366,7.456023205625432,2018-09-29 06:36:00+00:00,2018-10-01 02:50:00+00:00,2018-09-30 16:06:00+00:00,2018-10-02 10:00:00+00:00,3,"JUNG1,KERG,LMKS",1,JUNG1,3.895308708623794,3.384125381898366,5.382169969568485,core,supported_multi_station_candidate,B,False,2018
61,2018-10-07 18:10:00+00:00,2018-10-06 09:44:00+00:00,2018-10-06 01:40:00+00:00,2018-10-07 20:14:00+00:00,42.56666666666667,4,4,"AATB,APTY,DOMC,INVK",4.528692948988247,7.00038992835723,6.74319367458844,2018-10-06 01:40:00+00:00,2018-10-07 08:48:00+00:00,2018-10-07 00:10:00+00:00,2018-10-07 20:14:00+00:00,8,"AATB,APTY,DOMC,INVK,JUNG1,LMKS,NEWK,OULU",4,"JUNG1,LMKS,NEWK,OULU",4.305521982927333,4.411660057559564,7.00038992835723,core,supported_multi_station_candidate,A,False,2018
63,2018-10-11 15:04:00+00:00,2018-10-10 13:24:00+00:00,2018-10-10 02:04:00+00:00,2018-10-11 16:22:00+00:00,38.3,2,2,"APTY,JUNG1",3.674479637279383,4.140497103241996,5.16859375234408,2018-10-10 02:04:00+00:00,2018-10-11 00:44:00+00:00,2018-10-11 13:46:00+00:00,2018-10-11 16:22:00+00:00,2,"APTY,JUNG1",0,,3.674479637279383,3.674479637279383,4.140497103241996,core,supported_multi_station_candidate,B,False,2018
65,2018-10-15 02:48:00+00:00,2018-10-14 08:54:00+00:00,2018-10-14 08:54:00+00:00,2018-10-15 02:48:00+00:00,17.9,1,1,NEWK,5.383241211834859,5.383241211834859,7.648028231124913,2018-10-14 08:54:00+00:00,2018-10-14 08:54:00+00:00,2018-10-15 02:48:00+00:00,2018-10-15 02:48:00+00:00,2,"LMKS,NEWK",1,LMKS,3.954302034456775,3.954302034456775,5.383241211834859,core,supported_multi_station_candidate,B,True,2018
67,2018-10-20 16:55:00+00:00,2018-10-19 22:32:00+00:00,2018-10-19 06:54:00+00:00,2018-10-20 17:40:00+00:00,34.766666666666666,2,2,"APTY,KERG",3.873837701833072,4.112196829677385,6.590031178742505,2018-10-19 06:54:00+00:00,2018-10-20 14:10:00+00:00,2018-10-20 16:10:00+00:00,2018-10-20 17:40:00+00:00,3,"APTY,JUNG1,KERG",1,JUNG1,3.572212235159249,3.6354785739887587,4.112196829677385,core,supported_multi_station_candidate,B,False,2018
68,2018-10-23 07:40:00+00:00,2018-10-22 10:18:00+00:00,2018-10-21 23:52:00+00:00,2018-10-23 21:36:00+00:00,45.733333333333334,2,2,"JUNG1,KERG",4.220935680129633,4.931253462906664,3.80116297449862,2018-10-21 23:52:00+00:00,2018-10-22 20:44:00+00:00,2018-10-22 17:44:00+00:00,2018-10-23 21:36:00+00:00,2,"JUNG1,KERG",0,,4.220935680129633,4.220935680129633,4.931253462906664,core,supported_multi_station_candidate,B,False,2018
69,2018-10-25 00:42:00+00:00,2018-10-24 12:26:00+00:00,2018-10-24 12:26:00+00:00,2018-10-25 00:42:00+00:00,12.266666666666667,1,1,AATB,2.1053059866421573,2.1053059866421573,7.669069999198192,2018-10-24 12:26:00+00:00,2018-10-24 12:26:00+00:00,2018-10-25 00:42:00+00:00,2018-10-25 00:42:00+00:00,2,"AATB,LMKS",1,LMKS,2.848728439830908,2.848728439830908,3.5921508930196584,core,supported_multi_station_candidate,B,True,2018
70,2018-10-30 19:37:00+00:00,2018-10-30 10:59:00+00:00,2018-10-30 06:52:00+00:00,2018-10-30 21:30:00+00:00,14.633333333333333,2,2,"KERG,OULU",4.485616282466683,4.793654710368366,5.883219098435615,2018-10-30 06:52:00+00:00,2018-10-30 15:06:00+00:00,2018-10-30 17:44:00+00:00,2018-10-30 21:30:00+00:00,3,"JUNG1,KERG,OULU",1,JUNG1,4.107729130262507,4.1775778545649995,4.793654710368366,core,supported_multi_station_candidate,B,False,2018
71,2018-11-05 17:56:00+00:00,2018-11-04 15:23:00+00:00,2018-11-03 15:34:00+00:00,2018-11-06 19:06:00+00:00,75.53333333333333,2,2,"JUNG1,KERG",3.3828388788467745,3.4509611703132768,7.689211443902257,2018-11-03 15:34:00+00:00,2018-11-05 15:12:00+00:00,2018-11-04 16:46:00+00:00,2018-11-06 19:06:00+00:00,5,"APTY,INVK,JUNG1,KERG,OULU",3,"APTY,INVK,OULU",3.892761262023818,3.4509611703132768,4.986905036567649,core,supported_multi_station_candidate,A,False,2018
72,2018-11-12 14:54:00+00:00,2018-11-11 08:10:00+00:00,2018-11-11 04:16:00+00:00,2018-11-12 23:28:00+00:00,43.2,3,3,"INVK,JUNG1,KERG",3.8779058584662827,4.215142285613908,6.05488983709662,2018-11-11 04:16:00+00:00,2018-11-11 15:00:00+00:00,2018-11-12 01:04:00+00:00,2018-11-12 23:28:00+00:00,5,"AATB,INVK,JUNG1,KERG,LMKS",2,"AATB,LMKS",3.4110603695386255,3.4507443559461652,4.215142285613908,core,supported_multi_station_candidate,A,False,2018
73,2018-11-18 10:38:00+00:00,2018-11-17 02:46:00+00:00,2018-11-15 17:24:00+00:00,2018-11-18 23:54:00+00:00,78.5,4,4,"AATB,APTY,KERG,NEWK",4.06526981219798,5.912598548087631,8.485761701487512,2018-11-15 17:24:00+00:00,2018-11-18 00:56:00+00:00,2018-11-15 21:30:00+00:00,2018-11-18 23:54:00+00:00,4,"AATB,APTY,KERG,NEWK",0,,4.065269812197981,3.968059676068724,5.912598548087631,core,supported_multi_station_candidate,A,False,2018
75,2018-11-23 21:49:00+00:00,2018-11-22 23:04:00+00:00,2018-11-22 13:22:00+00:00,2018-11-23 23:26:00+00:00,34.06666666666667,2,2,"JUNG1,KERG",4.049094465151164,4.903585389772844,8.558563372904068,2018-11-22 13:22:00+00:00,2018-11-23 08:46:00+00:00,2018-11-23 20:12:00+00:00,2018-11-23 23:26:00+00:00,3,"AATB,JUNG1,KERG",1,AATB,3.6185717393657293,3.1946035405294833,4.903585389772844,core,supported_multi_station_candidate,B,False,2018
76,2018-11-27 15:06:00+00:00,2018-11-27 04:36:00+00:00,2018-11-26 14:24:00+00:00,2018-11-28 00:10:00+00:00,33.766666666666666,3,3,"APTY,JUNG1,KERG",3.6620929745323867,4.248109361702425,6.528736746470547,2018-11-26 14:24:00+00:00,2018-11-27 09:56:00+00:00,2018-11-27 10:40:00+00:00,2018-11-28 00:10:00+00:00,5,"APTY,INVK,JUNG1,KERG,LMKS",2,"INVK,LMKS",3.256363903759729,3.3534582509866664,4.248109361702425,core,supported_multi_station_candidate,A,False,2018
77,2018-12-02 10:22:00+00:00,2018-12-01 12:11:00+00:00,2018-11-30 21:30:00+00:00,2018-12-03 22:36:00+00:00,73.1,4,4,"AATB,JUNG1,KERG,LMKS",3.4457618619578643,3.8865837919596116,10.054275469012547,2018-11-30 21:30:00+00:00,2018-12-02 14:16:00+00:00,2018-12-01 17:34:00+00:00,2018-12-03 22:36:00+00:00,5,"AATB,INVK,JUNG1,KERG,LMKS",1,INVK,3.4402707304697167,3.469817242065869,3.8865837919596116,core,supported_multi_station_candidate,A,False,2018
78,2018-12-08 20:04:00+00:00,2018-12-07 12:34:00+00:00,2018-12-07 10:40:00+00:00,2018-12-10 01:16:00+00:00,62.6,3,3,"AATB,JUNG1,KERG",3.829176630317099,4.947907627026305,9.349729281190372,2018-12-07 10:40:00+00:00,2018-12-09 01:16:00+00:00,2018-12-07 20:20:00+00:00,2018-12-10 01:16:00+00:00,3,"AATB,JUNG1,KERG",0,,3.829176630317099,4.264511569119385,4.947907627026305,core,supported_multi_station_candidate,B,False,2018
79,2018-12-13 20:48:00+00:00,2018-12-12 22:22:00+00:00,2018-12-11 21:32:00+00:00,2018-12-14 04:04:00+00:00,54.53333333333333,3,3,"JUNG1,KERG,LMKS",3.731964361354549,4.0736901378549675,5.926908210154906,2018-12-11 21:32:00+00:00,2018-12-13 14:48:00+00:00,2018-12-12 12:56:00+00:00,2018-12-14 04:04:00+00:00,4,"JUNG1,KERG,LMKS,NEWK",1,NEWK,3.83688388210385,4.0175446548517115,4.1516424443517534,core,supported_multi_station_candidate,A,False,2018
81,2018-12-18 07:26:00+00:00,2018-12-17 12:30:00+00:00,2018-12-17 05:14:00+00:00,2018-12-19 05:16:00+00:00,48.03333333333333,4,4,"APTY,JUNG1,KERG,LMKS",4.2101465354157135,5.0043761077924165,5.652295723514515,2018-12-17 05:14:00+00:00,2018-12-17 21:22:00+00:00,2018-12-17 22:00:00+00:00,2018-12-19 05:16:00+00:00,5,"AATB,APTY,JUNG1,KERG,LMKS",1,AATB,3.9991805671506704,3.6980571000769418,5.0043761077924165,core,supported_multi_station_candidate,A,False,2018
82,2018-12-20 04:10:00+00:00,2018-12-20 01:38:00+00:00,2018-12-20 01:38:00+00:00,2018-12-20 04:10:00+00:00,2.533333333333333,1,1,KERG,2.898665461597956,2.898665461597956,5.061787095830766,2018-12-20 01:38:00+00:00,2018-12-20 01:38:00+00:00,2018-12-20 04:10:00+00:00,2018-12-20 04:10:00+00:00,3,"DOMC,JUNG1,KERG",2,"DOMC,JUNG1",4.599131912086417,3.4476041640772026,7.451126110584091,core,supported_multi_station_candidate,B,True,2018
83,2018-12-20 22:52:00+00:00,2018-12-20 20:42:00+00:00,2018-12-20 20:42:00+00:00,2018-12-20 22:52:00+00:00,2.1666666666666665,1,1,LMKS,2.5670213390630265,2.5670213390630265,5.744321440196459,2018-12-20 20:42:00+00:00,2018-12-20 20:42:00+00:00,2018-12-20 22:52:00+00:00,2018-12-20 22:52:00+00:00,3,"DOMC,JUNG1,LMKS",2,"DOMC,JUNG1",4.818242226133564,4.371156750966422,7.516548588371244,core,supported_multi_station_candidate,B,True,2018
84,2018-12-26 03:28:00+00:00,2018-12-25 00:10:00+00:00,2018-12-25 00:10:00+00:00,2018-12-26 03:28:00+00:00,27.3,1,1,INVK,3.560596960774784,3.560596960774784,6.5942450342015535,2018-12-25 00:10:00+00:00,2018-12-25 00:10:00+00:00,2018-12-26 03:28:00+00:00,2018-12-26 03:28:00+00:00,3,"APTY,INVK,LMKS",2,"APTY,LMKS",3.6312148878540262,3.560596960774784,4.481922986221181,core,supported_multi_station_candidate,B,True,2018
85,2018-12-30 02:14:00+00:00,2018-12-29 20:20:00+00:00,2018-12-29 20:20:00+00:00,2018-12-30 02:14:00+00:00,5.9,1,1,JUNG1,3.145375049572405,3.145375049572405,6.22799757410756,2018-12-29 20:20:00+00:00,2018-12-29 20:20:00+00:00,2018-12-30 02:14:00+00:00,2018-12-30 02:14:00+00:00,3,"AATB,JUNG1,LMKS",2,"AATB,LMKS",2.9549929777077115,2.9722983036290205,3.145375049572405,core,supported_multi_station_candidate,B,True,2018
86,2019-01-01 22:30:00+00:00,2018-12-31 11:10:00+00:00,2018-12-31 11:10:00+00:00,2019-01-01 22:30:00+00:00,35.333333333333336,1,1,KERG,3.6647222937537327,3.6647222937537327,3.342572752908357,2018-12-31 11:10:00+00:00,2018-12-31 11:10:00+00:00,2019-01-01 22:30:00+00:00,2019-01-01 22:30:00+00:00,2,"KERG,LMKS",1,LMKS,2.9986431575414603,2.9986431575414603,3.6647222937537327,core,supported_multi_station_candidate,B,True,2019
87,2019-01-03 21:06:00+00:00,2019-01-03 15:42:00+00:00,2019-01-03 12:18:00+00:00,2019-01-03 22:18:00+00:00,10.0,2,2,"AATB,LMKS",2.7807703765289595,3.2269388803058687,4.481094202651944,2019-01-03 12:18:00+00:00,2019-01-03 19:06:00+00:00,2019-01-03 19:54:00+00:00,2019-01-03 22:18:00+00:00,2,"AATB,LMKS",0,,2.7807703765289595,2.7807703765289595,3.2269388803058687,core,supported_multi_station_candidate,B,False,2019
88,2019-01-06 10:46:00+00:00,2019-01-05 07:12:00+00:00,2019-01-04 16:46:00+00:00,2019-01-06 18:04:00+00:00,49.3,3,3,"INVK,JUNG1,KERG",3.8598239568714554,4.04506885580156,7.069240218160727,2019-01-04 16:46:00+00:00,2019-01-06 04:14:00+00:00,2019-01-05 22:24:00+00:00,2019-01-06 18:04:00+00:00,6,"AATB,APTY,INVK,JUNG1,KERG,LMKS",3,"AATB,APTY,LMKS",3.5350752916332446,3.767201507406403,4.108941143108635,core,supported_multi_station_candidate,A,False,2019
89,2019-01-09 07:26:00+00:00,2019-01-08 07:38:00+00:00,2019-01-08 07:38:00+00:00,2019-01-09 07:26:00+00:00,23.8,1,1,JUNG1,3.9858757581777526,3.9858757581777526,6.104283051762024,2019-01-08 07:38:00+00:00,2019-01-08 07:38:00+00:00,2019-01-09 07:26:00+00:00,2019-01-09 07:26:00+00:00,3,"AATB,APTY,JUNG1",2,"AATB,APTY",3.65732794976649,3.9858757581777526,4.305370184503601,core,supported_multi_station_candidate,B,True,2019
90,2019-01-11 00:02:00+00:00,2019-01-10 20:28:00+00:00,2019-01-10 20:28:00+00:00,2019-01-11 00:02:00+00:00,3.566666666666667,1,1,KERG,5.0794555676964395,5.0794555676964395,6.0175541051585295,2019-01-10 20:28:00+00:00,2019-01-10 20:28:00+00:00,2019-01-11 00:02:00+00:00,2019-01-11 00:02:00+00:00,5,"DOMC,JUNG1,KERG,LMKS,NEWK",4,"DOMC,JUNG1,LMKS,NEWK",4.991722503583702,4.494472263481301,7.762035053967802,core,supported_multi_station_candidate,A,True,2019
91,2019-01-15 10:20:00+00:00,2019-01-14 05:24:00+00:00,2019-01-13 07:54:00+00:00,2019-01-16 23:24:00+00:00,87.5,4,4,"AATB,DOMC,KERG,LMKS",4.3065062537133905,8.123479933471211,4.934442716891003,2019-01-13 07:54:00+00:00,2019-01-16 02:22:00+00:00,2019-01-14 18:28:00+00:00,2019-01-16 23:24:00+00:00,5,"AATB,DOMC,JUNG1,KERG,LMKS",1,JUNG1,4.006130477389014,3.234473966588331,8.123479933471211,core,supported_multi_station_candidate,A,False,2019
92,2019-01-21 05:17:00+00:00,2019-01-20 02:43:00+00:00,2019-01-19 21:08:00+00:00,2019-01-21 07:28:00+00:00,34.333333333333336,2,2,"DOMC,KERG",5.924153303339993,6.973228781800019,6.206969041597407,2019-01-19 21:08:00+00:00,2019-01-20 08:18:00+00:00,2019-01-21 03:06:00+00:00,2019-01-21 07:28:00+00:00,3,"DOMC,JUNG1,KERG",1,JUNG1,4.7558510686834214,4.875077824879966,6.973228781800019,core,supported_multi_station_candidate,B,False,2019
93,2019-01-25 10:58:00+00:00,2019-01-24 09:14:00+00:00,2019-01-23 04:04:00+00:00,2019-01-25 12:52:00+00:00,56.8,3,3,"JUNG1,KERG,LMKS",4.423743509593842,5.917392364758107,5.108345828504906,2019-01-23 04:04:00+00:00,2019-01-24 10:10:00+00:00,2019-01-24 04:16:00+00:00,2019-01-25 12:52:00+00:00,5,"AATB,DOMC,JUNG1,KERG,LMKS",2,"AATB,DOMC",4.731717393705134,4.039819037554557,7.550329406881413,core,supported_multi_station_candidate,A,False,2019
94,2019-01-28 08:13:00+00:00,2019-01-28 01:32:00+00:00,2019-01-27 17:26:00+00:00,2019-01-28 14:00:00+00:00,20.566666666666666,2,2,"APTY,JUNG1",3.2676040219971814,3.6865287971143053,7.5197757534058685,2019-01-27 17:26:00+00:00,2019-01-28 09:38:00+00:00,2019-01-28 02:26:00+00:00,2019-01-28 14:00:00+00:00,2,"APTY,JUNG1",0,,3.2676040219971814,3.2676040219971814,3.6865287971143053,core,supported_multi_station_candidate,B,False,2019
95,2019-02-01 02:26:00+00:00,2019-01-31 01:06:00+00:00,2019-01-29 18:48:00+00:00,2019-02-01 02:52:00+00:00,56.06666666666667,3,3,"DOMC,LMKS,NEWK",5.1485901069189355,8.254505844140606,5.754484724990949,2019-01-29 18:48:00+00:00,2019-01-31 17:56:00+00:00,2019-01-30 17:06:00+00:00,2019-02-01 02:52:00+00:00,7,"APTY,DOMC,INVK,JUNG1,KERG,LMKS,NEWK",4,"APTY,INVK,JUNG1,KERG",4.635568442069756,4.357622721835012,8.254505844140606,core,supported_multi_station_candidate,A,False,2019
96,2019-02-03 07:00:00+00:00,2019-02-02 05:18:00+00:00,2019-02-02 00:40:00+00:00,2019-02-03 15:00:00+00:00,38.333333333333336,2,2,"APTY,JUNG1",3.332601426583394,3.3966492391244705,7.119297244836099,2019-02-02 00:40:00+00:00,2019-02-02 09:56:00+00:00,2019-02-02 23:00:00+00:00,2019-02-03 15:00:00+00:00,3,"APTY,INVK,JUNG1",1,INVK,3.346258026266581,3.3735712256329564,3.3966492391244705,core,supported_multi_station_candidate,B,False,2019
98,2019-02-06 10:32:00+00:00,2019-02-05 19:30:00+00:00,2019-02-05 19:30:00+00:00,2019-02-06 10:32:00+00:00,15.033333333333333,1,1,KERG,4.911395256420887,4.911395256420887,6.711174267541624,2019-02-05 19:30:00+00:00,2019-02-05 19:30:00+00:00,2019-02-06 10:32:00+00:00,2019-02-06 10:32:00+00:00,2,"AATB,KERG",1,AATB,4.2509487063361195,4.2509487063361195,4.911395256420887,core,supported_multi_station_candidate,B,True,2019
99,2019-02-08 17:01:00+00:00,2019-02-08 02:58:00+00:00,2019-02-07 15:44:00+00:00,2019-02-08 18:26:00+00:00,26.7,2,2,"JUNG1,KERG",3.478714279209453,4.06237733974599,4.2840718503151525,2019-02-07 15:44:00+00:00,2019-02-08 14:12:00+00:00,2019-02-08 15:36:00+00:00,2019-02-08 18:26:00+00:00,4,"INVK,JUNG1,KERG,LMKS",2,"INVK,LMKS",3.2311086241939675,3.087200982357449,4.06237733974599,core,supported_multi_station_candidate,A,False,2019
100,2019-02-11 21:22:00+00:00,2019-02-11 16:10:00+00:00,2019-02-11 16:10:00+00:00,2019-02-11 21:22:00+00:00,5.2,1,1,KERG,3.6467356027178517,3.6467356027178517,7.032873424935953,2019-02-11 16:10:00+00:00,2019-02-11 16:10:00+00:00,2019-02-11 21:22:00+00:00,2019-02-11 21:22:00+00:00,2,"KERG,LMKS",1,LMKS,3.429046992459657,3.429046992459657,3.6467356027178517,core,supported_multi_station_candidate,B,True,2019
101,2019-02-16 03:04:00+00:00,2019-02-14 22:10:00+00:00,2019-02-13 17:32:00+00:00,2019-02-16 04:42:00+00:00,59.166666666666664,3,3,"AATB,APTY,NEWK",4.105986292117748,5.5171527232838065,6.585563545004619,2019-02-13 17:32:00+00:00,2019-02-15 07:46:00+00:00,2019-02-14 13:24:00+00:00,2019-02-16 04:42:00+00:00,4,"AATB,APTY,KERG,NEWK",1,KERG,3.760163905010759,3.5686702402954618,5.5171527232838065,core,supported_multi_station_candidate,A,False,2019
102,2019-02-21 05:34:00+00:00,2019-02-19 22:28:00+00:00,2019-02-18 16:36:00+00:00,2019-02-21 09:16:00+00:00,64.66666666666667,3,3,"AATB,LMKS,NEWK",3.901871435878259,5.702227619294988,4.013154413819551,2019-02-18 16:36:00+00:00,2019-02-20 09:28:00+00:00,2019-02-19 19:00:00+00:00,2019-02-21 09:16:00+00:00,5,"AATB,APTY,KERG,LMKS,NEWK",2,"APTY,KERG",4.076576745184144,3.9282958488044177,5.702227619294988,core,supported_multi_station_candidate,A,False,2019
103,2019-02-27 14:58:00+00:00,2019-02-26 07:24:00+00:00,2019-02-26 07:24:00+00:00,2019-02-27 14:58:00+00:00,31.566666666666666,1,1,AATB,2.3605593934740976,2.3605593934740976,10.412524158880101,2019-02-26 07:24:00+00:00,2019-02-26 07:24:00+00:00,2019-02-27 14:58:00+00:00,2019-02-27 14:58:00+00:00,3,"AATB,KERG,LMKS",2,"KERG,LMKS",2.9497173844681104,2.5747366324994942,3.9138561274307393,core,supported_multi_station_candidate,B,True,2019
105,2019-03-06 21:34:00+00:00,2019-03-05 14:50:00+00:00,2019-03-05 14:50:00+00:00,2019-03-06 21:34:00+00:00,30.733333333333334,1,1,JUNG1,3.558689428930079,3.558689428930079,6.189339812176702,2019-03-05 14:50:00+00:00,2019-03-05 14:50:00+00:00,2019-03-06 21:34:00+00:00,2019-03-06 21:34:00+00:00,2,"JUNG1,LMKS",1,LMKS,3.215203297846134,3.215203297846134,3.558689428930079,core,supported_multi_station_candidate,B,True,2019
106,2019-03-11 00:48:00+00:00,2019-03-09 22:48:00+00:00,2019-03-09 22:48:00+00:00,2019-03-11 00:48:00+00:00,26.0,1,1,LMKS,4.1049160234598725,4.1049160234598725,10.275095108241567,2019-03-09 22:48:00+00:00,2019-03-09 22:48:00+00:00,2019-03-11 00:48:00+00:00,2019-03-11 00:48:00+00:00,3,"AATB,KERG,LMKS",2,"AATB,KERG",3.215907320584158,3.263110865537956,4.1049160234598725,core,supported_multi_station_candidate,B,True,2019
107,2019-03-14 15:00:00+00:00,2019-03-13 07:32:00+00:00,2019-03-13 07:32:00+00:00,2019-03-14 15:00:00+00:00,31.466666666666665,1,1,JUNG1,4.234488222385423,4.234488222385423,3.202660544698106,2019-03-13 07:32:00+00:00,2019-03-13 07:32:00+00:00,2019-03-14 15:00:00+00:00,2019-03-14 15:00:00+00:00,3,"AATB,JUNG1,KERG",2,"AATB,KERG",3.5604571188376988,3.47688320007638,4.234488222385423,core,supported_multi_station_candidate,B,True,2019
108,2019-03-18 18:52:00+00:00,2019-03-18 05:46:00+00:00,2019-03-18 05:46:00+00:00,2019-03-18 18:52:00+00:00,13.1,1,1,JUNG1,3.663938834048852,3.663938834048852,2.752339071145286,2019-03-18 05:46:00+00:00,2019-03-18 05:46:00+00:00,2019-03-18 18:52:00+00:00,2019-03-18 18:52:00+00:00,2,"AATB,JUNG1",1,AATB,3.1681447512273855,3.1681447512273855,3.663938834048852,core,supported_multi_station_candidate,B,True,2019
109,2019-03-21 18:20:00+00:00,2019-03-20 17:48:00+00:00,2019-03-20 15:20:00+00:00,2019-03-22 02:34:00+00:00,35.233333333333334,2,2,"KERG,LMKS",4.047321067247561,4.943128939934315,5.105139629120664,2019-03-20 15:20:00+00:00,2019-03-20 20:16:00+00:00,2019-03-21 10:06:00+00:00,2019-03-22 02:34:00+00:00,2,"KERG,LMKS",0,,4.047321067247561,4.047321067247561,4.943128939934315,core,supported_multi_station_candidate,B,False,2019
110,2019-03-26 13:52:00+00:00,2019-03-25 12:18:00+00:00,2019-03-25 03:06:00+00:00,2019-03-27 05:26:00+00:00,50.333333333333336,3,3,"AATB,KERG,LMKS",3.4244386344361164,3.7028387803043645,5.934239135853436,2019-03-25 03:06:00+00:00,2019-03-26 18:56:00+00:00,2019-03-26 02:02:00+00:00,2019-03-27 05:26:00+00:00,6,"AATB,INVK,JUNG1,KERG,LMKS,NEWK",3,"INVK,JUNG1,NEWK",3.804599859770183,3.771966135630934,4.611420476823211,core,supported_multi_station_candidate,A,False,2019
111,2019-03-29 19:23:00+00:00,2019-03-28 15:09:00+00:00,2019-03-28 00:24:00+00:00,2019-03-30 05:58:00+00:00,53.56666666666667,2,2,"JUNG1,KERG",6.61885524446242,9.542377533417755,7.480179708974928,2019-03-28 00:24:00+00:00,2019-03-29 05:54:00+00:00,2019-03-29 08:48:00+00:00,2019-03-30 05:58:00+00:00,3,"AATB,JUNG1,KERG",1,AATB,5.130151546794388,3.6953329555070846,9.542377533417755,core,supported_multi_station_candidate,B,False,2019
113,2019-04-06 00:20:00+00:00,2019-04-04 13:02:00+00:00,2019-04-02 04:58:00+00:00,2019-04-06 21:56:00+00:00,112.96666666666667,3,3,"JUNG1,KERG,LMKS",3.4792363970076465,3.8095241273566463,6.078913012065964,2019-04-02 04:58:00+00:00,2019-04-06 08:42:00+00:00,2019-04-03 02:14:00+00:00,2019-04-06 21:56:00+00:00,4,"AATB,JUNG1,KERG,LMKS",1,AATB,3.070564972944152,3.3140925318331464,3.8095241273566463,core,supported_multi_station_candidate,A,False,2019
114,2019-04-10 00:24:00+00:00,2019-04-09 13:50:00+00:00,2019-04-09 13:50:00+00:00,2019-04-10 00:24:00+00:00,10.566666666666666,1,1,AATB,2.1274245347908947,2.1274245347908947,6.322727992062908,2019-04-09 13:50:00+00:00,2019-04-09 13:50:00+00:00,2019-04-10 00:24:00+00:00,2019-04-10 00:24:00+00:00,4,"AATB,INVK,JUNG1,LMKS",3,"INVK,JUNG1,LMKS",2.88699430433556,2.7648983910546843,3.8907559004419756,core,supported_multi_station_candidate,A,True,2019
115,2019-04-22 17:38:00+00:00,2019-04-21 11:34:00+00:00,2019-04-21 11:34:00+00:00,2019-04-22 17:38:00+00:00,30.066666666666666,1,1,AATB,2.5978043067654815,2.5978043067654815,9.5655231844722,2019-04-21 11:34:00+00:00,2019-04-21 11:34:00+00:00,2019-04-22 17:38:00+00:00,2019-04-22 17:38:00+00:00,3,"AATB,KERG,LMKS",2,"KERG,LMKS",3.4748152091311746,3.8342113525722077,3.992429968055836,core,supported_multi_station_candidate,B,True,2019
116,2019-04-26 19:20:00+00:00,2019-04-25 20:10:00+00:00,2019-04-25 20:10:00+00:00,2019-04-26 19:20:00+00:00,23.166666666666668,1,1,JUNG1,3.92423191186402,3.92423191186402,7.216116532704393,2019-04-25 20:10:00+00:00,2019-04-25 20:10:00+00:00,2019-04-26 19:20:00+00:00,2019-04-26 19:20:00+00:00,2,"JUNG1,KERG",1,KERG,3.780023370342929,3.780023370342929,3.92423191186402,core,supported_multi_station_candidate,B,True,2019
118,2019-05-01 20:52:00+00:00,2019-05-01 19:06:00+00:00,2019-05-01 19:06:00+00:00,2019-05-01 20:52:00+00:00,1.7666666666666666,1,1,KERG,3.865673832321704,3.865673832321704,9.992298886770767,2019-05-01 19:06:00+00:00,2019-05-01 19:06:00+00:00,2019-05-01 20:52:00+00:00,2019-05-01 20:52:00+00:00,3,"AATB,JUNG1,KERG",2,"AATB,JUNG1",2.8343341790709125,2.726076944353574,3.865673832321704,core,supported_multi_station_candidate,B,True,2019
119,2019-05-03 17:06:00+00:00,2019-05-03 00:06:00+00:00,2019-05-03 00:06:00+00:00,2019-05-03 17:06:00+00:00,17.0,1,1,JUNG1,3.7633628461932056,3.7633628461932056,5.4586952045943455,2019-05-03 00:06:00+00:00,2019-05-03 00:06:00+00:00,2019-05-03 17:06:00+00:00,2019-05-03 17:06:00+00:00,3,"AATB,JUNG1,OULU",2,"AATB,OULU",3.4767909161781527,3.7633628461932056,4.665155635813487,core,supported_multi_station_candidate,B,True,2019
120,2019-05-07 10:52:00+00:00,2019-05-06 16:19:00+00:00,2019-05-05 01:38:00+00:00,2019-05-08 13:08:00+00:00,83.5,4,4,"AATB,INVK,LMKS,NEWK",3.765970088414629,5.004269591316309,7.452652126023402,2019-05-05 01:38:00+00:00,2019-05-07 13:38:00+00:00,2019-05-06 06:36:00+00:00,2019-05-08 13:08:00+00:00,6,"AATB,INVK,JUNG1,KERG,LMKS,NEWK",2,"JUNG1,KERG",3.6306994720589185,3.5517322916921312,5.004269591316309,core,supported_multi_station_candidate,A,False,2019
121,2019-05-11 21:02:00+00:00,2019-05-11 16:20:00+00:00,2019-05-11 08:36:00+00:00,2019-05-12 11:46:00+00:00,27.166666666666668,3,3,"JUNG1,KERG,LMKS",4.618377224957944,5.098127205993891,5.092433391741435,2019-05-11 08:36:00+00:00,2019-05-12 02:20:00+00:00,2019-05-11 15:34:00+00:00,2019-05-12 11:46:00+00:00,4,"AATB,JUNG1,KERG,LMKS",1,AATB,4.143039748005927,4.378502234439971,5.098127205993891,core,supported_multi_station_candidate,A,False,2019
122,2019-05-16 12:04:00+00:00,2019-05-15 21:02:00+00:00,2019-05-13 21:16:00+00:00,2019-05-17 15:50:00+00:00,90.56666666666666,5,5,"AATB,DOMC,KERG,LMKS,NEWK",4.877971492878894,8.614374564129367,5.875344226945039,2019-05-13 21:16:00+00:00,2019-05-17 11:04:00+00:00,2019-05-15 07:22:00+00:00,2019-05-17 15:50:00+00:00,9,"AATB,APTY,DOMC,INVK,JUNG1,KERG,LMKS,MXCO,NEWK",4,"APTY,INVK,JUNG1,MXCO",4.503898974036359,3.9147853714661034,8.614374564129367,core,supported_multi_station_candidate,A,False,2019
123,2019-05-20 23:20:00+00:00,2019-05-20 10:48:00+00:00,2019-05-20 10:48:00+00:00,2019-05-20 23:20:00+00:00,12.533333333333333,1,1,KERG,3.540617516354712,3.540617516354712,5.087418055948935,2019-05-20 10:48:00+00:00,2019-05-20 10:48:00+00:00,2019-05-20 23:20:00+00:00,2019-05-20 23:20:00+00:00,2,"JUNG1,KERG",1,JUNG1,4.094084033329734,4.094084033329734,4.647550550304755,core,supported_multi_station_candidate,B,True,2019
124,2019-05-23 07:44:00+00:00,2019-05-22 17:58:00+00:00,2019-05-22 17:58:00+00:00,2019-05-23 07:44:00+00:00,13.766666666666667,1,1,NEWK,5.246184938788195,5.246184938788195,10.753862139455137,2019-05-22 17:58:00+00:00,2019-05-22 17:58:00+00:00,2019-05-23 07:44:00+00:00,2019-05-23 07:44:00+00:00,4,"AATB,DOMC,LMKS,NEWK",3,"AATB,DOMC,LMKS",5.336987648822216,4.89777789998444,9.088150641972922,core,supported_multi_station_candidate,A,True,2019
125,2019-05-28 00:30:00+00:00,2019-05-27 02:28:00+00:00,2019-05-26 20:22:00+00:00,2019-05-28 08:20:00+00:00,35.96666666666667,3,3,"JUNG1,LMKS,OULU",3.9136715052887503,4.902872528737497,9.780167896370832,2019-05-26 20:22:00+00:00,2019-05-27 04:38:00+00:00,2019-05-27 23:16:00+00:00,2019-05-28 08:20:00+00:00,6,"APTY,DOMC,INVK,JUNG1,LMKS,OULU",3,"APTY,DOMC,INVK",4.885000509953945,4.147118952621918,9.4211702031519,core,supported_multi_station_candidate,A,False,2019
126,2019-05-30 15:15:00+00:00,2019-05-29 17:37:00+00:00,2019-05-28 23:46:00+00:00,2019-05-30 19:04:00+00:00,43.3,2,2,"LMKS,MXCO",3.7686892135310304,4.083619453083108,4.816116785676055,2019-05-28 23:46:00+00:00,2019-05-30 11:28:00+00:00,2019-05-30 11:26:00+00:00,2019-05-30 19:04:00+00:00,2,"LMKS,MXCO",0,,3.7686892135310304,3.7686892135310304,4.083619453083108,core,supported_multi_station_candidate,B,False,2019
128,2019-06-05 21:50:00+00:00,2019-06-05 05:34:00+00:00,2019-06-05 05:34:00+00:00,2019-06-05 21:50:00+00:00,16.266666666666666,1,1,KERG,3.4135115238824056,3.4135115238824056,3.658571411161506,2019-06-05 05:34:00+00:00,2019-06-05 05:34:00+00:00,2019-06-05 21:50:00+00:00,2019-06-05 21:50:00+00:00,3,"JUNG1,KERG,LMKS",2,"JUNG1,LMKS",3.304586338597698,3.4135115238824056,3.6869838439046028,core,supported_multi_station_candidate,B,True,2019
129,2019-06-13 22:18:00+00:00,2019-06-12 19:08:00+00:00,2019-06-11 19:48:00+00:00,2019-06-14 01:40:00+00:00,53.86666666666667,5,5,"APTY,JUNG1,KERG,LMKS,MXCO",3.4730199646736097,4.458702311542735,7.432210433326452,2019-06-11 19:48:00+00:00,2019-06-13 11:08:00+00:00,2019-06-12 21:04:00+00:00,2019-06-14 01:40:00+00:00,7,"APTY,INVK,JUNG1,KERG,LMKS,MXCO,OULU",2,"INVK,OULU",3.7308287685305115,3.6809909272409485,4.821260097433576,core,supported_multi_station_candidate,A,False,2019
130,2019-06-20 00:04:00+00:00,2019-06-19 09:04:00+00:00,2019-06-19 09:04:00+00:00,2019-06-20 00:04:00+00:00,15.0,1,1,KERG,3.90409910208104,3.90409910208104,11.150761121092383,2019-06-19 09:04:00+00:00,2019-06-19 09:04:00+00:00,2019-06-20 00:04:00+00:00,2019-06-20 00:04:00+00:00,3,"AATB,APTY,KERG",2,"AATB,APTY",3.479950996563261,3.896845680319049,3.90409910208104,core,supported_multi_station_candidate,B,True,2019
132,2019-06-27 15:56:00+00:00,2019-06-26 08:12:00+00:00,2019-06-26 08:12:00+00:00,2019-06-27 15:56:00+00:00,31.733333333333334,1,1,JUNG1,3.7776590802264534,3.7776590802264534,6.854857611739445,2019-06-26 08:12:00+00:00,2019-06-26 08:12:00+00:00,2019-06-27 15:56:00+00:00,2019-06-27 15:56:00+00:00,2,"JUNG1,LMKS",1,LMKS,3.0984495569205053,3.0984495569205053,3.7776590802264534,core,supported_multi_station_candidate,B,True,2019
133,2019-07-05 01:48:00+00:00,2019-07-04 15:20:00+00:00,2019-07-04 15:20:00+00:00,2019-07-05 01:48:00+00:00,10.466666666666667,1,1,LMKS,2.8765234829758106,2.8765234829758106,6.449177976439023,2019-07-04 15:20:00+00:00,2019-07-04 15:20:00+00:00,2019-07-05 01:48:00+00:00,2019-07-05 01:48:00+00:00,3,"APTY,KERG,LMKS",2,"APTY,KERG",3.2378196295023596,3.0149762765405597,3.8219591289907076,core,supported_multi_station_candidate,B,True,2019
136,2019-07-21 04:40:00+00:00,2019-07-19 22:54:00+00:00,2019-07-19 09:10:00+00:00,2019-07-21 14:28:00+00:00,53.3,2,2,"JUNG1,LMKS",3.4243036728970857,3.764298632524743,4.559138687875331,2019-07-19 09:10:00+00:00,2019-07-20 12:38:00+00:00,2019-07-20 18:52:00+00:00,2019-07-21 14:28:00+00:00,3,"AATB,JUNG1,LMKS",1,AATB,3.136786776156699,3.084308713269428,3.764298632524743,core,supported_multi_station_candidate,B,False,2019
137,2019-07-23 10:24:00+00:00,2019-07-22 17:16:00+00:00,2019-07-22 17:16:00+00:00,2019-07-23 10:24:00+00:00,17.133333333333333,1,1,KERG,2.9427450236319523,2.9427450236319523,8.424334295762938,2019-07-22 17:16:00+00:00,2019-07-22 17:16:00+00:00,2019-07-23 10:24:00+00:00,2019-07-23 10:24:00+00:00,2,"KERG,LMKS",1,LMKS,2.536218784962463,2.536218784962463,2.9427450236319523,core,supported_multi_station_candidate,B,True,2019
139,2019-07-31 14:14:00+00:00,2019-07-30 09:51:00+00:00,2019-07-29 21:04:00+00:00,2019-08-02 08:22:00+00:00,83.3,4,4,"APTY,JUNG1,KERG,LMKS",3.5435929382340148,4.803908225045272,7.036995862355134,2019-07-29 21:04:00+00:00,2019-07-31 23:16:00+00:00,2019-07-30 22:38:00+00:00,2019-08-02 08:22:00+00:00,5,"AATB,APTY,JUNG1,KERG,LMKS",1,AATB,3.3173548482029105,3.1784792289306307,4.803908225045272,core,supported_multi_station_candidate,A,False,2019
140,2019-08-05 01:00:00+00:00,2019-08-04 04:48:00+00:00,2019-08-03 10:14:00+00:00,2019-08-05 22:34:00+00:00,60.333333333333336,5,5,"APTY,INVK,JUNG1,KERG,LMKS",3.582951443980032,4.8952708901385025,5.906762465450146,2019-08-03 10:14:00+00:00,2019-08-04 11:16:00+00:00,2019-08-03 23:00:00+00:00,2019-08-05 22:34:00+00:00,5,"APTY,INVK,JUNG1,KERG,LMKS",0,,3.5829514439800314,3.610401476202201,4.8952708901385025,core,supported_multi_station_candidate,A,False,2019
141,2019-08-09 21:56:00+00:00,2019-08-08 16:04:00+00:00,2019-08-08 10:14:00+00:00,2019-08-10 00:16:00+00:00,38.03333333333333,3,3,"APTY,INVK,KERG",4.077922957043421,4.183856541368034,6.758280806135391,2019-08-08 10:14:00+00:00,2019-08-09 05:08:00+00:00,2019-08-09 18:58:00+00:00,2019-08-10 00:16:00+00:00,5,"AATB,APTY,DOMC,INVK,KERG",2,"AATB,DOMC",4.530833166637439,4.114466824126379,8.257930899003645,core,supported_multi_station_candidate,A,False,2019
142,2019-08-13 04:28:00+00:00,2019-08-12 08:35:00+00:00,2019-08-12 08:02:00+00:00,2019-08-13 07:08:00+00:00,23.1,2,2,"JUNG1,KERG",3.096762686057091,3.304450585005096,7.456503833844957,2019-08-12 08:02:00+00:00,2019-08-12 09:08:00+00:00,2019-08-13 01:48:00+00:00,2019-08-13 07:08:00+00:00,2,"JUNG1,KERG",0,,3.096762686057091,3.096762686057091,3.304450585005096,core,supported_multi_station_candidate,B,False,2019
144,2019-08-17 22:49:00+00:00,2019-08-16 21:28:00+00:00,2019-08-16 13:12:00+00:00,2019-08-18 13:20:00+00:00,48.13333333333333,2,2,"APTY,LMKS",3.5663324161854013,3.7259417073700494,5.255208728476677,2019-08-16 13:12:00+00:00,2019-08-17 05:44:00+00:00,2019-08-17 08:18:00+00:00,2019-08-18 13:20:00+00:00,3,"APTY,INVK,LMKS",1,INVK,3.529920330687571,3.4570961596919108,3.7259417073700494,core,supported_multi_station_candidate,B,False,2019
145,2019-08-19 19:40:00+00:00,2019-08-19 18:16:00+00:00,2019-08-19 18:16:00+00:00,2019-08-19 19:40:00+00:00,1.4,1,1,INVK,3.4030384697864555,3.4030384697864555,7.43476414278972,2019-08-19 18:16:00+00:00,2019-08-19 18:16:00+00:00,2019-08-19 19:40:00+00:00,2019-08-19 19:40:00+00:00,4,"INVK,JUNG1,KERG,LMKS",3,"JUNG1,KERG,LMKS",3.37255115489236,3.3129901649866236,4.225821498649095,core,supported_multi_station_candidate,A,True,2019
147,2019-08-28 12:59:00+00:00,2019-08-27 20:56:00+00:00,2019-08-25 00:08:00+00:00,2019-08-31 14:58:00+00:00,158.83333333333334,6,6,"AATB,APTY,INVK,JUNG1,KERG,LMKS",3.5104860059962975,4.120170815741339,5.484138709380314,2019-08-25 00:08:00+00:00,2019-08-30 20:34:00+00:00,2019-08-26 02:10:00+00:00,2019-08-31 14:58:00+00:00,6,"AATB,APTY,INVK,JUNG1,KERG,LMKS",0,,3.5104860059962975,3.7615882749362126,4.120170815741339,core,supported_multi_station_candidate,A,False,2019
148,2019-09-06 02:06:00+00:00,2019-09-04 20:34:00+00:00,2019-09-04 20:34:00+00:00,2019-09-06 02:06:00+00:00,29.533333333333335,1,1,INVK,3.8944180646299227,3.8944180646299227,3.9758144569192613,2019-09-04 20:34:00+00:00,2019-09-04 20:34:00+00:00,2019-09-06 02:06:00+00:00,2019-09-06 02:06:00+00:00,2,"INVK,JUNG1",1,JUNG1,3.504637398393486,3.504637398393486,3.8944180646299227,core,supported_multi_station_candidate,B,True,2019
149,2019-09-09 18:45:00+00:00,2019-09-09 13:00:00+00:00,2019-09-09 02:50:00+00:00,2019-09-10 01:42:00+00:00,22.866666666666667,2,2,"LMKS,OULU",3.801103032945104,4.650133107381426,3.494642954116258,2019-09-09 02:50:00+00:00,2019-09-09 23:10:00+00:00,2019-09-09 11:48:00+00:00,2019-09-10 01:42:00+00:00,3,"KERG,LMKS,OULU",1,KERG,3.5417726553836473,3.023111900260735,4.650133107381426,core,supported_multi_station_candidate,B,False,2019
150,2019-09-14 05:06:00+00:00,2019-09-13 12:26:00+00:00,2019-09-13 00:44:00+00:00,2019-09-14 16:38:00+00:00,39.9,2,2,"INVK,OULU",3.817156378543551,4.413407981928652,7.485503920625729,2019-09-13 00:44:00+00:00,2019-09-14 00:08:00+00:00,2019-09-13 17:34:00+00:00,2019-09-14 16:38:00+00:00,4,"AATB,APTY,INVK,OULU",2,"AATB,APTY",4.0055401532187265,4.1939239278939,4.413407981928652,core,supported_multi_station_candidate,A,False,2019
151,2019-09-17 23:31:00+00:00,2019-09-17 12:36:00+00:00,2019-09-17 06:10:00+00:00,2019-09-17 23:32:00+00:00,17.366666666666667,2,2,"AATB,KERG",4.311424455526723,4.962177810552886,7.437546353125294,2019-09-17 06:10:00+00:00,2019-09-17 19:02:00+00:00,2019-09-17 23:30:00+00:00,2019-09-17 23:32:00+00:00,2,"AATB,KERG",0,,4.311424455526723,4.311424455526723,4.962177810552886,core,supported_multi_station_candidate,B,False,2019
152,2019-09-22 10:36:00+00:00,2019-09-21 17:04:00+00:00,2019-09-19 23:06:00+00:00,2019-09-23 00:08:00+00:00,73.03333333333333,5,5,"INVK,JUNG1,LMKS,NEWK,OULU",3.9682369231614887,5.242740677861452,4.93451222746261,2019-09-19 23:06:00+00:00,2019-09-22 14:40:00+00:00,2019-09-21 04:08:00+00:00,2019-09-23 00:08:00+00:00,7,"APTY,INVK,JUNG1,KERG,LMKS,NEWK,OULU",2,"APTY,KERG",4.052258532133822,4.151043514307027,5.242740677861452,core,supported_multi_station_candidate,A,False,2019
154,2019-10-02 06:06:00+00:00,2019-10-01 13:52:00+00:00,2019-10-01 05:06:00+00:00,2019-10-02 22:30:00+00:00,41.4,3,3,"JUNG1,KERG,OULU",4.3978537117699075,5.003393978032111,4.464257367587057,2019-10-01 05:06:00+00:00,2019-10-02 14:14:00+00:00,2019-10-02 04:54:00+00:00,2019-10-02 22:30:00+00:00,5,"AATB,APTY,JUNG1,KERG,OULU",2,"AATB,APTY",4.4054434330243355,4.661021733970222,5.003393978032111,core,supported_multi_station_candidate,A,False,2019
155,2019-10-06 08:46:00+00:00,2019-10-05 19:48:00+00:00,2019-10-05 19:48:00+00:00,2019-10-06 08:46:00+00:00,12.966666666666667,1,1,LMKS,3.7540062795657803,3.7540062795657803,3.3678148885058277,2019-10-05 19:48:00+00:00,2019-10-05 19:48:00+00:00,2019-10-06 08:46:00+00:00,2019-10-06 08:46:00+00:00,3,"AATB,JUNG1,LMKS",2,"AATB,JUNG1",3.726242337322583,3.7540062795657803,4.927598624330126,core,supported_multi_station_candidate,B,True,2019
156,2019-10-07 11:38:00+00:00,2019-10-06 22:38:00+00:00,2019-10-06 22:38:00+00:00,2019-10-07 11:38:00+00:00,13.0,1,1,KERG,3.7305578200448717,3.7305578200448717,5.62470151467277,2019-10-06 22:38:00+00:00,2019-10-06 22:38:00+00:00,2019-10-07 11:38:00+00:00,2019-10-07 11:38:00+00:00,3,"INVK,JUNG1,KERG",2,"INVK,JUNG1",3.5226305423966235,3.421717322634458,3.7305578200448717,core,supported_multi_station_candidate,B,True,2019
157,2019-10-10 01:54:00+00:00,2019-10-09 12:23:00+00:00,2019-10-09 08:18:00+00:00,2019-10-10 11:06:00+00:00,26.8,2,2,"APTY,JUNG1",3.405052633935482,3.510088334671975,7.209756480506336,2019-10-09 08:18:00+00:00,2019-10-09 16:28:00+00:00,2019-10-09 16:42:00+00:00,2019-10-10 11:06:00+00:00,3,"APTY,JUNG1,KERG",1,KERG,3.4469694349844544,3.510088334671975,3.5308030370823977,core,supported_multi_station_candidate,B,False,2019
158,2019-10-13 15:30:00+00:00,2019-10-13 02:23:00+00:00,2019-10-12 20:04:00+00:00,2019-10-13 18:54:00+00:00,22.833333333333332,2,2,"AATB,JUNG1",4.362024884440344,4.921604495565382,7.654673008502879,2019-10-12 20:04:00+00:00,2019-10-13 08:42:00+00:00,2019-10-13 12:06:00+00:00,2019-10-13 18:54:00+00:00,5,"AATB,APTY,JUNG1,KERG,LMKS",3,"APTY,KERG,LMKS",4.007097902196632,3.8477706821474276,4.921604495565382,core,supported_multi_station_candidate,A,False,2019
159,2019-10-15 22:12:00+00:00,2019-10-15 01:30:00+00:00,2019-10-14 23:32:00+00:00,2019-10-15 23:12:00+00:00,23.666666666666668,2,2,"INVK,JUNG1",3.3704041906265516,3.4984766275655916,7.1951789582660375,2019-10-14 23:32:00+00:00,2019-10-15 03:28:00+00:00,2019-10-15 21:12:00+00:00,2019-10-15 23:12:00+00:00,3,"APTY,INVK,JUNG1",1,APTY,3.4706773804216824,3.4984766275655916,3.6712237600119435,core,supported_multi_station_candidate,B,False,2019
161,2019-10-22 22:10:00+00:00,2019-10-22 16:06:00+00:00,2019-10-22 16:06:00+00:00,2019-10-22 22:10:00+00:00,6.066666666666666,1,1,KERG,3.49878069509726,3.49878069509726,5.844968981539562,2019-10-22 16:06:00+00:00,2019-10-22 16:06:00+00:00,2019-10-22 22:10:00+00:00,2019-10-22 22:10:00+00:00,2,"AATB,KERG",1,AATB,3.925364637054595,3.925364637054595,4.35194857901193,core,supported_multi_station_candidate,B,True,2019
162,2019-10-24 15:45:00+00:00,2019-10-24 03:51:00+00:00,2019-10-23 20:58:00+00:00,2019-10-24 22:14:00+00:00,25.266666666666666,2,2,"AATB,APTY",5.1844630967017045,6.248986892835262,10.151343328546865,2019-10-23 20:58:00+00:00,2019-10-24 10:44:00+00:00,2019-10-24 09:16:00+00:00,2019-10-24 22:14:00+00:00,4,"AATB,APTY,INVK,KERG",2,"INVK,KERG",4.152478058970038,3.778156798808167,6.248986892835262,core,supported_multi_station_candidate,A,False,2019
163,2019-11-09 18:14:00+00:00,2019-11-08 21:50:00+00:00,2019-11-07 15:02:00+00:00,2019-11-10 07:14:00+00:00,64.2,3,3,"AATB,INVK,KERG",4.487925734889717,5.600673093046234,6.09876976051595,2019-11-07 15:02:00+00:00,2019-11-09 02:10:00+00:00,2019-11-08 13:24:00+00:00,2019-11-10 07:14:00+00:00,4,"AATB,INVK,JUNG1,KERG",1,JUNG1,4.116160590050045,3.9315520558114594,5.600673093046234,core,supported_multi_station_candidate,A,False,2019
164,2019-11-12 21:03:00+00:00,2019-11-12 03:51:00+00:00,2019-11-12 00:10:00+00:00,2019-11-12 22:40:00+00:00,22.5,2,2,"AATB,LMKS",4.047289222933781,4.336931402303852,6.137153093728912,2019-11-12 00:10:00+00:00,2019-11-12 07:32:00+00:00,2019-11-12 19:26:00+00:00,2019-11-12 22:40:00+00:00,4,"AATB,APTY,KERG,LMKS",2,"APTY,KERG",3.762328953115117,3.9235740468192266,4.336931402303852,core,supported_multi_station_candidate,A,False,2019
165,2019-11-17 03:01:00+00:00,2019-11-16 00:44:00+00:00,2019-11-15 21:48:00+00:00,2019-11-17 12:10:00+00:00,38.36666666666667,2,2,"JUNG1,LMKS",2.7243387376155246,2.7647858293667706,7.098954813063043,2019-11-15 21:48:00+00:00,2019-11-16 03:40:00+00:00,2019-11-16 17:52:00+00:00,2019-11-17 12:10:00+00:00,3,"JUNG1,KERG,LMKS",1,KERG,3.0393893690616127,2.7647858293667706,3.669490631953789,core,supported_multi_station_candidate,B,False,2019
166,2019-11-21 23:34:00+00:00,2019-11-20 13:18:00+00:00,2019-11-20 13:18:00+00:00,2019-11-21 23:34:00+00:00,34.266666666666666,1,1,LMKS,2.496366884081408,2.496366884081408,3.0791040528110614,2019-11-20 13:18:00+00:00,2019-11-20 13:18:00+00:00,2019-11-21 23:34:00+00:00,2019-11-21 23:34:00+00:00,2,"AATB,LMKS",1,AATB,3.574339579721673,3.574339579721673,4.652312275361938,core,supported_multi_station_candidate,B,True,2019
168,2019-11-28 12:30:00+00:00,2019-11-28 08:36:00+00:00,2019-11-28 08:36:00+00:00,2019-11-28 12:30:00+00:00,3.9,1,1,AATB,4.326038687443531,4.326038687443531,5.23628951048788,2019-11-28 08:36:00+00:00,2019-11-28 08:36:00+00:00,2019-11-28 12:30:00+00:00,2019-11-28 12:30:00+00:00,2,"AATB,JUNG1",1,JUNG1,3.999627361451073,3.999627361451073,4.326038687443531,core,supported_multi_station_candidate,B,True,2019
169,2019-12-01 20:07:00+00:00,2019-11-30 17:39:00+00:00,2019-11-30 14:42:00+00:00,2019-12-02 00:22:00+00:00,33.666666666666664,2,2,"APTY,KERG",3.7046864584871413,3.8881655888671927,4.165086325428219,2019-11-30 14:42:00+00:00,2019-11-30 20:36:00+00:00,2019-12-01 15:52:00+00:00,2019-12-02 00:22:00+00:00,5,"AATB,APTY,KERG,LMKS,OULU",3,"AATB,LMKS,OULU",4.797483556796221,3.541413570401672,9.657268583971979,core,supported_multi_station_candidate,A,False,2019
170,2019-12-08 14:52:00+00:00,2019-12-08 05:54:00+00:00,2019-12-07 06:12:00+00:00,2019-12-08 19:24:00+00:00,37.2,3,3,"KERG,LMKS,NEWK",4.492239395952985,5.451294353586156,6.655575285510394,2019-12-07 06:12:00+00:00,2019-12-08 13:30:00+00:00,2019-12-08 13:26:00+00:00,2019-12-08 19:24:00+00:00,5,"AATB,JUNG1,KERG,LMKS,NEWK",2,"AATB,JUNG1",3.8403690767753877,3.7947874856507813,5.451294353586156,core,supported_multi_station_candidate,A,False,2019
171,2019-12-10 22:18:00+00:00,2019-12-09 23:28:00+00:00,2019-12-09 18:40:00+00:00,2019-12-11 01:00:00+00:00,30.333333333333332,3,3,"APTY,LMKS,OULU",4.470458615693379,5.798117928607055,7.432649609424071,2019-12-09 18:40:00+00:00,2019-12-10 09:12:00+00:00,2019-12-10 20:38:00+00:00,2019-12-11 01:00:00+00:00,5,"APTY,JUNG1,KERG,LMKS,OULU",2,"JUNG1,KERG",3.8199033812868715,2.984902030525704,5.798117928607055,core,supported_multi_station_candidate,A,False,2019
172,2019-12-14 18:09:00+00:00,2019-12-13 10:34:00+00:00,2019-12-13 05:56:00+00:00,2019-12-15 17:58:00+00:00,60.03333333333333,4,4,"AATB,APTY,JUNG1,LMKS",3.526922504404732,5.086586679686548,8.636763724106581,2019-12-13 05:56:00+00:00,2019-12-14 18:22:00+00:00,2019-12-14 00:44:00+00:00,2019-12-15 17:58:00+00:00,4,"AATB,APTY,JUNG1,LMKS",0,,3.526922504404732,3.336124789849421,5.086586679686548,core,supported_multi_station_candidate,A,False,2019
173,2019-12-24 02:38:00+00:00,2019-12-23 14:20:00+00:00,2019-12-23 14:20:00+00:00,2019-12-24 02:38:00+00:00,12.3,1,1,LMKS,2.613632399385573,2.613632399385573,4.32887909911621,2019-12-23 14:20:00+00:00,2019-12-23 14:20:00+00:00,2019-12-24 02:38:00+00:00,2019-12-24 02:38:00+00:00,2,"KERG,LMKS",1,KERG,2.825664920280519,2.825664920280519,3.0376974411754656,core,supported_multi_station_candidate,B,True,2019
175,2019-12-28 00:20:00+00:00,2019-12-26 16:30:00+00:00,2019-12-26 16:30:00+00:00,2019-12-28 00:20:00+00:00,31.833333333333332,1,1,LMKS,3.033213634445394,3.033213634445394,9.460397675904519,2019-12-26 16:30:00+00:00,2019-12-26 16:30:00+00:00,2019-12-28 00:20:00+00:00,2019-12-28 00:20:00+00:00,2,"AATB,LMKS",1,AATB,2.882587299031145,2.882587299031145,3.033213634445394,core,supported_multi_station_candidate,B,True,2019
176,2020-01-01 00:12:00+00:00,2019-12-31 15:06:00+00:00,2019-12-30 07:12:00+00:00,2020-01-01 21:42:00+00:00,62.5,3,3,"AATB,LMKS,NEWK",3.140342627130208,4.782773173536194,6.362404664887975,2019-12-30 07:12:00+00:00,2019-12-31 17:48:00+00:00,2019-12-31 18:58:00+00:00,2020-01-01 21:42:00+00:00,5,"AATB,APTY,KERG,LMKS,NEWK",2,"APTY,KERG",3.494645396573186,3.956391708560421,4.782773173536194,core,supported_multi_station_candidate,A,False,2020
178,2020-01-05 23:30:00+00:00,2020-01-04 23:56:00+00:00,2020-01-04 23:56:00+00:00,2020-01-05 23:30:00+00:00,23.566666666666666,1,1,OULU,5.193933153859126,5.193933153859126,14.033618714444499,2020-01-04 23:56:00+00:00,2020-01-04 23:56:00+00:00,2020-01-05 23:30:00+00:00,2020-01-05 23:30:00+00:00,5,"APTY,INVK,KERG,LMKS,OULU",4,"APTY,INVK,KERG,LMKS",4.434630591336692,4.195068854178838,5.193933153859126,core,supported_multi_station_candidate,A,True,2020
180,2020-01-15 01:40:00+00:00,2020-01-13 18:45:00+00:00,2020-01-13 08:00:00+00:00,2020-01-15 14:00:00+00:00,54.0,2,2,"APTY,KERG",4.220876221856988,4.880025401167833,9.061532591843914,2020-01-13 08:00:00+00:00,2020-01-14 05:30:00+00:00,2020-01-14 13:20:00+00:00,2020-01-15 14:00:00+00:00,2,"APTY,KERG",0,,4.220876221856988,4.220876221856988,4.880025401167833,core,supported_multi_station_candidate,B,False,2020
181,2020-01-17 07:12:00+00:00,2020-01-17 01:44:00+00:00,2020-01-17 01:44:00+00:00,2020-01-17 07:12:00+00:00,5.466666666666667,1,1,OULU,4.459121450056859,4.459121450056859,5.931544430370512,2020-01-17 01:44:00+00:00,2020-01-17 01:44:00+00:00,2020-01-17 07:12:00+00:00,2020-01-17 07:12:00+00:00,2,"JUNG1,OULU",1,JUNG1,3.8614282828118447,3.8614282828118447,4.459121450056859,core,supported_multi_station_candidate,B,True,2020
182,2020-01-21 08:36:00+00:00,2020-01-19 20:40:00+00:00,2020-01-19 20:40:00+00:00,2020-01-21 08:36:00+00:00,35.93333333333333,1,1,LMKS,2.999623799366666,2.999623799366666,5.03508157908452,2020-01-19 20:40:00+00:00,2020-01-19 20:40:00+00:00,2020-01-21 08:36:00+00:00,2020-01-21 08:36:00+00:00,2,"AATB,LMKS",1,AATB,2.8631801247678106,2.8631801247678106,2.999623799366666,core,supported_multi_station_candidate,B,True,2020
183,2020-01-23 03:04:00+00:00,2020-01-22 01:14:00+00:00,2020-01-22 01:10:00+00:00,2020-01-23 14:58:00+00:00,37.8,3,3,"AATB,MXCO,OULU",3.496106702985443,4.299400477151847,4.845437776156569,2020-01-22 01:10:00+00:00,2020-01-22 03:28:00+00:00,2020-01-23 01:58:00+00:00,2020-01-23 14:58:00+00:00,8,"AATB,APTY,INVK,KERG,LMKS,MXCO,NEWK,OULU",5,"APTY,INVK,KERG,LMKS,NEWK",3.6635500530093066,3.27484439028035,5.034773586478024,core,supported_multi_station_candidate,A,False,2020
184,2020-01-31 03:10:00+00:00,2020-01-30 02:54:00+00:00,2020-01-30 02:54:00+00:00,2020-01-31 03:10:00+00:00,24.266666666666666,1,1,KERG,4.536413426399745,4.536413426399745,7.206539360338105,2020-01-30 02:54:00+00:00,2020-01-30 02:54:00+00:00,2020-01-31 03:10:00+00:00,2020-01-31 03:10:00+00:00,5,"AATB,JUNG1,KERG,LMKS,MXCO",4,"AATB,JUNG1,LMKS,MXCO",3.7495292904269313,3.590628544464313,4.536413426399745,core,supported_multi_station_candidate,A,True,2020
185,2020-02-03 21:40:00+00:00,2020-02-02 09:48:00+00:00,2020-02-02 09:48:00+00:00,2020-02-03 21:40:00+00:00,35.86666666666667,1,1,APTY,3.3480777559533688,3.3480777559533688,8.898721451306589,2020-02-02 09:48:00+00:00,2020-02-02 09:48:00+00:00,2020-02-03 21:40:00+00:00,2020-02-03 21:40:00+00:00,2,"APTY,JUNG1",1,JUNG1,3.3170362683551757,3.3170362683551757,3.3480777559533688,core,supported_multi_station_candidate,B,True,2020
186,2020-02-09 15:00:00+00:00,2020-02-09 08:20:00+00:00,2020-02-09 08:20:00+00:00,2020-02-09 15:00:00+00:00,6.666666666666667,1,1,DOMC,7.874291359431545,7.874291359431545,15.53267580236911,2020-02-09 08:20:00+00:00,2020-02-09 08:20:00+00:00,2020-02-09 15:00:00+00:00,2020-02-09 15:00:00+00:00,3,"DOMC,JUNG1,KERG",2,"JUNG1,KERG",5.759957610475515,6.123162451782551,7.874291359431545,core,supported_multi_station_candidate,B,True,2020
187,2020-02-12 07:48:00+00:00,2020-02-11 06:47:00+00:00,2020-02-10 03:04:00+00:00,2020-02-15 05:16:00+00:00,122.2,6,6,"AATB,APTY,DOMC,JUNG1,LMKS,OULU",4.38963141801304,8.752163814937406,6.072022043652293,2020-02-10 03:04:00+00:00,2020-02-14 01:30:00+00:00,2020-02-10 23:32:00+00:00,2020-02-15 05:16:00+00:00,6,"AATB,APTY,DOMC,JUNG1,LMKS,OULU",0,,4.38963141801304,3.7608479347844606,8.752163814937406,core,supported_multi_station_candidate,A,False,2020
188,2020-02-18 18:28:00+00:00,2020-02-18 04:36:00+00:00,2020-02-16 19:56:00+00:00,2020-02-19 20:50:00+00:00,72.9,4,4,"AATB,INVK,KERG,NEWK",3.8874775430891644,4.532077427413317,9.294947365167841,2020-02-16 19:56:00+00:00,2020-02-18 15:56:00+00:00,2020-02-18 02:56:00+00:00,2020-02-19 20:50:00+00:00,8,"AATB,APTY,INVK,JUNG1,KERG,LMKS,NEWK,OULU",4,"APTY,JUNG1,LMKS,OULU",3.797103453132459,3.9155261602592195,5.0621150559299775,core,supported_multi_station_candidate,A,False,2020
189,2020-02-21 14:48:00+00:00,2020-02-20 17:52:00+00:00,2020-02-20 17:52:00+00:00,2020-02-21 14:48:00+00:00,20.933333333333334,1,1,LMKS,3.2489612434551467,3.2489612434551467,8.549168259788068,2020-02-20 17:52:00+00:00,2020-02-20 17:52:00+00:00,2020-02-21 14:48:00+00:00,2020-02-21 14:48:00+00:00,2,"JUNG1,LMKS",1,JUNG1,2.977904214790864,2.977904214790864,3.2489612434551467,core,supported_multi_station_candidate,B,True,2020
190,2020-02-23 14:40:00+00:00,2020-02-22 20:08:00+00:00,2020-02-22 20:08:00+00:00,2020-02-23 14:40:00+00:00,18.533333333333335,1,1,JUNG1,3.5982654055726497,3.5982654055726497,6.493972680278928,2020-02-22 20:08:00+00:00,2020-02-22 20:08:00+00:00,2020-02-23 14:40:00+00:00,2020-02-23 14:40:00+00:00,3,"AATB,JUNG1,LMKS",2,"AATB,LMKS",2.685997133152121,2.6205874418634867,3.5982654055726497,core,supported_multi_station_candidate,B,True,2020
192,2020-02-27 05:22:00+00:00,2020-02-26 21:24:00+00:00,2020-02-26 21:24:00+00:00,2020-02-27 05:22:00+00:00,7.966666666666667,1,1,LMKS,2.664234780630759,2.664234780630759,3.7087501517042507,2020-02-26 21:24:00+00:00,2020-02-26 21:24:00+00:00,2020-02-27 05:22:00+00:00,2020-02-27 05:22:00+00:00,2,"JUNG1,LMKS",1,JUNG1,3.158955160587964,3.158955160587964,3.6536755405451693,core,supported_multi_station_candidate,B,True,2020
193,2020-02-29 05:48:00+00:00,2020-02-28 14:24:00+00:00,2020-02-28 10:08:00+00:00,2020-02-29 15:40:00+00:00,29.533333333333335,2,2,"KERG,LMKS",3.9522998443397297,4.112561420471029,3.5976454424993642,2020-02-28 10:08:00+00:00,2020-02-28 18:40:00+00:00,2020-02-28 19:56:00+00:00,2020-02-29 15:40:00+00:00,2,"KERG,LMKS",0,,3.9522998443397297,3.9522998443397297,4.112561420471029,core,supported_multi_station_candidate,B,False,2020
194,2020-03-02 00:42:00+00:00,2020-03-01 14:32:00+00:00,2020-03-01 14:32:00+00:00,2020-03-02 00:42:00+00:00,10.166666666666666,1,1,AATB,1.911093260865385,1.911093260865385,8.545229454345064,2020-03-01 14:32:00+00:00,2020-03-01 14:32:00+00:00,2020-03-02 00:42:00+00:00,2020-03-02 00:42:00+00:00,2,"AATB,JUNG1",1,JUNG1,2.68255605637302,2.68255605637302,3.454018851880655,core,supported_multi_station_candidate,B,True,2020
195,2020-03-04 18:24:00+00:00,2020-03-03 07:20:00+00:00,2020-03-03 07:20:00+00:00,2020-03-04 18:24:00+00:00,35.06666666666667,1,1,LMKS,2.883464774488474,2.883464774488474,5.662420669180269,2020-03-03 07:20:00+00:00,2020-03-03 07:20:00+00:00,2020-03-04 18:24:00+00:00,2020-03-04 18:24:00+00:00,4,"APTY,JUNG1,KERG,LMKS",3,"APTY,JUNG1,KERG",3.1284747700895554,3.1303163630541575,3.3698015797614316,core,supported_multi_station_candidate,A,True,2020
197,2020-03-10 05:34:00+00:00,2020-03-09 10:14:00+00:00,2020-03-07 14:42:00+00:00,2020-03-11 19:08:00+00:00,100.43333333333334,5,5,"APTY,JUNG1,KERG,LMKS,NEWK",3.837787902469003,5.338980771674451,5.2920143614325506,2020-03-07 14:42:00+00:00,2020-03-11 05:24:00+00:00,2020-03-08 08:54:00+00:00,2020-03-11 19:08:00+00:00,5,"APTY,JUNG1,KERG,LMKS,NEWK",0,,3.837787902469003,3.6052302587689358,5.338980771674451,core,supported_multi_station_candidate,A,False,2020
198,2020-03-13 11:36:00+00:00,2020-03-13 00:28:00+00:00,2020-03-13 00:28:00+00:00,2020-03-13 11:36:00+00:00,11.133333333333333,1,1,LMKS,2.8081106008345804,2.8081106008345804,9.438897231242784,2020-03-13 00:28:00+00:00,2020-03-13 00:28:00+00:00,2020-03-13 11:36:00+00:00,2020-03-13 11:36:00+00:00,3,"APTY,INVK,LMKS",2,"APTY,INVK",3.738361064044805,3.7520046350603193,4.654967956239515,core,supported_multi_station_candidate,B,True,2020
199,2020-03-16 14:29:00+00:00,2020-03-15 13:03:00+00:00,2020-03-14 20:44:00+00:00,2020-03-17 08:36:00+00:00,59.86666666666667,2,2,"AATB,LMKS",2.714749310057413,2.9211627583292534,5.839172193060266,2020-03-14 20:44:00+00:00,2020-03-16 05:22:00+00:00,2020-03-15 20:22:00+00:00,2020-03-17 08:36:00+00:00,4,"AATB,DOMC,KERG,LMKS",2,"DOMC,KERG",3.9860104563761443,2.9538023870460144,7.528101189626976,core,supported_multi_station_candidate,A,False,2020
200,2020-03-24 06:50:00+00:00,2020-03-22 21:28:00+00:00,2020-03-22 21:28:00+00:00,2020-03-24 06:50:00+00:00,33.36666666666667,1,1,LMKS,18.51121757614459,18.51121757614459,4.825714527933109,2020-03-22 21:28:00+00:00,2020-03-22 21:28:00+00:00,2020-03-24 06:50:00+00:00,2020-03-24 06:50:00+00:00,2,"KERG,LMKS",1,KERG,11.043458145851346,11.043458145851346,18.51121757614459,core,supported_multi_station_candidate,B,True,2020
201,2020-03-28 03:22:00+00:00,2020-03-26 16:14:00+00:00,2020-03-26 14:52:00+00:00,2020-03-28 20:38:00+00:00,53.766666666666666,3,3,"APTY,DOMC,INVK",5.044713635874152,7.223350672006469,6.01377461476564,2020-03-26 14:52:00+00:00,2020-03-27 17:22:00+00:00,2020-03-26 15:16:00+00:00,2020-03-28 20:38:00+00:00,4,"APTY,DOMC,INVK,KERG",1,KERG,4.63620577789659,3.9553951178079942,7.223350672006469,core,supported_multi_station_candidate,A,False,2020
203,2020-04-08 21:12:00+00:00,2020-04-07 21:08:00+00:00,2020-04-07 21:08:00+00:00,2020-04-08 21:12:00+00:00,24.066666666666666,1,1,KERG,4.938907428938721,4.938907428938721,5.201315370573407,2020-04-07 21:08:00+00:00,2020-04-07 21:08:00+00:00,2020-04-08 21:12:00+00:00,2020-04-08 21:12:00+00:00,2,"INVK,KERG",1,INVK,4.3912130939705705,4.3912130939705705,4.938907428938721,core,supported_multi_station_candidate,B,True,2020
204,2020-04-10 02:48:00+00:00,2020-04-09 13:58:00+00:00,2020-04-09 13:58:00+00:00,2020-04-10 02:48:00+00:00,12.833333333333334,1,1,LMKS,2.6150480829683573,2.6150480829683573,10.894832398700505,2020-04-09 13:58:00+00:00,2020-04-09 13:58:00+00:00,2020-04-10 02:48:00+00:00,2020-04-10 02:48:00+00:00,2,"AATB,LMKS",1,AATB,2.56703804563153,2.56703804563153,2.6150480829683573,core,supported_multi_station_candidate,B,True,2020
205,2020-04-17 01:04:00+00:00,2020-04-16 10:00:00+00:00,2020-04-16 10:00:00+00:00,2020-04-17 01:04:00+00:00,15.066666666666666,1,1,KERG,3.537728417131062,3.537728417131062,10.088409556856645,2020-04-16 10:00:00+00:00,2020-04-16 10:00:00+00:00,2020-04-17 01:04:00+00:00,2020-04-17 01:04:00+00:00,2,"APTY,KERG",1,APTY,3.5574320935804664,3.5574320935804664,3.577135770029871,core,supported_multi_station_candidate,B,True,2020
206,2020-04-20 15:28:00+00:00,2020-04-20 05:20:00+00:00,2020-04-20 00:32:00+00:00,2020-04-20 16:40:00+00:00,16.133333333333333,3,3,"APTY,INVK,LMKS",8.635336313727668,18.790089626193307,7.524142482496827,2020-04-20 00:32:00+00:00,2020-04-20 15:40:00+00:00,2020-04-20 10:54:00+00:00,2020-04-20 16:40:00+00:00,4,"APTY,INVK,KERG,LMKS",1,KERG,7.415386913241908,3.8264513921470495,18.790089626193307,core,supported_multi_station_candidate,A,False,2020
207,2020-04-23 01:46:00+00:00,2020-04-23 00:42:00+00:00,2020-04-23 00:42:00+00:00,2020-04-23 01:46:00+00:00,1.0666666666666667,1,1,LMKS,21.079115325436398,21.079115325436398,17.320267813408126,2020-04-23 00:42:00+00:00,2020-04-23 00:42:00+00:00,2020-04-23 01:46:00+00:00,2020-04-23 01:46:00+00:00,2,"LMKS,NEWK",1,NEWK,12.9764296493014,12.9764296493014,21.079115325436398,core,supported_multi_station_candidate,B,True,2020
210,2020-04-29 13:28:00+00:00,2020-04-28 05:48:00+00:00,2020-04-28 05:48:00+00:00,2020-04-29 13:28:00+00:00,31.666666666666668,1,1,JUNG1,4.353354303076376,4.353354303076376,9.043929806604318,2020-04-28 05:48:00+00:00,2020-04-28 05:48:00+00:00,2020-04-29 13:28:00+00:00,2020-04-29 13:28:00+00:00,2,"JUNG1,LMKS",1,LMKS,3.515982334243371,3.515982334243371,4.353354303076376,core,supported_multi_station_candidate,B,True,2020
212,2020-05-03 19:36:00+00:00,2020-05-03 12:20:00+00:00,2020-05-03 12:20:00+00:00,2020-05-03 19:36:00+00:00,7.266666666666667,1,1,LMKS,3.50660244682638,3.50660244682638,4.88817990240301,2020-05-03 12:20:00+00:00,2020-05-03 12:20:00+00:00,2020-05-03 19:36:00+00:00,2020-05-03 19:36:00+00:00,2,"AATB,LMKS",1,AATB,2.6872796418948464,2.6872796418948464,3.50660244682638,core,supported_multi_station_candidate,B,True,2020
213,2020-05-06 12:30:00+00:00,2020-05-06 05:28:00+00:00,2020-05-06 05:28:00+00:00,2020-05-06 12:30:00+00:00,7.033333333333333,1,1,MXCO,4.01096397221385,4.01096397221385,7.192867581840029,2020-05-06 05:28:00+00:00,2020-05-06 05:28:00+00:00,2020-05-06 12:30:00+00:00,2020-05-06 12:30:00+00:00,3,"KERG,LMKS,MXCO",2,"KERG,LMKS",3.7947199356788786,4.01096397221385,4.496550783061503,core,supported_multi_station_candidate,B,True,2020
214,2020-05-09 20:50:00+00:00,2020-05-08 18:52:00+00:00,2020-05-08 18:52:00+00:00,2020-05-09 20:50:00+00:00,25.966666666666665,1,1,KERG,3.214313780280615,3.214313780280615,7.626004664583743,2020-05-08 18:52:00+00:00,2020-05-08 18:52:00+00:00,2020-05-09 20:50:00+00:00,2020-05-09 20:50:00+00:00,2,"APTY,KERG",1,APTY,3.1648843718396433,3.1648843718396433,3.214313780280615,core,supported_multi_station_candidate,B,True,2020
216,2020-05-21 13:00:00+00:00,2020-05-20 10:26:00+00:00,2020-05-20 01:58:00+00:00,2020-05-22 02:50:00+00:00,48.86666666666667,2,2,"AATB,JUNG1",3.5429676487416932,4.8935851805062525,7.178543128363051,2020-05-20 01:58:00+00:00,2020-05-20 18:54:00+00:00,2020-05-20 23:10:00+00:00,2020-05-22 02:50:00+00:00,3,"AATB,JUNG1,KERG",1,KERG,3.766773569176331,4.214385410045606,4.8935851805062525,core,supported_multi_station_candidate,B,False,2020
217,2020-05-24 04:14:00+00:00,2020-05-23 18:50:00+00:00,2020-05-23 18:50:00+00:00,2020-05-24 04:14:00+00:00,9.4,1,1,JUNG1,3.911075950930722,3.911075950930722,4.213761663259125,2020-05-23 18:50:00+00:00,2020-05-23 18:50:00+00:00,2020-05-24 04:14:00+00:00,2020-05-24 04:14:00+00:00,2,"JUNG1,LMKS",1,LMKS,3.4544493439838453,3.4544493439838453,3.911075950930722,core,supported_multi_station_candidate,B,True,2020
218,2020-05-26 16:52:00+00:00,2020-05-26 09:40:00+00:00,2020-05-26 01:20:00+00:00,2020-05-27 01:14:00+00:00,23.9,2,2,"JUNG1,LMKS",3.5473408587582895,3.662510709120795,4.924721785399672,2020-05-26 01:20:00+00:00,2020-05-26 18:00:00+00:00,2020-05-26 08:30:00+00:00,2020-05-27 01:14:00+00:00,2,"JUNG1,LMKS",0,,3.5473408587582895,3.5473408587582895,3.662510709120795,core,supported_multi_station_candidate,B,False,2020
219,2020-05-29 00:52:00+00:00,2020-05-27 14:16:00+00:00,2020-05-27 14:16:00+00:00,2020-05-29 00:52:00+00:00,34.6,1,1,JUNG1,3.8411358323987557,3.8411358323987557,2.9055281643802036,2020-05-27 14:16:00+00:00,2020-05-27 14:16:00+00:00,2020-05-29 00:52:00+00:00,2020-05-29 00:52:00+00:00,2,"JUNG1,KERG",1,KERG,3.964441865282177,3.964441865282177,4.087747898165598,core,supported_multi_station_candidate,B,True,2020
220,2020-05-31 16:12:00+00:00,2020-05-30 16:48:00+00:00,2020-05-30 11:32:00+00:00,2020-05-31 23:22:00+00:00,35.833333333333336,2,2,"AATB,LMKS",3.1226284396361206,3.1363127402247093,4.622446171799677,2020-05-30 11:32:00+00:00,2020-05-30 22:04:00+00:00,2020-05-31 09:02:00+00:00,2020-05-31 23:22:00+00:00,5,"AATB,APTY,JUNG1,LMKS,MXCO",3,"APTY,JUNG1,MXCO",3.533603874053913,3.477140217142132,4.170907002689975,core,supported_multi_station_candidate,A,False,2020
223,2020-06-08 21:18:00+00:00,2020-06-08 11:14:00+00:00,2020-06-08 11:14:00+00:00,2020-06-08 21:18:00+00:00,10.066666666666666,1,1,JUNG1,3.5485199507479503,3.5485199507479503,5.1812660022815935,2020-06-08 11:14:00+00:00,2020-06-08 11:14:00+00:00,2020-06-08 21:18:00+00:00,2020-06-08 21:18:00+00:00,2,"JUNG1,NEWK",1,NEWK,3.8782301094254708,3.8782301094254708,4.207940268102991,core,supported_multi_station_candidate,B,True,2020
224,2020-06-10 13:10:00+00:00,2020-06-10 12:22:00+00:00,2020-06-10 12:22:00+00:00,2020-06-10 13:10:00+00:00,0.8,1,1,KERG,3.3653438287712287,3.3653438287712287,3.6723149142360496,2020-06-10 12:22:00+00:00,2020-06-10 12:22:00+00:00,2020-06-10 13:10:00+00:00,2020-06-10 13:10:00+00:00,2,"KERG,LMKS",1,LMKS,2.894888987817607,2.894888987817607,3.3653438287712287,core,supported_multi_station_candidate,B,True,2020
225,2020-06-19 13:30:00+00:00,2020-06-18 11:38:00+00:00,2020-06-18 00:32:00+00:00,2020-06-19 17:12:00+00:00,40.666666666666664,3,3,"INVK,JUNG1,LMKS",3.270297300372278,3.544699388157296,7.21143143894983,2020-06-18 00:32:00+00:00,2020-06-18 12:30:00+00:00,2020-06-19 02:46:00+00:00,2020-06-19 17:12:00+00:00,4,"AATB,INVK,JUNG1,LMKS",1,AATB,3.0668027152605584,3.133096256479769,3.544699388157296,core,supported_multi_station_candidate,A,False,2020
227,2020-06-28 02:06:00+00:00,2020-06-26 19:54:00+00:00,2020-06-26 19:54:00+00:00,2020-06-28 02:06:00+00:00,30.2,1,1,JUNG1,3.6445609468451776,3.6445609468451776,8.402672588010326,2020-06-26 19:54:00+00:00,2020-06-26 19:54:00+00:00,2020-06-28 02:06:00+00:00,2020-06-28 02:06:00+00:00,3,"AATB,JUNG1,KERG",2,"AATB,KERG",3.220222470719912,3.5013598598869926,3.6445609468451776,core,supported_multi_station_candidate,B,True,2020
228,2020-06-29 08:36:00+00:00,2020-06-29 07:04:00+00:00,2020-06-29 07:04:00+00:00,2020-06-29 08:36:00+00:00,1.5333333333333334,1,1,JUNG1,3.016827854660163,3.016827854660163,6.148874892493747,2020-06-29 07:04:00+00:00,2020-06-29 07:04:00+00:00,2020-06-29 08:36:00+00:00,2020-06-29 08:36:00+00:00,2,"JUNG1,KERG",1,KERG,3.270441910571895,3.270441910571895,3.524055966483627,core,supported_multi_station_candidate,B,True,2020
229,2020-07-01 18:58:00+00:00,2020-06-30 20:14:00+00:00,2020-06-30 20:14:00+00:00,2020-07-01 18:58:00+00:00,22.733333333333334,1,1,LMKS,2.679836900806065,2.679836900806065,7.134825784287471,2020-06-30 20:14:00+00:00,2020-06-30 20:14:00+00:00,2020-07-01 18:58:00+00:00,2020-07-01 18:58:00+00:00,3,"APTY,JUNG1,LMKS",2,"APTY,JUNG1",3.277341231586385,3.501646222191193,3.650540571761895,core,supported_multi_station_candidate,B,True,2020
230,2020-07-06 21:46:00+00:00,2020-07-05 22:54:00+00:00,2020-07-05 22:54:00+00:00,2020-07-06 21:46:00+00:00,22.866666666666667,1,1,LMKS,3.084934918678723,3.084934918678723,3.7253815016094305,2020-07-05 22:54:00+00:00,2020-07-05 22:54:00+00:00,2020-07-06 21:46:00+00:00,2020-07-06 21:46:00+00:00,3,"AATB,JUNG1,LMKS",2,"AATB,JUNG1",2.8554109327597472,2.8902437093221627,3.084934918678723,core,supported_multi_station_candidate,B,True,2020
232,2020-07-11 06:46:00+00:00,2020-07-09 23:02:00+00:00,2020-07-09 23:02:00+00:00,2020-07-11 06:46:00+00:00,31.733333333333334,1,1,JUNG1,4.5101014751672155,4.5101014751672155,4.240458928562636,2020-07-09 23:02:00+00:00,2020-07-09 23:02:00+00:00,2020-07-11 06:46:00+00:00,2020-07-11 06:46:00+00:00,2,"JUNG1,MXCO",1,MXCO,3.907496056456175,3.907496056456175,4.5101014751672155,core,supported_multi_station_candidate,B,True,2020
234,2020-07-17 04:48:00+00:00,2020-07-15 17:04:00+00:00,2020-07-15 17:04:00+00:00,2020-07-17 04:48:00+00:00,35.733333333333334,1,1,LMKS,3.491866704059238,3.491866704059238,7.0678900924109005,2020-07-15 17:04:00+00:00,2020-07-15 17:04:00+00:00,2020-07-17 04:48:00+00:00,2020-07-17 04:48:00+00:00,2,"JUNG1,LMKS",1,JUNG1,3.2816808773468935,3.2816808773468935,3.491866704059238,core,supported_multi_station_candidate,B,True,2020
235,2020-07-25 01:34:00+00:00,2020-07-24 06:32:00+00:00,2020-07-23 09:00:00+00:00,2020-07-26 12:44:00+00:00,75.73333333333333,4,4,"APTY,INVK,JUNG1,LMKS",3.566079967294617,4.1076070782485905,10.611345738553025,2020-07-23 09:00:00+00:00,2020-07-25 19:00:00+00:00,2020-07-24 14:58:00+00:00,2020-07-26 12:44:00+00:00,5,"APTY,INVK,JUNG1,KERG,LMKS",1,KERG,3.53709399497725,3.421150105707782,4.1076070782485905,core,supported_multi_station_candidate,A,False,2020
236,2020-07-27 19:52:00+00:00,2020-07-27 10:12:00+00:00,2020-07-27 10:12:00+00:00,2020-07-27 19:52:00+00:00,9.666666666666666,1,1,LMKS,2.5261937264250616,2.5261937264250616,5.579437086474029,2020-07-27 10:12:00+00:00,2020-07-27 10:12:00+00:00,2020-07-27 19:52:00+00:00,2020-07-27 19:52:00+00:00,5,"JUNG1,KERG,LMKS,MXCO,NEWK",4,"JUNG1,KERG,MXCO,NEWK",3.7352204701746743,3.7387152726501127,4.625000745132605,core,supported_multi_station_candidate,A,True,2020
237,2020-08-02 19:34:00+00:00,2020-08-01 14:22:00+00:00,2020-08-01 14:22:00+00:00,2020-08-02 19:34:00+00:00,29.2,1,1,JUNG1,3.1903072581698746,3.1903072581698746,10.411934085884551,2020-08-01 14:22:00+00:00,2020-08-01 14:22:00+00:00,2020-08-02 19:34:00+00:00,2020-08-02 19:34:00+00:00,5,"INVK,JUNG1,KERG,LMKS,OULU",4,"INVK,KERG,LMKS,OULU",3.498001776742703,3.2769337707306043,5.117266767620291,core,supported_multi_station_candidate,A,True,2020
239,2020-08-12 05:21:00+00:00,2020-08-11 03:58:00+00:00,2020-08-10 12:52:00+00:00,2020-08-12 11:24:00+00:00,46.53333333333333,4,4,"AATB,DOMC,INVK,JUNG1",4.96934765909268,9.631361397928584,5.523977219473394,2020-08-10 12:52:00+00:00,2020-08-11 17:48:00+00:00,2020-08-12 00:28:00+00:00,2020-08-12 11:24:00+00:00,8,"AATB,APTY,DOMC,INVK,JUNG1,KERG,LMKS,OULU",4,"APTY,KERG,LMKS,OULU",4.633601791303008,4.029697318780404,9.631361397928584,core,supported_multi_station_candidate,A,False,2020
241,2020-08-30 00:52:00+00:00,2020-08-29 17:30:00+00:00,2020-08-29 17:30:00+00:00,2020-08-30 00:52:00+00:00,7.366666666666666,1,1,KERG,3.5411819920630645,3.5411819920630645,3.154418148197729,2020-08-29 17:30:00+00:00,2020-08-29 17:30:00+00:00,2020-08-30 00:52:00+00:00,2020-08-30 00:52:00+00:00,2,"JUNG1,KERG",1,JUNG1,3.9123103433148256,3.9123103433148256,4.283438694566587,core,supported_multi_station_candidate,B,True,2020
242,2020-09-08 04:04:00+00:00,2020-09-07 10:52:00+00:00,2020-09-06 18:46:00+00:00,2020-09-08 05:28:00+00:00,34.7,2,2,"AATB,INVK",3.219325553949253,3.7507600724336454,3.725296032764451,2020-09-06 18:46:00+00:00,2020-09-08 02:58:00+00:00,2020-09-08 02:40:00+00:00,2020-09-08 05:28:00+00:00,5,"AATB,APTY,INVK,JUNG1,NEWK",3,"APTY,JUNG1,NEWK",3.5867486302008253,3.7507600724336454,4.367448722128994,core,supported_multi_station_candidate,A,False,2020
243,2020-09-10 15:57:00+00:00,2020-09-09 13:35:00+00:00,2020-09-08 21:10:00+00:00,2020-09-11 11:24:00+00:00,62.233333333333334,2,2,"APTY,LMKS",3.1171920111844806,3.653874928760849,3.9520404216995595,2020-09-08 21:10:00+00:00,2020-09-10 06:00:00+00:00,2020-09-09 20:30:00+00:00,2020-09-11 11:24:00+00:00,3,"APTY,KERG,LMKS",1,KERG,3.3864833142560027,3.653874928760849,3.925065920399047,core,supported_multi_station_candidate,B,False,2020
244,2020-09-14 02:36:00+00:00,2020-09-14 01:54:00+00:00,2020-09-14 01:54:00+00:00,2020-09-14 02:36:00+00:00,0.7,1,1,DOMC,7.136463373020812,7.136463373020812,2.9715771526623045,2020-09-14 01:54:00+00:00,2020-09-14 01:54:00+00:00,2020-09-14 02:36:00+00:00,2020-09-14 02:36:00+00:00,3,"APTY,DOMC,KERG",2,"APTY,KERG",5.10039578246289,4.57497131878133,7.136463373020812,core,supported_multi_station_candidate,B,True,2020
246,2020-09-22 02:36:00+00:00,2020-09-21 05:58:00+00:00,2020-09-21 05:58:00+00:00,2020-09-22 02:36:00+00:00,20.633333333333333,1,1,KERG,3.789932582466038,3.789932582466038,3.1995469502344265,2020-09-21 05:58:00+00:00,2020-09-21 05:58:00+00:00,2020-09-22 02:36:00+00:00,2020-09-22 02:36:00+00:00,3,"JUNG1,KERG,LMKS",2,"JUNG1,LMKS",3.381772324673658,3.340679218876706,3.789932582466038,core,supported_multi_station_candidate,B,True,2020
247,2020-09-29 05:20:00+00:00,2020-09-28 06:12:00+00:00,2020-09-28 06:12:00+00:00,2020-09-29 05:20:00+00:00,23.133333333333333,1,1,JUNG1,4.462927103463889,4.462927103463889,5.648453752032789,2020-09-28 06:12:00+00:00,2020-09-28 06:12:00+00:00,2020-09-29 05:20:00+00:00,2020-09-29 05:20:00+00:00,2,"JUNG1,LMKS",1,LMKS,4.147453444053638,4.147453444053638,4.462927103463889,core,supported_multi_station_candidate,B,True,2020
248,2020-09-30 08:23:00+00:00,2020-09-30 01:12:00+00:00,2020-09-29 17:54:00+00:00,2020-09-30 08:34:00+00:00,14.666666666666666,2,2,"KERG,LMKS",2.8008641115760637,3.2014768895638834,5.8208405380025106,2020-09-29 17:54:00+00:00,2020-09-30 08:30:00+00:00,2020-09-30 08:12:00+00:00,2020-09-30 08:34:00+00:00,2,"KERG,LMKS",0,,2.8008641115760637,2.8008641115760637,3.2014768895638834,core,supported_multi_station_candidate,B,False,2020
249,2020-10-05 12:04:00+00:00,2020-10-04 20:54:00+00:00,2020-10-02 09:54:00+00:00,2020-10-06 11:32:00+00:00,97.63333333333334,5,5,"APTY,DOMC,JUNG1,KERG,LMKS",4.99664845988258,7.367480124608225,7.428799464081993,2020-10-02 09:54:00+00:00,2020-10-05 15:26:00+00:00,2020-10-03 20:14:00+00:00,2020-10-06 11:32:00+00:00,7,"APTY,DOMC,INVK,JUNG1,KERG,LMKS,OULU",2,"INVK,OULU",4.813452817779246,4.429328081516713,7.367480124608225,core,supported_multi_station_candidate,A,False,2020
250,2020-10-13 11:32:00+00:00,2020-10-12 17:02:00+00:00,2020-10-12 17:02:00+00:00,2020-10-13 11:32:00+00:00,18.5,1,1,LMKS,5.809781280198399,5.809781280198399,8.362704418353935,2020-10-12 17:02:00+00:00,2020-10-12 17:02:00+00:00,2020-10-13 11:32:00+00:00,2020-10-13 11:32:00+00:00,2,"AATB,LMKS",1,AATB,4.197588461076107,4.197588461076107,5.809781280198399,core,supported_multi_station_candidate,B,True,2020
251,2020-10-19 05:26:00+00:00,2020-10-18 02:51:00+00:00,2020-10-17 22:54:00+00:00,2020-10-19 17:04:00+00:00,42.166666666666664,4,4,"INVK,KERG,NEWK,OULU",4.480431970941689,5.124058786116767,6.66854280234384,2020-10-17 22:54:00+00:00,2020-10-19 00:16:00+00:00,2020-10-18 15:50:00+00:00,2020-10-19 17:04:00+00:00,8,"AATB,APTY,INVK,JUNG1,KERG,MXCO,NEWK,OULU",4,"AATB,APTY,JUNG1,MXCO",3.9347785938589164,3.9783679979290207,5.124058786116767,core,supported_multi_station_candidate,A,False,2020
253,2020-10-24 08:02:00+00:00,2020-10-23 05:11:00+00:00,2020-10-22 11:58:00+00:00,2020-10-25 04:56:00+00:00,64.96666666666667,2,2,"AATB,LMKS",3.631325023207131,4.515767964843969,9.3006106156623,2020-10-22 11:58:00+00:00,2020-10-23 22:24:00+00:00,2020-10-23 11:08:00+00:00,2020-10-25 04:56:00+00:00,5,"AATB,APTY,JUNG1,KERG,LMKS",3,"APTY,JUNG1,KERG",3.2797428985585113,3.0292343293934376,4.515767964843969,core,supported_multi_station_candidate,A,False,2020
255,2020-10-30 15:45:00+00:00,2020-10-29 05:02:00+00:00,2020-10-28 23:58:00+00:00,2020-10-30 21:08:00+00:00,45.166666666666664,2,2,"APTY,KERG",3.8174190470344174,3.9268069237404157,4.297768409557199,2020-10-28 23:58:00+00:00,2020-10-29 10:06:00+00:00,2020-10-30 10:22:00+00:00,2020-10-30 21:08:00+00:00,2,"APTY,KERG",0,,3.8174190470344174,3.8174190470344174,3.9268069237404157,core,supported_multi_station_candidate,B,False,2020
256,2020-10-31 15:26:00+00:00,2020-10-31 09:58:00+00:00,2020-10-31 09:58:00+00:00,2020-10-31 15:26:00+00:00,5.466666666666667,1,1,LMKS,2.70585576723244,2.70585576723244,6.550956839743652,2020-10-31 09:58:00+00:00,2020-10-31 09:58:00+00:00,2020-10-31 15:26:00+00:00,2020-10-31 15:26:00+00:00,3,"AATB,APTY,LMKS",2,"AATB,APTY",3.0593296536372008,2.70585576723244,3.8194949506448173,core,supported_multi_station_candidate,B,True,2020
257,2020-11-03 10:06:00+00:00,2020-11-02 22:12:00+00:00,2020-11-02 22:12:00+00:00,2020-11-03 10:06:00+00:00,11.9,1,1,KERG,3.746993463108507,3.746993463108507,10.992628608740514,2020-11-02 22:12:00+00:00,2020-11-02 22:12:00+00:00,2020-11-03 10:06:00+00:00,2020-11-03 10:06:00+00:00,3,"AATB,INVK,KERG",2,"AATB,INVK",3.294748741460406,3.3015454187457327,3.746993463108507,core,supported_multi_station_candidate,B,True,2020
258,2020-11-08 02:50:00+00:00,2020-11-08 00:48:00+00:00,2020-11-05 17:46:00+00:00,2020-11-10 03:20:00+00:00,105.56666666666666,7,7,"AATB,APTY,INVK,JUNG1,KERG,LMKS,OULU",3.578186722352811,4.648774688839955,6.265602133632347,2020-11-05 17:46:00+00:00,2020-11-09 21:50:00+00:00,2020-11-06 23:54:00+00:00,2020-11-10 03:20:00+00:00,7,"AATB,APTY,INVK,JUNG1,KERG,LMKS,OULU",0,,3.5781867223528105,3.662103949295686,4.648774688839955,core,supported_multi_station_candidate,A,False,2020
259,2020-11-20 00:48:00+00:00,2020-11-19 00:18:00+00:00,2020-11-18 10:38:00+00:00,2020-11-20 11:08:00+00:00,48.5,2,2,"AATB,APTY",3.7162108787382735,4.370587021480981,10.115992458469357,2020-11-18 10:38:00+00:00,2020-11-19 13:58:00+00:00,2020-11-19 14:28:00+00:00,2020-11-20 11:08:00+00:00,3,"AATB,APTY,JUNG1",1,JUNG1,3.3897611150988656,3.0618347359955655,4.370587021480981,core,supported_multi_station_candidate,B,False,2020
260,2020-11-23 20:52:00+00:00,2020-11-22 20:05:00+00:00,2020-11-22 16:52:00+00:00,2020-11-23 22:24:00+00:00,29.533333333333335,2,2,"AATB,KERG",3.553768879727323,3.6905056090951662,5.924753443541242,2020-11-22 16:52:00+00:00,2020-11-22 23:18:00+00:00,2020-11-23 19:20:00+00:00,2020-11-23 22:24:00+00:00,3,"AATB,JUNG1,KERG",1,JUNG1,3.466739327431172,3.4170321503594794,3.6905056090951662,core,supported_multi_station_candidate,B,False,2020
261,2020-11-27 04:02:00+00:00,2020-11-26 15:26:00+00:00,2020-11-26 15:26:00+00:00,2020-11-27 04:02:00+00:00,12.6,1,1,JUNG1,3.281538282028687,3.281538282028687,5.800881830601243,2020-11-26 15:26:00+00:00,2020-11-26 15:26:00+00:00,2020-11-27 04:02:00+00:00,2020-11-27 04:02:00+00:00,4,"AATB,APTY,JUNG1,LMKS",3,"AATB,APTY,LMKS",3.206183308066825,3.022278575754447,4.248078144154555,core,supported_multi_station_candidate,A,True,2020
262,2020-11-30 10:50:00+00:00,2020-11-29 07:12:00+00:00,2020-11-28 12:18:00+00:00,2020-12-01 04:38:00+00:00,64.33333333333333,3,3,"JUNG1,LMKS,NEWK",3.3364484265231056,4.70460232120571,5.319589154991086,2020-11-28 12:18:00+00:00,2020-11-29 18:04:00+00:00,2020-11-29 22:16:00+00:00,2020-12-01 04:38:00+00:00,4,"JUNG1,KERG,LMKS,NEWK",1,KERG,3.282169284777273,2.89475906191904,4.70460232120571,core,supported_multi_station_candidate,A,False,2020
263,2020-12-02 10:10:00+00:00,2020-12-02 07:26:00+00:00,2020-12-02 07:26:00+00:00,2020-12-02 10:10:00+00:00,2.7333333333333334,1,1,DOMC,10.378415103543679,10.378415103543679,4.234659548665377,2020-12-02 07:26:00+00:00,2020-12-02 07:26:00+00:00,2020-12-02 10:10:00+00:00,2020-12-02 10:10:00+00:00,9,"AATB,APTY,DOMC,INVK,JUNG1,KERG,LMKS,NEWK,OULU",8,"AATB,APTY,INVK,JUNG1,KERG,LMKS,NEWK,OULU",5.082448396710585,4.669667269307702,10.378415103543679,core,supported_multi_station_candidate,A,True,2020
264,2020-12-10 19:24:00+00:00,2020-12-10 00:18:00+00:00,2020-12-09 02:44:00+00:00,2020-12-12 17:02:00+00:00,86.3,7,7,"APTY,DOMC,INVK,JUNG1,KERG,LMKS,OULU",5.111105655635087,9.80022686517316,6.461290208485871,2020-12-09 02:44:00+00:00,2020-12-11 07:22:00+00:00,2020-12-10 14:42:00+00:00,2020-12-12 17:02:00+00:00,10,"AATB,APTY,DOMC,INVK,JUNG1,KERG,LMKS,MXCO,NEWK,OULU",3,"AATB,MXCO,NEWK",4.832995834180756,4.363895050094522,9.80022686517316,core,supported_multi_station_candidate,A,False,2020
265,2020-12-17 13:26:00+00:00,2020-12-16 15:56:00+00:00,2020-12-16 02:14:00+00:00,2020-12-17 17:16:00+00:00,39.03333333333333,3,3,"AATB,KERG,NEWK",4.601227008710208,6.484423384866573,5.24596035404049,2020-12-16 02:14:00+00:00,2020-12-17 01:12:00+00:00,2020-12-16 17:24:00+00:00,2020-12-17 17:16:00+00:00,5,"AATB,APTY,DOMC,KERG,NEWK",2,"APTY,DOMC",4.987835297741705,4.552349444499012,7.481813426654756,core,supported_multi_station_candidate,A,False,2020
266,2020-12-23 11:46:00+00:00,2020-12-22 00:10:00+00:00,2020-12-22 00:10:00+00:00,2020-12-23 11:46:00+00:00,35.6,1,1,KERG,3.306294294387492,3.306294294387492,9.113662146668224,2020-12-22 00:10:00+00:00,2020-12-22 00:10:00+00:00,2020-12-23 11:46:00+00:00,2020-12-23 11:46:00+00:00,2,"KERG,LMKS",1,LMKS,3.3590458678486756,3.3590458678486756,3.4117974413098593,core,supported_multi_station_candidate,B,True,2020
268,2020-12-26 18:56:00+00:00,2020-12-26 17:44:00+00:00,2020-12-26 17:44:00+00:00,2020-12-26 18:56:00+00:00,1.2,1,1,KERG,3.451192975235255,3.451192975235255,9.594851656951896,2020-12-26 17:44:00+00:00,2020-12-26 17:44:00+00:00,2020-12-26 18:56:00+00:00,2020-12-26 18:56:00+00:00,4,"JUNG1,KERG,LMKS,NEWK",3,"JUNG1,LMKS,NEWK",3.720642432224453,3.5015832038313475,5.389051270654756,core,supported_multi_station_candidate,A,True,2020
269,2020-12-28 19:00:00+00:00,2020-12-28 03:18:00+00:00,2020-12-27 23:30:00+00:00,2020-12-28 21:48:00+00:00,22.3,3,3,"AATB,APTY,KERG",3.8405765815686537,4.615760580122004,9.826651191905912,2020-12-27 23:30:00+00:00,2020-12-28 03:26:00+00:00,2020-12-28 06:48:00+00:00,2020-12-28 21:48:00+00:00,4,"AATB,APTY,INVK,KERG",1,INVK,3.7647486411064985,3.7523132930019303,4.615760580122004,core,supported_multi_station_candidate,A,False,2020
270,2020-12-30 02:12:00+00:00,2020-12-29 22:10:00+00:00,2020-12-29 22:10:00+00:00,2020-12-30 02:12:00+00:00,4.033333333333333,1,1,LMKS,2.2582112973721062,2.2582112973721062,8.030334296498305,2020-12-29 22:10:00+00:00,2020-12-29 22:10:00+00:00,2020-12-30 02:12:00+00:00,2020-12-30 02:12:00+00:00,3,"JUNG1,KERG,LMKS",2,"JUNG1,KERG",2.7658381447083698,2.76074510684922,3.2785580299037833,core,supported_multi_station_candidate,B,True,2020
272,2021-01-06 06:06:00+00:00,2021-01-05 06:30:00+00:00,2021-01-04 20:10:00+00:00,2021-01-06 10:52:00+00:00,38.7,4,4,"AATB,DOMC,KERG,LMKS",4.221873727326011,7.845676216738535,6.329996437078363,2021-01-04 20:10:00+00:00,2021-01-06 07:00:00+00:00,2021-01-05 21:12:00+00:00,2021-01-06 10:52:00+00:00,4,"AATB,DOMC,KERG,LMKS",0,,4.221873727326011,3.344178031159032,7.845676216738535,core,supported_multi_station_candidate,A,False,2021
273,2021-01-09 15:20:00+00:00,2021-01-08 06:00:00+00:00,2021-01-08 06:00:00+00:00,2021-01-09 15:20:00+00:00,33.333333333333336,1,1,AATB,3.2435099118152797,3.2435099118152797,5.276393226298293,2021-01-08 06:00:00+00:00,2021-01-08 06:00:00+00:00,2021-01-09 15:20:00+00:00,2021-01-09 15:20:00+00:00,2,"AATB,KERG",1,KERG,2.948519465999798,2.948519465999798,3.2435099118152797,core,supported_multi_station_candidate,B,True,2021
274,2021-01-13 04:06:00+00:00,2021-01-12 14:14:00+00:00,2021-01-12 06:06:00+00:00,2021-01-14 17:20:00+00:00,59.233333333333334,3,3,"AATB,KERG,LMKS",3.5430865271881316,4.016163838168899,7.915616349723041,2021-01-12 06:06:00+00:00,2021-01-14 16:28:00+00:00,2021-01-12 19:20:00+00:00,2021-01-14 17:20:00+00:00,4,"AATB,JUNG1,KERG,LMKS",1,JUNG1,3.5889472373717557,3.5685455445936194,4.016163838168899,core,supported_multi_station_candidate,A,False,2021
276,2021-01-19 18:36:00+00:00,2021-01-18 10:48:00+00:00,2021-01-18 10:48:00+00:00,2021-01-19 18:36:00+00:00,31.8,1,1,LMKS,2.9065575004890256,2.9065575004890256,7.80168167385118,2021-01-18 10:48:00+00:00,2021-01-18 10:48:00+00:00,2021-01-19 18:36:00+00:00,2021-01-19 18:36:00+00:00,2,"AATB,LMKS",1,AATB,2.6034047490135848,2.6034047490135848,2.9065575004890256,core,supported_multi_station_candidate,B,True,2021
277,2021-01-21 06:34:00+00:00,2021-01-20 14:48:00+00:00,2021-01-20 11:22:00+00:00,2021-01-21 23:56:00+00:00,36.56666666666667,3,3,"AATB,INVK,KERG",3.5709980530589682,3.9242427034999148,4.437917633188813,2021-01-20 11:22:00+00:00,2021-01-21 06:24:00+00:00,2021-01-20 20:46:00+00:00,2021-01-21 23:56:00+00:00,6,"AATB,INVK,JUNG1,KERG,LMKS,OULU",3,"JUNG1,LMKS,OULU",3.7031727625329616,3.6752446602487048,4.690940488253159,core,supported_multi_station_candidate,A,False,2021
279,2021-01-28 07:54:00+00:00,2021-01-27 20:16:00+00:00,2021-01-27 20:16:00+00:00,2021-01-28 07:54:00+00:00,11.633333333333333,1,1,JUNG1,5.257911893943953,5.257911893943953,6.261896424435943,2021-01-27 20:16:00+00:00,2021-01-27 20:16:00+00:00,2021-01-28 07:54:00+00:00,2021-01-28 07:54:00+00:00,4,"AATB,APTY,JUNG1,OULU",3,"AATB,APTY,OULU",4.07634447597286,4.265645507215002,5.257911893943953,core,supported_multi_station_candidate,A,True,2021
280,2021-02-01 23:46:00+00:00,2021-01-31 19:20:00+00:00,2021-01-30 22:14:00+00:00,2021-02-02 03:34:00+00:00,53.333333333333336,5,5,"AATB,APTY,JUNG1,KERG,LMKS",3.4371169876028906,4.418879770645999,6.89481955427358,2021-01-30 22:14:00+00:00,2021-02-01 05:06:00+00:00,2021-02-01 01:10:00+00:00,2021-02-02 03:34:00+00:00,7,"AATB,APTY,JUNG1,KERG,LMKS,NEWK,OULU",2,"NEWK,OULU",3.9429332752637087,3.5594135747111832,5.564663739476115,core,supported_multi_station_candidate,A,False,2021
282,2021-02-04 18:34:00+00:00,2021-02-04 09:20:00+00:00,2021-02-04 09:20:00+00:00,2021-02-04 18:34:00+00:00,9.233333333333333,1,1,LMKS,2.295884614679337,2.295884614679337,9.692919360271949,2021-02-04 09:20:00+00:00,2021-02-04 09:20:00+00:00,2021-02-04 18:34:00+00:00,2021-02-04 18:34:00+00:00,2,"JUNG1,LMKS",1,JUNG1,2.3816344201570736,2.3816344201570736,2.4673842256348104,core,supported_multi_station_candidate,B,True,2021
283,2021-02-07 18:54:00+00:00,2021-02-06 18:22:00+00:00,2021-02-05 23:22:00+00:00,2021-02-08 17:46:00+00:00,66.4,5,5,"AATB,DOMC,KERG,NEWK,OULU",6.411245047910599,10.399672656515369,5.100692658574714,2021-02-05 23:22:00+00:00,2021-02-07 21:40:00+00:00,2021-02-06 04:00:00+00:00,2021-02-08 17:46:00+00:00,6,"AATB,DOMC,KERG,LMKS,NEWK,OULU",1,LMKS,5.7039061449872746,4.838104821506851,10.399672656515369,core,supported_multi_station_candidate,A,False,2021
284,2021-02-13 15:20:00+00:00,2021-02-13 14:16:00+00:00,2021-02-13 14:16:00+00:00,2021-02-13 15:20:00+00:00,1.0666666666666667,1,1,KERG,4.525859838508552,4.525859838508552,7.900210808546868,2021-02-13 14:16:00+00:00,2021-02-13 14:16:00+00:00,2021-02-13 15:20:00+00:00,2021-02-13 15:20:00+00:00,2,"AATB,KERG",1,AATB,3.7925944479378466,3.7925944479378466,4.525859838508552,core,supported_multi_station_candidate,B,True,2021
285,2021-02-16 18:58:00+00:00,2021-02-15 23:02:00+00:00,2021-02-15 23:02:00+00:00,2021-02-16 18:58:00+00:00,19.933333333333334,1,1,KERG,4.176851415331279,4.176851415331279,5.258434683013233,2021-02-15 23:02:00+00:00,2021-02-15 23:02:00+00:00,2021-02-16 18:58:00+00:00,2021-02-16 18:58:00+00:00,2,"APTY,KERG",1,APTY,3.967656062710251,3.967656062710251,4.176851415331279,core,supported_multi_station_candidate,B,True,2021
286,2021-02-20 08:46:00+00:00,2021-02-19 02:30:00+00:00,2021-02-19 02:30:00+00:00,2021-02-20 08:46:00+00:00,30.266666666666666,1,1,KERG,4.0639144247919585,4.0639144247919585,5.642726227237604,2021-02-19 02:30:00+00:00,2021-02-19 02:30:00+00:00,2021-02-20 08:46:00+00:00,2021-02-20 08:46:00+00:00,2,"DOMC,KERG",1,DOMC,5.899799043810639,5.899799043810639,7.73568366282932,core,supported_multi_station_candidate,B,True,2021
287,2021-02-24 14:16:00+00:00,2021-02-23 16:46:00+00:00,2021-02-22 08:30:00+00:00,2021-02-24 16:40:00+00:00,56.166666666666664,4,4,"DOMC,JUNG1,KERG,LMKS",4.5320545171426705,7.485408826682439,6.014655906065936,2021-02-22 08:30:00+00:00,2021-02-24 11:42:00+00:00,2021-02-23 20:12:00+00:00,2021-02-24 16:40:00+00:00,5,"AATB,DOMC,JUNG1,KERG,LMKS",1,AATB,4.2432830391879515,3.6662930766583943,7.485408826682439,core,supported_multi_station_candidate,A,False,2021
288,2021-03-03 04:17:00+00:00,2021-03-01 17:19:00+00:00,2021-03-01 03:28:00+00:00,2021-03-03 18:48:00+00:00,63.333333333333336,2,2,"JUNG1,KERG",3.46926934841408,3.759597450687486,10.614347300997174,2021-03-01 03:28:00+00:00,2021-03-02 07:10:00+00:00,2021-03-02 13:46:00+00:00,2021-03-03 18:48:00+00:00,7,"AATB,APTY,DOMC,INVK,JUNG1,KERG,LMKS",5,"AATB,APTY,DOMC,INVK,LMKS",4.061148114369923,3.178941246140674,8.379252693080671,core,supported_multi_station_candidate,A,False,2021
289,2021-03-06 11:50:00+00:00,2021-03-05 18:35:00+00:00,2021-03-05 14:32:00+00:00,2021-03-07 06:56:00+00:00,40.4,2,2,"LMKS,OULU",3.5903935718184643,4.438396130804982,6.513427203334762,2021-03-05 14:32:00+00:00,2021-03-05 22:38:00+00:00,2021-03-05 16:44:00+00:00,2021-03-07 06:56:00+00:00,2,"LMKS,OULU",0,,3.5903935718184643,3.5903935718184643,4.438396130804982,core,supported_multi_station_candidate,B,False,2021
291,2021-03-14 10:05:00+00:00,2021-03-13 11:17:00+00:00,2021-03-13 01:50:00+00:00,2021-03-15 04:24:00+00:00,50.56666666666667,2,2,"JUNG1,LMKS",3.7681830274874635,4.707581693117801,5.960358416403004,2021-03-13 01:50:00+00:00,2021-03-13 20:44:00+00:00,2021-03-13 15:46:00+00:00,2021-03-15 04:24:00+00:00,4,"INVK,JUNG1,KERG,LMKS",2,"INVK,KERG",3.6505411172831925,3.5328992070789216,4.707581693117801,core,supported_multi_station_candidate,A,False,2021
292,2021-03-21 00:20:00+00:00,2021-03-20 14:20:00+00:00,2021-03-19 04:48:00+00:00,2021-03-22 19:26:00+00:00,86.63333333333334,7,7,"AATB,APTY,DOMC,JUNG1,KERG,NEWK,OULU",4.785535325480926,8.628978629530806,6.645504923003462,2021-03-19 04:48:00+00:00,2021-03-21 16:08:00+00:00,2021-03-20 04:30:00+00:00,2021-03-22 19:26:00+00:00,9,"AATB,APTY,DOMC,INVK,JUNG1,KERG,LMKS,NEWK,OULU",2,"INVK,LMKS",4.493899490982192,4.036700256360559,8.628978629530806,core,supported_multi_station_candidate,A,False,2021
294,2021-03-30 15:25:00+00:00,2021-03-29 23:41:00+00:00,2021-03-29 20:50:00+00:00,2021-03-31 00:44:00+00:00,27.9,2,2,"DOMC,NEWK",6.005055714167199,7.652760906673483,5.4960796309701,2021-03-29 20:50:00+00:00,2021-03-30 02:32:00+00:00,2021-03-30 06:06:00+00:00,2021-03-31 00:44:00+00:00,5,"AATB,DOMC,KERG,LMKS,NEWK",3,"AATB,KERG,LMKS",4.244153732243545,3.5870370368868234,7.652760906673483,core,supported_multi_station_candidate,A,False,2021
295,2021-04-06 16:34:00+00:00,2021-04-05 11:08:00+00:00,2021-04-05 06:32:00+00:00,2021-04-06 21:34:00+00:00,39.03333333333333,3,3,"AATB,DOMC,KERG",4.534010175191922,7.9361670320932385,5.96529287663293,2021-04-05 06:32:00+00:00,2021-04-06 12:18:00+00:00,2021-04-06 13:52:00+00:00,2021-04-06 21:34:00+00:00,5,"AATB,APTY,DOMC,JUNG1,KERG",2,"APTY,JUNG1",4.160409514317473,3.430163590423265,7.9361670320932385,core,supported_multi_station_candidate,A,False,2021
297,2021-04-16 20:48:00+00:00,2021-04-15 18:53:00+00:00,2021-04-15 15:46:00+00:00,2021-04-17 01:00:00+00:00,33.233333333333334,2,2,"APTY,LMKS",2.930299427947276,3.730447330145906,4.875943604700295,2021-04-15 15:46:00+00:00,2021-04-15 22:00:00+00:00,2021-04-16 16:36:00+00:00,2021-04-17 01:00:00+00:00,4,"APTY,JUNG1,KERG,LMKS",2,"JUNG1,KERG",3.2487342114810502,3.567168995014825,3.730447330145906,core,supported_multi_station_candidate,A,False,2021
298,2021-04-20 00:18:00+00:00,2021-04-18 13:24:00+00:00,2021-04-18 13:24:00+00:00,2021-04-20 00:18:00+00:00,34.9,1,1,LMKS,4.289151022141844,4.289151022141844,11.270404405513974,2021-04-18 13:24:00+00:00,2021-04-18 13:24:00+00:00,2021-04-20 00:18:00+00:00,2021-04-20 00:18:00+00:00,2,"KERG,LMKS",1,KERG,3.5072332062449885,3.5072332062449885,4.289151022141844,core,supported_multi_station_candidate,B,True,2021
299,2021-04-24 04:00:00+00:00,2021-04-23 11:44:00+00:00,2021-04-22 03:04:00+00:00,2021-04-25 17:16:00+00:00,86.2,3,3,"APTY,KERG,LMKS",3.2666978221123117,4.036017124803998,5.233183213003468,2021-04-22 03:04:00+00:00,2021-04-24 15:14:00+00:00,2021-04-23 05:46:00+00:00,2021-04-25 17:16:00+00:00,3,"APTY,KERG,LMKS",0,,3.2666978221123117,3.229532841986482,4.036017124803998,core,supported_multi_station_candidate,B,False,2021
300,2021-05-01 08:35:00+00:00,2021-04-30 20:21:00+00:00,2021-04-30 16:16:00+00:00,2021-05-01 16:12:00+00:00,23.933333333333334,2,2,"AATB,KERG",3.2148441142496376,3.5905637581282366,7.211998189206492,2021-04-30 16:16:00+00:00,2021-05-01 00:26:00+00:00,2021-05-01 00:58:00+00:00,2021-05-01 16:12:00+00:00,3,"AATB,INVK,KERG",1,INVK,3.278599142235711,3.406109198207858,3.5905637581282366,core,supported_multi_station_candidate,B,False,2021
302,2021-05-08 02:28:00+00:00,2021-05-06 17:06:00+00:00,2021-05-06 14:40:00+00:00,2021-05-08 06:00:00+00:00,39.333333333333336,3,3,"APTY,KERG,LMKS",3.1964285669748307,3.4034187769153625,6.724166865970389,2021-05-06 14:40:00+00:00,2021-05-07 16:52:00+00:00,2021-05-07 20:30:00+00:00,2021-05-08 06:00:00+00:00,5,"AATB,APTY,KERG,LMKS,OULU",2,"AATB,OULU",3.3392417435244184,3.3698819925287395,3.792536198128466,core,supported_multi_station_candidate,A,False,2021
303,2021-05-11 04:27:00+00:00,2021-05-09 19:34:00+00:00,2021-05-08 23:30:00+00:00,2021-05-12 02:38:00+00:00,75.13333333333334,2,2,"JUNG1,NEWK",4.236811477299904,4.979069767022095,6.450435896944283,2021-05-08 23:30:00+00:00,2021-05-10 15:38:00+00:00,2021-05-10 06:16:00+00:00,2021-05-12 02:38:00+00:00,3,"JUNG1,KERG,NEWK",1,KERG,3.9492747296296877,3.494553187577714,4.979069767022095,core,supported_multi_station_candidate,B,False,2021
305,2021-05-18 06:22:00+00:00,2021-05-17 11:50:00+00:00,2021-05-17 07:00:00+00:00,2021-05-18 12:10:00+00:00,29.166666666666668,4,4,"APTY,INVK,JUNG1,OULU",3.7641708723770626,4.578148322869822,7.168092228025118,2021-05-17 07:00:00+00:00,2021-05-18 08:04:00+00:00,2021-05-17 21:36:00+00:00,2021-05-18 12:10:00+00:00,6,"APTY,INVK,JUNG1,KERG,LMKS,OULU",2,"KERG,LMKS",4.290732000475263,3.7673041811577015,7.013600863077467,core,supported_multi_station_candidate,A,False,2021
307,2021-05-24 00:41:00+00:00,2021-05-23 00:21:00+00:00,2021-05-22 22:00:00+00:00,2021-05-24 04:56:00+00:00,30.933333333333334,4,4,"APTY,JUNG1,LMKS,OULU",4.115265692707276,5.411750689600899,4.054524508097281,2021-05-22 22:00:00+00:00,2021-05-23 06:06:00+00:00,2021-05-23 20:34:00+00:00,2021-05-24 04:56:00+00:00,4,"APTY,JUNG1,LMKS,OULU",0,,4.115265692707276,3.888991918447133,5.411750689600899,core,supported_multi_station_candidate,A,False,2021
308,2021-05-27 21:27:00+00:00,2021-05-26 18:05:00+00:00,2021-05-26 07:36:00+00:00,2021-05-28 04:16:00+00:00,44.666666666666664,2,2,"LMKS,OULU",4.450105332003167,5.1531728054298425,9.157319006053989,2021-05-26 07:36:00+00:00,2021-05-27 04:34:00+00:00,2021-05-27 14:38:00+00:00,2021-05-28 04:16:00+00:00,9,"APTY,DOMC,INVK,JUNG1,KERG,LMKS,MXCO,NEWK,OULU",7,"APTY,DOMC,INVK,JUNG1,KERG,MXCO,NEWK",4.842678071766835,4.252476886643067,8.748784980906768,core,supported_multi_station_candidate,A,False,2021
309,2021-05-30 08:23:00+00:00,2021-05-29 05:27:00+00:00,2021-05-29 02:22:00+00:00,2021-05-30 16:32:00+00:00,38.166666666666664,2,2,"APTY,LMKS",3.069674946946443,3.308970350628569,4.574259694791066,2021-05-29 02:22:00+00:00,2021-05-29 08:32:00+00:00,2021-05-30 00:14:00+00:00,2021-05-30 16:32:00+00:00,2,"APTY,LMKS",0,,3.069674946946443,3.069674946946443,3.308970350628569,core,supported_multi_station_candidate,B,False,2021
310,2021-06-03 11:54:00+00:00,2021-06-02 17:26:00+00:00,2021-06-02 15:46:00+00:00,2021-06-04 00:24:00+00:00,32.63333333333333,3,3,"KERG,MXCO,OULU",4.526853741612849,5.405328660938067,5.898853308190978,2021-06-02 15:46:00+00:00,2021-06-02 21:36:00+00:00,2021-06-02 21:30:00+00:00,2021-06-04 00:24:00+00:00,4,"JUNG1,KERG,MXCO,OULU",1,JUNG1,4.159418319881905,4.087616281950241,5.405328660938067,core,supported_multi_station_candidate,A,False,2021
312,2021-06-12 15:21:00+00:00,2021-06-11 18:34:00+00:00,2021-06-11 13:00:00+00:00,2021-06-13 08:20:00+00:00,43.333333333333336,2,2,"INVK,LMKS",3.6788019374375787,4.244926585213831,8.543800988094452,2021-06-11 13:00:00+00:00,2021-06-12 00:08:00+00:00,2021-06-11 22:22:00+00:00,2021-06-13 08:20:00+00:00,7,"APTY,INVK,JUNG1,KERG,LMKS,NEWK,OULU",5,"APTY,JUNG1,KERG,NEWK,OULU",3.8400127302688394,3.6732028431097405,4.647933703745751,core,supported_multi_station_candidate,A,False,2021
313,2021-06-15 07:50:00+00:00,2021-06-15 07:36:00+00:00,2021-06-15 07:36:00+00:00,2021-06-15 07:50:00+00:00,0.23333333333333334,1,1,JUNG1,2.883561035215811,2.883561035215811,5.493192470232343,2021-06-15 07:36:00+00:00,2021-06-15 07:36:00+00:00,2021-06-15 07:50:00+00:00,2021-06-15 07:50:00+00:00,2,"JUNG1,KERG",1,KERG,3.081056776218002,3.081056776218002,3.2785525172201937,core,supported_multi_station_candidate,B,True,2021
314,2021-06-18 05:06:00+00:00,2021-06-17 21:14:00+00:00,2021-06-17 21:14:00+00:00,2021-06-18 05:06:00+00:00,7.866666666666666,1,1,NEWK,5.231179713323017,5.231179713323017,6.513484504304182,2021-06-17 21:14:00+00:00,2021-06-17 21:14:00+00:00,2021-06-18 05:06:00+00:00,2021-06-18 05:06:00+00:00,4,"INVK,KERG,LMKS,NEWK",3,"INVK,KERG,LMKS",3.8843246921276493,3.7970653285454965,5.231179713323017,core,supported_multi_station_candidate,A,True,2021
315,2021-06-22 11:35:00+00:00,2021-06-21 14:56:00+00:00,2021-06-21 01:10:00+00:00,2021-06-23 01:26:00+00:00,48.266666666666666,2,2,"JUNG1,KERG",3.6076811529223702,4.063482522340845,4.307219474797574,2021-06-21 01:10:00+00:00,2021-06-22 04:42:00+00:00,2021-06-21 21:44:00+00:00,2021-06-23 01:26:00+00:00,3,"JUNG1,KERG,LMKS",1,LMKS,3.21934270421183,3.1518797835038956,4.063482522340845,core,supported_multi_station_candidate,B,False,2021
316,2021-06-27 03:04:00+00:00,2021-06-26 11:34:00+00:00,2021-06-26 11:34:00+00:00,2021-06-27 03:04:00+00:00,15.5,1,1,KERG,3.1849794263686904,3.1849794263686904,7.998487965534342,2021-06-26 11:34:00+00:00,2021-06-26 11:34:00+00:00,2021-06-27 03:04:00+00:00,2021-06-27 03:04:00+00:00,3,"APTY,KERG,LMKS",2,"APTY,LMKS",3.0587392556581943,3.1849794263686904,3.2632411482197177,core,supported_multi_station_candidate,B,True,2021
317,2021-06-30 12:21:00+00:00,2021-06-29 21:58:00+00:00,2021-06-29 03:22:00+00:00,2021-07-01 08:38:00+00:00,53.266666666666666,2,2,"JUNG1,NEWK",4.104231484096286,5.476718812528001,5.422537249437196,2021-06-29 03:22:00+00:00,2021-06-30 16:34:00+00:00,2021-06-29 16:04:00+00:00,2021-07-01 08:38:00+00:00,3,"APTY,JUNG1,NEWK",1,APTY,4.044156018256881,3.9240050865780716,5.476718812528001,core,supported_multi_station_candidate,B,False,2021
318,2021-07-02 15:31:00+00:00,2021-07-02 06:53:00+00:00,2021-07-01 21:06:00+00:00,2021-07-02 20:16:00+00:00,23.166666666666668,2,2,"LMKS,NEWK",3.3482794113518937,4.555412458311569,7.585289154914027,2021-07-01 21:06:00+00:00,2021-07-02 16:40:00+00:00,2021-07-02 10:46:00+00:00,2021-07-02 20:16:00+00:00,3,"KERG,LMKS,NEWK",1,KERG,3.452071257458472,3.6596549496716286,4.555412458311569,core,supported_multi_station_candidate,B,False,2021
320,2021-07-10 15:04:00+00:00,2021-07-09 05:58:00+00:00,2021-07-08 09:02:00+00:00,2021-07-10 16:08:00+00:00,55.1,3,3,"JUNG1,KERG,NEWK",6.809609403820338,11.445487393760901,6.670683334762596,2021-07-08 09:02:00+00:00,2021-07-09 17:28:00+00:00,2021-07-09 06:00:00+00:00,2021-07-10 16:08:00+00:00,3,"JUNG1,KERG,NEWK",0,,6.809609403820338,5.527718085627608,11.445487393760901,core,supported_multi_station_candidate,B,False,2021
321,2021-07-15 15:53:00+00:00,2021-07-14 17:29:00+00:00,2021-07-12 15:34:00+00:00,2021-07-17 00:34:00+00:00,105.0,4,4,"JUNG1,KERG,NEWK,OULU",4.2754759541538245,5.210226436172985,8.993812527966913,2021-07-12 15:34:00+00:00,2021-07-15 13:20:00+00:00,2021-07-13 14:20:00+00:00,2021-07-17 00:34:00+00:00,7,"APTY,INVK,JUNG1,KERG,LMKS,NEWK,OULU",3,"APTY,INVK,LMKS",4.07114431521328,4.140132686975955,5.210226436172985,core,supported_multi_station_candidate,A,False,2021
322,2021-07-18 02:55:00+00:00,2021-07-17 19:37:00+00:00,2021-07-17 17:52:00+00:00,2021-07-18 09:28:00+00:00,15.6,2,2,"KERG,NEWK",4.170415166316344,5.376060364165617,5.561363809722389,2021-07-17 17:52:00+00:00,2021-07-17 21:22:00+00:00,2021-07-17 20:22:00+00:00,2021-07-18 09:28:00+00:00,2,"KERG,NEWK",0,,4.170415166316344,4.170415166316344,5.376060364165617,core,supported_multi_station_candidate,B,False,2021
323,2021-07-20 17:10:00+00:00,2021-07-19 19:59:00+00:00,2021-07-19 09:48:00+00:00,2021-07-20 21:42:00+00:00,35.9,2,2,"KERG,OULU",4.358026792766056,4.777134223177169,6.974757331425719,2021-07-19 09:48:00+00:00,2021-07-20 06:10:00+00:00,2021-07-20 12:38:00+00:00,2021-07-20 21:42:00+00:00,4,"APTY,INVK,KERG,OULU",2,"APTY,INVK",4.2028153262359655,4.358026792766056,4.9301656528421915,core,supported_multi_station_candidate,A,False,2021
325,2021-07-28 08:16:00+00:00,2021-07-27 20:44:00+00:00,2021-07-27 17:58:00+00:00,2021-07-29 02:08:00+00:00,32.166666666666664,3,3,"DOMC,LMKS,NEWK",11.855530344240728,22.291003281291115,29.916895326553785,2021-07-27 17:58:00+00:00,2021-07-28 03:08:00+00:00,2021-07-28 00:08:00+00:00,2021-07-29 02:08:00+00:00,6,"AATB,DOMC,INVK,JUNG1,LMKS,NEWK",3,"AATB,INVK,JUNG1",7.6722024741021135,4.959676405692758,22.291003281291115,core,supported_multi_station_candidate,A,False,2021
326,2021-08-03 06:50:00+00:00,2021-08-02 22:46:00+00:00,2021-08-02 22:46:00+00:00,2021-08-03 06:50:00+00:00,8.066666666666666,1,1,INVK,3.6695407732818395,3.6695407732818395,3.8885089535837025,2021-08-02 22:46:00+00:00,2021-08-02 22:46:00+00:00,2021-08-03 06:50:00+00:00,2021-08-03 06:50:00+00:00,5,"APTY,INVK,KERG,LMKS,OULU",4,"APTY,KERG,LMKS,OULU",3.803186096053108,3.6695407732818395,4.667937518686012,core,supported_multi_station_candidate,A,True,2021
328,2021-08-12 11:22:00+00:00,2021-08-11 02:58:00+00:00,2021-08-10 16:16:00+00:00,2021-08-12 22:30:00+00:00,54.233333333333334,3,3,"INVK,JUNG1,KERG",3.8197929112703037,4.118593316070711,4.374787295180755,2021-08-10 16:16:00+00:00,2021-08-12 01:42:00+00:00,2021-08-11 21:56:00+00:00,2021-08-12 22:30:00+00:00,3,"INVK,JUNG1,KERG",0,,3.8197929112703037,3.7569495653241463,4.118593316070711,core,supported_multi_station_candidate,B,False,2021
329,2021-08-16 15:08:00+00:00,2021-08-15 10:36:00+00:00,2021-08-15 10:36:00+00:00,2021-08-16 15:08:00+00:00,28.533333333333335,1,1,KERG,3.6891768096410424,3.6891768096410424,5.6359867701994,2021-08-15 10:36:00+00:00,2021-08-15 10:36:00+00:00,2021-08-16 15:08:00+00:00,2021-08-16 15:08:00+00:00,2,"JUNG1,KERG",1,JUNG1,3.6037689787738243,3.6037689787738243,3.6891768096410424,core,supported_multi_station_candidate,B,True,2021
330,2021-08-21 14:39:00+00:00,2021-08-20 17:21:00+00:00,2021-08-20 11:32:00+00:00,2021-08-21 22:52:00+00:00,35.333333333333336,4,4,"APTY,JUNG1,LMKS,MXCO",3.9503717765686277,5.019531190092328,5.297998817959295,2021-08-20 11:32:00+00:00,2021-08-20 23:22:00+00:00,2021-08-21 03:00:00+00:00,2021-08-21 22:52:00+00:00,9,"AATB,APTY,INVK,JUNG1,KERG,LMKS,MXCO,NEWK,OULU",5,"AATB,INVK,KERG,NEWK,OULU",4.072592456602619,3.769000803934392,5.755023363497473,core,supported_multi_station_candidate,A,False,2021
331,2021-08-24 11:03:00+00:00,2021-08-23 08:42:00+00:00,2021-08-22 15:10:00+00:00,2021-08-24 22:58:00+00:00,55.8,4,4,"APTY,INVK,NEWK,OULU",4.569770953510693,4.948720740994185,5.8697322915060015,2021-08-22 15:10:00+00:00,2021-08-23 18:40:00+00:00,2021-08-23 21:00:00+00:00,2021-08-24 22:58:00+00:00,7,"AATB,APTY,INVK,KERG,LMKS,NEWK,OULU",3,"AATB,KERG,LMKS",3.9581841866198357,4.23468248027278,4.948720740994185,core,supported_multi_station_candidate,A,False,2021
332,2021-08-27 15:38:00+00:00,2021-08-26 23:32:00+00:00,2021-08-26 23:32:00+00:00,2021-08-27 15:38:00+00:00,16.1,1,1,KERG,4.135052577154613,4.135052577154613,5.7784555734464105,2021-08-26 23:32:00+00:00,2021-08-26 23:32:00+00:00,2021-08-27 15:38:00+00:00,2021-08-27 15:38:00+00:00,2,"KERG,LMKS",1,LMKS,3.3356733558955547,3.3356733558955547,4.135052577154613,core,supported_multi_station_candidate,B,True,2021
333,2021-09-05 06:03:00+00:00,2021-09-04 02:04:00+00:00,2021-09-03 13:20:00+00:00,2021-09-05 14:16:00+00:00,48.93333333333333,2,2,"APTY,NEWK",4.24009417326287,4.446404092604207,6.017266700807522,2021-09-03 13:20:00+00:00,2021-09-04 14:48:00+00:00,2021-09-04 21:50:00+00:00,2021-09-05 14:16:00+00:00,6,"AATB,APTY,JUNG1,KERG,LMKS,NEWK",4,"AATB,JUNG1,KERG,LMKS",3.5738325109608833,3.617173544140818,4.446404092604207,core,supported_multi_station_candidate,A,False,2021
334,2021-09-12 13:16:00+00:00,2021-09-11 05:02:00+00:00,2021-09-11 00:22:00+00:00,2021-09-12 20:28:00+00:00,44.1,2,2,"AATB,LMKS",2.7875697781541775,2.9820101199074833,7.9070565790206775,2021-09-11 00:22:00+00:00,2021-09-11 09:42:00+00:00,2021-09-12 06:04:00+00:00,2021-09-12 20:28:00+00:00,6,"AATB,DOMC,INVK,KERG,LMKS,NEWK",4,"DOMC,INVK,KERG,NEWK",4.539448859801701,3.9956716032583524,8.796257978364574,core,supported_multi_station_candidate,A,False,2021
335,2021-09-15 19:04:00+00:00,2021-09-14 23:16:00+00:00,2021-09-14 00:26:00+00:00,2021-09-16 01:02:00+00:00,48.6,5,5,"AATB,APTY,INVK,JUNG1,KERG",3.9079904896679807,4.676839553077563,6.052630295461087,2021-09-14 00:26:00+00:00,2021-09-15 18:40:00+00:00,2021-09-15 09:06:00+00:00,2021-09-16 01:02:00+00:00,6,"AATB,APTY,INVK,JUNG1,KERG,LMKS",1,LMKS,3.730617210374319,3.7126507490289153,4.676839553077563,core,supported_multi_station_candidate,A,False,2021
336,2021-09-18 19:52:00+00:00,2021-09-18 05:12:00+00:00,2021-09-17 09:36:00+00:00,2021-09-19 00:52:00+00:00,39.266666666666666,4,4,"AATB,APTY,LMKS,OULU",4.677558622621778,6.470257480847307,5.685290165719329,2021-09-17 09:36:00+00:00,2021-09-18 21:46:00+00:00,2021-09-18 05:00:00+00:00,2021-09-19 00:52:00+00:00,9,"AATB,APTY,DOMC,INVK,JUNG1,KERG,LMKS,MXCO,OULU",5,"DOMC,INVK,JUNG1,KERG,MXCO",4.997761684109174,4.8376418908921694,8.12324653474915,core,supported_multi_station_candidate,A,False,2021
338,2021-09-23 15:52:00+00:00,2021-09-23 14:10:00+00:00,2021-09-23 14:10:00+00:00,2021-09-23 15:52:00+00:00,1.7,1,1,JUNG1,2.8788693765616618,2.8788693765616618,6.003624764884061,2021-09-23 14:10:00+00:00,2021-09-23 14:10:00+00:00,2021-09-23 15:52:00+00:00,2021-09-23 15:52:00+00:00,4,"AATB,APTY,JUNG1,LMKS",3,"AATB,APTY,LMKS",3.0811672958026883,3.0424707123923227,3.500761439056202,core,supported_multi_station_candidate,A,True,2021
339,2021-09-25 19:11:00+00:00,2021-09-24 17:17:00+00:00,2021-09-24 12:46:00+00:00,2021-09-25 21:22:00+00:00,32.6,2,2,"APTY,KERG",4.150719567180474,4.2452627152953335,5.698124395833176,2021-09-24 12:46:00+00:00,2021-09-24 21:48:00+00:00,2021-09-25 17:00:00+00:00,2021-09-25 21:22:00+00:00,3,"AATB,APTY,KERG",1,AATB,3.646364819395417,4.056176419065613,4.2452627152953335,core,supported_multi_station_candidate,B,False,2021
340,2021-10-01 04:42:00+00:00,2021-09-29 19:52:00+00:00,2021-09-28 04:00:00+00:00,2021-10-02 11:56:00+00:00,103.93333333333334,4,4,"DOMC,LMKS,NEWK,OULU",6.917369332980952,11.26118230271972,6.210756932809295,2021-09-28 04:00:00+00:00,2021-10-01 16:42:00+00:00,2021-09-28 16:44:00+00:00,2021-10-02 11:56:00+00:00,4,"DOMC,LMKS,NEWK,OULU",0,,6.917369332980952,6.892591672366011,11.26118230271972,core,supported_multi_station_candidate,A,False,2021
341,2021-10-05 14:20:00+00:00,2021-10-04 16:06:00+00:00,2021-10-04 16:06:00+00:00,2021-10-05 14:20:00+00:00,22.233333333333334,1,1,LMKS,2.8376585058356714,2.8376585058356714,5.199947278975784,2021-10-04 16:06:00+00:00,2021-10-04 16:06:00+00:00,2021-10-05 14:20:00+00:00,2021-10-05 14:20:00+00:00,2,"AATB,LMKS",1,AATB,2.955130738769774,2.955130738769774,3.0726029717038763,core,supported_multi_station_candidate,B,True,2021
342,2021-10-07 00:18:00+00:00,2021-10-06 19:56:00+00:00,2021-10-06 19:56:00+00:00,2021-10-07 00:18:00+00:00,4.366666666666666,1,1,KERG,3.230305192994574,3.230305192994574,5.930793000590546,2021-10-06 19:56:00+00:00,2021-10-06 19:56:00+00:00,2021-10-07 00:18:00+00:00,2021-10-07 00:18:00+00:00,4,"AATB,INVK,KERG,LMKS",3,"AATB,INVK,LMKS",3.176908228730989,3.2178123300085573,3.4073543594072664,core,supported_multi_station_candidate,A,True,2021
343,2021-10-12 13:15:00+00:00,2021-10-11 13:00:00+00:00,2021-10-10 00:14:00+00:00,2021-10-12 21:32:00+00:00,69.3,4,4,"APTY,DOMC,JUNG1,LMKS",5.077853367040866,9.43008112972447,4.8527716652628206,2021-10-10 00:14:00+00:00,2021-10-11 18:58:00+00:00,2021-10-11 08:04:00+00:00,2021-10-12 21:32:00+00:00,10,"AATB,APTY,DOMC,INVK,JUNG1,KERG,LMKS,MXCO,NEWK,OULU",6,"AATB,INVK,KERG,MXCO,NEWK,OULU",4.672978840384399,3.9912288599986865,9.43008112972447,core,supported_multi_station_candidate,A,False,2021
344,2021-10-17 00:16:00+00:00,2021-10-16 07:16:00+00:00,2021-10-15 06:04:00+00:00,2021-10-17 14:10:00+00:00,56.1,7,7,"AATB,APTY,INVK,KERG,LMKS,NEWK,OULU",4.779702425302007,5.636634861748429,6.595724039856542,2021-10-15 06:04:00+00:00,2021-10-16 22:42:00+00:00,2021-10-16 17:46:00+00:00,2021-10-17 14:10:00+00:00,10,"AATB,APTY,DOMC,INVK,JUNG1,KERG,LMKS,MXCO,NEWK,OULU",3,"DOMC,JUNG1,MXCO",5.668983950103568,4.941826465341891,12.862606185591536,core,supported_multi_station_candidate,A,False,2021
345,2021-10-24 17:36:00+00:00,2021-10-23 09:48:00+00:00,2021-10-20 07:46:00+00:00,2021-10-25 23:02:00+00:00,135.26666666666668,5,5,"AATB,APTY,JUNG1,KERG,MXCO",3.808174794715948,4.2024021675625365,7.112239137249283,2021-10-20 07:46:00+00:00,2021-10-24 18:16:00+00:00,2021-10-21 18:38:00+00:00,2021-10-25 23:02:00+00:00,7,"AATB,APTY,JUNG1,KERG,LMKS,MXCO,OULU",2,"LMKS,OULU",3.769848923742955,3.9166528228593167,4.735058076983465,core,supported_multi_station_candidate,A,False,2021
346,2021-10-31 18:48:00+00:00,2021-10-30 12:46:00+00:00,2021-10-30 02:22:00+00:00,2021-11-01 06:30:00+00:00,52.13333333333333,3,3,"APTY,INVK,KERG",4.093517862447258,4.699960363232342,9.127885331237044,2021-10-30 02:22:00+00:00,2021-10-31 18:06:00+00:00,2021-10-31 12:58:00+00:00,2021-11-01 06:30:00+00:00,7,"AATB,APTY,DOMC,INVK,KERG,NEWK,OULU",4,"AATB,DOMC,NEWK,OULU",4.774339104583354,4.699960363232342,7.942325717483088,core,supported_multi_station_candidate,A,False,2021
347,2021-11-04 08:17:00+00:00,2021-11-03 01:42:00+00:00,2021-11-02 14:22:00+00:00,2021-11-04 21:48:00+00:00,55.43333333333333,4,4,"DOMC,JUNG1,LMKS,NEWK",7.121899901195928,10.011589140999604,4.417669401223158,2021-11-02 14:22:00+00:00,2021-11-04 21:44:00+00:00,2021-11-03 22:32:00+00:00,2021-11-04 21:48:00+00:00,10,"AATB,APTY,DOMC,INVK,JUNG1,KERG,LMKS,MXCO,NEWK,OULU",6,"AATB,APTY,INVK,KERG,MXCO,OULU",6.4563442903373245,6.382689700180641,10.011589140999604,core,supported_multi_station_candidate,A,False,2021
348,2021-11-08 20:52:00+00:00,2021-11-08 06:38:00+00:00,2021-11-07 06:18:00+00:00,2021-11-10 09:52:00+00:00,75.56666666666666,5,5,"AATB,APTY,JUNG1,LMKS,OULU",3.8911520669321775,6.4172779966633735,7.651120935137575,2021-11-07 06:18:00+00:00,2021-11-09 01:12:00+00:00,2021-11-08 01:24:00+00:00,2021-11-10 09:52:00+00:00,8,"AATB,APTY,DOMC,INVK,JUNG1,KERG,LMKS,OULU",3,"DOMC,INVK,KERG",4.632100345581643,4.206171810398362,8.392092636623627,core,supported_multi_station_candidate,A,False,2021
349,2021-11-13 17:10:00+00:00,2021-11-13 00:51:00+00:00,2021-11-12 04:50:00+00:00,2021-11-13 20:54:00+00:00,40.06666666666667,2,2,"AATB,KERG",3.220501463961039,3.6298751163287224,8.34215941825781,2021-11-12 04:50:00+00:00,2021-11-13 20:52:00+00:00,2021-11-13 13:26:00+00:00,2021-11-13 20:54:00+00:00,5,"AATB,INVK,JUNG1,KERG,LMKS",3,"INVK,JUNG1,LMKS",3.2174004583922704,3.025010607320163,3.959372551903754,core,supported_multi_station_candidate,A,False,2021
351,2021-11-20 08:00:00+00:00,2021-11-18 23:10:00+00:00,2021-11-18 08:20:00+00:00,2021-11-20 21:12:00+00:00,60.86666666666667,2,2,"KERG,LMKS",4.558116841938087,5.196137179866917,5.784868944823372,2021-11-18 08:20:00+00:00,2021-11-19 14:00:00+00:00,2021-11-19 18:48:00+00:00,2021-11-20 21:12:00+00:00,3,"JUNG1,KERG,LMKS",1,JUNG1,3.9776043734472117,3.9200965040092575,5.196137179866917,core,supported_multi_station_candidate,B,False,2021
353,2021-11-27 08:42:00+00:00,2021-11-27 05:58:00+00:00,2021-11-26 09:12:00+00:00,2021-11-29 02:40:00+00:00,65.46666666666667,3,3,"JUNG1,KERG,LMKS",3.6543632441587306,4.15605657128512,7.335389787439078,2021-11-26 09:12:00+00:00,2021-11-27 18:06:00+00:00,2021-11-27 06:06:00+00:00,2021-11-29 02:40:00+00:00,9,"AATB,APTY,INVK,JUNG1,KERG,LMKS,MXCO,NEWK,OULU",6,"AATB,APTY,INVK,MXCO,NEWK,OULU",3.933283846321844,4.026289990989636,4.94061251866068,core,supported_multi_station_candidate,A,False,2021
354,2021-12-01 13:09:00+00:00,2021-11-30 15:29:00+00:00,2021-11-30 10:54:00+00:00,2021-12-01 22:22:00+00:00,35.46666666666667,2,2,"KERG,LMKS",3.458854823564476,3.8047818185427875,6.451354351710332,2021-11-30 10:54:00+00:00,2021-11-30 20:04:00+00:00,2021-12-01 03:56:00+00:00,2021-12-01 22:22:00+00:00,2,"KERG,LMKS",0,,3.458854823564476,3.458854823564476,3.8047818185427875,core,supported_multi_station_candidate,B,False,2021
355,2021-12-03 05:00:00+00:00,2021-12-02 22:20:00+00:00,2021-12-02 22:20:00+00:00,2021-12-03 05:00:00+00:00,6.666666666666667,1,1,LMKS,2.27929998306378,2.27929998306378,3.7960298684617397,2021-12-02 22:20:00+00:00,2021-12-02 22:20:00+00:00,2021-12-03 05:00:00+00:00,2021-12-03 05:00:00+00:00,2,"JUNG1,LMKS",1,JUNG1,3.5249186040892724,3.5249186040892724,4.770537225114764,core,supported_multi_station_candidate,B,True,2021
356,2021-12-06 14:52:00+00:00,2021-12-06 02:50:00+00:00,2021-12-06 02:50:00+00:00,2021-12-06 14:52:00+00:00,12.033333333333333,1,1,KERG,3.601335003848545,3.601335003848545,6.22492213959954,2021-12-06 02:50:00+00:00,2021-12-06 02:50:00+00:00,2021-12-06 14:52:00+00:00,2021-12-06 14:52:00+00:00,3,"JUNG1,KERG,LMKS",2,"JUNG1,LMKS",3.2741929138991543,3.601335003848545,4.052185608724026,core,supported_multi_station_candidate,B,True,2021
357,2021-12-09 13:49:00+00:00,2021-12-08 13:26:00+00:00,2021-12-08 10:34:00+00:00,2021-12-09 20:20:00+00:00,33.766666666666666,2,2,"JUNG1,KERG",3.551585398867008,3.6605825927466062,7.821889960581297,2021-12-08 10:34:00+00:00,2021-12-08 16:18:00+00:00,2021-12-09 07:18:00+00:00,2021-12-09 20:20:00+00:00,4,"INVK,JUNG1,KERG,OULU",2,"INVK,OULU",3.8222125133433353,3.661293478180979,4.523674892023973,core,supported_multi_station_candidate,A,False,2021
358,2021-12-12 03:16:00+00:00,2021-12-10 22:48:00+00:00,2021-12-10 10:16:00+00:00,2021-12-12 17:02:00+00:00,54.766666666666666,5,5,"AATB,APTY,INVK,JUNG1,KERG",3.890559375607186,4.917552998165504,6.0521078098346095,2021-12-10 10:16:00+00:00,2021-12-11 22:00:00+00:00,2021-12-11 12:58:00+00:00,2021-12-12 17:02:00+00:00,9,"AATB,APTY,INVK,JUNG1,KERG,LMKS,MXCO,NEWK,OULU",4,"LMKS,MXCO,NEWK,OULU",4.19920925734157,4.1642519719576345,5.978848006083564,core,supported_multi_station_candidate,A,False,2021
359,2021-12-19 13:16:00+00:00,2021-12-18 14:46:00+00:00,2021-12-17 12:28:00+00:00,2021-12-20 23:24:00+00:00,82.93333333333334,6,6,"AATB,INVK,JUNG1,LMKS,MXCO,NEWK",3.3787404008472532,4.2555331921866335,4.7309306238830855,2021-12-17 12:28:00+00:00,2021-12-19 21:16:00+00:00,2021-12-18 03:36:00+00:00,2021-12-20 23:24:00+00:00,9,"AATB,APTY,INVK,JUNG1,KERG,LMKS,MXCO,NEWK,OULU",3,"APTY,KERG,OULU",3.752004368050721,3.5974053159025425,5.147351034493756,core,supported_multi_station_candidate,A,False,2021
360,2021-12-28 21:54:00+00:00,2021-12-27 11:06:00+00:00,2021-12-26 18:56:00+00:00,2021-12-29 04:44:00+00:00,57.8,3,3,"DOMC,KERG,LMKS",5.529291092456796,9.395107967833436,6.128470982311346,2021-12-26 18:56:00+00:00,2021-12-28 01:30:00+00:00,2021-12-28 03:48:00+00:00,2021-12-29 04:44:00+00:00,8,"AATB,APTY,DOMC,JUNG1,KERG,LMKS,NEWK,OULU",5,"AATB,APTY,JUNG1,NEWK,OULU",4.881925572181711,4.4393516722151105,9.395107967833436,core,supported_multi_station_candidate,A,False,2021
361,2022-01-02 05:58:00+00:00,2022-01-01 14:44:00+00:00,2022-01-01 04:42:00+00:00,2022-01-03 06:00:00+00:00,49.3,3,3,"JUNG1,MXCO,NEWK",3.8898018842509328,4.771513254156486,4.89494109579239,2022-01-01 04:42:00+00:00,2022-01-01 19:48:00+00:00,2022-01-02 02:50:00+00:00,2022-01-03 06:00:00+00:00,5,"JUNG1,KERG,MXCO,NEWK,OULU",2,"KERG,OULU",3.8801427496336474,3.6327539209062056,4.771513254156486,core,supported_multi_station_candidate,A,False,2022
362,2022-01-07 09:52:00+00:00,2022-01-06 04:51:00+00:00,2022-01-05 06:02:00+00:00,2022-01-07 19:12:00+00:00,61.166666666666664,4,4,"APTY,JUNG1,LMKS,OULU",3.7607406266152736,4.943437655751812,5.54910871616199,2022-01-05 06:02:00+00:00,2022-01-07 01:00:00+00:00,2022-01-06 16:56:00+00:00,2022-01-07 19:12:00+00:00,5,"AATB,APTY,JUNG1,LMKS,OULU",1,AATB,3.4821863208092503,3.009146174857034,4.943437655751812,core,supported_multi_station_candidate,A,False,2022
363,2022-01-09 18:50:00+00:00,2022-01-09 04:59:00+00:00,2022-01-08 21:18:00+00:00,2022-01-10 07:56:00+00:00,34.63333333333333,4,4,"AATB,INVK,JUNG1,MXCO",3.9665878923939513,5.209947445744422,6.78901164221712,2022-01-08 21:18:00+00:00,2022-01-09 19:32:00+00:00,2022-01-09 02:52:00+00:00,2022-01-10 07:56:00+00:00,10,"AATB,APTY,DOMC,INVK,JUNG1,KERG,LMKS,MXCO,NEWK,OULU",6,"APTY,DOMC,KERG,LMKS,NEWK,OULU",4.781279738833695,4.223179661899443,10.497754056888315,core,supported_multi_station_candidate,A,False,2022
364,2022-01-14 21:34:00+00:00,2022-01-14 05:38:00+00:00,2022-01-14 05:38:00+00:00,2022-01-14 21:34:00+00:00,15.933333333333334,1,1,OULU,4.214693702459805,4.214693702459805,10.206987643342043,2022-01-14 05:38:00+00:00,2022-01-14 05:38:00+00:00,2022-01-14 21:34:00+00:00,2022-01-14 21:34:00+00:00,4,"APTY,KERG,LMKS,OULU",3,"APTY,KERG,LMKS",3.2788641958465514,3.169773591224417,4.214693702459805,core,supported_multi_station_candidate,A,True,2022
365,2022-01-18 01:51:00+00:00,2022-01-17 05:07:00+00:00,2022-01-16 08:32:00+00:00,2022-01-19 20:18:00+00:00,83.76666666666667,6,6,"APTY,DOMC,INVK,JUNG1,KERG,LMKS",4.72568017914456,8.824735557501091,5.72215979352644,2022-01-16 08:32:00+00:00,2022-01-18 08:46:00+00:00,2022-01-17 02:40:00+00:00,2022-01-19 20:18:00+00:00,7,"APTY,DOMC,INVK,JUNG1,KERG,LMKS,NEWK",1,NEWK,4.537078561919414,3.807139635699564,8.824735557501091,core,supported_multi_station_candidate,A,False,2022
366,2022-01-22 20:14:00+00:00,2022-01-21 21:08:00+00:00,2022-01-20 23:26:00+00:00,2022-01-23 12:00:00+00:00,60.56666666666667,5,5,"AATB,INVK,KERG,LMKS,OULU",3.563946441304455,4.305798798726142,8.244632413669226,2022-01-20 23:26:00+00:00,2022-01-22 02:42:00+00:00,2022-01-21 21:48:00+00:00,2022-01-23 12:00:00+00:00,7,"AATB,APTY,DOMC,INVK,KERG,LMKS,OULU",2,"APTY,DOMC",4.550729732969801,3.958460570633626,9.92371509892156,core,supported_multi_station_candidate,A,False,2022
367,2022-01-27 17:30:00+00:00,2022-01-26 13:00:00+00:00,2022-01-24 22:30:00+00:00,2022-01-27 23:52:00+00:00,73.36666666666666,6,6,"AATB,APTY,JUNG1,KERG,LMKS,OULU",4.03796437445483,5.077287061565941,5.623376951866036,2022-01-24 22:30:00+00:00,2022-01-27 14:12:00+00:00,2022-01-26 01:04:00+00:00,2022-01-27 23:52:00+00:00,6,"AATB,APTY,JUNG1,KERG,LMKS,OULU",0,,4.03796437445483,3.994717013174904,5.077287061565941,core,supported_multi_station_candidate,A,False,2022
368,2022-01-30 19:58:00+00:00,2022-01-29 20:10:00+00:00,2022-01-29 12:54:00+00:00,2022-01-30 22:30:00+00:00,33.6,2,2,"APTY,LMKS",3.001584971441121,3.3261148382641865,8.436869426044675,2022-01-29 12:54:00+00:00,2022-01-30 03:26:00+00:00,2022-01-30 17:26:00+00:00,2022-01-30 22:30:00+00:00,3,"APTY,KERG,LMKS",1,KERG,3.0646160877966353,3.1906783205076628,3.3261148382641865,core,supported_multi_station_candidate,B,False,2022
369,2022-02-02 15:16:00+00:00,2022-02-01 23:58:00+00:00,2022-01-31 17:20:00+00:00,2022-02-03 07:04:00+00:00,61.733333333333334,7,7,"AATB,APTY,INVK,JUNG1,KERG,NEWK,OULU",4.542538576297328,6.077506348140249,5.660495140905004,2022-01-31 17:20:00+00:00,2022-02-02 20:10:00+00:00,2022-02-02 03:00:00+00:00,2022-02-03 07:04:00+00:00,10,"AATB,APTY,DOMC,INVK,JUNG1,KERG,LMKS,MXCO,NEWK,OULU",3,"DOMC,LMKS,MXCO",5.0433810091151745,4.686041887515495,9.047668567454378,core,supported_multi_station_candidate,A,False,2022
370,2022-02-05 20:38:00+00:00,2022-02-05 05:32:00+00:00,2022-02-04 22:22:00+00:00,2022-02-05 21:14:00+00:00,22.866666666666667,3,3,"AATB,JUNG1,LMKS",3.525125196451775,3.710162934813544,5.997508135417505,2022-02-04 22:22:00+00:00,2022-02-05 18:48:00+00:00,2022-02-05 16:52:00+00:00,2022-02-05 21:14:00+00:00,3,"AATB,JUNG1,LMKS",0,,3.525125196451775,3.668475390886825,3.710162934813544,core,supported_multi_station_candidate,B,False,2022
371,2022-02-09 09:14:00+00:00,2022-02-08 20:08:00+00:00,2022-02-07 22:52:00+00:00,2022-02-10 04:40:00+00:00,53.8,5,5,"INVK,JUNG1,KERG,LMKS,OULU",4.058965050437104,4.4278066987141536,8.128957468124755,2022-02-07 22:52:00+00:00,2022-02-09 22:36:00+00:00,2022-02-08 23:30:00+00:00,2022-02-10 04:40:00+00:00,7,"AATB,INVK,JUNG1,KERG,LMKS,NEWK,OULU",2,"AATB,NEWK",4.16114917174037,3.998055711975864,5.518273327246713,core,supported_multi_station_candidate,A,False,2022
372,2022-02-11 17:30:00+00:00,2022-02-10 23:26:00+00:00,2022-02-10 23:26:00+00:00,2022-02-11 17:30:00+00:00,18.066666666666666,1,1,JUNG1,4.298807298166106,4.298807298166106,6.097872170032482,2022-02-10 23:26:00+00:00,2022-02-10 23:26:00+00:00,2022-02-11 17:30:00+00:00,2022-02-11 17:30:00+00:00,4,"AATB,APTY,JUNG1,LMKS",3,"AATB,APTY,LMKS",3.408293348013925,3.4347601506038252,4.298807298166106,core,supported_multi_station_candidate,A,True,2022
373,2022-02-13 08:34:00+00:00,2022-02-12 13:03:00+00:00,2022-02-12 05:32:00+00:00,2022-02-13 10:14:00+00:00,28.7,2,2,"DOMC,LMKS",6.464953804781199,9.398135166109377,4.76943014137963,2022-02-12 05:32:00+00:00,2022-02-12 20:34:00+00:00,2022-02-13 06:54:00+00:00,2022-02-13 10:14:00+00:00,7,"AATB,DOMC,INVK,KERG,LMKS,MXCO,NEWK",5,"AATB,INVK,KERG,MXCO,NEWK",4.788284669816345,3.9716587002507415,9.398135166109377,core,supported_multi_station_candidate,A,False,2022
374,2022-02-16 20:00:00+00:00,2022-02-16 10:28:00+00:00,2022-02-16 10:28:00+00:00,2022-02-16 20:00:00+00:00,9.533333333333333,1,1,KERG,3.7285390474953397,3.7285390474953397,5.536472929174329,2022-02-16 10:28:00+00:00,2022-02-16 10:28:00+00:00,2022-02-16 20:00:00+00:00,2022-02-16 20:00:00+00:00,2,"KERG,LMKS",1,LMKS,3.1999136393527436,3.1999136393527436,3.7285390474953397,core,supported_multi_station_candidate,B,True,2022
375,2022-02-22 10:01:00+00:00,2022-02-21 07:05:00+00:00,2022-02-20 00:52:00+00:00,2022-02-23 05:08:00+00:00,76.26666666666667,6,6,"AATB,APTY,JUNG1,KERG,LMKS,NEWK",4.086932108499535,5.024909120130641,4.5064990869534896,2022-02-20 00:52:00+00:00,2022-02-21 23:56:00+00:00,2022-02-20 04:00:00+00:00,2022-02-23 05:08:00+00:00,7,"AATB,APTY,INVK,JUNG1,KERG,LMKS,NEWK",1,INVK,4.141002611324919,4.449346742498212,5.024909120130641,core,supported_multi_station_candidate,A,False,2022
376,2022-02-24 20:22:00+00:00,2022-02-24 04:48:00+00:00,2022-02-24 04:48:00+00:00,2022-02-24 20:22:00+00:00,15.566666666666666,1,1,KERG,4.29571397136017,4.29571397136017,4.956130178964081,2022-02-24 04:48:00+00:00,2022-02-24 04:48:00+00:00,2022-02-24 20:22:00+00:00,2022-02-24 20:22:00+00:00,2,"JUNG1,KERG",1,JUNG1,3.607612157979503,3.607612157979503,4.29571397136017,core,supported_multi_station_candidate,B,True,2022
377,2022-02-28 05:38:00+00:00,2022-02-26 21:06:00+00:00,2022-02-26 04:10:00+00:00,2022-03-02 00:50:00+00:00,92.66666666666667,3,3,"JUNG1,KERG,LMKS",3.6937383336946574,4.177727451838065,5.2883180814527515,2022-02-26 04:10:00+00:00,2022-02-28 16:40:00+00:00,2022-02-26 22:12:00+00:00,2022-03-02 00:50:00+00:00,4,"APTY,JUNG1,KERG,LMKS",1,APTY,3.6665198367067897,3.599979173828472,4.177727451838065,core,supported_multi_station_candidate,A,False,2022
378,2022-03-06 17:20:00+00:00,2022-03-05 09:58:00+00:00,2022-03-04 22:42:00+00:00,2022-03-07 06:28:00+00:00,55.766666666666666,2,2,"JUNG1,KERG",3.37805976166267,3.932002598310581,7.746534318592187,2022-03-04 22:42:00+00:00,2022-03-05 21:14:00+00:00,2022-03-06 04:12:00+00:00,2022-03-07 06:28:00+00:00,2,"JUNG1,KERG",0,,3.37805976166267,3.37805976166267,3.932002598310581,core,supported_multi_station_candidate,B,False,2022
379,2022-03-11 14:46:00+00:00,2022-03-10 22:39:00+00:00,2022-03-10 20:20:00+00:00,2022-03-11 20:36:00+00:00,24.266666666666666,2,2,"APTY,JUNG1",3.472332468276665,4.056662463848323,4.559069350917169,2022-03-10 20:20:00+00:00,2022-03-11 00:58:00+00:00,2022-03-11 08:56:00+00:00,2022-03-11 20:36:00+00:00,5,"AATB,APTY,INVK,JUNG1,KERG",3,"AATB,INVK,KERG",3.62146894581214,3.6663783734492603,4.673874448376736,core,supported_multi_station_candidate,A,False,2022
380,2022-03-14 02:42:00+00:00,2022-03-12 19:38:00+00:00,2022-03-12 19:10:00+00:00,2022-03-14 10:58:00+00:00,39.8,3,3,"APTY,DOMC,MXCO",8.969522879292784,13.389099193659057,7.977225661831607,2022-03-12 19:10:00+00:00,2022-03-13 10:16:00+00:00,2022-03-14 00:30:00+00:00,2022-03-14 10:58:00+00:00,10,"AATB,APTY,DOMC,INVK,JUNG1,KERG,LMKS,MXCO,NEWK,OULU",7,"AATB,INVK,JUNG1,KERG,LMKS,NEWK,OULU",7.725003736522959,7.884266741961684,13.389099193659057,core,supported_multi_station_candidate,A,False,2022
381,2022-03-21 09:58:00+00:00,2022-03-20 13:29:00+00:00,2022-03-20 00:16:00+00:00,2022-03-22 00:26:00+00:00,48.166666666666664,4,4,"DOMC,JUNG1,LMKS,OULU",4.845380073325149,8.098360008228115,5.61929257534788,2022-03-20 00:16:00+00:00,2022-03-21 05:52:00+00:00,2022-03-20 21:24:00+00:00,2022-03-22 00:26:00+00:00,8,"AATB,APTY,DOMC,INVK,JUNG1,KERG,LMKS,OULU",4,"AATB,APTY,INVK,KERG",4.46472230024666,4.1148358732173165,8.098360008228115,core,supported_multi_station_candidate,A,False,2022
382,2022-03-24 10:30:00+00:00,2022-03-23 01:16:00+00:00,2022-03-23 01:16:00+00:00,2022-03-24 10:30:00+00:00,33.233333333333334,1,1,DOMC,10.912465295244912,10.912465295244912,7.995526023115531,2022-03-23 01:16:00+00:00,2022-03-23 01:16:00+00:00,2022-03-24 10:30:00+00:00,2022-03-24 10:30:00+00:00,2,"DOMC,NEWK",1,NEWK,7.7010420726994155,7.7010420726994155,10.912465295244912,core,supported_multi_station_candidate,B,True,2022
383,2022-03-27 22:28:00+00:00,2022-03-26 18:18:00+00:00,2022-03-25 13:26:00+00:00,2022-03-28 07:38:00+00:00,66.2,4,4,"INVK,KERG,NEWK,OULU",4.927094683677878,5.806051290093257,6.144435816966219,2022-03-25 13:26:00+00:00,2022-03-26 22:50:00+00:00,2022-03-25 20:10:00+00:00,2022-03-28 07:38:00+00:00,9,"APTY,DOMC,INVK,JUNG1,KERG,LMKS,MXCO,NEWK,OULU",5,"APTY,DOMC,JUNG1,LMKS,MXCO",4.793465588680135,4.450127012877316,8.99968276784439,core,supported_multi_station_candidate,A,False,2022
384,2022-03-31 20:51:00+00:00,2022-03-30 21:42:00+00:00,2022-03-30 03:56:00+00:00,2022-04-01 22:40:00+00:00,66.73333333333333,6,6,"AATB,APTY,DOMC,LMKS,NEWK,OULU",5.846030738563987,10.9390771138596,6.125077420032935,2022-03-30 03:56:00+00:00,2022-03-31 23:50:00+00:00,2022-03-31 11:42:00+00:00,2022-04-01 22:40:00+00:00,10,"AATB,APTY,DOMC,INVK,JUNG1,KERG,LMKS,MXCO,NEWK,OULU",4,"INVK,JUNG1,KERG,MXCO",5.623993226251506,5.471867936958228,10.9390771138596,core,supported_multi_station_candidate,A,False,2022
385,2022-04-08 05:58:00+00:00,2022-04-07 07:58:00+00:00,2022-04-07 03:06:00+00:00,2022-04-08 19:24:00+00:00,40.3,3,3,"JUNG1,KERG,OULU",5.451270351329076,5.566946815213739,8.17653852352255,2022-04-07 03:06:00+00:00,2022-04-08 16:30:00+00:00,2022-04-07 12:34:00+00:00,2022-04-08 19:24:00+00:00,9,"AATB,APTY,DOMC,INVK,JUNG1,KERG,LMKS,MXCO,OULU",6,"AATB,APTY,DOMC,INVK,LMKS,MXCO",5.300923976251023,4.936944480284272,9.536463927368935,core,supported_multi_station_candidate,A,False,2022
386,2022-04-10 11:59:00+00:00,2022-04-10 03:56:00+00:00,2022-04-09 23:20:00+00:00,2022-04-10 23:00:00+00:00,23.666666666666668,2,2,"JUNG1,LMKS",2.7228344249829224,3.05983115557818,4.426015945319358,2022-04-09 23:20:00+00:00,2022-04-10 08:32:00+00:00,2022-04-10 00:58:00+00:00,2022-04-10 23:00:00+00:00,2,"JUNG1,LMKS",0,,2.7228344249829224,2.7228344249829224,3.05983115557818,core,supported_multi_station_candidate,B,False,2022
387,2022-04-14 21:42:00+00:00,2022-04-14 02:38:00+00:00,2022-04-12 03:34:00+00:00,2022-04-17 05:24:00+00:00,121.83333333333333,5,5,"APTY,DOMC,INVK,KERG,LMKS",5.51625335792558,9.24611607164115,6.197806403608462,2022-04-12 03:34:00+00:00,2022-04-15 21:16:00+00:00,2022-04-13 02:02:00+00:00,2022-04-17 05:24:00+00:00,7,"APTY,DOMC,INVK,JUNG1,KERG,LMKS,OULU",2,"JUNG1,OULU",5.313188004572356,5.08204900672287,9.24611607164115,core,supported_multi_station_candidate,A,False,2022
389,2022-04-21 23:48:00+00:00,2022-04-21 06:38:00+00:00,2022-04-20 19:36:00+00:00,2022-04-22 23:00:00+00:00,51.4,5,5,"AATB,APTY,LMKS,MXCO,NEWK",5.134783603346845,7.278016006662776,6.736184311155787,2022-04-20 19:36:00+00:00,2022-04-21 12:22:00+00:00,2022-04-21 19:18:00+00:00,2022-04-22 23:00:00+00:00,9,"AATB,APTY,DOMC,JUNG1,KERG,LMKS,MXCO,NEWK,OULU",4,"DOMC,JUNG1,KERG,OULU",5.472242569564808,5.269309104101058,7.987507971822265,core,supported_multi_station_candidate,A,False,2022
391,2022-04-28 23:31:00+00:00,2022-04-28 03:40:00+00:00,2022-04-26 14:08:00+00:00,2022-04-29 11:26:00+00:00,69.3,4,4,"APTY,JUNG1,KERG,LMKS",5.243192956423085,9.9302643621019,5.479267226727288,2022-04-26 14:08:00+00:00,2022-04-28 13:24:00+00:00,2022-04-27 12:26:00+00:00,2022-04-29 11:26:00+00:00,9,"AATB,APTY,DOMC,INVK,JUNG1,KERG,LMKS,MXCO,NEWK",5,"AATB,DOMC,INVK,MXCO,NEWK",5.208571883070351,4.571310540672224,9.9302643621019,core,supported_multi_station_candidate,A,False,2022
392,2022-05-09 11:21:00+00:00,2022-05-08 11:34:00+00:00,2022-05-07 17:24:00+00:00,2022-05-09 23:00:00+00:00,53.6,2,2,"DOMC,KERG",6.101351154589018,7.713473368032599,3.080993674118935,2022-05-07 17:24:00+00:00,2022-05-09 05:44:00+00:00,2022-05-08 23:42:00+00:00,2022-05-09 23:00:00+00:00,7,"AATB,APTY,DOMC,INVK,JUNG1,KERG,OULU",5,"AATB,APTY,INVK,JUNG1,OULU",4.481517899042617,4.351342894437419,7.713473368032599,core,supported_multi_station_candidate,A,False,2022
393,2022-05-12 12:10:00+00:00,2022-05-11 21:28:00+00:00,2022-05-11 21:28:00+00:00,2022-05-12 12:10:00+00:00,14.7,1,1,LMKS,2.94779060690022,2.94779060690022,9.37384378948321,2022-05-11 21:28:00+00:00,2022-05-11 21:28:00+00:00,2022-05-12 12:10:00+00:00,2022-05-12 12:10:00+00:00,3,"JUNG1,LMKS,OULU",2,"JUNG1,OULU",3.4645397719233864,2.94779060690022,4.625709098125874,core,supported_multi_station_candidate,B,True,2022
394,2022-05-14 18:34:00+00:00,2022-05-14 05:50:00+00:00,2022-05-13 16:04:00+00:00,2022-05-14 21:42:00+00:00,29.633333333333333,3,3,"AATB,DOMC,JUNG1",5.465460325606842,8.662562826789914,4.516879155258117,2022-05-13 16:04:00+00:00,2022-05-14 18:58:00+00:00,2022-05-14 11:40:00+00:00,2022-05-14 21:42:00+00:00,7,"AATB,DOMC,JUNG1,KERG,LMKS,MXCO,NEWK",4,"KERG,LMKS,MXCO,NEWK",4.646369724829479,3.930494932251153,8.662562826789914,core,supported_multi_station_candidate,A,False,2022
395,2022-05-17 03:34:00+00:00,2022-05-16 19:02:00+00:00,2022-05-16 19:02:00+00:00,2022-05-17 03:34:00+00:00,8.533333333333333,1,1,JUNG1,3.28200770341473,3.28200770341473,7.8192594782021905,2022-05-16 19:02:00+00:00,2022-05-16 19:02:00+00:00,2022-05-17 03:34:00+00:00,2022-05-17 03:34:00+00:00,2,"JUNG1,LMKS",1,LMKS,2.9161997215564806,2.9161997215564806,3.28200770341473,core,supported_multi_station_candidate,B,True,2022
396,2022-05-20 04:34:00+00:00,2022-05-19 03:32:00+00:00,2022-05-18 18:54:00+00:00,2022-05-21 01:00:00+00:00,54.1,8,8,"AATB,DOMC,INVK,JUNG1,KERG,LMKS,MXCO,NEWK",5.446732435061951,9.691997395313305,5.939594058163627,2022-05-18 18:54:00+00:00,2022-05-20 05:58:00+00:00,2022-05-19 18:20:00+00:00,2022-05-21 01:00:00+00:00,10,"AATB,APTY,DOMC,INVK,JUNG1,KERG,LMKS,MXCO,NEWK,OULU",2,"APTY,OULU",5.5626688543262315,5.286613889012439,9.691997395313305,core,supported_multi_station_candidate,A,False,2022
397,2022-05-26 03:12:00+00:00,2022-05-25 07:53:00+00:00,2022-05-24 12:20:00+00:00,2022-05-26 12:48:00+00:00,48.46666666666667,4,4,"JUNG1,KERG,LMKS,NEWK",4.063710544558929,5.213970658731343,6.655022803972565,2022-05-24 12:20:00+00:00,2022-05-25 17:00:00+00:00,2022-05-25 22:16:00+00:00,2022-05-26 12:48:00+00:00,7,"AATB,INVK,JUNG1,KERG,LMKS,NEWK,OULU",3,"AATB,INVK,OULU",3.9541511749870897,4.140960036677273,5.213970658731343,core,supported_multi_station_candidate,A,False,2022
398,2022-05-28 16:30:00+00:00,2022-05-27 16:32:00+00:00,2022-05-27 04:28:00+00:00,2022-05-29 00:00:00+00:00,43.53333333333333,6,6,"AATB,INVK,LMKS,MXCO,NEWK,OULU",4.364607433803548,5.9630991864752225,5.810074124185377,2022-05-27 04:28:00+00:00,2022-05-28 13:24:00+00:00,2022-05-28 06:24:00+00:00,2022-05-29 00:00:00+00:00,10,"AATB,APTY,DOMC,INVK,JUNG1,KERG,LMKS,MXCO,NEWK,OULU",4,"APTY,DOMC,JUNG1,KERG",5.0363477047620355,4.763252360013697,9.90158477392963,core,supported_multi_station_candidate,A,False,2022
401,2022-06-07 05:26:00+00:00,2022-06-06 05:52:00+00:00,2022-06-06 05:52:00+00:00,2022-06-07 05:26:00+00:00,23.566666666666666,1,1,JUNG1,3.713147587017728,3.713147587017728,5.882599557879521,2022-06-06 05:52:00+00:00,2022-06-06 05:52:00+00:00,2022-06-07 05:26:00+00:00,2022-06-07 05:26:00+00:00,7,"AATB,APTY,INVK,JUNG1,LMKS,NEWK,OULU",6,"AATB,APTY,INVK,LMKS,NEWK,OULU",3.92019563028041,3.713147587017728,5.147291942221108,core,supported_multi_station_candidate,A,True,2022
402,2022-06-11 22:41:00+00:00,2022-06-10 17:15:00+00:00,2022-06-08 15:48:00+00:00,2022-06-12 05:06:00+00:00,85.3,6,6,"DOMC,JUNG1,KERG,LMKS,NEWK,OULU",5.6862814946127935,9.819155459057058,6.088736331544815,2022-06-08 15:48:00+00:00,2022-06-12 02:30:00+00:00,2022-06-10 01:34:00+00:00,2022-06-12 05:06:00+00:00,10,"AATB,APTY,DOMC,INVK,JUNG1,KERG,LMKS,MXCO,NEWK,OULU",4,"AATB,APTY,INVK,MXCO",5.193408252810718,4.363249973365798,9.819155459057058,core,supported_multi_station_candidate,A,False,2022
403,2022-06-16 01:25:00+00:00,2022-06-15 12:18:00+00:00,2022-06-15 08:02:00+00:00,2022-06-16 06:40:00+00:00,22.633333333333333,4,4,"AATB,INVK,JUNG1,MXCO",4.721591171083073,5.575674408759874,6.215440533020358,2022-06-15 08:02:00+00:00,2022-06-16 02:30:00+00:00,2022-06-15 15:42:00+00:00,2022-06-16 06:40:00+00:00,10,"AATB,APTY,DOMC,INVK,JUNG1,KERG,LMKS,MXCO,NEWK,OULU",6,"APTY,DOMC,KERG,LMKS,NEWK,OULU",5.851434103808388,5.4305569844414645,11.817342820212673,core,supported_multi_station_candidate,A,False,2022
404,2022-06-24 13:28:00+00:00,2022-06-23 02:14:00+00:00,2022-06-22 06:46:00+00:00,2022-06-25 03:42:00+00:00,68.93333333333334,7,7,"AATB,INVK,JUNG1,KERG,LMKS,MXCO,OULU",4.150053706797918,5.259220179511688,6.301752813166351,2022-06-22 06:46:00+00:00,2022-06-24 17:04:00+00:00,2022-06-23 13:00:00+00:00,2022-06-25 03:42:00+00:00,9,"AATB,APTY,INVK,JUNG1,KERG,LMKS,MXCO,NEWK,OULU",2,"APTY,NEWK",4.224145517591004,4.2105094971317065,5.312069215828412,core,supported_multi_station_candidate,A,False,2022
405,2022-06-26 15:30:00+00:00,2022-06-25 22:34:00+00:00,2022-06-25 19:52:00+00:00,2022-06-26 20:30:00+00:00,24.633333333333333,3,3,"AATB,INVK,NEWK",3.9011219200297558,4.600377016684582,7.591098266087407,2022-06-25 19:52:00+00:00,2022-06-25 23:14:00+00:00,2022-06-26 06:34:00+00:00,2022-06-26 20:30:00+00:00,8,"AATB,APTY,INVK,JUNG1,KERG,LMKS,NEWK,OULU",5,"APTY,JUNG1,KERG,LMKS,OULU",4.192953316135312,4.170632928505955,5.4086115440427145,core,supported_multi_station_candidate,A,False,2022
406,2022-07-03 13:20:00+00:00,2022-07-02 13:53:00+00:00,2022-07-02 09:54:00+00:00,2022-07-03 18:06:00+00:00,32.2,4,4,"AATB,KERG,MXCO,NEWK",4.226330455804028,5.569623702445313,5.827896329565346,2022-07-02 09:54:00+00:00,2022-07-02 20:40:00+00:00,2022-07-03 08:14:00+00:00,2022-07-03 18:06:00+00:00,7,"AATB,JUNG1,KERG,LMKS,MXCO,NEWK,OULU",3,"JUNG1,LMKS,OULU",4.217995623405087,3.775287080349619,5.859149106033325,core,supported_multi_station_candidate,A,False,2022
407,2022-07-07 12:20:00+00:00,2022-07-06 21:18:00+00:00,2022-07-06 00:36:00+00:00,2022-07-08 21:46:00+00:00,69.16666666666667,5,5,"AATB,INVK,KERG,LMKS,NEWK",4.216016133529941,5.785954369402514,5.953446363524488,2022-07-06 00:36:00+00:00,2022-07-07 13:02:00+00:00,2022-07-06 23:26:00+00:00,2022-07-08 21:46:00+00:00,10,"AATB,APTY,DOMC,INVK,JUNG1,KERG,LMKS,MXCO,NEWK,OULU",5,"APTY,DOMC,JUNG1,MXCO,OULU",4.837766066965045,4.476898284474403,9.252581512959337,core,supported_multi_station_candidate,A,False,2022
408,2022-07-12 11:50:00+00:00,2022-07-11 04:22:00+00:00,2022-07-09 22:16:00+00:00,2022-07-13 04:50:00+00:00,78.56666666666666,6,6,"APTY,JUNG1,LMKS,MXCO,NEWK,OULU",4.835537779116648,6.504658931584873,6.345903351939465,2022-07-09 22:16:00+00:00,2022-07-12 07:10:00+00:00,2022-07-10 19:14:00+00:00,2022-07-13 04:50:00+00:00,9,"APTY,DOMC,INVK,JUNG1,KERG,LMKS,MXCO,NEWK,OULU",3,"DOMC,INVK,KERG",5.3339227827728095,4.965379271081976,7.745486947604805,core,supported_multi_station_candidate,A,False,2022
409,2022-07-14 22:02:00+00:00,2022-07-14 19:00:00+00:00,2022-07-14 19:00:00+00:00,2022-07-14 22:02:00+00:00,3.033333333333333,1,1,APTY,3.803083106325894,3.803083106325894,4.599912024555882,2022-07-14 19:00:00+00:00,2022-07-14 19:00:00+00:00,2022-07-14 22:02:00+00:00,2022-07-14 22:02:00+00:00,3,"APTY,KERG,LMKS",2,"KERG,LMKS",3.3743171972690322,3.1762591145782837,3.803083106325894,core,supported_multi_station_candidate,B,True,2022
410,2022-07-19 07:26:00+00:00,2022-07-18 02:56:00+00:00,2022-07-17 01:10:00+00:00,2022-07-19 20:54:00+00:00,67.73333333333333,9,9,"AATB,APTY,DOMC,INVK,JUNG1,KERG,LMKS,MXCO,OULU",6.226888323611133,12.196629711398352,6.692891606207969,2022-07-17 01:10:00+00:00,2022-07-18 20:36:00+00:00,2022-07-17 03:22:00+00:00,2022-07-19 20:54:00+00:00,10,"AATB,APTY,DOMC,INVK,JUNG1,KERG,LMKS,MXCO,NEWK,OULU",1,NEWK,6.214044016504954,5.717899137128359,12.196629711398352,core,supported_multi_station_candidate,A,False,2022
411,2022-07-20 10:56:00+00:00,2022-07-20 09:08:00+00:00,2022-07-20 09:08:00+00:00,2022-07-20 10:56:00+00:00,1.8,1,1,AATB,2.670252407966876,2.670252407966876,10.646661687686645,2022-07-20 09:08:00+00:00,2022-07-20 09:08:00+00:00,2022-07-20 10:56:00+00:00,2022-07-20 10:56:00+00:00,3,"AATB,JUNG1,LMKS",2,"JUNG1,LMKS",2.5834646767062406,2.670252407966876,2.714202839284394,core,supported_multi_station_candidate,B,True,2022
412,2022-07-23 15:36:00+00:00,2022-07-22 08:19:00+00:00,2022-07-22 03:06:00+00:00,2022-07-23 19:52:00+00:00,40.766666666666666,6,6,"AATB,KERG,LMKS,MXCO,NEWK,OULU",6.1425071280218395,7.353099103561791,5.997221725949956,2022-07-22 03:06:00+00:00,2022-07-22 22:44:00+00:00,2022-07-23 11:44:00+00:00,2022-07-23 19:52:00+00:00,10,"AATB,APTY,DOMC,INVK,JUNG1,KERG,LMKS,MXCO,NEWK,OULU",4,"APTY,DOMC,INVK,JUNG1",6.8554985406408235,6.182865990977342,13.509088794638282,core,supported_multi_station_candidate,A,False,2022
413,2022-07-28 15:54:00+00:00,2022-07-27 08:06:00+00:00,2022-07-26 19:58:00+00:00,2022-07-29 19:54:00+00:00,71.93333333333334,3,3,"AATB,JUNG1,NEWK",3.72241000311435,4.3299405553292525,4.337817962950358,2022-07-26 19:58:00+00:00,2022-07-28 18:06:00+00:00,2022-07-27 18:12:00+00:00,2022-07-29 19:54:00+00:00,5,"AATB,INVK,JUNG1,LMKS,NEWK",2,"INVK,LMKS",3.399019685294371,3.3489868458219485,4.3299405553292525,core,supported_multi_station_candidate,A,False,2022
415,2022-08-03 09:32:00+00:00,2022-08-03 07:36:00+00:00,2022-08-02 01:54:00+00:00,2022-08-04 23:20:00+00:00,69.43333333333334,3,3,"INVK,JUNG1,NEWK",3.9100368328575423,4.584345627180065,5.092942104927311,2022-08-02 01:54:00+00:00,2022-08-03 15:48:00+00:00,2022-08-03 09:10:00+00:00,2022-08-04 23:20:00+00:00,3,"INVK,JUNG1,NEWK",0,,3.9100368328575423,3.798335730665267,4.584345627180065,core,supported_multi_station_candidate,B,False,2022
416,2022-08-08 16:04:00+00:00,2022-08-07 15:44:00+00:00,2022-08-06 14:22:00+00:00,2022-08-10 10:12:00+00:00,91.83333333333333,6,6,"AATB,APTY,DOMC,INVK,MXCO,NEWK",5.693268530044463,9.515080506506223,6.712614336947781,2022-08-06 14:22:00+00:00,2022-08-09 06:02:00+00:00,2022-08-08 00:54:00+00:00,2022-08-10 10:12:00+00:00,10,"AATB,APTY,DOMC,INVK,JUNG1,KERG,LMKS,MXCO,NEWK,OULU",4,"JUNG1,KERG,LMKS,OULU",5.180631155252478,4.75873924161164,9.515080506506223,core,supported_multi_station_candidate,A,False,2022
418,2022-08-18 02:34:00+00:00,2022-08-17 15:50:00+00:00,2022-08-16 05:08:00+00:00,2022-08-19 01:30:00+00:00,68.36666666666666,3,3,"APTY,LMKS,OULU",4.898619597065107,5.782521456928558,7.58286349927415,2022-08-16 05:08:00+00:00,2022-08-18 03:42:00+00:00,2022-08-17 15:28:00+00:00,2022-08-19 01:30:00+00:00,10,"AATB,APTY,DOMC,INVK,JUNG1,KERG,LMKS,MXCO,NEWK,OULU",7,"AATB,DOMC,INVK,JUNG1,KERG,MXCO,NEWK",5.216795339042043,4.539058620060713,10.455395045186709,core,supported_multi_station_candidate,A,False,2022
419,2022-08-20 12:13:00+00:00,2022-08-20 07:04:00+00:00,2022-08-19 23:32:00+00:00,2022-08-20 21:30:00+00:00,21.966666666666665,2,2,"APTY,JUNG1",4.820848576486652,4.991954039140759,6.348235017542409,2022-08-19 23:32:00+00:00,2022-08-20 14:36:00+00:00,2022-08-20 02:56:00+00:00,2022-08-20 21:30:00+00:00,8,"AATB,APTY,DOMC,INVK,JUNG1,KERG,LMKS,OULU",6,"AATB,DOMC,INVK,KERG,LMKS,OULU",5.026577215120177,4.699561545239703,8.584194052333944,core,supported_multi_station_candidate,A,False,2022
420,2022-08-26 05:14:00+00:00,2022-08-25 22:14:00+00:00,2022-08-24 14:30:00+00:00,2022-08-26 18:20:00+00:00,51.833333333333336,3,3,"AATB,JUNG1,KERG",4.302010838649987,5.4566287725687985,4.550978872341914,2022-08-24 14:30:00+00:00,2022-08-26 04:24:00+00:00,2022-08-25 15:34:00+00:00,2022-08-26 18:20:00+00:00,6,"AATB,DOMC,JUNG1,KERG,MXCO,OULU",3,"DOMC,MXCO,OULU",5.288832160518013,5.221423168513822,8.986645301955237,core,supported_multi_station_candidate,A,False,2022
421,2022-08-29 00:55:00+00:00,2022-08-28 10:46:00+00:00,2022-08-28 07:52:00+00:00,2022-08-29 01:22:00+00:00,17.5,2,2,"JUNG1,LMKS",4.070530912190745,4.586205882011962,8.794957483183433,2022-08-28 07:52:00+00:00,2022-08-28 13:40:00+00:00,2022-08-29 00:28:00+00:00,2022-08-29 01:22:00+00:00,5,"AATB,JUNG1,KERG,LMKS,OULU",3,"AATB,KERG,OULU",3.8204090682526557,3.7695239571618617,4.586205882011962,core,supported_multi_station_candidate,A,False,2022
422,2022-08-30 06:34:00+00:00,2022-08-30 00:16:00+00:00,2022-08-29 17:14:00+00:00,2022-08-31 00:30:00+00:00,31.266666666666666,3,3,"AATB,APTY,JUNG1",3.572154248799747,4.714345782436875,6.142573839595784,2022-08-29 17:14:00+00:00,2022-08-30 05:40:00+00:00,2022-08-30 00:46:00+00:00,2022-08-31 00:30:00+00:00,7,"AATB,APTY,JUNG1,KERG,LMKS,NEWK,OULU",4,"KERG,LMKS,NEWK,OULU",4.049964722231819,3.4489666227426037,6.074589203853792,core,supported_multi_station_candidate,A,False,2022
423,2022-09-03 05:32:00+00:00,2022-09-02 05:40:00+00:00,2022-09-02 00:24:00+00:00,2022-09-04 12:04:00+00:00,59.666666666666664,3,3,"AATB,MXCO,NEWK",3.809976225073792,4.363802711187116,5.214235591174147,2022-09-02 00:24:00+00:00,2022-09-03 01:08:00+00:00,2022-09-03 01:02:00+00:00,2022-09-04 12:04:00+00:00,9,"AATB,APTY,INVK,JUNG1,KERG,LMKS,MXCO,NEWK,OULU",6,"APTY,INVK,JUNG1,KERG,LMKS,OULU",4.270008105472807,3.861179514852849,6.831240713008959,core,supported_multi_station_candidate,A,False,2022
424,2022-09-06 06:22:00+00:00,2022-09-05 01:06:00+00:00,2022-09-05 01:06:00+00:00,2022-09-06 06:22:00+00:00,29.266666666666666,1,1,NEWK,4.721701616468064,4.721701616468064,3.582915684364625,2022-09-05 01:06:00+00:00,2022-09-05 01:06:00+00:00,2022-09-06 06:22:00+00:00,2022-09-06 06:22:00+00:00,8,"AATB,APTY,DOMC,JUNG1,KERG,LMKS,MXCO,NEWK",7,"AATB,APTY,DOMC,JUNG1,KERG,LMKS,MXCO",4.4893205715383795,3.7271909765225786,8.957654523179029,core,supported_multi_station_candidate,A,True,2022
425,2022-09-09 21:02:00+00:00,2022-09-09 09:50:00+00:00,2022-09-09 03:06:00+00:00,2022-09-09 23:44:00+00:00,20.633333333333333,3,3,"INVK,JUNG1,MXCO",3.9534804945348028,4.509031455205239,5.6375605003235245,2022-09-09 03:06:00+00:00,2022-09-09 12:18:00+00:00,2022-09-09 19:52:00+00:00,2022-09-09 23:44:00+00:00,7,"AATB,INVK,JUNG1,KERG,LMKS,MXCO,NEWK",4,"AATB,KERG,LMKS,NEWK",3.955099276967286,3.8610569798212113,4.957636330734571,core,supported_multi_station_candidate,A,False,2022
426,2022-09-16 03:03:00+00:00,2022-09-15 00:09:00+00:00,2022-09-13 17:16:00+00:00,2022-09-16 13:32:00+00:00,68.26666666666667,6,6,"INVK,JUNG1,KERG,LMKS,MXCO,OULU",3.443972989894192,4.373311970459282,6.689305084761185,2022-09-13 17:16:00+00:00,2022-09-16 00:44:00+00:00,2022-09-14 18:12:00+00:00,2022-09-16 13:32:00+00:00,9,"AATB,DOMC,INVK,JUNG1,KERG,LMKS,MXCO,NEWK,OULU",3,"AATB,DOMC,NEWK",4.294011358345411,3.368760043258196,9.309437767414673,core,supported_multi_station_candidate,A,False,2022
427,2022-09-19 06:30:00+00:00,2022-09-18 15:46:00+00:00,2022-09-18 02:16:00+00:00,2022-09-20 14:24:00+00:00,60.13333333333333,7,7,"AATB,APTY,INVK,KERG,LMKS,NEWK,OULU",4.3163016054617644,6.376029801692421,6.222641345736064,2022-09-18 02:16:00+00:00,2022-09-19 18:04:00+00:00,2022-09-18 20:00:00+00:00,2022-09-20 14:24:00+00:00,8,"AATB,APTY,DOMC,INVK,KERG,LMKS,NEWK,OULU",1,DOMC,4.898112463974918,4.155790095411317,8.970788473566996,core,supported_multi_station_candidate,A,False,2022
428,2022-09-27 22:00:00+00:00,2022-09-26 20:34:00+00:00,2022-09-26 09:44:00+00:00,2022-09-27 23:50:00+00:00,38.1,6,6,"AATB,APTY,KERG,LMKS,MXCO,OULU",5.303623653154317,7.54279142620123,7.895310687151823,2022-09-26 09:44:00+00:00,2022-09-27 15:16:00+00:00,2022-09-27 08:04:00+00:00,2022-09-27 23:50:00+00:00,10,"AATB,APTY,DOMC,INVK,JUNG1,KERG,LMKS,MXCO,NEWK,OULU",4,"DOMC,INVK,JUNG1,NEWK",6.011845456881678,5.119118890634814,10.070715737841592,core,supported_multi_station_candidate,A,False,2022
429,2022-09-30 22:52:00+00:00,2022-09-30 09:26:00+00:00,2022-09-29 17:44:00+00:00,2022-10-01 00:44:00+00:00,31.0,5,5,"AATB,APTY,KERG,LMKS,MXCO",4.1632295198148395,6.128851070740726,8.962862432245482,2022-09-29 17:44:00+00:00,2022-09-30 21:52:00+00:00,2022-09-30 17:42:00+00:00,2022-10-01 00:44:00+00:00,10,"AATB,APTY,DOMC,INVK,JUNG1,KERG,LMKS,MXCO,NEWK,OULU",5,"DOMC,INVK,JUNG1,NEWK,OULU",5.385224726787013,4.712916453705038,11.619385348355642,core,supported_multi_station_candidate,A,False,2022
430,2022-10-01 20:44:00+00:00,2022-10-01 18:56:00+00:00,2022-10-01 18:56:00+00:00,2022-10-01 20:44:00+00:00,1.8,1,1,JUNG1,2.9068466240321604,2.9068466240321604,6.106606695090971,2022-10-01 18:56:00+00:00,2022-10-01 18:56:00+00:00,2022-10-01 20:44:00+00:00,2022-10-01 20:44:00+00:00,3,"AATB,APTY,JUNG1",2,"AATB,APTY",3.2458406820812122,3.115940941446288,3.7147344807651885,core,supported_multi_station_candidate,B,True,2022
431,2022-10-04 03:14:00+00:00,2022-10-03 09:06:00+00:00,2022-10-03 09:06:00+00:00,2022-10-04 03:14:00+00:00,18.133333333333333,1,1,LMKS,4.025546814332152,4.025546814332152,7.075704149724358,2022-10-03 09:06:00+00:00,2022-10-03 09:06:00+00:00,2022-10-04 03:14:00+00:00,2022-10-04 03:14:00+00:00,5,"AATB,APTY,DOMC,LMKS,OULU",4,"AATB,APTY,DOMC,OULU",5.091164177389931,4.269919171809837,8.657100910976094,core,supported_multi_station_candidate,A,True,2022
432,2022-10-08 17:29:00+00:00,2022-10-07 12:17:00+00:00,2022-10-07 08:04:00+00:00,2022-10-09 00:30:00+00:00,40.43333333333333,4,4,"APTY,JUNG1,NEWK,OULU",5.003428832977425,5.436249608627429,7.29942383395499,2022-10-07 08:04:00+00:00,2022-10-08 06:40:00+00:00,2022-10-08 13:34:00+00:00,2022-10-09 00:30:00+00:00,8,"AATB,APTY,DOMC,JUNG1,KERG,LMKS,NEWK,OULU",4,"AATB,DOMC,KERG,LMKS",5.289949114369378,4.704185751108359,10.407494028960024,core,supported_multi_station_candidate,A,False,2022
433,2022-10-10 14:38:00+00:00,2022-10-09 21:08:00+00:00,2022-10-09 19:46:00+00:00,2022-10-10 15:54:00+00:00,20.133333333333333,3,3,"LMKS,MXCO,NEWK",5.405618027453154,7.815682607120289,5.0881557750558635,2022-10-09 19:46:00+00:00,2022-10-10 03:48:00+00:00,2022-10-09 23:34:00+00:00,2022-10-10 15:54:00+00:00,4,"JUNG1,LMKS,MXCO,NEWK",1,JUNG1,4.826288434802919,4.200585737619586,7.815682607120289,core,supported_multi_station_candidate,A,False,2022
434,2022-10-15 09:22:00+00:00,2022-10-14 10:38:00+00:00,2022-10-13 19:24:00+00:00,2022-10-15 21:32:00+00:00,50.13333333333333,5,5,"APTY,INVK,LMKS,MXCO,NEWK",5.876321477409083,6.714894954713579,6.141586014589353,2022-10-13 19:24:00+00:00,2022-10-15 01:32:00+00:00,2022-10-14 19:54:00+00:00,2022-10-15 21:32:00+00:00,10,"AATB,APTY,DOMC,INVK,JUNG1,KERG,LMKS,MXCO,NEWK,OULU",5,"AATB,DOMC,JUNG1,KERG,OULU",6.270035206158094,6.128109605456096,9.549414506254188,core,supported_multi_station_candidate,A,False,2022
435,2022-10-21 05:04:00+00:00,2022-10-19 17:58:00+00:00,2022-10-19 17:58:00+00:00,2022-10-21 05:04:00+00:00,35.1,1,1,APTY,4.294371993220391,4.294371993220391,3.209105567789041,2022-10-19 17:58:00+00:00,2022-10-19 17:58:00+00:00,2022-10-21 05:04:00+00:00,2022-10-21 05:04:00+00:00,4,"APTY,KERG,LMKS,NEWK",3,"KERG,LMKS,NEWK",3.519976194491659,3.4065226007255465,4.294371993220391,core,supported_multi_station_candidate,A,True,2022
436,2022-10-31 04:07:00+00:00,2022-10-30 00:40:00+00:00,2022-10-29 13:18:00+00:00,2022-10-31 16:32:00+00:00,51.233333333333334,4,4,"AATB,APTY,JUNG1,KERG",3.8628308975364503,4.497465604898902,6.563908199081954,2022-10-29 13:18:00+00:00,2022-10-31 10:42:00+00:00,2022-10-30 22:14:00+00:00,2022-10-31 16:32:00+00:00,5,"AATB,APTY,JUNG1,KERG,LMKS",1,LMKS,3.6336128618179253,3.8517846969954137,4.497465604898902,core,supported_multi_station_candidate,A,False,2022
437,2022-11-03 09:44:00+00:00,2022-11-02 12:13:00+00:00,2022-11-01 21:30:00+00:00,2022-11-03 20:44:00+00:00,47.233333333333334,2,2,"INVK,KERG",4.318944492058044,4.67384275678948,6.343119872614692,2022-11-01 21:30:00+00:00,2022-11-03 02:56:00+00:00,2022-11-02 22:44:00+00:00,2022-11-03 20:44:00+00:00,3,"INVK,JUNG1,KERG",1,JUNG1,3.93324905544428,3.964046227326608,4.67384275678948,core,supported_multi_station_candidate,B,False,2022
438,2022-11-08 03:56:00+00:00,2022-11-07 09:24:00+00:00,2022-11-06 14:24:00+00:00,2022-11-08 20:24:00+00:00,54.0,7,7,"AATB,INVK,KERG,LMKS,MXCO,NEWK,OULU",4.63898586354359,6.581018378235811,7.008521583951301,2022-11-06 14:24:00+00:00,2022-11-08 05:16:00+00:00,2022-11-08 00:00:00+00:00,2022-11-08 20:24:00+00:00,10,"AATB,APTY,DOMC,INVK,JUNG1,KERG,LMKS,MXCO,NEWK,OULU",3,"APTY,DOMC,JUNG1",5.031995204055404,4.7146023269318595,7.739953780167983,core,supported_multi_station_candidate,A,False,2022
439,2022-11-11 23:14:00+00:00,2022-11-11 07:00:00+00:00,2022-11-10 17:16:00+00:00,2022-11-12 07:08:00+00:00,37.86666666666667,5,5,"KERG,LMKS,MXCO,NEWK,OULU",4.341162962051952,5.407522307624061,9.350620565591365,2022-11-10 17:16:00+00:00,2022-11-11 16:08:00+00:00,2022-11-11 19:56:00+00:00,2022-11-12 07:08:00+00:00,9,"AATB,APTY,INVK,JUNG1,KERG,LMKS,MXCO,NEWK,OULU",4,"AATB,APTY,INVK,JUNG1",4.094624944939309,4.093641126207155,5.407522307624061,core,supported_multi_station_candidate,A,False,2022
440,2022-11-17 12:36:00+00:00,2022-11-16 12:52:00+00:00,2022-11-16 12:52:00+00:00,2022-11-17 12:36:00+00:00,23.733333333333334,1,1,KERG,3.378265060834193,3.378265060834193,4.325617452131408,2022-11-16 12:52:00+00:00,2022-11-16 12:52:00+00:00,2022-11-17 12:36:00+00:00,2022-11-17 12:36:00+00:00,2,"INVK,KERG",1,INVK,3.709195331156277,3.709195331156277,4.040125601478361,core,supported_multi_station_candidate,B,True,2022
441,2022-11-19 13:28:00+00:00,2022-11-19 01:36:00+00:00,2022-11-18 15:02:00+00:00,2022-11-20 20:28:00+00:00,53.43333333333333,3,3,"DOMC,KERG,NEWK",6.481678021491014,10.525357002904261,5.951847120156278,2022-11-18 15:02:00+00:00,2022-11-19 12:28:00+00:00,2022-11-19 09:58:00+00:00,2022-11-20 20:28:00+00:00,8,"AATB,DOMC,INVK,JUNG1,KERG,LMKS,NEWK,OULU",5,"AATB,INVK,JUNG1,LMKS,OULU",4.862519038326758,3.787195462663968,10.525357002904261,core,supported_multi_station_candidate,A,False,2022
442,2022-11-26 16:08:00+00:00,2022-11-26 04:04:00+00:00,2022-11-26 04:04:00+00:00,2022-11-26 16:08:00+00:00,12.066666666666666,1,1,LMKS,2.947117274314489,2.947117274314489,11.324027351849438,2022-11-26 04:04:00+00:00,2022-11-26 04:04:00+00:00,2022-11-26 16:08:00+00:00,2022-11-26 16:08:00+00:00,3,"JUNG1,LMKS,NEWK",2,"JUNG1,NEWK",3.9871696141505226,4.3584876541251925,4.655903914011888,core,supported_multi_station_candidate,B,True,2022
443,2022-12-03 00:58:00+00:00,2022-12-02 06:56:00+00:00,2022-12-01 17:04:00+00:00,2022-12-05 00:12:00+00:00,79.13333333333334,7,7,"AATB,APTY,INVK,JUNG1,KERG,LMKS,OULU",4.401262138276011,6.830172847983059,6.380745343868632,2022-12-01 17:04:00+00:00,2022-12-04 08:46:00+00:00,2022-12-02 03:00:00+00:00,2022-12-05 00:12:00+00:00,8,"AATB,APTY,INVK,JUNG1,KERG,LMKS,NEWK,OULU",1,NEWK,4.563178405031691,4.233943517240531,6.830172847983059,core,supported_multi_station_candidate,A,False,2022
444,2022-12-08 08:26:00+00:00,2022-12-06 23:10:00+00:00,2022-12-06 12:02:00+00:00,2022-12-09 00:20:00+00:00,60.3,3,3,"AATB,KERG,NEWK",4.244039541546031,5.039561241837311,7.85997041216942,2022-12-06 12:02:00+00:00,2022-12-07 18:54:00+00:00,2022-12-06 21:30:00+00:00,2022-12-09 00:20:00+00:00,8,"AATB,APTY,INVK,JUNG1,KERG,LMKS,NEWK,OULU",5,"APTY,INVK,JUNG1,LMKS,OULU",4.116488985553103,4.090400246989743,5.154813013249854,core,supported_multi_station_candidate,A,False,2022
445,2022-12-18 21:06:00+00:00,2022-12-17 13:52:00+00:00,2022-12-12 22:06:00+00:00,2022-12-19 22:56:00+00:00,168.83333333333334,7,7,"AATB,APTY,INVK,JUNG1,KERG,LMKS,OULU",3.9773191954729663,5.215683896244818,5.554476914580444,2022-12-12 22:06:00+00:00,2022-12-18 20:34:00+00:00,2022-12-14 03:08:00+00:00,2022-12-19 22:56:00+00:00,9,"AATB,APTY,INVK,JUNG1,KERG,LMKS,MXCO,NEWK,OULU",2,"MXCO,NEWK",3.9480440684392977,3.8084081695662917,5.215683896244818,core,supported_multi_station_candidate,A,False,2022
446,2022-12-22 23:44:00+00:00,2022-12-22 06:02:00+00:00,2022-12-21 17:58:00+00:00,2022-12-23 00:40:00+00:00,30.7,2,2,"AATB,JUNG1",3.5235836026646927,3.830134154226543,7.933343497959866,2022-12-21 17:58:00+00:00,2022-12-22 18:06:00+00:00,2022-12-22 22:48:00+00:00,2022-12-23 00:40:00+00:00,4,"AATB,JUNG1,KERG,LMKS",2,"KERG,LMKS",3.299832916755217,3.3767599836404942,3.830134154226543,core,supported_multi_station_candidate,A,False,2022
447,2022-12-26 18:41:00+00:00,2022-12-25 13:32:00+00:00,2022-12-25 00:20:00+00:00,2022-12-27 06:18:00+00:00,53.96666666666667,6,6,"AATB,INVK,JUNG1,LMKS,MXCO,NEWK",5.086013453813845,7.336649331451152,5.691090329703258,2022-12-25 00:20:00+00:00,2022-12-27 00:40:00+00:00,2022-12-26 11:24:00+00:00,2022-12-27 06:18:00+00:00,10,"AATB,APTY,DOMC,INVK,JUNG1,KERG,LMKS,MXCO,NEWK,OULU",4,"APTY,DOMC,KERG,OULU",5.996814147884404,6.046823798785596,10.224530834023028,core,supported_multi_station_candidate,A,False,2022
448,2023-01-02 23:41:00+00:00,2023-01-01 23:08:00+00:00,2023-01-01 14:10:00+00:00,2023-01-03 02:14:00+00:00,36.06666666666667,2,2,"APTY,MXCO",3.870428038443468,4.180827394682189,5.288318207292312,2023-01-01 14:10:00+00:00,2023-01-02 08:06:00+00:00,2023-01-02 21:08:00+00:00,2023-01-03 02:14:00+00:00,5,"AATB,APTY,INVK,JUNG1,MXCO",3,"AATB,INVK,JUNG1",3.538319495465713,3.560028682204747,4.180827394682189,core,supported_multi_station_candidate,A,False,2023
449,2023-01-04 20:24:00+00:00,2023-01-03 16:05:00+00:00,2023-01-03 14:42:00+00:00,2023-01-04 23:46:00+00:00,33.06666666666667,4,4,"INVK,JUNG1,KERG,LMKS",5.482761494665883,6.12945200023249,6.2397875470097155,2023-01-03 14:42:00+00:00,2023-01-04 04:28:00+00:00,2023-01-04 16:12:00+00:00,2023-01-04 23:46:00+00:00,10,"AATB,APTY,DOMC,INVK,JUNG1,KERG,LMKS,MXCO,NEWK,OULU",6,"AATB,APTY,DOMC,MXCO,NEWK,OULU",5.755866665152148,5.419572728738453,10.441051287583633,core,supported_multi_station_candidate,A,False,2023
450,2023-01-12 00:51:00+00:00,2023-01-10 22:53:00+00:00,2023-01-09 05:54:00+00:00,2023-01-13 23:32:00+00:00,113.63333333333334,6,6,"AATB,APTY,JUNG1,KERG,LMKS,OULU",3.789503040033709,4.707836066716405,6.9073817721396935,2023-01-09 05:54:00+00:00,2023-01-12 19:46:00+00:00,2023-01-10 02:08:00+00:00,2023-01-13 23:32:00+00:00,7,"AATB,APTY,INVK,JUNG1,KERG,LMKS,OULU",1,INVK,3.8566897743473163,3.8311416082707,4.707836066716405,core,supported_multi_station_candidate,A,False,2023
451,2023-01-18 15:06:00+00:00,2023-01-18 07:40:00+00:00,2023-01-16 22:50:00+00:00,2023-01-19 20:08:00+00:00,69.3,5,5,"AATB,APTY,KERG,LMKS,MXCO",3.708829472776256,4.073888804989095,7.809667412155635,2023-01-16 22:50:00+00:00,2023-01-18 12:38:00+00:00,2023-01-17 23:50:00+00:00,2023-01-19 20:08:00+00:00,9,"AATB,APTY,INVK,JUNG1,KERG,LMKS,MXCO,NEWK,OULU",4,"INVK,JUNG1,NEWK,OULU",4.154280035631243,4.073888804989095,5.417368717858703,core,supported_multi_station_candidate,A,False,2023
452,2023-01-25 22:26:00+00:00,2023-01-25 04:42:00+00:00,2023-01-24 14:08:00+00:00,2023-01-26 09:46:00+00:00,43.63333333333333,3,3,"AATB,KERG,LMKS",3.2880853427271437,4.005811829453437,7.034608214110975,2023-01-24 14:08:00+00:00,2023-01-25 11:22:00+00:00,2023-01-25 21:46:00+00:00,2023-01-26 09:46:00+00:00,7,"AATB,APTY,INVK,KERG,LMKS,MXCO,NEWK",4,"APTY,INVK,MXCO,NEWK",3.8885770398359845,4.005811829453437,5.271730565403252,core,supported_multi_station_candidate,A,False,2023
453,2023-01-30 15:00:00+00:00,2023-01-29 17:50:00+00:00,2023-01-29 17:50:00+00:00,2023-01-30 15:00:00+00:00,21.166666666666668,1,1,AATB,2.3593934009507076,2.3593934009507076,4.221244859047059,2023-01-29 17:50:00+00:00,2023-01-29 17:50:00+00:00,2023-01-30 15:00:00+00:00,2023-01-30 15:00:00+00:00,5,"AATB,APTY,JUNG1,KERG,OULU",4,"APTY,JUNG1,KERG,OULU",3.7290482054940433,3.9806810604897835,5.011474926459455,core,supported_multi_station_candidate,A,True,2023
454,2023-02-03 18:39:00+00:00,2023-02-02 23:13:00+00:00,2023-02-02 09:14:00+00:00,2023-02-04 02:36:00+00:00,41.36666666666667,2,2,"AATB,KERG",3.889467425582324,4.117990967256948,3.0052720972005806,2023-02-02 09:14:00+00:00,2023-02-03 13:12:00+00:00,2023-02-03 10:42:00+00:00,2023-02-04 02:36:00+00:00,7,"AATB,DOMC,INVK,JUNG1,KERG,LMKS,NEWK",5,"DOMC,INVK,JUNG1,LMKS,NEWK",5.126750277314147,4.117990967256948,11.47237291155671,core,supported_multi_station_candidate,A,False,2023
455,2023-02-08 02:20:00+00:00,2023-02-07 15:32:00+00:00,2023-02-07 15:32:00+00:00,2023-02-08 02:20:00+00:00,10.8,1,1,KERG,3.585678134673254,3.585678134673254,7.112952858029468,2023-02-07 15:32:00+00:00,2023-02-07 15:32:00+00:00,2023-02-08 02:20:00+00:00,2023-02-08 02:20:00+00:00,4,"AATB,JUNG1,KERG,LMKS",3,"AATB,JUNG1,LMKS",3.5230127695645876,3.510065188629027,3.976496923248681,core,supported_multi_station_candidate,A,True,2023
456,2023-02-08 17:58:00+00:00,2023-02-08 16:54:00+00:00,2023-02-08 16:54:00+00:00,2023-02-08 17:58:00+00:00,1.0666666666666667,1,1,AATB,2.828192777418458,2.828192777418458,7.416042863156715,2023-02-08 16:54:00+00:00,2023-02-08 16:54:00+00:00,2023-02-08 17:58:00+00:00,2023-02-08 17:58:00+00:00,3,"AATB,JUNG1,LMKS",2,"JUNG1,LMKS",2.756026296225137,2.828192777418458,3.0134677725416608,core,supported_multi_station_candidate,B,True,2023
458,2023-02-16 02:24:00+00:00,2023-02-14 22:55:00+00:00,2023-02-12 18:02:00+00:00,2023-02-18 05:38:00+00:00,131.6,4,4,"INVK,KERG,LMKS,MXCO",4.141795457406317,4.824080607801573,5.313453628491261,2023-02-12 18:02:00+00:00,2023-02-17 07:24:00+00:00,2023-02-14 04:10:00+00:00,2023-02-18 05:38:00+00:00,5,"DOMC,INVK,KERG,LMKS,MXCO",1,DOMC,5.42032454819046,4.359900599271916,10.534440911327033,core,supported_multi_station_candidate,A,False,2023
459,2023-02-21 01:22:00+00:00,2023-02-20 01:14:00+00:00,2023-02-19 21:38:00+00:00,2023-02-21 04:32:00+00:00,30.9,2,2,"KERG,LMKS",4.7195563252816495,4.755281694125183,6.216561904081756,2023-02-19 21:38:00+00:00,2023-02-20 04:50:00+00:00,2023-02-20 22:12:00+00:00,2023-02-21 04:32:00+00:00,10,"AATB,APTY,DOMC,INVK,JUNG1,KERG,LMKS,MXCO,NEWK,OULU",8,"AATB,APTY,DOMC,INVK,JUNG1,MXCO,NEWK,OULU",5.433632389811974,4.80411983563074,10.583244604465206,core,supported_multi_station_candidate,A,False,2023
460,2023-02-28 04:35:00+00:00,2023-02-27 00:00:00+00:00,2023-02-26 01:50:00+00:00,2023-02-28 14:00:00+00:00,60.166666666666664,8,8,"AATB,APTY,DOMC,INVK,JUNG1,KERG,LMKS,NEWK",5.990044641526141,11.77401716556722,6.466780333913839,2023-02-26 01:50:00+00:00,2023-02-27 20:58:00+00:00,2023-02-27 13:42:00+00:00,2023-02-28 14:00:00+00:00,10,"AATB,APTY,DOMC,INVK,JUNG1,KERG,LMKS,MXCO,NEWK,OULU",2,"MXCO,OULU",6.128325744675897,5.523565699891969,11.77401716556722,core,supported_multi_station_candidate,A,False,2023
461,2023-03-04 15:14:00+00:00,2023-03-03 13:33:00+00:00,2023-03-02 19:12:00+00:00,2023-03-05 17:32:00+00:00,70.33333333333333,4,4,"APTY,INVK,LMKS,OULU",4.434886847348814,5.108610710279222,6.107427672826523,2023-03-02 19:12:00+00:00,2023-03-04 16:42:00+00:00,2023-03-04 01:38:00+00:00,2023-03-05 17:32:00+00:00,10,"AATB,APTY,DOMC,INVK,JUNG1,KERG,LMKS,MXCO,NEWK,OULU",6,"AATB,DOMC,JUNG1,KERG,MXCO,NEWK",4.69110466210036,4.3317005524836905,8.759390589425493,core,supported_multi_station_candidate,A,False,2023
462,2023-03-08 07:58:00+00:00,2023-03-08 00:54:00+00:00,2023-03-08 00:54:00+00:00,2023-03-08 07:58:00+00:00,7.066666666666666,1,1,JUNG1,3.766360210546888,3.766360210546888,9.795704517547524,2023-03-08 00:54:00+00:00,2023-03-08 00:54:00+00:00,2023-03-08 07:58:00+00:00,2023-03-08 07:58:00+00:00,3,"JUNG1,KERG,LMKS",2,"KERG,LMKS",3.4738906853335565,3.766360210546888,3.8296747158483564,core,supported_multi_station_candidate,B,True,2023
463,2023-03-09 01:10:00+00:00,2023-03-08 20:14:00+00:00,2023-03-08 20:14:00+00:00,2023-03-09 01:10:00+00:00,4.933333333333334,1,1,KERG,3.809174868301934,3.809174868301934,6.084121235528297,2023-03-08 20:14:00+00:00,2023-03-08 20:14:00+00:00,2023-03-09 01:10:00+00:00,2023-03-09 01:10:00+00:00,2,"KERG,LMKS",1,LMKS,3.2597658519252746,3.2597658519252746,3.809174868301934,core,supported_multi_station_candidate,B,True,2023
464,2023-03-11 09:18:00+00:00,2023-03-10 03:36:00+00:00,2023-03-09 21:02:00+00:00,2023-03-11 12:34:00+00:00,39.53333333333333,2,2,"AATB,JUNG1",3.809278980507034,4.592940894166387,6.609572389149269,2023-03-09 21:02:00+00:00,2023-03-10 10:10:00+00:00,2023-03-11 06:02:00+00:00,2023-03-11 12:34:00+00:00,5,"AATB,APTY,JUNG1,LMKS,OULU",3,"APTY,LMKS,OULU",4.058471051394896,4.308581825994113,4.592940894166387,core,supported_multi_station_candidate,A,False,2023
465,2023-03-15 10:31:00+00:00,2023-03-14 13:15:00+00:00,2023-03-13 16:44:00+00:00,2023-03-16 05:12:00+00:00,60.46666666666667,6,6,"APTY,DOMC,JUNG1,KERG,LMKS,OULU",6.6744576412822525,11.800170956157428,8.019892656600065,2023-03-13 16:44:00+00:00,2023-03-15 12:02:00+00:00,2023-03-15 03:50:00+00:00,2023-03-16 05:12:00+00:00,10,"AATB,APTY,DOMC,INVK,JUNG1,KERG,LMKS,MXCO,NEWK,OULU",4,"AATB,INVK,MXCO,NEWK",6.212179169147857,5.335184089135152,11.800170956157428,core,supported_multi_station_candidate,A,False,2023
466,2023-03-20 02:47:00+00:00,2023-03-19 01:21:00+00:00,2023-03-18 16:38:00+00:00,2023-03-20 07:20:00+00:00,38.7,2,2,"AATB,KERG",3.7050448340211966,4.772309643728552,7.1834840968758655,2023-03-18 16:38:00+00:00,2023-03-19 10:04:00+00:00,2023-03-19 22:14:00+00:00,2023-03-20 07:20:00+00:00,5,"AATB,DOMC,JUNG1,KERG,LMKS",3,"DOMC,JUNG1,LMKS",4.816908023478537,3.977091444760309,10.081357942078943,core,supported_multi_station_candidate,A,False,2023
467,2023-03-23 19:53:00+00:00,2023-03-22 22:19:00+00:00,2023-03-22 05:24:00+00:00,2023-03-24 13:46:00+00:00,56.36666666666667,6,6,"INVK,JUNG1,KERG,MXCO,NEWK,OULU",5.094225613018717,6.517897033209138,6.241717043631585,2023-03-22 05:24:00+00:00,2023-03-23 03:04:00+00:00,2023-03-23 08:18:00+00:00,2023-03-24 13:46:00+00:00,10,"AATB,APTY,DOMC,INVK,JUNG1,KERG,LMKS,MXCO,NEWK,OULU",4,"AATB,APTY,DOMC,LMKS",5.251673919745302,4.947479255412389,8.380979336982854,core,supported_multi_station_candidate,A,False,2023
469,2023-03-29 07:48:00+00:00,2023-03-28 12:46:00+00:00,2023-03-26 04:54:00+00:00,2023-03-29 21:50:00+00:00,88.93333333333334,6,6,"AATB,APTY,DOMC,JUNG1,LMKS,NEWK",4.955480101474653,9.665910981523547,5.692680923193248,2023-03-26 04:54:00+00:00,2023-03-29 11:28:00+00:00,2023-03-27 04:26:00+00:00,2023-03-29 21:50:00+00:00,8,"AATB,APTY,DOMC,JUNG1,KERG,LMKS,NEWK,OULU",2,"KERG,OULU",4.918742829856571,4.574757974152004,9.665910981523547,core,supported_multi_station_candidate,A,False,2023
470,2023-04-05 11:57:00+00:00,2023-04-04 12:12:00+00:00,2023-04-04 04:04:00+00:00,2023-04-06 07:04:00+00:00,51.0,2,2,"AATB,JUNG1",3.1365391194103465,3.368033831019279,4.3189320218816105,2023-04-04 04:04:00+00:00,2023-04-04 20:20:00+00:00,2023-04-04 16:50:00+00:00,2023-04-06 07:04:00+00:00,2,"AATB,JUNG1",0,,3.1365391194103465,3.1365391194103465,3.368033831019279,core,supported_multi_station_candidate,B,False,2023
471,2023-04-10 23:46:00+00:00,2023-04-10 18:56:00+00:00,2023-04-08 06:30:00+00:00,2023-04-11 23:40:00+00:00,89.16666666666667,5,5,"AATB,JUNG1,LMKS,NEWK,OULU",4.225032063684067,4.968290616947121,6.28762542217129,2023-04-08 06:30:00+00:00,2023-04-11 05:16:00+00:00,2023-04-09 18:16:00+00:00,2023-04-11 23:40:00+00:00,8,"AATB,APTY,JUNG1,KERG,LMKS,MXCO,NEWK,OULU",3,"APTY,KERG,MXCO",4.142532114834098,4.226654726962611,4.968290616947121,core,supported_multi_station_candidate,A,False,2023
472,2023-04-15 00:09:00+00:00,2023-04-14 01:46:00+00:00,2023-04-13 19:42:00+00:00,2023-04-15 22:00:00+00:00,50.3,4,4,"APTY,JUNG1,LMKS,OULU",5.048835285067999,5.48859337427696,5.926360094710907,2023-04-13 19:42:00+00:00,2023-04-14 17:42:00+00:00,2023-04-14 08:08:00+00:00,2023-04-15 22:00:00+00:00,8,"AATB,APTY,INVK,JUNG1,KERG,LMKS,MXCO,OULU",4,"AATB,INVK,KERG,MXCO",4.551343131658681,4.401768175116496,5.48859337427696,core,supported_multi_station_candidate,A,False,2023
473,2023-04-18 17:49:00+00:00,2023-04-17 20:36:00+00:00,2023-04-17 12:10:00+00:00,2023-04-18 21:48:00+00:00,33.63333333333333,4,4,"AATB,INVK,KERG,OULU",4.831715363624666,6.135393403843109,4.3645524085202,2023-04-17 12:10:00+00:00,2023-04-18 04:00:00+00:00,2023-04-17 12:52:00+00:00,2023-04-18 21:48:00+00:00,10,"AATB,APTY,DOMC,INVK,JUNG1,KERG,LMKS,MXCO,NEWK,OULU",6,"APTY,DOMC,JUNG1,LMKS,MXCO,NEWK",5.3601928730525765,4.8783931661535185,8.78342097235251,core,supported_multi_station_candidate,A,False,2023
474,2023-04-24 04:41:00+00:00,2023-04-23 06:30:00+00:00,2023-04-22 12:30:00+00:00,2023-04-24 12:46:00+00:00,48.266666666666666,6,6,"DOMC,INVK,KERG,LMKS,MXCO,OULU",6.88129641901169,11.77531392047735,7.801686043179743,2023-04-22 12:30:00+00:00,2023-04-24 07:24:00+00:00,2023-04-24 00:12:00+00:00,2023-04-24 12:46:00+00:00,10,"AATB,APTY,DOMC,INVK,JUNG1,KERG,LMKS,MXCO,NEWK,OULU",4,"AATB,APTY,JUNG1,NEWK",6.398500228915584,6.168632539657432,11.77531392047735,core,supported_multi_station_candidate,A,False,2023
475,2023-04-29 08:38:00+00:00,2023-04-28 12:44:00+00:00,2023-04-26 23:58:00+00:00,2023-04-30 10:10:00+00:00,82.2,5,5,"AATB,LMKS,MXCO,NEWK,OULU",4.170408987273166,5.012935106124143,7.677421837859408,2023-04-26 23:58:00+00:00,2023-04-29 06:04:00+00:00,2023-04-27 05:46:00+00:00,2023-04-30 10:10:00+00:00,9,"AATB,APTY,DOMC,JUNG1,KERG,LMKS,MXCO,NEWK,OULU",4,"APTY,DOMC,JUNG1,KERG",4.9315021305887115,4.457276112998052,10.440630477875466,core,supported_multi_station_candidate,A,False,2023
476,2023-05-03 03:40:00+00:00,2023-05-02 09:38:00+00:00,2023-05-01 17:02:00+00:00,2023-05-03 12:52:00+00:00,43.833333333333336,3,3,"JUNG1,KERG,LMKS",4.064524918831294,4.700124702309877,7.135717958512662,2023-05-01 17:02:00+00:00,2023-05-02 14:12:00+00:00,2023-05-02 05:58:00+00:00,2023-05-03 12:52:00+00:00,3,"JUNG1,KERG,LMKS",0,,4.064524918831294,4.335128959499175,4.700124702309877,core,supported_multi_station_candidate,B,False,2023
477,2023-05-08 11:06:00+00:00,2023-05-07 05:40:00+00:00,2023-05-06 03:58:00+00:00,2023-05-08 15:30:00+00:00,59.53333333333333,6,6,"APTY,DOMC,INVK,JUNG1,MXCO,OULU",6.62950469541568,10.292135045863787,7.428326372719519,2023-05-06 03:58:00+00:00,2023-05-08 00:28:00+00:00,2023-05-06 12:20:00+00:00,2023-05-08 15:30:00+00:00,10,"AATB,APTY,DOMC,INVK,JUNG1,KERG,LMKS,MXCO,NEWK,OULU",4,"AATB,KERG,LMKS,NEWK",6.551065734808605,6.174145440062107,10.292135045863787,core,supported_multi_station_candidate,A,False,2023
478,2023-05-11 01:08:00+00:00,2023-05-10 00:58:00+00:00,2023-05-10 00:58:00+00:00,2023-05-11 01:08:00+00:00,24.166666666666668,1,1,JUNG1,5.959298538556634,5.959298538556634,6.135197252748041,2023-05-10 00:58:00+00:00,2023-05-10 00:58:00+00:00,2023-05-11 01:08:00+00:00,2023-05-11 01:08:00+00:00,10,"AATB,APTY,DOMC,INVK,JUNG1,KERG,LMKS,MXCO,NEWK,OULU",9,"AATB,APTY,DOMC,INVK,KERG,LMKS,MXCO,NEWK,OULU",6.039332353897531,5.4100423474997825,10.904861715622161,core,supported_multi_station_candidate,A,True,2023
479,2023-05-16 08:38:00+00:00,2023-05-15 02:20:00+00:00,2023-05-14 18:24:00+00:00,2023-05-16 13:48:00+00:00,43.4,5,5,"INVK,KERG,LMKS,NEWK,OULU",4.822934078679102,5.4666320221025995,5.922470117834007,2023-05-14 18:24:00+00:00,2023-05-15 16:54:00+00:00,2023-05-15 06:58:00+00:00,2023-05-16 13:48:00+00:00,7,"AATB,INVK,JUNG1,KERG,LMKS,NEWK,OULU",2,"AATB,JUNG1",4.488172560011633,4.2601989908606805,5.4666320221025995,core,supported_multi_station_candidate,A,False,2023
480,2023-05-20 13:22:00+00:00,2023-05-19 10:06:00+00:00,2023-05-18 13:22:00+00:00,2023-05-21 13:50:00+00:00,72.46666666666667,7,7,"AATB,APTY,INVK,KERG,LMKS,NEWK,OULU",4.710954310329727,6.299110898326649,5.707135870238905,2023-05-18 13:22:00+00:00,2023-05-20 11:08:00+00:00,2023-05-19 17:00:00+00:00,2023-05-21 13:50:00+00:00,9,"AATB,APTY,DOMC,INVK,JUNG1,KERG,LMKS,NEWK,OULU",2,"DOMC,JUNG1",5.497289356826429,5.071598961845915,11.781134401812125,core,supported_multi_station_candidate,A,False,2023
481,2023-05-29 22:45:00+00:00,2023-05-28 14:02:00+00:00,2023-05-27 05:12:00+00:00,2023-05-30 04:58:00+00:00,71.76666666666667,4,4,"APTY,JUNG1,LMKS,MXCO",4.191501477141437,4.9578293509490265,5.4375561611209715,2023-05-27 05:12:00+00:00,2023-05-29 04:16:00+00:00,2023-05-28 06:48:00+00:00,2023-05-30 04:58:00+00:00,7,"AATB,APTY,INVK,JUNG1,KERG,LMKS,MXCO",3,"AATB,INVK,KERG",3.9703490473577454,3.8348298970801626,4.9578293509490265,core,supported_multi_station_candidate,A,False,2023
482,2023-06-02 04:28:00+00:00,2023-06-02 01:40:00+00:00,2023-06-02 01:40:00+00:00,2023-06-02 04:28:00+00:00,2.8,1,1,LMKS,2.4239719291923505,2.4239719291923505,5.688535300072748,2023-06-02 01:40:00+00:00,2023-06-02 01:40:00+00:00,2023-06-02 04:28:00+00:00,2023-06-02 04:28:00+00:00,3,"APTY,INVK,LMKS",2,"APTY,INVK",2.9618470712170506,2.838362028741217,3.6232072557175856,core,supported_multi_station_candidate,B,True,2023
483,2023-06-05 07:04:00+00:00,2023-06-04 04:52:00+00:00,2023-06-03 15:20:00+00:00,2023-06-06 00:08:00+00:00,56.8,3,3,"AATB,DOMC,LMKS",5.226253329389447,9.766928018819085,7.345296489848948,2023-06-03 15:20:00+00:00,2023-06-05 18:02:00+00:00,2023-06-04 17:32:00+00:00,2023-06-06 00:08:00+00:00,6,"AATB,DOMC,JUNG1,KERG,LMKS,OULU",3,"JUNG1,KERG,OULU",4.665599904215528,3.8756291182925615,9.766928018819085,core,supported_multi_station_candidate,A,False,2023
484,2023-06-08 02:06:00+00:00,2023-06-07 03:08:00+00:00,2023-06-07 03:08:00+00:00,2023-06-08 02:06:00+00:00,22.966666666666665,1,1,KERG,3.2041626009024418,3.2041626009024418,11.520200338468102,2023-06-07 03:08:00+00:00,2023-06-07 03:08:00+00:00,2023-06-08 02:06:00+00:00,2023-06-08 02:06:00+00:00,2,"AATB,KERG",1,AATB,3.173620937866449,3.173620937866449,3.2041626009024418,core,supported_multi_station_candidate,B,True,2023
485,2023-06-11 15:10:00+00:00,2023-06-10 13:48:00+00:00,2023-06-09 20:28:00+00:00,2023-06-12 03:42:00+00:00,55.233333333333334,7,7,"AATB,APTY,INVK,JUNG1,KERG,LMKS,OULU",4.368955406943518,7.4379766200344415,7.291899925836944,2023-06-09 20:28:00+00:00,2023-06-10 19:44:00+00:00,2023-06-09 21:26:00+00:00,2023-06-12 03:42:00+00:00,8,"AATB,APTY,INVK,JUNG1,KERG,LMKS,NEWK,OULU",1,NEWK,4.43576425977472,4.360587382424123,7.4379766200344415,core,supported_multi_station_candidate,A,False,2023
486,2023-06-16 00:16:00+00:00,2023-06-14 23:28:00+00:00,2023-06-14 09:46:00+00:00,2023-06-16 05:22:00+00:00,43.6,3,3,"JUNG1,LMKS,NEWK",3.7288630931593776,4.400663648249891,4.495502488154849,2023-06-14 09:46:00+00:00,2023-06-15 16:16:00+00:00,2023-06-14 11:00:00+00:00,2023-06-16 05:22:00+00:00,4,"JUNG1,KERG,LMKS,NEWK",1,KERG,3.666498035924622,3.6963648947129033,4.400663648249891,core,supported_multi_station_candidate,A,False,2023
487,2023-06-18 08:22:00+00:00,2023-06-17 13:33:00+00:00,2023-06-17 07:06:00+00:00,2023-06-18 13:48:00+00:00,30.7,2,2,"APTY,LMKS",2.999384267393565,3.617511517840757,8.729335784926162,2023-06-17 07:06:00+00:00,2023-06-17 20:00:00+00:00,2023-06-18 02:56:00+00:00,2023-06-18 13:48:00+00:00,2,"APTY,LMKS",0,,2.999384267393565,2.999384267393565,3.617511517840757,core,supported_multi_station_candidate,B,False,2023
489,2023-06-26 03:02:00+00:00,2023-06-25 02:06:00+00:00,2023-06-24 20:06:00+00:00,2023-06-27 05:22:00+00:00,57.266666666666666,5,5,"AATB,APTY,KERG,LMKS,NEWK",4.151045064408887,5.276345893643747,8.93936358617852,2023-06-24 20:06:00+00:00,2023-06-26 01:24:00+00:00,2023-06-25 22:46:00+00:00,2023-06-27 05:22:00+00:00,8,"AATB,APTY,INVK,JUNG1,KERG,LMKS,MXCO,NEWK",3,"INVK,JUNG1,MXCO",3.9708918173405285,3.901801995295899,5.276345893643747,core,supported_multi_station_candidate,A,False,2023
490,2023-07-01 01:04:00+00:00,2023-06-30 07:02:00+00:00,2023-06-29 19:54:00+00:00,2023-07-01 12:04:00+00:00,40.166666666666664,3,3,"AATB,JUNG1,NEWK",4.395620287695675,5.843564940208017,6.2183800316904225,2023-06-29 19:54:00+00:00,2023-07-01 05:12:00+00:00,2023-06-30 21:22:00+00:00,2023-07-01 12:04:00+00:00,5,"AATB,JUNG1,LMKS,MXCO,NEWK",2,"LMKS,MXCO",4.251440655171941,3.824649313357871,5.843564940208017,core,supported_multi_station_candidate,A,False,2023
491,2023-07-03 17:34:00+00:00,2023-07-03 16:46:00+00:00,2023-07-03 16:46:00+00:00,2023-07-03 17:34:00+00:00,0.8,1,1,LMKS,2.7326995151925133,2.7326995151925133,6.008203913554236,2023-07-03 16:46:00+00:00,2023-07-03 16:46:00+00:00,2023-07-03 17:34:00+00:00,2023-07-03 17:34:00+00:00,2,"KERG,LMKS",1,KERG,3.0501828422727173,3.0501828422727173,3.3676661693529213,core,supported_multi_station_candidate,B,True,2023
492,2023-07-09 00:52:00+00:00,2023-07-08 08:22:00+00:00,2023-07-08 07:56:00+00:00,2023-07-09 12:26:00+00:00,28.5,3,3,"AATB,LMKS,MXCO",3.252689536952135,4.069694240862556,6.406655207202287,2023-07-08 07:56:00+00:00,2023-07-08 13:26:00+00:00,2023-07-08 21:00:00+00:00,2023-07-09 12:26:00+00:00,3,"AATB,LMKS,MXCO",0,,3.252689536952135,2.9687641302804515,4.069694240862556,core,supported_multi_station_candidate,B,False,2023
493,2023-07-11 12:02:00+00:00,2023-07-11 05:28:00+00:00,2023-07-10 19:28:00+00:00,2023-07-12 05:24:00+00:00,33.93333333333333,3,3,"JUNG1,KERG,LMKS",3.3640290035931835,4.113794614569647,5.260091733410348,2023-07-10 19:28:00+00:00,2023-07-11 06:56:00+00:00,2023-07-10 22:52:00+00:00,2023-07-12 05:24:00+00:00,3,"JUNG1,KERG,LMKS",0,,3.3640290035931835,3.1502510531430783,4.113794614569647,core,supported_multi_station_candidate,B,False,2023
494,2023-07-15 21:10:00+00:00,2023-07-14 20:34:00+00:00,2023-07-13 14:50:00+00:00,2023-07-16 22:52:00+00:00,80.03333333333333,6,6,"AATB,APTY,DOMC,INVK,KERG,NEWK",6.295268783460059,10.957383298109796,7.042658636464734,2023-07-13 14:50:00+00:00,2023-07-15 12:22:00+00:00,2023-07-13 22:36:00+00:00,2023-07-16 22:52:00+00:00,10,"AATB,APTY,DOMC,INVK,JUNG1,KERG,LMKS,MXCO,NEWK,OULU",4,"JUNG1,LMKS,MXCO,OULU",5.90603590451663,5.402501377870156,10.957383298109796,core,supported_multi_station_candidate,A,False,2023
495,2023-07-22 20:46:00+00:00,2023-07-22 00:34:00+00:00,2023-07-21 05:02:00+00:00,2023-07-23 17:50:00+00:00,60.8,3,3,"INVK,LMKS,MXCO",3.5268395393022764,4.35586353691801,5.215084879863054,2023-07-21 05:02:00+00:00,2023-07-23 04:28:00+00:00,2023-07-22 03:08:00+00:00,2023-07-23 17:50:00+00:00,9,"AATB,APTY,DOMC,INVK,JUNG1,KERG,LMKS,MXCO,OULU",6,"AATB,APTY,DOMC,JUNG1,KERG,OULU",4.1318300667288295,3.8880861725996114,7.54802220850136,core,supported_multi_station_candidate,A,False,2023
496,2023-07-26 18:50:00+00:00,2023-07-26 00:10:00+00:00,2023-07-25 05:44:00+00:00,2023-07-26 22:52:00+00:00,41.13333333333333,3,3,"DOMC,INVK,OULU",6.169370354739208,9.910126923195254,6.082300612355323,2023-07-25 05:44:00+00:00,2023-07-26 01:22:00+00:00,2023-07-26 08:06:00+00:00,2023-07-26 22:52:00+00:00,9,"AATB,APTY,DOMC,INVK,JUNG1,KERG,LMKS,NEWK,OULU",6,"AATB,APTY,JUNG1,KERG,LMKS,NEWK",4.967914187341654,5.047380689075372,9.910126923195254,core,supported_multi_station_candidate,A,False,2023
497,2023-08-02 03:48:00+00:00,2023-08-01 00:27:00+00:00,2023-07-31 11:48:00+00:00,2023-08-02 11:14:00+00:00,47.43333333333333,8,8,"AATB,APTY,INVK,JUNG1,KERG,LMKS,MXCO,NEWK",5.125210228439728,6.980755322644459,5.297581613025027,2023-07-31 11:48:00+00:00,2023-08-01 11:06:00+00:00,2023-08-01 21:24:00+00:00,2023-08-02 11:14:00+00:00,10,"AATB,APTY,DOMC,INVK,JUNG1,KERG,LMKS,MXCO,NEWK,OULU",2,"DOMC,OULU",5.919260773675413,5.58369641196679,11.336489476943832,core,supported_multi_station_candidate,A,False,2023
498,2023-08-06 00:58:00+00:00,2023-08-05 10:30:00+00:00,2023-08-05 10:30:00+00:00,2023-08-06 00:58:00+00:00,14.466666666666667,1,1,JUNG1,4.171011151297004,4.171011151297004,13.90232688261225,2023-08-05 10:30:00+00:00,2023-08-05 10:30:00+00:00,2023-08-06 00:58:00+00:00,2023-08-06 00:58:00+00:00,5,"AATB,DOMC,JUNG1,KERG,LMKS",4,"AATB,DOMC,KERG,LMKS",4.692597628564892,4.026152399545419,9.409858498194849,core,supported_multi_station_candidate,A,True,2023
499,2023-08-09 09:50:00+00:00,2023-08-08 23:16:00+00:00,2023-08-08 23:16:00+00:00,2023-08-09 09:50:00+00:00,10.566666666666666,1,1,INVK,4.9429050317211605,4.9429050317211605,5.277351543255499,2023-08-08 23:16:00+00:00,2023-08-08 23:16:00+00:00,2023-08-09 09:50:00+00:00,2023-08-09 09:50:00+00:00,7,"APTY,DOMC,INVK,JUNG1,LMKS,MXCO,OULU",6,"APTY,DOMC,JUNG1,LMKS,MXCO,OULU",4.999824463446801,4.882195765270427,10.340851749802814,core,supported_multi_station_candidate,A,True,2023
500,2023-08-15 06:01:00+00:00,2023-08-14 05:20:00+00:00,2023-08-13 11:50:00+00:00,2023-08-16 03:04:00+00:00,63.233333333333334,4,4,"JUNG1,KERG,NEWK,OULU",4.700926860542801,5.204481364753266,7.843120566481989,2023-08-13 11:50:00+00:00,2023-08-14 19:02:00+00:00,2023-08-14 16:58:00+00:00,2023-08-16 03:04:00+00:00,7,"AATB,INVK,JUNG1,KERG,LMKS,NEWK,OULU",3,"AATB,INVK,LMKS",4.041114080866296,4.166911613931357,5.204481364753266,core,supported_multi_station_candidate,A,False,2023
501,2023-08-19 23:06:00+00:00,2023-08-19 09:32:00+00:00,2023-08-18 21:56:00+00:00,2023-08-20 12:20:00+00:00,38.4,5,5,"APTY,INVK,LMKS,NEWK,OULU",5.321080743331537,7.208383785729177,6.359646663279641,2023-08-18 21:56:00+00:00,2023-08-19 15:08:00+00:00,2023-08-19 19:04:00+00:00,2023-08-20 12:20:00+00:00,9,"AATB,APTY,INVK,JUNG1,KERG,LMKS,MXCO,NEWK,OULU",4,"AATB,JUNG1,KERG,MXCO",4.796692776105592,4.049041084528108,7.208383785729177,core,supported_multi_station_candidate,A,False,2023
502,2023-08-26 20:24:00+00:00,2023-08-25 12:14:00+00:00,2023-08-25 07:34:00+00:00,2023-08-26 23:06:00+00:00,39.53333333333333,5,5,"AATB,DOMC,INVK,JUNG1,LMKS",4.751866334877209,9.392434737806159,6.360325009829298,2023-08-25 07:34:00+00:00,2023-08-26 05:02:00+00:00,2023-08-26 11:02:00+00:00,2023-08-26 23:06:00+00:00,8,"AATB,APTY,DOMC,INVK,JUNG1,KERG,LMKS,MXCO",3,"APTY,KERG,MXCO",4.413009192245273,4.117005164415154,9.392434737806159,core,supported_multi_station_candidate,A,False,2023
503,2023-08-29 05:36:00+00:00,2023-08-29 01:35:00+00:00,2023-08-29 01:18:00+00:00,2023-08-29 06:42:00+00:00,5.4,2,2,"DOMC,JUNG1",7.051547292278661,10.141085927729387,7.110259908417719,2023-08-29 01:18:00+00:00,2023-08-29 01:52:00+00:00,2023-08-29 04:30:00+00:00,2023-08-29 06:42:00+00:00,7,"AATB,APTY,DOMC,JUNG1,LMKS,MXCO,NEWK",5,"AATB,APTY,LMKS,MXCO,NEWK",4.524235492814214,3.663584289070343,10.141085927729387,core,supported_multi_station_candidate,A,False,2023
504,2023-09-03 13:50:00+00:00,2023-09-03 11:04:00+00:00,2023-09-03 11:04:00+00:00,2023-09-03 13:50:00+00:00,2.7666666666666666,1,1,LMKS,2.5526997443003925,2.5526997443003925,8.414024093618325,2023-09-03 11:04:00+00:00,2023-09-03 11:04:00+00:00,2023-09-03 13:50:00+00:00,2023-09-03 13:50:00+00:00,3,"AATB,JUNG1,LMKS",2,"AATB,JUNG1",2.8588667237555705,2.907692959897893,3.1162074670684268,core,supported_multi_station_candidate,B,True,2023
505,2023-09-10 06:15:00+00:00,2023-09-09 01:20:00+00:00,2023-09-08 12:06:00+00:00,2023-09-10 10:34:00+00:00,46.46666666666667,4,4,"AATB,INVK,KERG,LMKS",3.605629409883718,4.509779268613711,4.371282276571488,2023-09-08 12:06:00+00:00,2023-09-09 13:02:00+00:00,2023-09-09 21:36:00+00:00,2023-09-10 10:34:00+00:00,5,"AATB,INVK,JUNG1,KERG,LMKS",1,JUNG1,3.570258373923797,3.4287742300841124,4.509779268613711,core,supported_multi_station_candidate,A,False,2023
506,2023-09-12 19:39:00+00:00,2023-09-11 13:41:00+00:00,2023-09-11 08:44:00+00:00,2023-09-13 01:00:00+00:00,40.266666666666666,4,4,"APTY,DOMC,KERG,OULU",6.799337386344348,10.74876771738038,6.334378137011414,2023-09-11 08:44:00+00:00,2023-09-12 07:02:00+00:00,2023-09-12 17:08:00+00:00,2023-09-13 01:00:00+00:00,10,"AATB,APTY,DOMC,INVK,JUNG1,KERG,LMKS,MXCO,NEWK,OULU",6,"AATB,INVK,JUNG1,LMKS,MXCO,NEWK",4.937928219976806,4.613014604022103,10.74876771738038,core,supported_multi_station_candidate,A,False,2023
507,2023-09-16 20:41:00+00:00,2023-09-16 07:27:00+00:00,2023-09-15 22:56:00+00:00,2023-09-17 09:08:00+00:00,34.2,4,4,"INVK,JUNG1,LMKS,MXCO",3.4015369245388483,3.7404808171320925,6.573934618245525,2023-09-15 22:56:00+00:00,2023-09-17 00:12:00+00:00,2023-09-16 05:08:00+00:00,2023-09-17 09:08:00+00:00,8,"AATB,DOMC,INVK,JUNG1,KERG,LMKS,MXCO,NEWK",4,"AATB,DOMC,KERG,NEWK",4.568883121610509,3.674735764198825,10.454722705947022,core,supported_multi_station_candidate,A,False,2023
508,2023-09-19 10:33:00+00:00,2023-09-18 16:50:00+00:00,2023-09-18 04:48:00+00:00,2023-09-19 21:24:00+00:00,40.6,2,2,"JUNG1,OULU",6.198909072175941,9.351584207177565,7.557996550926866,2023-09-18 04:48:00+00:00,2023-09-19 04:52:00+00:00,2023-09-18 23:42:00+00:00,2023-09-19 21:24:00+00:00,9,"AATB,APTY,DOMC,INVK,JUNG1,KERG,MXCO,NEWK,OULU",7,"AATB,APTY,DOMC,INVK,KERG,MXCO,NEWK",6.298416162282479,5.918701505692692,11.145224110314377,core,supported_multi_station_candidate,A,False,2023
509,2023-09-25 11:00:00+00:00,2023-09-24 19:14:00+00:00,2023-09-24 01:34:00+00:00,2023-09-25 19:32:00+00:00,41.96666666666667,7,7,"AATB,APTY,INVK,KERG,LMKS,NEWK,OULU",6.659757280030156,7.920779701538278,6.891869286043734,2023-09-24 01:34:00+00:00,2023-09-25 14:40:00+00:00,2023-09-25 07:14:00+00:00,2023-09-25 19:32:00+00:00,10,"AATB,APTY,DOMC,INVK,JUNG1,KERG,LMKS,MXCO,NEWK,OULU",3,"DOMC,JUNG1,MXCO",7.243236527219605,6.867888550830706,12.829999597679896,core,supported_multi_station_candidate,A,False,2023
510,2023-10-01 17:38:00+00:00,2023-10-01 14:16:00+00:00,2023-10-01 10:08:00+00:00,2023-10-01 23:10:00+00:00,13.033333333333333,3,3,"AATB,LMKS,NEWK",4.48861585129921,5.615772378680441,5.961564796979904,2023-10-01 10:08:00+00:00,2023-10-01 22:20:00+00:00,2023-10-01 10:14:00+00:00,2023-10-01 23:10:00+00:00,7,"AATB,APTY,JUNG1,KERG,LMKS,MXCO,NEWK",4,"APTY,JUNG1,KERG,MXCO",4.143641609078856,3.8201099492345763,5.615772378680441,core,supported_multi_station_candidate,A,False,2023
511,2023-10-06 11:34:00+00:00,2023-10-05 23:46:00+00:00,2023-10-04 06:24:00+00:00,2023-10-07 06:42:00+00:00,72.3,5,5,"AATB,INVK,JUNG1,LMKS,OULU",3.6300983035280745,4.663396372142824,5.096109015051321,2023-10-04 06:24:00+00:00,2023-10-07 03:24:00+00:00,2023-10-04 20:36:00+00:00,2023-10-07 06:42:00+00:00,5,"AATB,INVK,JUNG1,LMKS,OULU",0,,3.6300983035280745,3.6976418003005795,4.663396372142824,core,supported_multi_station_candidate,A,False,2023
512,2023-10-09 20:25:00+00:00,2023-10-09 05:57:00+00:00,2023-10-09 04:32:00+00:00,2023-10-09 21:50:00+00:00,17.3,2,2,"INVK,LMKS",3.196658343260448,3.721579185511907,6.3556362594036955,2023-10-09 04:32:00+00:00,2023-10-09 07:22:00+00:00,2023-10-09 19:00:00+00:00,2023-10-09 21:50:00+00:00,3,"APTY,INVK,LMKS",1,APTY,3.4770174711542174,3.721579185511907,4.037735726941757,core,supported_multi_station_candidate,B,False,2023
513,2023-10-14 02:18:00+00:00,2023-10-12 23:32:00+00:00,2023-10-12 16:38:00+00:00,2023-10-14 05:50:00+00:00,37.2,2,2,"APTY,MXCO",3.8286260842167823,3.9266002531910327,6.672550207094455,2023-10-12 16:38:00+00:00,2023-10-13 06:26:00+00:00,2023-10-13 22:46:00+00:00,2023-10-14 05:50:00+00:00,8,"AATB,APTY,INVK,JUNG1,KERG,LMKS,MXCO,OULU",6,"AATB,INVK,JUNG1,KERG,LMKS,OULU",3.7149585686127464,3.670854970231025,4.769410227836897,core,supported_multi_station_candidate,A,False,2023
514,2023-10-19 22:23:00+00:00,2023-10-19 02:32:00+00:00,2023-10-17 06:16:00+00:00,2023-10-20 18:50:00+00:00,84.56666666666666,8,8,"AATB,APTY,INVK,JUNG1,KERG,LMKS,NEWK,OULU",4.6893502261899185,5.868128622552523,6.179695861767638,2023-10-17 06:16:00+00:00,2023-10-19 21:30:00+00:00,2023-10-18 08:20:00+00:00,2023-10-20 18:50:00+00:00,10,"AATB,APTY,DOMC,INVK,JUNG1,KERG,LMKS,MXCO,NEWK,OULU",2,"DOMC,MXCO",5.132315251501879,4.813155620835849,9.812053030773885,core,supported_multi_station_candidate,A,False,2023
515,2023-10-24 07:49:00+00:00,2023-10-23 02:13:00+00:00,2023-10-22 18:32:00+00:00,2023-10-24 21:38:00+00:00,51.1,2,2,"INVK,JUNG1",3.991207514585806,4.459226500077671,4.740695633603263,2023-10-22 18:32:00+00:00,2023-10-23 09:54:00+00:00,2023-10-23 18:00:00+00:00,2023-10-24 21:38:00+00:00,3,"APTY,INVK,JUNG1",1,APTY,3.7735276241084805,3.5231885290939418,4.459226500077671,core,supported_multi_station_candidate,B,False,2023
516,2023-10-28 01:38:00+00:00,2023-10-26 18:32:00+00:00,2023-10-26 08:52:00+00:00,2023-10-28 22:50:00+00:00,61.96666666666667,4,4,"APTY,JUNG1,KERG,LMKS",3.885156548235575,5.1378103608994214,8.01871447993251,2023-10-26 08:52:00+00:00,2023-10-27 18:02:00+00:00,2023-10-27 00:58:00+00:00,2023-10-28 22:50:00+00:00,5,"AATB,APTY,JUNG1,KERG,LMKS",1,AATB,3.76385303522959,3.4796983772721317,5.1378103608994214,core,supported_multi_station_candidate,A,False,2023
517,2023-10-30 00:44:00+00:00,2023-10-29 13:16:00+00:00,2023-10-29 13:16:00+00:00,2023-10-30 00:44:00+00:00,11.466666666666667,1,1,JUNG1,3.534873987111885,3.534873987111885,6.550165595715557,2023-10-29 13:16:00+00:00,2023-10-29 13:16:00+00:00,2023-10-30 00:44:00+00:00,2023-10-30 00:44:00+00:00,2,"AATB,JUNG1",1,AATB,3.31726494141214,3.31726494141214,3.534873987111885,core,supported_multi_station_candidate,B,True,2023
518,2023-11-06 03:09:00+00:00,2023-11-05 06:21:00+00:00,2023-11-05 00:04:00+00:00,2023-11-06 22:08:00+00:00,46.06666666666667,4,4,"AATB,DOMC,JUNG1,MXCO",6.570840451620457,11.429156043923863,4.390806594383093,2023-11-05 00:04:00+00:00,2023-11-05 14:30:00+00:00,2023-11-06 01:26:00+00:00,2023-11-06 22:08:00+00:00,10,"AATB,APTY,DOMC,INVK,JUNG1,KERG,LMKS,MXCO,NEWK,OULU",6,"APTY,INVK,KERG,LMKS,NEWK,OULU",6.7268717598976595,6.7262830400666775,11.429156043923863,core,supported_multi_station_candidate,A,False,2023
520,2023-11-13 19:48:00+00:00,2023-11-12 10:56:00+00:00,2023-11-12 10:56:00+00:00,2023-11-13 19:48:00+00:00,32.86666666666667,1,1,APTY,4.946690208165292,4.946690208165292,2.8031314720709086,2023-11-12 10:56:00+00:00,2023-11-12 10:56:00+00:00,2023-11-13 19:48:00+00:00,2023-11-13 19:48:00+00:00,9,"AATB,APTY,DOMC,INVK,JUNG1,KERG,LMKS,MXCO,OULU",8,"AATB,DOMC,INVK,JUNG1,KERG,LMKS,MXCO,OULU",5.031489547688995,4.495104675613134,9.218269706086721,core,supported_multi_station_candidate,A,True,2023
521,2023-11-16 23:04:00+00:00,2023-11-16 05:06:00+00:00,2023-11-16 05:06:00+00:00,2023-11-16 23:04:00+00:00,17.966666666666665,1,1,JUNG1,3.468693770968222,3.468693770968222,4.678859474780046,2023-11-16 05:06:00+00:00,2023-11-16 05:06:00+00:00,2023-11-16 23:04:00+00:00,2023-11-16 23:04:00+00:00,2,"JUNG1,KERG",1,KERG,3.918900260742138,3.918900260742138,4.369106750516053,core,supported_multi_station_candidate,B,True,2023
522,2023-11-21 04:33:00+00:00,2023-11-19 20:22:00+00:00,2023-11-19 16:22:00+00:00,2023-11-21 05:50:00+00:00,37.46666666666667,4,4,"APTY,INVK,LMKS,NEWK",4.188122945710322,5.223128716051831,7.2766797310908915,2023-11-19 16:22:00+00:00,2023-11-20 22:36:00+00:00,2023-11-21 01:50:00+00:00,2023-11-21 05:50:00+00:00,7,"AATB,APTY,INVK,KERG,LMKS,MXCO,NEWK",3,"AATB,KERG,MXCO",4.258355651025661,4.473458838039036,5.223128716051831,core,supported_multi_station_candidate,A,False,2023
523,2023-11-25 13:52:00+00:00,2023-11-24 17:28:00+00:00,2023-11-23 07:38:00+00:00,2023-11-25 21:24:00+00:00,61.766666666666666,5,5,"APTY,INVK,KERG,NEWK,OULU",6.206032567388869,7.368489012650398,5.4228941387020715,2023-11-23 07:38:00+00:00,2023-11-24 23:52:00+00:00,2023-11-24 04:08:00+00:00,2023-11-25 21:24:00+00:00,10,"AATB,APTY,DOMC,INVK,JUNG1,KERG,LMKS,MXCO,NEWK,OULU",5,"AATB,DOMC,JUNG1,LMKS,MXCO",6.068659013143767,5.424039156834815,12.268378804011581,core,supported_multi_station_candidate,A,False,2023
525,2023-12-02 07:20:00+00:00,2023-12-01 09:08:00+00:00,2023-11-29 22:12:00+00:00,2023-12-02 16:26:00+00:00,66.23333333333333,6,6,"AATB,INVK,JUNG1,MXCO,NEWK,OULU",5.601807973047854,7.370054003046348,7.931043013470975,2023-11-29 22:12:00+00:00,2023-12-02 01:10:00+00:00,2023-12-01 08:08:00+00:00,2023-12-02 16:26:00+00:00,10,"AATB,APTY,DOMC,INVK,JUNG1,KERG,LMKS,MXCO,NEWK,OULU",4,"APTY,DOMC,KERG,LMKS",6.246915244599515,6.196886564008391,12.153892229164263,core,supported_multi_station_candidate,A,False,2023
526,2023-12-05 07:59:00+00:00,2023-12-04 10:21:00+00:00,2023-12-04 08:42:00+00:00,2023-12-05 09:14:00+00:00,24.533333333333335,2,2,"APTY,OULU",4.449308989102462,5.153072211692731,7.42451966421792,2023-12-04 08:42:00+00:00,2023-12-04 12:00:00+00:00,2023-12-05 06:44:00+00:00,2023-12-05 09:14:00+00:00,7,"AATB,APTY,INVK,JUNG1,KERG,LMKS,OULU",5,"AATB,INVK,JUNG1,KERG,LMKS",3.984218614672618,3.763375523058089,5.153072211692731,core,supported_multi_station_candidate,A,False,2023
527,2023-12-08 09:46:00+00:00,2023-12-07 20:44:00+00:00,2023-12-07 02:26:00+00:00,2023-12-09 02:26:00+00:00,48.0,3,3,"JUNG1,KERG,OULU",4.055702388728547,5.63235251955825,7.5648583200588595,2023-12-07 02:26:00+00:00,2023-12-07 23:12:00+00:00,2023-12-07 22:36:00+00:00,2023-12-09 02:26:00+00:00,6,"AATB,JUNG1,KERG,LMKS,NEWK,OULU",3,"AATB,LMKS,NEWK",4.024793895404801,3.298906604173925,6.006254626385273,core,supported_multi_station_candidate,A,False,2023
528,2023-12-13 15:18:00+00:00,2023-12-12 09:48:00+00:00,2023-12-12 00:36:00+00:00,2023-12-15 23:44:00+00:00,95.13333333333334,5,5,"AATB,INVK,JUNG1,KERG,LMKS",4.361353760287002,4.797614548176132,7.658814224064604,2023-12-12 00:36:00+00:00,2023-12-15 09:28:00+00:00,2023-12-12 13:52:00+00:00,2023-12-15 23:44:00+00:00,8,"AATB,APTY,INVK,JUNG1,KERG,LMKS,MXCO,NEWK",3,"APTY,MXCO,NEWK",4.525939434491631,4.544310202384672,5.919166023906171,core,supported_multi_station_candidate,A,False,2023
529,2023-12-18 06:48:00+00:00,2023-12-17 22:48:00+00:00,2023-12-16 16:54:00+00:00,2023-12-18 20:02:00+00:00,51.13333333333333,5,5,"APTY,INVK,KERG,LMKS,NEWK",5.067384514105847,5.46823879611538,5.992647807982283,2023-12-16 16:54:00+00:00,2023-12-18 08:32:00+00:00,2023-12-18 00:44:00+00:00,2023-12-18 20:02:00+00:00,9,"AATB,APTY,INVK,JUNG1,KERG,LMKS,MXCO,NEWK,OULU",4,"AATB,JUNG1,MXCO,OULU",5.152812794173322,5.271084780266607,5.729328584243671,core,supported_multi_station_candidate,A,False,2023
530,2023-12-24 21:00:00+00:00,2023-12-23 13:10:00+00:00,2023-12-22 01:18:00+00:00,2023-12-28 19:36:00+00:00,162.3,7,7,"APTY,DOMC,JUNG1,KERG,LMKS,MXCO,OULU",5.263270685627053,9.988007064254322,8.010044268503302,2023-12-22 01:18:00+00:00,2023-12-27 20:38:00+00:00,2023-12-23 05:16:00+00:00,2023-12-28 19:36:00+00:00,7,"APTY,DOMC,JUNG1,KERG,LMKS,MXCO,OULU",0,,5.263270685627053,5.06074003400082,9.988007064254322,core,supported_multi_station_candidate,A,False,2023
531,2024-01-04 00:28:00+00:00,2024-01-02 13:44:00+00:00,2024-01-01 20:24:00+00:00,2024-01-04 09:20:00+00:00,60.93333333333333,7,7,"AATB,APTY,INVK,JUNG1,LMKS,NEWK,OULU",4.500880428944356,5.986518716814425,9.031963525963976,2024-01-01 20:24:00+00:00,2024-01-03 21:10:00+00:00,2024-01-03 07:08:00+00:00,2024-01-04 09:20:00+00:00,10,"AATB,APTY,DOMC,INVK,JUNG1,KERG,LMKS,MXCO,NEWK,OULU",3,"DOMC,KERG,MXCO",5.187131906361077,4.531817341190903,11.20939095197315,core,supported_multi_station_candidate,A,False,2024
532,2024-01-10 15:11:00+00:00,2024-01-09 08:18:00+00:00,2024-01-08 14:40:00+00:00,2024-01-11 16:20:00+00:00,73.66666666666667,6,6,"AATB,APTY,DOMC,INVK,JUNG1,KERG",4.78092289932085,8.46464086284918,4.859387048975553,2024-01-08 14:40:00+00:00,2024-01-11 10:18:00+00:00,2024-01-09 03:14:00+00:00,2024-01-11 16:20:00+00:00,8,"AATB,APTY,DOMC,INVK,JUNG1,KERG,MXCO,NEWK",2,"MXCO,NEWK",4.73363619090226,4.091082912840516,8.46464086284918,core,supported_multi_station_candidate,A,False,2024
533,2024-01-16 14:16:00+00:00,2024-01-16 01:56:00+00:00,2024-01-15 04:42:00+00:00,2024-01-17 13:48:00+00:00,57.1,3,3,"AATB,APTY,NEWK",4.1525056551730986,5.342490995035596,6.048968751015104,2024-01-15 04:42:00+00:00,2024-01-16 01:58:00+00:00,2024-01-16 10:06:00+00:00,2024-01-17 13:48:00+00:00,6,"AATB,APTY,INVK,LMKS,NEWK,OULU",3,"INVK,LMKS,OULU",4.4237188682759685,4.1917232025910725,5.750627731017068,core,supported_multi_station_candidate,A,False,2024
535,2024-01-23 22:01:00+00:00,2024-01-22 23:39:00+00:00,2024-01-22 13:04:00+00:00,2024-01-24 12:18:00+00:00,47.233333333333334,4,4,"JUNG1,KERG,LMKS,MXCO",4.387090372828922,5.211073289998744,7.200706130582033,2024-01-22 13:04:00+00:00,2024-01-23 17:36:00+00:00,2024-01-23 17:00:00+00:00,2024-01-24 12:18:00+00:00,10,"AATB,APTY,DOMC,INVK,JUNG1,KERG,LMKS,MXCO,NEWK,OULU",6,"AATB,APTY,DOMC,INVK,NEWK,OULU",5.294195403368328,4.6518735967140525,11.563068514499108,core,supported_multi_station_candidate,A,False,2024
536,2024-01-27 00:12:00+00:00,2024-01-26 18:52:00+00:00,2024-01-26 18:52:00+00:00,2024-01-27 00:12:00+00:00,5.333333333333333,1,1,LMKS,2.568909303750151,2.568909303750151,14.289075507820339,2024-01-26 18:52:00+00:00,2024-01-26 18:52:00+00:00,2024-01-27 00:12:00+00:00,2024-01-27 00:12:00+00:00,2,"KERG,LMKS",1,KERG,3.5058260212370085,3.5058260212370085,4.442742738723866,core,supported_multi_station_candidate,B,True,2024
539,2024-02-02 21:38:00+00:00,2024-02-01 14:20:00+00:00,2024-01-31 03:56:00+00:00,2024-02-03 04:18:00+00:00,72.36666666666666,5,5,"APTY,INVK,KERG,LMKS,OULU",4.616184432834542,5.091806595848318,7.445355882969958,2024-01-31 03:56:00+00:00,2024-02-02 11:32:00+00:00,2024-01-31 23:52:00+00:00,2024-02-03 04:18:00+00:00,8,"AATB,APTY,DOMC,INVK,JUNG1,KERG,LMKS,OULU",3,"AATB,DOMC,JUNG1",4.9162150598634575,4.405787417813576,9.309615100229394,core,supported_multi_station_candidate,A,False,2024
540,2024-02-06 01:42:00+00:00,2024-02-04 18:20:00+00:00,2024-02-04 08:24:00+00:00,2024-02-06 02:58:00+00:00,42.56666666666667,3,3,"AATB,KERG,OULU",4.303990918410135,5.041420016919627,6.217175282415995,2024-02-04 08:24:00+00:00,2024-02-04 20:52:00+00:00,2024-02-05 15:14:00+00:00,2024-02-06 02:58:00+00:00,4,"AATB,APTY,KERG,OULU",1,APTY,4.2456986890127055,4.342168100688257,5.041420016919627,core,supported_multi_station_candidate,A,False,2024
541,2024-02-10 21:58:00+00:00,2024-02-10 02:29:00+00:00,2024-02-09 00:06:00+00:00,2024-02-11 16:08:00+00:00,64.03333333333333,4,4,"KERG,LMKS,MXCO,NEWK",4.3265642474648,4.672002718344189,7.46818661353005,2024-02-09 00:06:00+00:00,2024-02-11 03:46:00+00:00,2024-02-09 23:52:00+00:00,2024-02-11 16:08:00+00:00,9,"APTY,DOMC,INVK,JUNG1,KERG,LMKS,MXCO,NEWK,OULU",5,"APTY,DOMC,INVK,JUNG1,OULU",5.113613982578717,4.331940290348598,10.77499317528826,core,supported_multi_station_candidate,A,False,2024
542,2024-02-13 05:06:00+00:00,2024-02-12 22:32:00+00:00,2024-02-12 06:16:00+00:00,2024-02-13 09:22:00+00:00,27.1,5,5,"DOMC,INVK,LMKS,NEWK,OULU",5.868267119052456,10.71386298232521,6.809863786472778,2024-02-12 06:16:00+00:00,2024-02-13 01:06:00+00:00,2024-02-13 01:28:00+00:00,2024-02-13 09:22:00+00:00,7,"DOMC,INVK,JUNG1,KERG,LMKS,NEWK,OULU",2,"JUNG1,KERG",5.4046197748168066,4.739060113814272,10.71386298232521,core,supported_multi_station_candidate,A,False,2024
543,2024-02-15 01:22:00+00:00,2024-02-14 21:48:00+00:00,2024-02-14 21:48:00+00:00,2024-02-15 01:22:00+00:00,3.566666666666667,1,1,MXCO,3.8552633637742297,3.8552633637742297,4.805293325039422,2024-02-14 21:48:00+00:00,2024-02-14 21:48:00+00:00,2024-02-15 01:22:00+00:00,2024-02-15 01:22:00+00:00,6,"INVK,JUNG1,KERG,LMKS,MXCO,NEWK",5,"INVK,JUNG1,KERG,LMKS,NEWK",3.4509487995243187,3.3190912141523836,4.932265882619903,core,supported_multi_station_candidate,A,True,2024
544,2024-02-17 01:20:00+00:00,2024-02-16 11:30:00+00:00,2024-02-16 04:22:00+00:00,2024-02-18 22:08:00+00:00,65.76666666666667,3,3,"AATB,JUNG1,MXCO",3.76339032426695,4.34668599557027,7.1319016383598415,2024-02-16 04:22:00+00:00,2024-02-18 11:22:00+00:00,2024-02-16 21:24:00+00:00,2024-02-18 22:08:00+00:00,8,"AATB,APTY,INVK,JUNG1,LMKS,MXCO,NEWK,OULU",5,"APTY,INVK,LMKS,NEWK,OULU",4.073224631234179,4.144277967118056,5.523037364218099,core,supported_multi_station_candidate,A,False,2024
545,2024-02-21 02:44:00+00:00,2024-02-20 13:56:00+00:00,2024-02-20 05:36:00+00:00,2024-02-22 07:44:00+00:00,50.13333333333333,5,5,"INVK,JUNG1,KERG,NEWK,OULU",4.127074607139777,5.301414481166493,5.127387834908866,2024-02-20 05:36:00+00:00,2024-02-21 21:58:00+00:00,2024-02-20 09:14:00+00:00,2024-02-22 07:44:00+00:00,8,"AATB,APTY,INVK,JUNG1,KERG,LMKS,NEWK,OULU",3,"AATB,APTY,LMKS",4.266477378075378,4.0941373376641526,5.3367901601504535,core,supported_multi_station_candidate,A,False,2024
546,2024-02-25 23:32:00+00:00,2024-02-24 13:32:00+00:00,2024-02-24 09:24:00+00:00,2024-02-26 01:28:00+00:00,40.06666666666667,3,3,"APTY,JUNG1,LMKS",3.8167379168652604,4.115837580105832,7.794537723920937,2024-02-24 09:24:00+00:00,2024-02-25 10:10:00+00:00,2024-02-24 20:32:00+00:00,2024-02-26 01:28:00+00:00,7,"AATB,APTY,INVK,JUNG1,KERG,LMKS,OULU",4,"AATB,INVK,KERG,OULU",4.551099228219728,4.115837580105832,6.688409295630373,core,supported_multi_station_candidate,A,False,2024
547,2024-03-04 23:02:00+00:00,2024-03-03 20:46:00+00:00,2024-03-02 11:44:00+00:00,2024-03-05 22:30:00+00:00,82.76666666666667,7,7,"AATB,APTY,INVK,JUNG1,KERG,MXCO,NEWK",5.144637010534853,7.629840329566291,5.81909801082591,2024-03-02 11:44:00+00:00,2024-03-05 06:20:00+00:00,2024-03-03 11:28:00+00:00,2024-03-05 22:30:00+00:00,10,"AATB,APTY,DOMC,INVK,JUNG1,KERG,LMKS,MXCO,NEWK,OULU",3,"DOMC,LMKS,OULU",5.748049342533015,5.023100050261206,10.277516467692932,core,supported_multi_station_candidate,A,False,2024
548,2024-03-11 02:22:00+00:00,2024-03-10 08:00:00+00:00,2024-03-10 08:00:00+00:00,2024-03-11 02:22:00+00:00,18.366666666666667,1,1,KERG,3.6977085951162803,3.6977085951162803,5.895843727849668,2024-03-10 08:00:00+00:00,2024-03-10 08:00:00+00:00,2024-03-11 02:22:00+00:00,2024-03-11 02:22:00+00:00,2,"KERG,LMKS",1,LMKS,3.4872635944554604,3.4872635944554604,3.6977085951162803,core,supported_multi_station_candidate,B,True,2024
549,2024-03-15 02:44:00+00:00,2024-03-14 00:20:00+00:00,2024-03-13 18:18:00+00:00,2024-03-15 06:12:00+00:00,35.9,3,3,"APTY,DOMC,KERG",5.837031997919541,9.308311006519096,6.987406584852919,2024-03-13 18:18:00+00:00,2024-03-14 01:50:00+00:00,2024-03-14 02:06:00+00:00,2024-03-15 06:12:00+00:00,3,"APTY,DOMC,KERG",0,,5.837031997919541,4.223912252443826,9.308311006519096,core,supported_multi_station_candidate,B,False,2024
550,2024-03-16 19:59:00+00:00,2024-03-16 14:57:00+00:00,2024-03-16 03:16:00+00:00,2024-03-17 10:10:00+00:00,30.9,2,2,"JUNG1,KERG",4.110777008780333,4.540109434453885,7.8014417453898535,2024-03-16 03:16:00+00:00,2024-03-17 02:38:00+00:00,2024-03-16 05:48:00+00:00,2024-03-17 10:10:00+00:00,5,"AATB,INVK,JUNG1,KERG,LMKS",3,"AATB,INVK,LMKS",3.66420307798587,3.6814445831067806,4.540109434453885,core,supported_multi_station_candidate,A,False,2024
551,2024-03-21 03:47:00+00:00,2024-03-20 11:04:00+00:00,2024-03-19 16:46:00+00:00,2024-03-22 10:14:00+00:00,65.46666666666667,6,6,"AATB,INVK,JUNG1,KERG,LMKS,OULU",4.081194567461506,5.518995552769414,7.608102816740669,2024-03-19 16:46:00+00:00,2024-03-21 04:28:00+00:00,2024-03-20 04:16:00+00:00,2024-03-22 10:14:00+00:00,7,"AATB,INVK,JUNG1,KERG,LMKS,NEWK,OULU",1,NEWK,4.230828697554949,4.2414456346116785,5.518995552769414,core,supported_multi_station_candidate,A,False,2024
552,2024-03-24 23:22:00+00:00,2024-03-24 13:32:00+00:00,2024-03-23 14:58:00+00:00,2024-03-25 00:48:00+00:00,33.833333333333336,9,9,"AATB,APTY,DOMC,INVK,JUNG1,LMKS,MXCO,NEWK,OULU",12.72460089766811,18.29698663855447,6.891072567538704,2024-03-23 14:58:00+00:00,2024-03-24 22:20:00+00:00,2024-03-24 21:42:00+00:00,2024-03-25 00:48:00+00:00,10,"AATB,APTY,DOMC,INVK,JUNG1,KERG,LMKS,MXCO,NEWK,OULU",1,KERG,12.402529490712503,12.845155874756413,18.29698663855447,core,supported_multi_station_candidate,A,False,2024
553,2024-03-30 00:38:00+00:00,2024-03-29 06:26:00+00:00,2024-03-29 06:26:00+00:00,2024-03-30 00:38:00+00:00,18.2,1,1,KERG,4.396295377689945,4.396295377689945,8.66360366652121,2024-03-29 06:26:00+00:00,2024-03-29 06:26:00+00:00,2024-03-30 00:38:00+00:00,2024-03-30 00:38:00+00:00,2,"AATB,KERG",1,AATB,3.7331430034575606,3.7331430034575606,4.396295377689945,core,supported_multi_station_candidate,B,True,2024
555,2024-04-04 00:39:00+00:00,2024-04-03 03:50:00+00:00,2024-04-02 19:44:00+00:00,2024-04-04 02:00:00+00:00,30.266666666666666,2,2,"INVK,LMKS",4.125872741445935,4.183731774404589,6.692793519972506,2024-04-02 19:44:00+00:00,2024-04-03 11:56:00+00:00,2024-04-03 23:18:00+00:00,2024-04-04 02:00:00+00:00,5,"AATB,INVK,JUNG1,LMKS,MXCO",3,"AATB,JUNG1,MXCO",3.702349035274369,3.5854046168953744,4.183731774404589,core,supported_multi_station_candidate,A,False,2024
556,2024-04-06 07:52:00+00:00,2024-04-05 20:04:00+00:00,2024-04-04 16:42:00+00:00,2024-04-07 02:10:00+00:00,57.46666666666667,3,3,"KERG,LMKS,OULU",3.850536811547213,4.924525828341003,5.622578288976246,2024-04-04 16:42:00+00:00,2024-04-06 05:52:00+00:00,2024-04-06 03:08:00+00:00,2024-04-07 02:10:00+00:00,4,"AATB,KERG,LMKS,OULU",1,AATB,3.723794626530273,3.597055034399707,4.924525828341003,core,supported_multi_station_candidate,A,False,2024
557,2024-04-08 18:00:00+00:00,2024-04-08 03:14:00+00:00,2024-04-07 21:02:00+00:00,2024-04-09 06:54:00+00:00,33.86666666666667,3,3,"APTY,JUNG1,LMKS",3.512724191074573,4.352103527998578,4.198620459025495,2024-04-07 21:02:00+00:00,2024-04-08 05:52:00+00:00,2024-04-08 04:54:00+00:00,2024-04-09 06:54:00+00:00,7,"AATB,APTY,DOMC,INVK,JUNG1,KERG,LMKS",4,"AATB,DOMC,INVK,KERG",4.1740400388752725,3.7189259608074146,7.36642335847639,core,supported_multi_station_candidate,A,False,2024
558,2024-04-10 21:08:00+00:00,2024-04-10 01:18:00+00:00,2024-04-10 01:18:00+00:00,2024-04-10 21:08:00+00:00,19.833333333333332,1,1,LMKS,2.9693030897440074,2.9693030897440074,7.8417108707283605,2024-04-10 01:18:00+00:00,2024-04-10 01:18:00+00:00,2024-04-10 21:08:00+00:00,2024-04-10 21:08:00+00:00,2,"JUNG1,LMKS",1,JUNG1,3.2945792364451254,3.2945792364451254,3.619855383146244,core,supported_multi_station_candidate,B,True,2024
559,2024-04-14 06:30:00+00:00,2024-04-12 23:44:00+00:00,2024-04-12 23:24:00+00:00,2024-04-14 11:36:00+00:00,36.2,5,5,"APTY,JUNG1,KERG,NEWK,OULU",4.249329822820973,5.498664960190639,5.1868176898786515,2024-04-12 23:24:00+00:00,2024-04-13 17:32:00+00:00,2024-04-14 06:04:00+00:00,2024-04-14 11:36:00+00:00,7,"AATB,APTY,JUNG1,KERG,LMKS,NEWK,OULU",2,"AATB,LMKS",3.974576460617397,3.788284891751431,5.498664960190639,core,supported_multi_station_candidate,A,False,2024
560,2024-04-16 21:46:00+00:00,2024-04-16 11:48:00+00:00,2024-04-16 11:48:00+00:00,2024-04-16 21:46:00+00:00,9.966666666666667,1,1,APTY,3.7720127720589103,3.7720127720589103,5.061572288207267,2024-04-16 11:48:00+00:00,2024-04-16 11:48:00+00:00,2024-04-16 21:46:00+00:00,2024-04-16 21:46:00+00:00,3,"APTY,INVK,JUNG1",2,"INVK,JUNG1",4.326982218164917,4.577810211748234,4.631123670687606,core,supported_multi_station_candidate,B,True,2024
561,2024-04-18 22:44:00+00:00,2024-04-17 19:48:00+00:00,2024-04-17 19:48:00+00:00,2024-04-18 22:44:00+00:00,26.933333333333334,1,1,LMKS,2.906930662869153,2.906930662869153,5.940751276709925,2024-04-17 19:48:00+00:00,2024-04-17 19:48:00+00:00,2024-04-18 22:44:00+00:00,2024-04-18 22:44:00+00:00,2,"JUNG1,LMKS",1,JUNG1,3.0755052949666153,3.0755052949666153,3.2440799270640777,core,supported_multi_station_candidate,B,True,2024
562,2024-04-22 07:41:00+00:00,2024-04-21 18:52:00+00:00,2024-04-21 16:28:00+00:00,2024-04-22 11:36:00+00:00,19.133333333333333,2,2,"JUNG1,LMKS",3.378527940216223,3.675930525049866,4.707202581318425,2024-04-21 16:28:00+00:00,2024-04-21 21:16:00+00:00,2024-04-22 03:46:00+00:00,2024-04-22 11:36:00+00:00,6,"AATB,APTY,JUNG1,LMKS,MXCO,OULU",4,"AATB,APTY,MXCO,OULU",3.9930101924910253,3.6569991104904878,5.31901263694556,core,supported_multi_station_candidate,A,False,2024
563,2024-04-25 01:04:00+00:00,2024-04-24 08:02:00+00:00,2024-04-23 21:48:00+00:00,2024-04-25 03:40:00+00:00,29.866666666666667,4,4,"AATB,JUNG1,KERG,LMKS",3.796309155709526,4.44660912677262,7.120801165459579,2024-04-23 21:48:00+00:00,2024-04-24 22:32:00+00:00,2024-04-24 20:36:00+00:00,2024-04-25 03:40:00+00:00,4,"AATB,JUNG1,KERG,LMKS",0,,3.796309155709526,3.6539105672176486,4.44660912677262,core,supported_multi_station_candidate,A,False,2024
564,2024-04-27 16:12:00+00:00,2024-04-26 09:55:00+00:00,2024-04-25 23:48:00+00:00,2024-04-28 06:24:00+00:00,54.6,2,2,"AATB,KERG",3.7460900105771233,4.441823956501922,6.418778200207357,2024-04-25 23:48:00+00:00,2024-04-26 20:02:00+00:00,2024-04-27 02:00:00+00:00,2024-04-28 06:24:00+00:00,3,"AATB,APTY,KERG",1,APTY,3.819635094270103,3.966725261656064,4.441823956501922,core,supported_multi_station_candidate,B,False,2024
565,2024-05-01 10:52:00+00:00,2024-04-30 21:20:00+00:00,2024-04-30 17:36:00+00:00,2024-05-01 11:38:00+00:00,18.033333333333335,2,2,"AATB,KERG",3.665323489555223,4.093544890600663,6.871896546621199,2024-04-30 17:36:00+00:00,2024-05-01 01:04:00+00:00,2024-05-01 10:06:00+00:00,2024-05-01 11:38:00+00:00,6,"AATB,APTY,INVK,JUNG1,KERG,LMKS",4,"APTY,INVK,JUNG1,LMKS",3.612884071460154,3.654248025237445,4.168013387969237,core,supported_multi_station_candidate,A,False,2024
566,2024-05-05 10:16:00+00:00,2024-05-04 05:26:00+00:00,2024-05-02 23:26:00+00:00,2024-05-05 12:28:00+00:00,61.03333333333333,5,5,"AATB,APTY,JUNG1,LMKS,OULU",3.610634145479355,4.754992705957318,6.374491474307448,2024-05-02 23:26:00+00:00,2024-05-04 17:50:00+00:00,2024-05-04 02:02:00+00:00,2024-05-05 12:28:00+00:00,6,"AATB,APTY,JUNG1,LMKS,MXCO,OULU",1,MXCO,3.5402611817586984,3.2801742143702066,4.754992705957318,core,supported_multi_station_candidate,A,False,2024
567,2024-05-11 00:12:00+00:00,2024-05-09 19:18:00+00:00,2024-05-09 08:32:00+00:00,2024-05-11 18:22:00+00:00,57.833333333333336,7,7,"AATB,APTY,DOMC,KERG,LMKS,MXCO,OULU",11.437500998419127,20.031107269883353,5.057555535291576,2024-05-09 08:32:00+00:00,2024-05-10 22:42:00+00:00,2024-05-10 20:20:00+00:00,2024-05-11 18:22:00+00:00,10,"AATB,APTY,DOMC,INVK,JUNG1,KERG,LMKS,MXCO,NEWK,OULU",3,"INVK,JUNG1,NEWK",10.893885877219358,10.306643326413024,20.031107269883353,core,supported_multi_station_candidate,A,False,2024
568,2024-05-16 22:04:00+00:00,2024-05-15 23:51:00+00:00,2024-05-14 16:40:00+00:00,2024-05-18 15:40:00+00:00,95.0,6,6,"APTY,DOMC,INVK,KERG,LMKS,OULU",6.059766711148384,8.725519272402103,8.318303211033268,2024-05-14 16:40:00+00:00,2024-05-17 06:58:00+00:00,2024-05-16 00:34:00+00:00,2024-05-18 15:40:00+00:00,10,"AATB,APTY,DOMC,INVK,JUNG1,KERG,LMKS,MXCO,NEWK,OULU",4,"AATB,JUNG1,MXCO,NEWK",5.585871160952264,5.426414243882288,8.725519272402103,core,supported_multi_station_candidate,A,False,2024
569,2024-05-28 13:35:00+00:00,2024-05-27 22:55:00+00:00,2024-05-27 20:38:00+00:00,2024-05-28 21:16:00+00:00,24.633333333333333,2,2,"AATB,LMKS",3.7566456254160454,3.9321721955405637,6.60111341847224,2024-05-27 20:38:00+00:00,2024-05-28 01:12:00+00:00,2024-05-28 05:54:00+00:00,2024-05-28 21:16:00+00:00,9,"AATB,APTY,DOMC,INVK,JUNG1,KERG,LMKS,MXCO,OULU",7,"APTY,DOMC,INVK,JUNG1,KERG,MXCO,OULU",4.888030979803279,4.065507565953989,9.762154457346494,core,supported_multi_station_candidate,A,False,2024
570,2024-06-01 14:46:00+00:00,2024-05-31 14:30:00+00:00,2024-05-31 08:52:00+00:00,2024-06-02 22:42:00+00:00,61.833333333333336,5,5,"AATB,JUNG1,KERG,NEWK,OULU",4.215369621127168,5.565106268633368,8.042378872233913,2024-05-31 08:52:00+00:00,2024-06-01 13:46:00+00:00,2024-05-31 17:52:00+00:00,2024-06-02 22:42:00+00:00,9,"AATB,APTY,INVK,JUNG1,KERG,LMKS,MXCO,NEWK,OULU",4,"APTY,INVK,LMKS,MXCO",4.366828821180914,4.129969111804241,5.565106268633368,core,supported_multi_station_candidate,A,False,2024
571,2024-06-06 04:18:00+00:00,2024-06-04 22:38:00+00:00,2024-06-04 14:56:00+00:00,2024-06-06 04:50:00+00:00,37.9,3,3,"DOMC,LMKS,NEWK",5.9894003040221095,10.149946574481218,4.926394869016277,2024-06-04 14:56:00+00:00,2024-06-05 23:08:00+00:00,2024-06-05 23:12:00+00:00,2024-06-06 04:50:00+00:00,5,"AATB,DOMC,KERG,LMKS,NEWK",2,"AATB,KERG",5.248194202843349,4.979647605730173,10.149946574481218,core,supported_multi_station_candidate,A,False,2024
572,2024-06-11 15:23:00+00:00,2024-06-10 10:26:00+00:00,2024-06-10 07:34:00+00:00,2024-06-11 18:00:00+00:00,34.43333333333333,2,2,"AATB,KERG",3.5311534800532405,4.0834104387725825,7.957600280468956,2024-06-10 07:34:00+00:00,2024-06-10 13:18:00+00:00,2024-06-11 12:46:00+00:00,2024-06-11 18:00:00+00:00,5,"AATB,APTY,INVK,JUNG1,KERG",3,"APTY,INVK,JUNG1",3.791331441852767,3.765155497399747,5.2700103670166865,core,supported_multi_station_candidate,A,False,2024
573,2024-06-16 16:24:00+00:00,2024-06-15 06:34:00+00:00,2024-06-14 14:58:00+00:00,2024-06-17 09:30:00+00:00,66.53333333333333,9,9,"AATB,APTY,INVK,JUNG1,KERG,LMKS,MXCO,NEWK,OULU",4.67980604545835,5.534909994171712,6.309590933079348,2024-06-14 14:58:00+00:00,2024-06-16 06:30:00+00:00,2024-06-16 00:46:00+00:00,2024-06-17 09:30:00+00:00,10,"AATB,APTY,DOMC,INVK,JUNG1,KERG,LMKS,MXCO,NEWK,OULU",1,DOMC,5.254373535161174,4.88854072959184,10.425480942486596,core,supported_multi_station_candidate,A,False,2024
574,2024-06-23 05:34:00+00:00,2024-06-22 08:39:00+00:00,2024-06-21 04:20:00+00:00,2024-06-23 18:38:00+00:00,62.3,6,6,"AATB,INVK,JUNG1,KERG,MXCO,OULU",4.230819028888973,5.358612403653905,6.700814201599166,2024-06-21 04:20:00+00:00,2024-06-23 14:44:00+00:00,2024-06-22 15:10:00+00:00,2024-06-23 18:38:00+00:00,7,"AATB,INVK,JUNG1,KERG,LMKS,MXCO,OULU",1,LMKS,3.9003300450970286,4.301134214716838,5.358612403653905,core,supported_multi_station_candidate,A,False,2024
575,2024-06-27 05:20:00+00:00,2024-06-25 23:22:00+00:00,2024-06-25 03:36:00+00:00,2024-06-27 09:26:00+00:00,53.833333333333336,5,5,"AATB,INVK,JUNG1,KERG,NEWK",4.13907465388435,5.5771942474595075,6.5495647352946715,2024-06-25 03:36:00+00:00,2024-06-27 01:06:00+00:00,2024-06-26 06:36:00+00:00,2024-06-27 09:26:00+00:00,9,"AATB,APTY,INVK,JUNG1,KERG,LMKS,MXCO,NEWK,OULU",4,"APTY,LMKS,MXCO,OULU",4.186061367094098,4.102996442361363,5.5771942474595075,core,supported_multi_station_candidate,A,False,2024
576,2024-06-28 19:48:00+00:00,2024-06-28 18:28:00+00:00,2024-06-28 18:28:00+00:00,2024-06-28 19:48:00+00:00,1.3333333333333333,1,1,KERG,3.047113270619565,3.047113270619565,4.191413845793981,2024-06-28 18:28:00+00:00,2024-06-28 18:28:00+00:00,2024-06-28 19:48:00+00:00,2024-06-28 19:48:00+00:00,5,"AATB,KERG,LMKS,NEWK,OULU",4,"AATB,LMKS,NEWK,OULU",4.076031627760126,3.7503230275764112,5.282226884372604,core,supported_multi_station_candidate,A,True,2024
577,2024-07-04 20:01:00+00:00,2024-07-04 04:53:00+00:00,2024-07-02 23:22:00+00:00,2024-07-05 01:30:00+00:00,50.13333333333333,6,6,"AATB,DOMC,INVK,JUNG1,KERG,NEWK",6.138842526985321,9.327414328654559,4.871681250653545,2024-07-02 23:22:00+00:00,2024-07-04 15:26:00+00:00,2024-07-04 09:10:00+00:00,2024-07-05 01:30:00+00:00,10,"AATB,APTY,DOMC,INVK,JUNG1,KERG,LMKS,MXCO,NEWK,OULU",4,"APTY,LMKS,MXCO,OULU",5.7515030811885435,5.646111722625025,9.327414328654559,core,supported_multi_station_candidate,A,False,2024
580,2024-07-14 01:46:00+00:00,2024-07-13 01:54:00+00:00,2024-07-13 01:54:00+00:00,2024-07-14 01:46:00+00:00,23.866666666666667,1,1,APTY,3.73381820331739,3.73381820331739,6.9038269142338775,2024-07-13 01:54:00+00:00,2024-07-13 01:54:00+00:00,2024-07-14 01:46:00+00:00,2024-07-14 01:46:00+00:00,4,"AATB,APTY,JUNG1,LMKS",3,"AATB,JUNG1,LMKS",3.0841279248364204,3.0168058595977225,3.73381820331739,core,supported_multi_station_candidate,A,True,2024
581,2024-07-16 18:45:00+00:00,2024-07-16 05:40:00+00:00,2024-07-16 02:36:00+00:00,2024-07-16 20:40:00+00:00,18.066666666666666,2,2,"AATB,KERG",3.2168882867707893,3.6049227860489275,5.9244138488485385,2024-07-16 02:36:00+00:00,2024-07-16 08:44:00+00:00,2024-07-16 16:50:00+00:00,2024-07-16 20:40:00+00:00,4,"AATB,KERG,LMKS,NEWK",2,"LMKS,NEWK",3.7950618821928432,3.2816027828692675,5.788188175540187,core,supported_multi_station_candidate,A,False,2024
582,2024-07-20 16:00:00+00:00,2024-07-19 15:16:00+00:00,2024-07-19 13:46:00+00:00,2024-07-20 23:02:00+00:00,33.266666666666666,2,2,"KERG,LMKS",3.715873923073199,4.57562186177205,4.691556221072166,2024-07-19 13:46:00+00:00,2024-07-19 16:46:00+00:00,2024-07-20 08:58:00+00:00,2024-07-20 23:02:00+00:00,7,"AATB,APTY,JUNG1,KERG,LMKS,MXCO,NEWK",5,"AATB,APTY,JUNG1,MXCO,NEWK",4.022453136460551,3.8142213587644207,5.889308435993815,core,supported_multi_station_candidate,A,False,2024
583,2024-07-24 03:20:00+00:00,2024-07-23 01:36:00+00:00,2024-07-22 22:40:00+00:00,2024-07-24 05:12:00+00:00,30.533333333333335,3,3,"AATB,JUNG1,KERG",4.046940054596891,4.234452790133735,4.224334134691143,2024-07-22 22:40:00+00:00,2024-07-23 20:32:00+00:00,2024-07-23 23:12:00+00:00,2024-07-24 05:12:00+00:00,9,"AATB,APTY,INVK,JUNG1,KERG,LMKS,MXCO,NEWK,OULU",6,"APTY,INVK,LMKS,MXCO,NEWK,OULU",4.859026625573048,4.382755306518964,8.11964725560033,core,supported_multi_station_candidate,A,False,2024
584,2024-07-28 10:54:00+00:00,2024-07-27 17:48:00+00:00,2024-07-27 17:48:00+00:00,2024-07-28 10:54:00+00:00,17.1,1,1,LMKS,2.4894292614933144,2.4894292614933144,5.673175822602,2024-07-27 17:48:00+00:00,2024-07-27 17:48:00+00:00,2024-07-28 10:54:00+00:00,2024-07-28 10:54:00+00:00,4,"AATB,JUNG1,KERG,LMKS",3,"AATB,JUNG1,KERG",3.233733496584375,3.2182660278981765,4.008972669047832,core,supported_multi_station_candidate,A,True,2024
585,2024-07-31 22:57:00+00:00,2024-07-30 19:12:00+00:00,2024-07-29 00:06:00+00:00,2024-08-01 14:38:00+00:00,86.53333333333333,8,8,"AATB,DOMC,INVK,JUNG1,KERG,MXCO,NEWK,OULU",6.038985808907209,11.269569098914484,5.743304840695629,2024-07-29 00:06:00+00:00,2024-07-31 07:32:00+00:00,2024-07-30 07:46:00+00:00,2024-08-01 14:38:00+00:00,10,"AATB,APTY,DOMC,INVK,JUNG1,KERG,LMKS,MXCO,NEWK,OULU",2,"APTY,LMKS",5.794817645881786,4.847146924671989,11.269569098914484,core,supported_multi_station_candidate,A,False,2024
586,2024-08-07 03:20:00+00:00,2024-08-06 02:03:00+00:00,2024-08-04 23:20:00+00:00,2024-08-07 08:40:00+00:00,57.333333333333336,4,4,"AATB,KERG,LMKS,NEWK",4.579837965331308,6.85435581623291,7.000692128517327,2024-08-04 23:20:00+00:00,2024-08-07 00:06:00+00:00,2024-08-06 00:04:00+00:00,2024-08-07 08:40:00+00:00,8,"AATB,APTY,INVK,JUNG1,KERG,LMKS,NEWK,OULU",4,"APTY,INVK,JUNG1,OULU",4.489140629236158,4.067128594042601,6.85435581623291,core,supported_multi_station_candidate,A,False,2024
587,2024-08-11 13:06:00+00:00,2024-08-10 17:50:00+00:00,2024-08-07 20:48:00+00:00,2024-08-12 18:24:00+00:00,117.6,7,7,"AATB,APTY,DOMC,JUNG1,MXCO,NEWK,OULU",6.3725455437068055,11.055303201242806,6.0642717129451835,2024-08-07 20:48:00+00:00,2024-08-11 15:28:00+00:00,2024-08-09 00:36:00+00:00,2024-08-12 18:24:00+00:00,10,"AATB,APTY,DOMC,INVK,JUNG1,KERG,LMKS,MXCO,NEWK,OULU",3,"INVK,KERG,LMKS",6.406986289131976,6.167564542347234,11.055303201242806,core,supported_multi_station_candidate,A,False,2024
588,2024-08-15 14:19:00+00:00,2024-08-15 01:57:00+00:00,2024-08-14 09:56:00+00:00,2024-08-15 21:00:00+00:00,35.06666666666667,4,4,"APTY,INVK,KERG,NEWK",4.750981197324247,6.126021740935625,7.359686401683216,2024-08-14 09:56:00+00:00,2024-08-15 09:56:00+00:00,2024-08-15 06:24:00+00:00,2024-08-15 21:00:00+00:00,8,"AATB,APTY,INVK,JUNG1,KERG,LMKS,NEWK,OULU",4,"AATB,JUNG1,LMKS,OULU",4.334072953110907,4.139979071013379,6.126021740935625,core,supported_multi_station_candidate,A,False,2024
589,2024-08-18 00:22:00+00:00,2024-08-17 19:59:00+00:00,2024-08-17 09:04:00+00:00,2024-08-19 16:14:00+00:00,55.166666666666664,4,4,"AATB,APTY,KERG,LMKS",3.700441928398525,4.440904370361974,5.531845773527604,2024-08-17 09:04:00+00:00,2024-08-18 15:02:00+00:00,2024-08-17 23:20:00+00:00,2024-08-19 16:14:00+00:00,8,"AATB,APTY,INVK,JUNG1,KERG,LMKS,NEWK,OULU",4,"INVK,JUNG1,NEWK,OULU",4.089301773286962,4.16538569507053,5.2581378700936625,core,supported_multi_station_candidate,A,False,2024
590,2024-08-23 02:40:00+00:00,2024-08-21 18:10:00+00:00,2024-08-21 16:06:00+00:00,2024-08-23 12:08:00+00:00,44.03333333333333,6,6,"INVK,KERG,LMKS,MXCO,NEWK,OULU",5.140834199894903,6.18283097816361,6.031659693469998,2024-08-21 16:06:00+00:00,2024-08-22 17:50:00+00:00,2024-08-22 17:52:00+00:00,2024-08-23 12:08:00+00:00,10,"AATB,APTY,DOMC,INVK,JUNG1,KERG,LMKS,MXCO,NEWK,OULU",4,"AATB,APTY,DOMC,JUNG1",5.35851411149712,5.100199179757643,9.533773426011738,core,supported_multi_station_candidate,A,False,2024
591,2024-08-29 10:04:00+00:00,2024-08-28 14:46:00+00:00,2024-08-26 14:42:00+00:00,2024-08-30 15:04:00+00:00,96.36666666666666,8,8,"AATB,APTY,INVK,JUNG1,KERG,MXCO,NEWK,OULU",4.730804622862983,6.247278086301414,7.72281635613098,2024-08-26 14:42:00+00:00,2024-08-29 15:28:00+00:00,2024-08-27 21:16:00+00:00,2024-08-30 15:04:00+00:00,9,"AATB,APTY,INVK,JUNG1,KERG,LMKS,MXCO,NEWK,OULU",1,LMKS,4.510971291364349,4.429218047951078,6.247278086301414,core,supported_multi_station_candidate,A,False,2024
592,2024-08-31 22:24:00+00:00,2024-08-31 17:58:00+00:00,2024-08-31 17:58:00+00:00,2024-08-31 22:24:00+00:00,4.433333333333334,1,1,LMKS,3.0897071823427344,3.0897071823427344,5.282659699272995,2024-08-31 17:58:00+00:00,2024-08-31 17:58:00+00:00,2024-08-31 22:24:00+00:00,2024-08-31 22:24:00+00:00,4,"DOMC,KERG,LMKS,NEWK",3,"DOMC,KERG,NEWK",5.3619152203274965,4.251085203499853,9.979139529231622,core,supported_multi_station_candidate,A,True,2024
593,2024-09-05 03:38:00+00:00,2024-09-04 03:40:00+00:00,2024-09-03 10:22:00+00:00,2024-09-05 20:42:00+00:00,58.333333333333336,7,7,"APTY,INVK,JUNG1,KERG,LMKS,NEWK,OULU",5.678294365401117,7.547209113593815,5.29155009672038,2024-09-03 10:22:00+00:00,2024-09-04 15:44:00+00:00,2024-09-04 19:06:00+00:00,2024-09-05 20:42:00+00:00,9,"APTY,DOMC,INVK,JUNG1,KERG,LMKS,MXCO,NEWK,OULU",2,"DOMC,MXCO",6.141609604129203,5.772488695230714,10.001911854877163,core,supported_multi_station_candidate,A,False,2024
594,2024-09-09 23:50:00+00:00,2024-09-09 12:46:00+00:00,2024-09-09 12:46:00+00:00,2024-09-09 23:50:00+00:00,11.066666666666666,1,1,JUNG1,4.759169859564233,4.759169859564233,8.608735872633845,2024-09-09 12:46:00+00:00,2024-09-09 12:46:00+00:00,2024-09-09 23:50:00+00:00,2024-09-09 23:50:00+00:00,2,"AATB,JUNG1",1,AATB,4.003161474690198,4.003161474690198,4.759169859564233,core,supported_multi_station_candidate,B,True,2024
595,2024-09-13 01:36:00+00:00,2024-09-12 09:30:00+00:00,2024-09-11 10:00:00+00:00,2024-09-13 23:36:00+00:00,61.6,7,7,"DOMC,INVK,JUNG1,KERG,LMKS,NEWK,OULU",5.261534237706208,9.025176578017385,5.462831496389795,2024-09-11 10:00:00+00:00,2024-09-13 03:16:00+00:00,2024-09-12 14:14:00+00:00,2024-09-13 23:36:00+00:00,10,"AATB,APTY,DOMC,INVK,JUNG1,KERG,LMKS,MXCO,NEWK,OULU",3,"AATB,APTY,MXCO",4.849785544825993,4.40095308253418,9.025176578017385,core,supported_multi_station_candidate,A,False,2024
596,2024-09-17 13:59:00+00:00,2024-09-16 20:42:00+00:00,2024-09-15 11:44:00+00:00,2024-09-18 06:16:00+00:00,66.53333333333333,6,6,"AATB,APTY,DOMC,INVK,JUNG1,LMKS",5.901412034452757,12.028931169574019,7.844636523247822,2024-09-15 11:44:00+00:00,2024-09-17 09:36:00+00:00,2024-09-16 07:02:00+00:00,2024-09-18 06:16:00+00:00,10,"AATB,APTY,DOMC,INVK,JUNG1,KERG,LMKS,MXCO,NEWK,OULU",4,"KERG,MXCO,NEWK,OULU",5.903112938986898,5.753384554417448,12.028931169574019,core,supported_multi_station_candidate,A,False,2024
597,2024-09-22 05:34:00+00:00,2024-09-21 16:11:00+00:00,2024-09-21 06:22:00+00:00,2024-09-22 12:24:00+00:00,30.033333333333335,2,2,"INVK,NEWK",4.17869147701143,4.488034807031358,7.034145099491455,2024-09-21 06:22:00+00:00,2024-09-22 02:00:00+00:00,2024-09-21 22:44:00+00:00,2024-09-22 12:24:00+00:00,7,"AATB,APTY,INVK,KERG,LMKS,NEWK,OULU",5,"AATB,APTY,KERG,LMKS,OULU",4.155344653455038,4.316263749640573,5.644970642305472,core,supported_multi_station_candidate,A,False,2024
598,2024-09-26 04:24:00+00:00,2024-09-25 11:29:00+00:00,2024-09-24 15:36:00+00:00,2024-09-27 02:50:00+00:00,59.233333333333334,8,8,"AATB,APTY,DOMC,JUNG1,LMKS,MXCO,NEWK,OULU",5.214116977586723,9.369138261436,6.760878023277886,2024-09-24 15:36:00+00:00,2024-09-26 06:34:00+00:00,2024-09-25 18:52:00+00:00,2024-09-27 02:50:00+00:00,10,"AATB,APTY,DOMC,INVK,JUNG1,KERG,LMKS,MXCO,NEWK,OULU",2,"INVK,KERG",4.989952662514161,4.134890204640024,9.369138261436,core,supported_multi_station_candidate,A,False,2024
599,2024-10-01 02:14:00+00:00,2024-09-30 07:22:00+00:00,2024-09-28 12:44:00+00:00,2024-10-02 03:26:00+00:00,86.7,5,5,"APTY,JUNG1,KERG,LMKS,NEWK",4.342868285381199,5.611304187760788,6.330986378871383,2024-09-28 12:44:00+00:00,2024-10-01 19:10:00+00:00,2024-09-29 23:52:00+00:00,2024-10-02 03:26:00+00:00,6,"APTY,INVK,JUNG1,KERG,LMKS,NEWK",1,INVK,4.210781492335919,3.7499303569233278,5.611304187760788,core,supported_multi_station_candidate,A,False,2024
600,2024-10-06 23:40:00+00:00,2024-10-06 07:14:00+00:00,2024-10-05 19:02:00+00:00,2024-10-07 05:00:00+00:00,33.96666666666667,5,5,"AATB,APTY,DOMC,KERG,NEWK",8.128726173211446,13.391695405561455,5.9255079727195845,2024-10-05 19:02:00+00:00,2024-10-07 01:10:00+00:00,2024-10-06 19:44:00+00:00,2024-10-07 05:00:00+00:00,10,"AATB,APTY,DOMC,INVK,JUNG1,KERG,LMKS,MXCO,NEWK,OULU",5,"INVK,JUNG1,LMKS,MXCO,OULU",7.862758486206876,7.585058833587242,13.391695405561455,core,supported_multi_station_candidate,A,False,2024
601,2024-10-11 03:36:00+00:00,2024-10-10 14:14:00+00:00,2024-10-10 01:06:00+00:00,2024-10-11 07:20:00+00:00,30.233333333333334,5,5,"AATB,APTY,JUNG1,KERG,NEWK",6.801227830122808,8.469985000156054,7.063184058334895,2024-10-10 01:06:00+00:00,2024-10-11 05:40:00+00:00,2024-10-10 19:58:00+00:00,2024-10-11 07:20:00+00:00,9,"AATB,APTY,DOMC,JUNG1,KERG,LMKS,MXCO,NEWK,OULU",4,"DOMC,LMKS,MXCO,OULU",8.19049454831758,7.548640774534421,16.957844870774302,core,supported_multi_station_candidate,A,False,2024
602,2024-10-17 18:30:00+00:00,2024-10-16 20:44:00+00:00,2024-10-16 04:20:00+00:00,2024-10-19 06:08:00+00:00,73.8,7,7,"AATB,APTY,DOMC,JUNG1,KERG,LMKS,OULU",5.642523731372237,11.655937218627662,5.538114762164672,2024-10-16 04:20:00+00:00,2024-10-18 14:56:00+00:00,2024-10-17 04:36:00+00:00,2024-10-19 06:08:00+00:00,9,"AATB,APTY,DOMC,JUNG1,KERG,LMKS,MXCO,NEWK,OULU",2,"MXCO,NEWK",5.617752798498754,4.767890247586727,11.655937218627662,core,supported_multi_station_candidate,A,False,2024
603,2024-10-28 11:02:00+00:00,2024-10-27 04:44:00+00:00,2024-10-25 16:48:00+00:00,2024-10-29 05:32:00+00:00,84.73333333333333,7,7,"AATB,DOMC,INVK,JUNG1,LMKS,MXCO,NEWK",6.607249901209344,13.456018970444395,4.9406020221176,2024-10-25 16:48:00+00:00,2024-10-28 10:36:00+00:00,2024-10-27 03:34:00+00:00,2024-10-29 05:32:00+00:00,10,"AATB,APTY,DOMC,INVK,JUNG1,KERG,LMKS,MXCO,NEWK,OULU",3,"APTY,KERG,OULU",6.606185749726897,6.042551927535214,13.456018970444395,core,supported_multi_station_candidate,A,False,2024
604,2024-11-04 19:32:00+00:00,2024-11-04 17:36:00+00:00,2024-11-04 17:36:00+00:00,2024-11-04 19:32:00+00:00,1.9333333333333333,1,1,AATB,2.409757463049827,2.409757463049827,4.458315949901621,2024-11-04 17:36:00+00:00,2024-11-04 17:36:00+00:00,2024-11-04 19:32:00+00:00,2024-11-04 19:32:00+00:00,2,"AATB,NEWK",1,NEWK,4.518074025060438,4.518074025060438,6.6263905870710476,core,supported_multi_station_candidate,B,True,2024
605,2024-11-08 04:54:00+00:00,2024-11-06 18:16:00+00:00,2024-11-05 17:08:00+00:00,2024-11-08 16:42:00+00:00,71.56666666666666,7,7,"DOMC,INVK,KERG,LMKS,MXCO,NEWK,OULU",5.848301907575981,11.30162909507112,7.478833378922518,2024-11-05 17:08:00+00:00,2024-11-08 02:28:00+00:00,2024-11-06 15:50:00+00:00,2024-11-08 16:42:00+00:00,10,"AATB,APTY,DOMC,INVK,JUNG1,KERG,LMKS,MXCO,NEWK,OULU",3,"AATB,APTY,JUNG1",5.727032234864691,5.564961865893897,11.30162909507112,core,supported_multi_station_candidate,A,False,2024
606,2024-11-10 23:36:00+00:00,2024-11-10 05:22:00+00:00,2024-11-10 05:22:00+00:00,2024-11-10 23:36:00+00:00,18.233333333333334,1,1,AATB,2.8701789465455665,2.8701789465455665,5.174534875379894,2024-11-10 05:22:00+00:00,2024-11-10 05:22:00+00:00,2024-11-10 23:36:00+00:00,2024-11-10 23:36:00+00:00,4,"AATB,JUNG1,LMKS,NEWK",3,"JUNG1,LMKS,NEWK",3.599418493341358,3.1077912581334806,5.311912510552904,core,supported_multi_station_candidate,A,True,2024
607,2024-11-16 05:10:00+00:00,2024-11-15 08:12:00+00:00,2024-11-15 08:12:00+00:00,2024-11-16 05:10:00+00:00,20.966666666666665,1,1,JUNG1,2.9249062787159223,2.9249062787159223,6.531781351978548,2024-11-15 08:12:00+00:00,2024-11-15 08:12:00+00:00,2024-11-16 05:10:00+00:00,2024-11-16 05:10:00+00:00,3,"DOMC,JUNG1,KERG",2,"DOMC,KERG",5.8548928401681755,4.554712600949307,10.085059640839297,core,supported_multi_station_candidate,B,True,2024
608,2024-11-19 00:28:00+00:00,2024-11-18 03:56:00+00:00,2024-11-18 01:54:00+00:00,2024-11-19 15:00:00+00:00,37.1,3,3,"KERG,LMKS,OULU",4.288276273832763,5.6749013739639125,5.908560372532501,2024-11-18 01:54:00+00:00,2024-11-18 19:46:00+00:00,2024-11-19 00:02:00+00:00,2024-11-19 15:00:00+00:00,5,"AATB,APTY,KERG,LMKS,OULU",2,"AATB,APTY",3.961599725310607,4.076775108815626,5.6749013739639125,core,supported_multi_station_candidate,A,False,2024
609,2024-11-21 22:54:00+00:00,2024-11-21 02:37:00+00:00,2024-11-20 05:12:00+00:00,2024-11-22 09:34:00+00:00,52.36666666666667,4,4,"INVK,JUNG1,LMKS,MXCO",4.570137754342463,5.0452819526062305,5.987215475076929,2024-11-20 05:12:00+00:00,2024-11-21 18:08:00+00:00,2024-11-21 14:22:00+00:00,2024-11-22 09:34:00+00:00,8,"AATB,INVK,JUNG1,KERG,LMKS,MXCO,NEWK,OULU",4,"AATB,KERG,NEWK,OULU",4.620121990655472,4.399628602372394,5.879058985132789,core,supported_multi_station_candidate,A,False,2024
611,2024-11-25 12:10:00+00:00,2024-11-25 04:18:00+00:00,2024-11-25 04:18:00+00:00,2024-11-25 12:10:00+00:00,7.866666666666666,1,1,JUNG1,4.120541190146941,4.120541190146941,6.889606742173556,2024-11-25 04:18:00+00:00,2024-11-25 04:18:00+00:00,2024-11-25 12:10:00+00:00,2024-11-25 12:10:00+00:00,7,"AATB,APTY,INVK,JUNG1,KERG,NEWK,OULU",6,"AATB,APTY,INVK,KERG,NEWK,OULU",4.344036702549643,4.123487699294288,5.090753290297249,core,supported_multi_station_candidate,A,True,2024
612,2024-11-29 16:34:00+00:00,2024-11-28 20:15:00+00:00,2024-11-28 09:10:00+00:00,2024-11-29 21:02:00+00:00,35.86666666666667,4,4,"APTY,DOMC,INVK,KERG",7.261474585370416,12.806838321551137,4.9576763318607435,2024-11-28 09:10:00+00:00,2024-11-29 02:14:00+00:00,2024-11-29 10:40:00+00:00,2024-11-29 21:02:00+00:00,10,"AATB,APTY,DOMC,INVK,JUNG1,KERG,LMKS,MXCO,NEWK,OULU",6,"AATB,JUNG1,LMKS,MXCO,NEWK,OULU",6.623935509282961,6.090971724657844,12.806838321551137,core,supported_multi_station_candidate,A,False,2024
613,2024-12-04 21:38:00+00:00,2024-12-03 13:30:00+00:00,2024-12-02 22:58:00+00:00,2024-12-05 19:54:00+00:00,68.93333333333334,5,5,"INVK,JUNG1,KERG,LMKS,NEWK",4.621166297714212,6.0607567020028394,5.993650997120823,2024-12-02 22:58:00+00:00,2024-12-05 09:02:00+00:00,2024-12-04 09:10:00+00:00,2024-12-05 19:54:00+00:00,9,"AATB,APTY,INVK,JUNG1,KERG,LMKS,MXCO,NEWK,OULU",4,"AATB,APTY,MXCO,OULU",5.066733406306266,5.672577745406642,6.1903566693116785,core,supported_multi_station_candidate,A,False,2024
614,2024-12-09 23:22:00+00:00,2024-12-09 02:56:00+00:00,2024-12-08 04:08:00+00:00,2024-12-10 22:36:00+00:00,66.46666666666667,3,3,"JUNG1,LMKS,OULU",3.834404340140228,5.223015136743161,8.037683231010332,2024-12-08 04:08:00+00:00,2024-12-09 23:38:00+00:00,2024-12-09 04:30:00+00:00,2024-12-10 22:36:00+00:00,3,"JUNG1,LMKS,OULU",0,,3.834404340140228,3.803122175216852,5.223015136743161,core,supported_multi_station_candidate,B,False,2024
615,2024-12-17 16:17:00+00:00,2024-12-16 15:26:00+00:00,2024-12-15 22:26:00+00:00,2024-12-17 23:48:00+00:00,49.36666666666667,8,8,"AATB,APTY,DOMC,INVK,JUNG1,KERG,LMKS,NEWK",5.83972417409443,10.41780655358919,7.987075451832785,2024-12-15 22:26:00+00:00,2024-12-17 16:10:00+00:00,2024-12-17 09:56:00+00:00,2024-12-17 23:48:00+00:00,10,"AATB,APTY,DOMC,INVK,JUNG1,KERG,LMKS,MXCO,NEWK,OULU",2,"MXCO,OULU",5.760567908275529,5.638542738306853,10.41780655358919,core,supported_multi_station_candidate,A,False,2024
616,2024-12-22 12:56:00+00:00,2024-12-21 01:34:00+00:00,2024-12-20 13:12:00+00:00,2024-12-22 20:34:00+00:00,55.36666666666667,5,5,"AATB,APTY,INVK,JUNG1,MXCO",4.403020946300279,5.744988381236728,7.629621373488388,2024-12-20 13:12:00+00:00,2024-12-22 09:30:00+00:00,2024-12-22 00:24:00+00:00,2024-12-22 20:34:00+00:00,10,"AATB,APTY,DOMC,INVK,JUNG1,KERG,LMKS,MXCO,NEWK,OULU",5,"DOMC,KERG,LMKS,NEWK,OULU",5.651019488979885,4.756368886333546,11.77803238663559,core,supported_multi_station_candidate,A,False,2024
617,2024-12-23 21:22:00+00:00,2024-12-23 11:40:00+00:00,2024-12-23 11:40:00+00:00,2024-12-23 21:22:00+00:00,9.7,1,1,KERG,3.515909613655564,3.515909613655564,2.993356873079871,2024-12-23 11:40:00+00:00,2024-12-23 11:40:00+00:00,2024-12-23 21:22:00+00:00,2024-12-23 21:22:00+00:00,2,"KERG,LMKS",1,LMKS,3.084479646414528,3.084479646414528,3.515909613655564,core,supported_multi_station_candidate,B,True,2024
618,2025-01-01 12:16:00+00:00,2024-12-31 15:33:00+00:00,2024-12-31 10:42:00+00:00,2025-01-01 22:42:00+00:00,36.0,6,6,"AATB,APTY,INVK,KERG,LMKS,NEWK",4.9781055300598815,6.513053255488893,4.652752961924432,2024-12-31 10:42:00+00:00,2025-01-01 02:30:00+00:00,2025-01-01 07:38:00+00:00,2025-01-01 22:42:00+00:00,9,"AATB,APTY,INVK,JUNG1,KERG,LMKS,MXCO,NEWK,OULU",3,"JUNG1,MXCO,OULU",5.278219830543034,4.812360574331166,7.6746721538679745,core,supported_multi_station_candidate,A,False,2025
620,2025-01-08 08:54:00+00:00,2025-01-07 15:34:00+00:00,2025-01-07 15:34:00+00:00,2025-01-08 08:54:00+00:00,17.333333333333332,1,1,LMKS,6.223886995607186,6.223886995607186,7.313396008516055,2025-01-07 15:34:00+00:00,2025-01-07 15:34:00+00:00,2025-01-08 08:54:00+00:00,2025-01-08 08:54:00+00:00,2,"JUNG1,LMKS",1,JUNG1,5.684045212987599,5.684045212987599,6.223886995607186,core,supported_multi_station_candidate,B,True,2025
621,2025-01-13 13:17:00+00:00,2025-01-12 05:18:00+00:00,2025-01-11 19:14:00+00:00,2025-01-14 02:14:00+00:00,55.0,2,2,"APTY,OULU",5.691192748693076,6.482687634625426,8.478619189482325,2025-01-11 19:14:00+00:00,2025-01-12 15:22:00+00:00,2025-01-13 00:20:00+00:00,2025-01-14 02:14:00+00:00,9,"AATB,APTY,DOMC,INVK,JUNG1,KERG,LMKS,NEWK,OULU",7,"AATB,DOMC,INVK,JUNG1,KERG,LMKS,NEWK",6.459408844671555,5.4277925531334175,14.392393645932605,core,supported_multi_station_candidate,A,False,2025
622,2025-01-17 08:09:00+00:00,2025-01-16 01:18:00+00:00,2025-01-15 22:44:00+00:00,2025-01-17 21:22:00+00:00,46.63333333333333,4,4,"AATB,DOMC,INVK,KERG",6.02509217603807,10.890407149989551,4.7071812224325456,2025-01-15 22:44:00+00:00,2025-01-17 07:12:00+00:00,2025-01-16 19:14:00+00:00,2025-01-17 21:22:00+00:00,7,"AATB,DOMC,INVK,JUNG1,KERG,LMKS,NEWK",3,"JUNG1,LMKS,NEWK",5.207749137702328,4.186153981526413,10.890407149989551,core,supported_multi_station_candidate,A,False,2025
623,2025-01-20 23:55:00+00:00,2025-01-20 12:51:00+00:00,2025-01-19 23:54:00+00:00,2025-01-22 00:00:00+00:00,48.1,4,4,"APTY,JUNG1,KERG,OULU",4.920315583255791,6.352180232649017,5.8846835260915356,2025-01-19 23:54:00+00:00,2025-01-20 21:36:00+00:00,2025-01-20 17:18:00+00:00,2025-01-22 00:00:00+00:00,7,"AATB,APTY,JUNG1,KERG,LMKS,MXCO,OULU",3,"AATB,LMKS,MXCO",4.51025869671237,4.455166507504043,6.352180232649017,core,supported_multi_station_candidate,A,False,2025
624,2025-01-26 17:44:00+00:00,2025-01-26 08:30:00+00:00,2025-01-24 05:00:00+00:00,2025-01-27 20:58:00+00:00,87.96666666666667,3,3,"AATB,KERG,LMKS",3.5025286676891754,4.2476202100468,7.908204120136577,2025-01-24 05:00:00+00:00,2025-01-26 21:54:00+00:00,2025-01-25 02:12:00+00:00,2025-01-27 20:58:00+00:00,5,"AATB,JUNG1,KERG,LMKS,MXCO",2,"JUNG1,MXCO",3.366182175180223,3.1586259586403385,4.2476202100468,core,supported_multi_station_candidate,A,False,2025
625,2025-01-29 13:46:00+00:00,2025-01-28 09:08:00+00:00,2025-01-28 09:08:00+00:00,2025-01-29 13:46:00+00:00,28.633333333333333,1,1,OULU,6.433964620161399,6.433964620161399,13.195661764944392,2025-01-28 09:08:00+00:00,2025-01-28 09:08:00+00:00,2025-01-29 13:46:00+00:00,2025-01-29 13:46:00+00:00,4,"APTY,KERG,LMKS,OULU",3,"APTY,KERG,LMKS",4.396658581434195,4.057326572198887,6.433964620161399,core,supported_multi_station_candidate,A,True,2025
626,2025-02-01 11:42:00+00:00,2025-01-31 04:06:00+00:00,2025-01-30 13:34:00+00:00,2025-02-03 01:40:00+00:00,84.1,7,7,"AATB,DOMC,INVK,JUNG1,LMKS,NEWK,OULU",5.606811803280089,9.871416042575074,7.929459100403089,2025-01-30 13:34:00+00:00,2025-02-02 00:26:00+00:00,2025-02-01 01:22:00+00:00,2025-02-03 01:40:00+00:00,10,"AATB,APTY,DOMC,INVK,JUNG1,KERG,LMKS,MXCO,NEWK,OULU",3,"APTY,KERG,MXCO",5.371968554430296,4.829436250745511,9.871416042575074,core,supported_multi_station_candidate,A,False,2025
627,2025-02-09 12:46:00+00:00,2025-02-08 12:08:00+00:00,2025-02-08 01:40:00+00:00,2025-02-11 04:16:00+00:00,74.6,5,5,"AATB,INVK,MXCO,NEWK,OULU",4.700776691762341,5.999240064411109,5.9968568296154485,2025-02-08 01:40:00+00:00,2025-02-09 21:50:00+00:00,2025-02-08 14:56:00+00:00,2025-02-11 04:16:00+00:00,9,"AATB,DOMC,INVK,JUNG1,KERG,LMKS,MXCO,NEWK,OULU",4,"DOMC,JUNG1,KERG,LMKS",4.91109281487391,4.367533409385019,8.88617459080524,core,supported_multi_station_candidate,A,False,2025
628,2025-02-16 03:10:00+00:00,2025-02-14 18:54:00+00:00,2025-02-13 03:40:00+00:00,2025-02-16 21:24:00+00:00,89.73333333333333,5,5,"APTY,INVK,JUNG1,KERG,NEWK",4.872836845149548,6.480752452254856,6.8751019287660835,2025-02-13 03:40:00+00:00,2025-02-16 02:24:00+00:00,2025-02-14 06:50:00+00:00,2025-02-16 21:24:00+00:00,10,"AATB,APTY,DOMC,INVK,JUNG1,KERG,LMKS,MXCO,NEWK,OULU",5,"AATB,DOMC,LMKS,MXCO,OULU",5.116705801478082,4.7519683969935995,8.645490636171644,core,supported_multi_station_candidate,A,False,2025
629,2025-02-19 19:58:00+00:00,2025-02-18 23:44:00+00:00,2025-02-17 23:04:00+00:00,2025-02-20 06:00:00+00:00,54.93333333333333,5,5,"AATB,JUNG1,KERG,MXCO,NEWK",4.509587278439337,5.939594492468158,4.673543189765942,2025-02-17 23:04:00+00:00,2025-02-19 15:26:00+00:00,2025-02-19 07:32:00+00:00,2025-02-20 06:00:00+00:00,7,"AATB,APTY,JUNG1,KERG,LMKS,MXCO,NEWK",2,"APTY,LMKS",4.523659425722741,4.437049333822051,5.939594492468158,core,supported_multi_station_candidate,A,False,2025
630,2025-02-24 22:56:00+00:00,2025-02-24 10:29:00+00:00,2025-02-23 04:52:00+00:00,2025-02-25 22:30:00+00:00,65.63333333333334,4,4,"AATB,DOMC,LMKS,NEWK",5.748411775561407,11.23516671895522,6.262024433986172,2025-02-23 04:52:00+00:00,2025-02-24 18:54:00+00:00,2025-02-23 21:52:00+00:00,2025-02-25 22:30:00+00:00,7,"AATB,DOMC,JUNG1,KERG,LMKS,MXCO,NEWK",3,"JUNG1,KERG,MXCO",4.9431634151879615,3.740796991689769,11.23516671895522,core,supported_multi_station_candidate,A,False,2025
632,2025-03-01 00:30:00+00:00,2025-02-28 16:36:00+00:00,2025-02-28 12:00:00+00:00,2025-03-01 00:34:00+00:00,12.566666666666666,2,2,"DOMC,KERG",6.036064084118932,8.077597155698266,7.088718032617905,2025-02-28 12:00:00+00:00,2025-02-28 21:12:00+00:00,2025-03-01 00:26:00+00:00,2025-03-01 00:34:00+00:00,4,"AATB,APTY,DOMC,KERG",2,"AATB,APTY",4.722477493239241,3.796160282252886,8.077597155698266,core,supported_multi_station_candidate,A,False,2025
633,2025-03-05 03:10:00+00:00,2025-03-04 09:20:00+00:00,2025-03-04 05:08:00+00:00,2025-03-05 08:36:00+00:00,27.466666666666665,3,3,"KERG,LMKS,OULU",4.784268470568206,5.93693905802971,5.794600929081561,2025-03-04 05:08:00+00:00,2025-03-04 10:06:00+00:00,2025-03-05 00:14:00+00:00,2025-03-05 08:36:00+00:00,7,"AATB,APTY,INVK,JUNG1,KERG,LMKS,OULU",4,"AATB,APTY,INVK,JUNG1",3.970535221689692,3.501473015849716,5.93693905802971,core,supported_multi_station_candidate,A,False,2025
634,2025-03-09 00:26:00+00:00,2025-03-07 14:32:00+00:00,2025-03-07 14:32:00+00:00,2025-03-09 00:26:00+00:00,33.9,1,1,LMKS,3.3218736960436006,3.3218736960436006,6.854552835672017,2025-03-07 14:32:00+00:00,2025-03-07 14:32:00+00:00,2025-03-09 00:26:00+00:00,2025-03-09 00:26:00+00:00,2,"KERG,LMKS",1,KERG,3.2299176806462677,3.2299176806462677,3.3218736960436006,core,supported_multi_station_candidate,B,True,2025
635,2025-03-10 14:52:00+00:00,2025-03-10 06:19:00+00:00,2025-03-09 13:20:00+00:00,2025-03-11 06:14:00+00:00,40.9,4,4,"APTY,JUNG1,KERG,MXCO",3.95724490178317,4.439325150938554,6.301284708410742,2025-03-09 13:20:00+00:00,2025-03-11 01:36:00+00:00,2025-03-10 06:00:00+00:00,2025-03-11 06:14:00+00:00,7,"AATB,APTY,JUNG1,KERG,LMKS,MXCO,NEWK",3,"AATB,LMKS,NEWK",4.273672690822046,4.284769588323873,5.692751051095483,core,supported_multi_station_candidate,A,False,2025
636,2025-03-15 05:38:00+00:00,2025-03-13 23:04:00+00:00,2025-03-13 12:04:00+00:00,2025-03-15 18:12:00+00:00,54.13333333333333,3,3,"APTY,INVK,NEWK",4.526425181625165,5.026962261173622,6.981600930798795,2025-03-13 12:04:00+00:00,2025-03-14 12:20:00+00:00,2025-03-14 16:50:00+00:00,2025-03-15 18:12:00+00:00,9,"AATB,APTY,DOMC,INVK,JUNG1,KERG,MXCO,NEWK,OULU",6,"AATB,DOMC,JUNG1,KERG,MXCO,OULU",5.190228759585803,4.709938959545662,9.1381774893695,core,supported_multi_station_candidate,A,False,2025
637,2025-03-18 16:46:00+00:00,2025-03-17 12:44:00+00:00,2025-03-16 16:56:00+00:00,2025-03-20 06:16:00+00:00,85.33333333333333,7,7,"APTY,INVK,JUNG1,KERG,LMKS,MXCO,OULU",4.432120952092625,5.291468389725086,6.399180223412882,2025-03-16 16:56:00+00:00,2025-03-19 20:24:00+00:00,2025-03-17 19:10:00+00:00,2025-03-20 06:16:00+00:00,8,"AATB,APTY,INVK,JUNG1,KERG,LMKS,MXCO,OULU",1,AATB,4.262024197573769,4.437905632075571,5.291468389725086,core,supported_multi_station_candidate,A,False,2025
638,2025-03-22 06:36:00+00:00,2025-03-21 10:35:00+00:00,2025-03-21 01:30:00+00:00,2025-03-22 12:10:00+00:00,34.666666666666664,8,8,"AATB,APTY,DOMC,INVK,JUNG1,MXCO,NEWK,OULU",5.631442926246736,10.295015190863694,6.879789169898068,2025-03-21 01:30:00+00:00,2025-03-22 01:54:00+00:00,2025-03-21 19:12:00+00:00,2025-03-22 12:10:00+00:00,10,"AATB,APTY,DOMC,INVK,JUNG1,KERG,LMKS,MXCO,NEWK,OULU",2,"KERG,LMKS",5.383879272128199,4.8446398948925,10.295015190863694,core,supported_multi_station_candidate,A,False,2025
639,2025-03-24 08:32:00+00:00,2025-03-23 16:32:00+00:00,2025-03-23 16:16:00+00:00,2025-03-25 02:08:00+00:00,33.86666666666667,3,3,"AATB,DOMC,OULU",5.735237205752184,9.54899705645893,9.876807811967073,2025-03-23 16:16:00+00:00,2025-03-24 09:54:00+00:00,2025-03-24 05:48:00+00:00,2025-03-25 02:08:00+00:00,9,"AATB,DOMC,INVK,JUNG1,KERG,LMKS,MXCO,NEWK,OULU",6,"INVK,JUNG1,KERG,LMKS,MXCO,NEWK",5.094293211513499,4.63370455443525,9.54899705645893,core,supported_multi_station_candidate,A,False,2025
640,2025-04-01 13:50:00+00:00,2025-03-31 12:56:00+00:00,2025-03-30 04:04:00+00:00,2025-04-02 05:20:00+00:00,73.26666666666667,7,7,"AATB,APTY,INVK,JUNG1,KERG,LMKS,NEWK",4.893310469026686,6.347816277442417,6.393396111043436,2025-03-30 04:04:00+00:00,2025-04-01 04:26:00+00:00,2025-03-30 16:14:00+00:00,2025-04-02 05:20:00+00:00,10,"AATB,APTY,DOMC,INVK,JUNG1,KERG,LMKS,MXCO,NEWK,OULU",3,"DOMC,MXCO,OULU",5.855595394312384,5.53625647979813,11.9001986587438,core,supported_multi_station_candidate,A,False,2025
641,2025-04-06 12:14:00+00:00,2025-04-05 21:07:00+00:00,2025-04-05 10:50:00+00:00,2025-04-07 00:26:00+00:00,37.6,2,2,"KERG,LMKS",7.832291520854811,11.327356752974932,6.795163933058349,2025-04-05 10:50:00+00:00,2025-04-06 07:24:00+00:00,2025-04-06 00:02:00+00:00,2025-04-07 00:26:00+00:00,2,"KERG,LMKS",0,,7.832291520854811,7.832291520854811,11.327356752974932,core,supported_multi_station_candidate,B,False,2025
642,2025-04-09 11:06:00+00:00,2025-04-09 03:48:00+00:00,2025-04-08 10:48:00+00:00,2025-04-10 07:50:00+00:00,45.03333333333333,2,2,"INVK,LMKS",3.760864761295442,3.826698245637037,7.130184122503415,2025-04-08 10:48:00+00:00,2025-04-09 20:48:00+00:00,2025-04-08 14:22:00+00:00,2025-04-10 07:50:00+00:00,2,"INVK,LMKS",0,,3.760864761295442,3.760864761295442,3.826698245637037,core,supported_multi_station_candidate,B,False,2025
643,2025-04-13 07:10:00+00:00,2025-04-11 19:50:00+00:00,2025-04-11 19:50:00+00:00,2025-04-13 07:10:00+00:00,35.333333333333336,1,1,OULU,5.50725157604802,5.50725157604802,6.752884923257257,2025-04-11 19:50:00+00:00,2025-04-11 19:50:00+00:00,2025-04-13 07:10:00+00:00,2025-04-13 07:10:00+00:00,8,"AATB,APTY,DOMC,JUNG1,KERG,MXCO,NEWK,OULU",7,"AATB,APTY,DOMC,JUNG1,KERG,MXCO,NEWK",5.0640854403142495,4.809612407611024,9.172581926391317,core,supported_multi_station_candidate,A,True,2025
644,2025-04-16 02:03:00+00:00,2025-04-15 06:08:00+00:00,2025-04-14 11:14:00+00:00,2025-04-16 05:06:00+00:00,41.86666666666667,6,6,"INVK,KERG,LMKS,MXCO,NEWK,OULU",5.9239022107877295,7.48891940331327,8.947977013757546,2025-04-14 11:14:00+00:00,2025-04-15 19:10:00+00:00,2025-04-14 22:16:00+00:00,2025-04-16 05:06:00+00:00,10,"AATB,APTY,DOMC,INVK,JUNG1,KERG,LMKS,MXCO,NEWK,OULU",4,"AATB,APTY,DOMC,JUNG1",6.3586794550894625,6.194589001574547,11.621469303272306,core,supported_multi_station_candidate,A,False,2025
645,2025-04-22 06:50:00+00:00,2025-04-21 05:39:00+00:00,2025-04-20 10:26:00+00:00,2025-04-24 01:58:00+00:00,87.53333333333333,4,4,"AATB,INVK,JUNG1,KERG",4.430803455506165,5.035627357825149,6.549212724430843,2025-04-20 10:26:00+00:00,2025-04-22 22:30:00+00:00,2025-04-21 21:48:00+00:00,2025-04-24 01:58:00+00:00,8,"AATB,APTY,INVK,JUNG1,KERG,LMKS,MXCO,OULU",4,"APTY,LMKS,MXCO,OULU",4.25106037131152,4.2892237278415255,5.035627357825149,core,supported_multi_station_candidate,A,False,2025
646,2025-04-25 17:14:00+00:00,2025-04-25 00:10:00+00:00,2025-04-24 20:10:00+00:00,2025-04-25 22:56:00+00:00,26.766666666666666,2,2,"JUNG1,LMKS",4.318592119819945,4.83058269671254,5.650266598982769,2025-04-24 20:10:00+00:00,2025-04-25 04:10:00+00:00,2025-04-25 11:32:00+00:00,2025-04-25 22:56:00+00:00,4,"JUNG1,LMKS,MXCO,NEWK",2,"MXCO,NEWK",4.424911277603042,4.318592119819945,5.576890118530174,core,supported_multi_station_candidate,A,False,2025
647,2025-04-29 20:10:00+00:00,2025-04-28 17:24:00+00:00,2025-04-28 17:24:00+00:00,2025-04-29 20:10:00+00:00,26.766666666666666,1,1,KERG,3.434668691492722,3.434668691492722,9.145772766445065,2025-04-28 17:24:00+00:00,2025-04-28 17:24:00+00:00,2025-04-29 20:10:00+00:00,2025-04-29 20:10:00+00:00,2,"KERG,LMKS",1,LMKS,3.247503426012454,3.247503426012454,3.434668691492722,core,supported_multi_station_candidate,B,True,2025
648,2025-05-04 03:10:00+00:00,2025-05-02 17:58:00+00:00,2025-05-02 05:44:00+00:00,2025-05-04 07:06:00+00:00,49.36666666666667,3,3,"AATB,DOMC,JUNG1",5.901056811215988,9.894070318242894,6.710935752726821,2025-05-02 05:44:00+00:00,2025-05-03 20:04:00+00:00,2025-05-02 23:46:00+00:00,2025-05-04 07:06:00+00:00,7,"AATB,APTY,DOMC,JUNG1,KERG,LMKS,MXCO",4,"APTY,KERG,LMKS,MXCO",4.668003989658307,3.9576479379699356,9.894070318242894,core,supported_multi_station_candidate,A,False,2025
650,2025-05-09 22:49:00+00:00,2025-05-08 15:04:00+00:00,2025-05-08 08:58:00+00:00,2025-05-10 02:56:00+00:00,41.96666666666667,2,2,"APTY,KERG",4.436326877351475,4.596454819489699,3.1338612385376163,2025-05-08 08:58:00+00:00,2025-05-08 21:10:00+00:00,2025-05-09 18:42:00+00:00,2025-05-10 02:56:00+00:00,8,"AATB,APTY,DOMC,JUNG1,KERG,LMKS,MXCO,NEWK",6,"AATB,DOMC,JUNG1,LMKS,MXCO,NEWK",4.960736843621026,4.2032058570605475,10.953564847412366,core,supported_multi_station_candidate,A,False,2025
651,2025-05-12 11:22:00+00:00,2025-05-11 14:18:00+00:00,2025-05-11 04:44:00+00:00,2025-05-13 04:32:00+00:00,47.8,3,3,"APTY,DOMC,OULU",6.370851395819997,9.424102304770946,6.701561522045995,2025-05-11 04:44:00+00:00,2025-05-12 09:20:00+00:00,2025-05-11 23:50:00+00:00,2025-05-13 04:32:00+00:00,9,"AATB,APTY,DOMC,JUNG1,KERG,LMKS,MXCO,NEWK,OULU",6,"AATB,JUNG1,KERG,LMKS,MXCO,NEWK",4.753163795596068,4.4570708001136214,9.424102304770946,core,supported_multi_station_candidate,A,False,2025
652,2025-05-17 13:15:00+00:00,2025-05-16 22:36:00+00:00,2025-05-15 22:36:00+00:00,2025-05-17 22:20:00+00:00,47.733333333333334,4,4,"KERG,LMKS,MXCO,OULU",3.949497800553578,5.103200226984038,5.8208847954249245,2025-05-15 22:36:00+00:00,2025-05-17 10:52:00+00:00,2025-05-17 07:32:00+00:00,2025-05-17 22:20:00+00:00,6,"AATB,APTY,KERG,LMKS,MXCO,OULU",2,"AATB,APTY",3.9221454280591073,3.8496130312855197,5.103200226984038,core,supported_multi_station_candidate,A,False,2025
653,2025-05-20 02:00:00+00:00,2025-05-19 23:20:00+00:00,2025-05-19 14:04:00+00:00,2025-05-20 02:18:00+00:00,12.233333333333333,3,3,"APTY,LMKS,OULU",3.9254348159337837,4.6485808327756795,7.266524031898517,2025-05-19 14:04:00+00:00,2025-05-20 00:46:00+00:00,2025-05-20 01:30:00+00:00,2025-05-20 02:18:00+00:00,8,"AATB,APTY,JUNG1,KERG,LMKS,MXCO,NEWK,OULU",5,"AATB,JUNG1,KERG,MXCO,NEWK",3.7629857713623025,3.5501086010126457,4.897329983165916,core,supported_multi_station_candidate,A,False,2025
654,2025-05-24 05:38:00+00:00,2025-05-22 22:08:00+00:00,2025-05-21 18:52:00+00:00,2025-05-24 21:00:00+00:00,74.13333333333334,3,3,"APTY,KERG,LMKS",4.110914134226667,4.9542848565473525,4.663990401215891,2025-05-21 18:52:00+00:00,2025-05-23 14:50:00+00:00,2025-05-23 01:22:00+00:00,2025-05-24 21:00:00+00:00,4,"APTY,JUNG1,KERG,LMKS",1,JUNG1,3.964081774062989,3.6892287730663247,4.9542848565473525,core,supported_multi_station_candidate,A,False,2025
655,2025-05-29 14:03:00+00:00,2025-05-28 17:03:00+00:00,2025-05-28 04:02:00+00:00,2025-05-29 22:42:00+00:00,42.666666666666664,2,2,"APTY,LMKS",4.565287853240317,4.669492360559355,6.388922087363589,2025-05-28 04:02:00+00:00,2025-05-29 06:04:00+00:00,2025-05-29 05:24:00+00:00,2025-05-29 22:42:00+00:00,7,"AATB,APTY,INVK,JUNG1,LMKS,MXCO,OULU",5,"AATB,INVK,JUNG1,MXCO,OULU",4.203497293802075,4.053140359668014,5.647821621072944,core,supported_multi_station_candidate,A,False,2025
656,2025-06-01 16:02:00+00:00,2025-05-31 21:02:00+00:00,2025-05-31 09:14:00+00:00,2025-06-02 10:52:00+00:00,49.63333333333333,5,5,"APTY,DOMC,INVK,LMKS,NEWK",10.278400977212174,18.430720457840692,7.160403587908209,2025-05-31 09:14:00+00:00,2025-06-01 15:50:00+00:00,2025-06-01 09:30:00+00:00,2025-06-02 10:52:00+00:00,10,"AATB,APTY,DOMC,INVK,JUNG1,KERG,LMKS,MXCO,NEWK,OULU",5,"AATB,JUNG1,KERG,MXCO,OULU",8.891227154547433,8.792221786260562,18.430720457840692,core,supported_multi_station_candidate,A,False,2025
658,2025-06-08 19:10:00+00:00,2025-06-08 06:05:00+00:00,2025-06-07 17:18:00+00:00,2025-06-09 00:42:00+00:00,31.4,4,4,"JUNG1,LMKS,NEWK,OULU",6.8084193585748665,9.525595689076786,7.155095055492371,2025-06-07 17:18:00+00:00,2025-06-08 12:56:00+00:00,2025-06-08 10:00:00+00:00,2025-06-09 00:42:00+00:00,8,"AATB,APTY,DOMC,JUNG1,LMKS,MXCO,NEWK,OULU",4,"AATB,APTY,DOMC,MXCO",6.47914653509226,5.9340000821151255,10.153879758816046,core,supported_multi_station_candidate,A,False,2025
659,2025-06-12 10:49:00+00:00,2025-06-11 12:24:00+00:00,2025-06-10 01:04:00+00:00,2025-06-13 14:26:00+00:00,85.36666666666666,8,8,"AATB,DOMC,INVK,JUNG1,LMKS,MXCO,NEWK,OULU",6.911071798807715,12.74961871309146,6.242046019366594,2025-06-10 01:04:00+00:00,2025-06-12 15:56:00+00:00,2025-06-11 03:46:00+00:00,2025-06-13 14:26:00+00:00,10,"AATB,APTY,DOMC,INVK,JUNG1,KERG,LMKS,MXCO,NEWK,OULU",2,"APTY,KERG",6.807110995832581,6.121529221817206,12.74961871309146,core,supported_multi_station_candidate,A,False,2025
660,2025-06-17 17:00:00+00:00,2025-06-17 01:34:00+00:00,2025-06-16 02:22:00+00:00,2025-06-18 08:52:00+00:00,54.5,3,3,"INVK,JUNG1,LMKS",5.550796471479374,8.701828340249643,9.621973902057341,2025-06-16 02:22:00+00:00,2025-06-17 10:50:00+00:00,2025-06-17 13:36:00+00:00,2025-06-18 08:52:00+00:00,5,"INVK,JUNG1,LMKS,NEWK,OULU",2,"NEWK,OULU",5.32237758043369,4.626928050152913,8.701828340249643,core,supported_multi_station_candidate,A,False,2025
661,2025-06-20 04:18:00+00:00,2025-06-18 23:04:00+00:00,2025-06-18 21:52:00+00:00,2025-06-20 07:44:00+00:00,33.86666666666667,3,3,"JUNG1,KERG,NEWK",4.59387135920723,5.14555131453282,6.175751960832675,2025-06-18 21:52:00+00:00,2025-06-19 09:30:00+00:00,2025-06-20 00:50:00+00:00,2025-06-20 07:44:00+00:00,9,"AATB,APTY,INVK,JUNG1,KERG,LMKS,MXCO,NEWK,OULU",6,"AATB,APTY,INVK,LMKS,MXCO,OULU",4.441503889438733,4.194215675224329,5.8010618424184734,core,supported_multi_station_candidate,A,False,2025
663,2025-06-25 14:20:00+00:00,2025-06-24 06:18:00+00:00,2025-06-24 06:18:00+00:00,2025-06-25 14:20:00+00:00,32.03333333333333,1,1,KERG,3.475009015123967,3.475009015123967,4.41768180544394,2025-06-24 06:18:00+00:00,2025-06-24 06:18:00+00:00,2025-06-25 14:20:00+00:00,2025-06-25 14:20:00+00:00,2,"KERG,LMKS",1,LMKS,3.1826123576545395,3.1826123576545395,3.475009015123967,core,supported_multi_station_candidate,B,True,2025
664,2025-06-27 23:14:00+00:00,2025-06-27 04:48:00+00:00,2025-06-26 23:24:00+00:00,2025-06-28 21:26:00+00:00,46.03333333333333,2,2,"JUNG1,LMKS",2.9556770932780196,3.1963983959479068,9.399604014043401,2025-06-26 23:24:00+00:00,2025-06-27 10:12:00+00:00,2025-06-27 01:02:00+00:00,2025-06-28 21:26:00+00:00,3,"JUNG1,LMKS,NEWK",1,NEWK,3.9363349013819167,3.1963983959479068,5.897650517589709,core,supported_multi_station_candidate,B,False,2025
665,2025-07-03 02:50:00+00:00,2025-07-01 22:38:00+00:00,2025-07-01 22:38:00+00:00,2025-07-03 02:50:00+00:00,28.2,1,1,KERG,4.779419617322401,4.779419617322401,11.859082924728247,2025-07-01 22:38:00+00:00,2025-07-01 22:38:00+00:00,2025-07-03 02:50:00+00:00,2025-07-03 02:50:00+00:00,3,"DOMC,KERG,LMKS",2,"DOMC,LMKS",5.267034946530919,4.779419617322401,8.573997295000025,core,supported_multi_station_candidate,B,True,2025
666,2025-07-04 20:50:00+00:00,2025-07-04 17:24:00+00:00,2025-07-04 17:24:00+00:00,2025-07-04 20:50:00+00:00,3.433333333333333,1,1,JUNG1,3.268507394872945,3.268507394872945,5.6554678017811195,2025-07-04 17:24:00+00:00,2025-07-04 17:24:00+00:00,2025-07-04 20:50:00+00:00,2025-07-04 20:50:00+00:00,3,"APTY,JUNG1,LMKS",2,"APTY,LMKS",3.5613706940423904,3.268507394872945,4.551687578025442,core,supported_multi_station_candidate,B,True,2025
667,2025-07-10 06:47:00+00:00,2025-07-09 07:23:00+00:00,2025-07-09 01:52:00+00:00,2025-07-11 08:26:00+00:00,54.56666666666667,4,4,"APTY,KERG,LMKS,OULU",4.874028216253564,5.58802300855355,5.50426619519979,2025-07-09 01:52:00+00:00,2025-07-10 17:28:00+00:00,2025-07-10 05:10:00+00:00,2025-07-11 08:26:00+00:00,8,"AATB,APTY,INVK,KERG,LMKS,MXCO,NEWK,OULU",4,"AATB,INVK,MXCO,NEWK",5.273829461330337,4.310002751472341,11.707726139461347,core,supported_multi_station_candidate,A,False,2025
668,2025-07-15 01:12:00+00:00,2025-07-14 14:46:00+00:00,2025-07-12 18:08:00+00:00,2025-07-15 12:08:00+00:00,66.0,3,3,"INVK,JUNG1,OULU",4.366933584549385,5.737623843712927,7.240290520691432,2025-07-12 18:08:00+00:00,2025-07-15 07:08:00+00:00,2025-07-14 05:42:00+00:00,2025-07-15 12:08:00+00:00,8,"AATB,APTY,INVK,JUNG1,KERG,LMKS,NEWK,OULU",5,"AATB,APTY,KERG,LMKS,NEWK",4.11385485067361,4.000424828049388,6.163469330053109,core,supported_multi_station_candidate,A,False,2025
669,2025-07-22 01:06:00+00:00,2025-07-20 21:50:00+00:00,2025-07-20 21:50:00+00:00,2025-07-22 01:06:00+00:00,27.266666666666666,1,1,JUNG1,4.003581414519054,4.003581414519054,4.164477957019991,2025-07-20 21:50:00+00:00,2025-07-20 21:50:00+00:00,2025-07-22 01:06:00+00:00,2025-07-22 01:06:00+00:00,4,"AATB,INVK,JUNG1,LMKS",3,"AATB,INVK,LMKS",3.36485487568636,3.487593058015446,4.003581414519054,core,supported_multi_station_candidate,A,True,2025
670,2025-07-26 20:32:00+00:00,2025-07-25 13:03:00+00:00,2025-07-25 04:58:00+00:00,2025-07-27 17:14:00+00:00,60.266666666666666,8,8,"AATB,APTY,DOMC,INVK,KERG,LMKS,NEWK,OULU",5.81208514387428,10.955144919574485,6.957801685346643,2025-07-25 04:58:00+00:00,2025-07-26 10:40:00+00:00,2025-07-26 00:56:00+00:00,2025-07-27 17:14:00+00:00,10,"AATB,APTY,DOMC,INVK,JUNG1,KERG,LMKS,MXCO,NEWK,OULU",2,"JUNG1,MXCO",5.757057376311655,5.103483660974052,10.955144919574485,core,supported_multi_station_candidate,A,False,2025
672,2025-08-05 05:04:00+00:00,2025-08-03 21:14:00+00:00,2025-08-03 21:14:00+00:00,2025-08-05 05:04:00+00:00,31.833333333333332,1,1,OULU,4.5873412281618,4.5873412281618,12.711906421869136,2025-08-03 21:14:00+00:00,2025-08-03 21:14:00+00:00,2025-08-05 05:04:00+00:00,2025-08-05 05:04:00+00:00,3,"KERG,LMKS,OULU",2,"KERG,LMKS",3.3824455540768015,3.038802717280019,4.5873412281618,core,supported_multi_station_candidate,B,True,2025
673,2025-08-08 03:54:00+00:00,2025-08-07 14:22:00+00:00,2025-08-07 14:22:00+00:00,2025-08-08 03:54:00+00:00,13.533333333333333,1,1,APTY,4.41342905234958,4.41342905234958,6.200673076175987,2025-08-07 14:22:00+00:00,2025-08-07 14:22:00+00:00,2025-08-08 03:54:00+00:00,2025-08-08 03:54:00+00:00,5,"AATB,APTY,JUNG1,KERG,LMKS",4,"AATB,JUNG1,KERG,LMKS",3.5816268095301687,3.427416060194089,4.41342905234958,core,supported_multi_station_candidate,A,True,2025
674,2025-08-12 12:26:00+00:00,2025-08-11 20:33:00+00:00,2025-08-11 16:30:00+00:00,2025-08-12 17:08:00+00:00,24.633333333333333,2,2,"JUNG1,KERG",3.797934295206044,3.9264196083979495,5.0337625061459885,2025-08-11 16:30:00+00:00,2025-08-12 00:36:00+00:00,2025-08-12 07:44:00+00:00,2025-08-12 17:08:00+00:00,2,"JUNG1,KERG",0,,3.797934295206044,3.797934295206044,3.9264196083979495,core,supported_multi_station_candidate,B,False,2025
675,2025-08-14 14:44:00+00:00,2025-08-14 14:40:00+00:00,2025-08-14 14:40:00+00:00,2025-08-14 14:44:00+00:00,0.06666666666666667,1,1,AATB,2.6081267766770657,2.6081267766770657,7.587763626769492,2025-08-14 14:40:00+00:00,2025-08-14 14:40:00+00:00,2025-08-14 14:44:00+00:00,2025-08-14 14:44:00+00:00,2,"AATB,JUNG1",1,JUNG1,3.0306284374169987,3.0306284374169987,3.453130098156932,core,supported_multi_station_candidate,B,True,2025
676,2025-08-24 02:30:00+00:00,2025-08-23 15:52:00+00:00,2025-08-23 15:52:00+00:00,2025-08-24 02:30:00+00:00,10.633333333333333,1,1,LMKS,3.6820374666496876,3.6820374666496876,5.39527412068594,2025-08-23 15:52:00+00:00,2025-08-23 15:52:00+00:00,2025-08-24 02:30:00+00:00,2025-08-24 02:30:00+00:00,2,"LMKS,OULU",1,OULU,4.413993129127955,4.413993129127955,5.145948791606223,core,supported_multi_station_candidate,B,True,2025
677,2025-08-26 23:30:00+00:00,2025-08-26 03:38:00+00:00,2025-08-24 16:14:00+00:00,2025-08-27 05:06:00+00:00,60.86666666666667,5,5,"AATB,DOMC,KERG,LMKS,MXCO",5.107910387128223,8.909447177062404,7.7115575090559805,2025-08-24 16:14:00+00:00,2025-08-26 12:04:00+00:00,2025-08-26 03:14:00+00:00,2025-08-27 05:06:00+00:00,9,"AATB,APTY,DOMC,INVK,JUNG1,KERG,LMKS,MXCO,OULU",4,"APTY,INVK,JUNG1,OULU",4.7683209840544425,4.305333328897666,8.909447177062404,core,supported_multi_station_candidate,A,False,2025
678,2025-08-28 21:24:00+00:00,2025-08-27 18:08:00+00:00,2025-08-27 18:08:00+00:00,2025-08-28 21:24:00+00:00,27.266666666666666,1,1,APTY,4.176730947808433,4.176730947808433,7.518249104515594,2025-08-27 18:08:00+00:00,2025-08-27 18:08:00+00:00,2025-08-28 21:24:00+00:00,2025-08-28 21:24:00+00:00,7,"AATB,APTY,JUNG1,KERG,LMKS,MXCO,OULU",6,"AATB,JUNG1,KERG,LMKS,MXCO,OULU",3.9207080879531384,3.7052836321064913,5.174290162761848,core,supported_multi_station_candidate,A,True,2025
679,2025-08-29 09:34:00+00:00,2025-08-29 09:30:00+00:00,2025-08-29 09:30:00+00:00,2025-08-29 09:34:00+00:00,0.06666666666666667,1,1,OULU,4.101403800281915,4.101403800281915,7.8450450713975215,2025-08-29 09:30:00+00:00,2025-08-29 09:30:00+00:00,2025-08-29 09:34:00+00:00,2025-08-29 09:34:00+00:00,5,"APTY,INVK,JUNG1,KERG,OULU",4,"APTY,INVK,JUNG1,KERG",4.138559450683928,4.101403800281915,4.97160999925965,core,supported_multi_station_candidate,A,True,2025
680,2025-09-02 07:55:00+00:00,2025-09-01 17:02:00+00:00,2025-09-01 10:16:00+00:00,2025-09-02 10:52:00+00:00,24.6,4,4,"JUNG1,LMKS,MXCO,OULU",5.085325922476044,6.923797171793514,5.6179415944425894,2025-09-01 10:16:00+00:00,2025-09-01 23:58:00+00:00,2025-09-02 00:24:00+00:00,2025-09-02 10:52:00+00:00,8,"AATB,APTY,DOMC,JUNG1,KERG,LMKS,MXCO,OULU",4,"AATB,APTY,DOMC,KERG",5.495993165725135,4.690932788504924,10.456670172843463,core,supported_multi_station_candidate,A,False,2025
681,2025-09-07 09:40:00+00:00,2025-09-06 17:36:00+00:00,2025-09-06 06:50:00+00:00,2025-09-07 12:40:00+00:00,29.833333333333332,3,3,"APTY,DOMC,OULU",11.798734544087688,20.841207602815405,7.815538231114214,2025-09-06 06:50:00+00:00,2025-09-07 11:22:00+00:00,2025-09-07 01:14:00+00:00,2025-09-07 12:40:00+00:00,9,"AATB,APTY,DOMC,INVK,JUNG1,KERG,LMKS,MXCO,OULU",6,"AATB,INVK,JUNG1,KERG,LMKS,MXCO",8.785091888216108,8.697457734978856,20.841207602815405,core,supported_multi_station_candidate,A,False,2025
682,2025-09-15 01:23:00+00:00,2025-09-14 11:44:00+00:00,2025-09-11 10:10:00+00:00,2025-09-17 00:48:00+00:00,134.63333333333333,6,6,"AATB,INVK,JUNG1,KERG,MXCO,OULU",5.125702817507168,10.268730078728533,6.645996396329019,2025-09-11 10:10:00+00:00,2025-09-15 17:56:00+00:00,2025-09-12 09:02:00+00:00,2025-09-17 00:48:00+00:00,7,"AATB,APTY,INVK,JUNG1,KERG,MXCO,OULU",1,APTY,4.943125865590441,4.129485425842475,10.268730078728533,core,supported_multi_station_candidate,A,False,2025
683,2025-09-19 20:58:00+00:00,2025-09-19 17:40:00+00:00,2025-09-19 17:40:00+00:00,2025-09-19 20:58:00+00:00,3.3,1,1,AATB,2.7485813662453302,2.7485813662453302,7.244411892715211,2025-09-19 17:40:00+00:00,2025-09-19 17:40:00+00:00,2025-09-19 20:58:00+00:00,2025-09-19 20:58:00+00:00,2,"AATB,KERG",1,KERG,3.55233163210709,3.55233163210709,4.356081897968849,core,supported_multi_station_candidate,B,True,2025
684,2025-09-21 22:18:00+00:00,2025-09-21 03:48:00+00:00,2025-09-21 03:48:00+00:00,2025-09-21 22:18:00+00:00,18.5,1,1,JUNG1,3.959051212616391,3.959051212616391,4.010437254523935,2025-09-21 03:48:00+00:00,2025-09-21 03:48:00+00:00,2025-09-21 22:18:00+00:00,2025-09-21 22:18:00+00:00,2,"AATB,JUNG1",1,AATB,3.333501094220405,3.333501094220405,3.959051212616391,core,supported_multi_station_candidate,B,True,2025
685,2025-09-23 09:47:00+00:00,2025-09-22 23:57:00+00:00,2025-09-22 20:34:00+00:00,2025-09-23 20:34:00+00:00,24.0,2,2,"INVK,KERG",4.454698948410567,4.784602376443774,6.8664856308924485,2025-09-22 20:34:00+00:00,2025-09-23 03:20:00+00:00,2025-09-22 23:00:00+00:00,2025-09-23 20:34:00+00:00,4,"AATB,INVK,KERG,LMKS",2,"AATB,LMKS",3.6022639552943962,3.535308975063203,4.784602376443774,core,supported_multi_station_candidate,A,False,2025
686,2025-09-28 21:42:00+00:00,2025-09-28 03:59:00+00:00,2025-09-27 06:30:00+00:00,2025-09-29 17:00:00+00:00,58.5,8,8,"AATB,APTY,DOMC,JUNG1,KERG,LMKS,MXCO,OULU",5.510107299469263,13.191240039162626,7.559380261757103,2025-09-27 06:30:00+00:00,2025-09-28 20:50:00+00:00,2025-09-28 05:50:00+00:00,2025-09-29 17:00:00+00:00,9,"AATB,APTY,DOMC,INVK,JUNG1,KERG,LMKS,MXCO,OULU",1,INVK,5.476840771932139,4.6885625312881745,13.191240039162626,core,supported_multi_station_candidate,A,False,2025
687,2025-10-01 21:04:00+00:00,2025-10-01 03:28:00+00:00,2025-10-01 03:28:00+00:00,2025-10-01 21:04:00+00:00,17.6,1,1,AATB,2.7405523528493942,2.7405523528493942,7.716734560835257,2025-10-01 03:28:00+00:00,2025-10-01 03:28:00+00:00,2025-10-01 21:04:00+00:00,2025-10-01 21:04:00+00:00,3,"AATB,JUNG1,LMKS",2,"JUNG1,LMKS",3.4567256371079096,3.708841354584208,3.9207832038901276,core,supported_multi_station_candidate,B,True,2025
688,2025-10-04 03:58:00+00:00,2025-10-02 16:42:00+00:00,2025-10-02 16:42:00+00:00,2025-10-04 03:58:00+00:00,35.266666666666666,1,1,KERG,4.560376535831105,4.560376535831105,4.746698847694164,2025-10-02 16:42:00+00:00,2025-10-02 16:42:00+00:00,2025-10-04 03:58:00+00:00,2025-10-04 03:58:00+00:00,3,"AATB,JUNG1,KERG",2,"AATB,JUNG1",3.9430218879598216,3.6676819451849294,4.560376535831105,core,supported_multi_station_candidate,B,True,2025
689,2025-10-05 01:58:00+00:00,2025-10-04 16:16:00+00:00,2025-10-04 16:16:00+00:00,2025-10-05 01:58:00+00:00,9.7,1,1,LMKS,2.6296735130280977,2.6296735130280977,3.7702091965871207,2025-10-04 16:16:00+00:00,2025-10-04 16:16:00+00:00,2025-10-05 01:58:00+00:00,2025-10-05 01:58:00+00:00,4,"APTY,JUNG1,LMKS,OULU",3,"APTY,JUNG1,OULU",3.728979412277412,3.527088037002497,5.232068062076556,core,supported_multi_station_candidate,A,True,2025
690,2025-10-07 07:37:00+00:00,2025-10-06 05:47:00+00:00,2025-10-05 18:00:00+00:00,2025-10-07 19:16:00+00:00,49.266666666666666,2,2,"AATB,KERG",4.328176830910805,5.5077803977967825,10.412609796606485,2025-10-05 18:00:00+00:00,2025-10-06 17:34:00+00:00,2025-10-06 19:58:00+00:00,2025-10-07 19:16:00+00:00,7,"AATB,APTY,INVK,JUNG1,KERG,LMKS,OULU",5,"APTY,INVK,JUNG1,LMKS,OULU",4.338241083559616,4.551127733650852,5.5077803977967825,core,supported_multi_station_candidate,A,False,2025
691,2025-10-09 16:18:00+00:00,2025-10-09 05:36:00+00:00,2025-10-09 05:36:00+00:00,2025-10-09 16:18:00+00:00,10.7,1,1,JUNG1,3.5840041341221585,3.5840041341221585,6.940703812309121,2025-10-09 05:36:00+00:00,2025-10-09 05:36:00+00:00,2025-10-09 16:18:00+00:00,2025-10-09 16:18:00+00:00,3,"AATB,JUNG1,LMKS",2,"AATB,LMKS",3.7936545483275363,3.5840041341221585,4.402828171645788,core,supported_multi_station_candidate,B,True,2025
692,2025-10-11 10:38:00+00:00,2025-10-11 07:42:00+00:00,2025-10-11 00:20:00+00:00,2025-10-11 20:08:00+00:00,19.8,2,2,"KERG,LMKS",3.6151265136715995,3.7685437646062034,4.2451865925684285,2025-10-11 00:20:00+00:00,2025-10-11 15:04:00+00:00,2025-10-11 01:08:00+00:00,2025-10-11 20:08:00+00:00,6,"AATB,APTY,INVK,JUNG1,KERG,LMKS",4,"AATB,APTY,INVK,JUNG1",3.8065929456431107,3.8798244821635937,4.426650450655098,core,supported_multi_station_candidate,A,False,2025
693,2025-10-15 04:46:00+00:00,2025-10-13 22:58:00+00:00,2025-10-13 22:58:00+00:00,2025-10-15 04:46:00+00:00,29.8,1,1,MXCO,6.598594110986367,6.598594110986367,9.410011409472883,2025-10-13 22:58:00+00:00,2025-10-13 22:58:00+00:00,2025-10-15 04:46:00+00:00,2025-10-15 04:46:00+00:00,2,"LMKS,MXCO",1,LMKS,5.6501703136087915,5.6501703136087915,6.598594110986367,core,supported_multi_station_candidate,B,True,2025
694,2025-10-18 07:07:00+00:00,2025-10-17 01:07:00+00:00,2025-10-16 05:24:00+00:00,2025-10-19 08:16:00+00:00,74.86666666666666,6,6,"APTY,DOMC,INVK,JUNG1,KERG,OULU",6.126609905779346,10.483659499844622,7.355377638607831,2025-10-16 05:24:00+00:00,2025-10-19 01:06:00+00:00,2025-10-17 14:14:00+00:00,2025-10-19 08:16:00+00:00,9,"AATB,APTY,DOMC,INVK,JUNG1,KERG,LMKS,MXCO,OULU",3,"AATB,LMKS,MXCO",5.4329372322155995,5.0097591482741475,10.483659499844622,core,supported_multi_station_candidate,A,False,2025
696,2025-10-27 01:06:00+00:00,2025-10-25 16:08:00+00:00,2025-10-25 16:08:00+00:00,2025-10-27 01:06:00+00:00,32.96666666666667,1,1,JUNG1,4.960923814051352,4.960923814051352,6.477099948585954,2025-10-25 16:08:00+00:00,2025-10-25 16:08:00+00:00,2025-10-27 01:06:00+00:00,2025-10-27 01:06:00+00:00,2,"AATB,JUNG1",1,AATB,4.162886593536744,4.162886593536744,4.960923814051352,core,supported_multi_station_candidate,B,True,2025
697,2025-10-28 14:06:00+00:00,2025-10-27 20:42:00+00:00,2025-10-27 20:02:00+00:00,2025-10-28 23:06:00+00:00,27.066666666666666,2,2,"INVK,JUNG1",3.8190141107010334,4.230207622641036,9.372553622615257,2025-10-27 20:02:00+00:00,2025-10-27 21:22:00+00:00,2025-10-28 05:06:00+00:00,2025-10-28 23:06:00+00:00,6,"AATB,APTY,INVK,JUNG1,LMKS,OULU",4,"AATB,APTY,LMKS,OULU",3.9748679089517798,4.063584168784908,4.815634198943341,core,supported_multi_station_candidate,A,False,2025
698,2025-10-31 00:32:00+00:00,2025-10-30 21:28:00+00:00,2025-10-30 21:28:00+00:00,2025-10-31 00:32:00+00:00,3.066666666666667,1,1,JUNG1,3.6738541178317083,3.6738541178317083,6.777944863248403,2025-10-30 21:28:00+00:00,2025-10-30 21:28:00+00:00,2025-10-31 00:32:00+00:00,2025-10-31 00:32:00+00:00,2,"JUNG1,LMKS",1,LMKS,3.25087894522049,3.25087894522049,3.6738541178317083,core,supported_multi_station_candidate,B,True,2025
699,2025-11-07 12:36:00+00:00,2025-11-06 17:14:00+00:00,2025-11-04 15:48:00+00:00,2025-11-07 18:30:00+00:00,74.7,6,6,"AATB,APTY,DOMC,KERG,LMKS,OULU",6.788433593885639,11.384406792965592,7.163419355154276,2025-11-04 15:48:00+00:00,2025-11-07 17:06:00+00:00,2025-11-05 09:48:00+00:00,2025-11-07 18:30:00+00:00,8,"AATB,APTY,DOMC,JUNG1,KERG,LMKS,MXCO,OULU",2,"JUNG1,MXCO",6.778784194334122,6.055406067098206,11.384406792965592,core,supported_multi_station_candidate,A,False,2025
700,2025-11-12 18:22:00+00:00,2025-11-11 11:10:00+00:00,2025-11-11 09:42:00+00:00,2025-11-12 22:16:00+00:00,36.56666666666667,5,5,"AATB,APTY,DOMC,LMKS,OULU",9.497349875883987,18.08774530230447,6.3648058424324825,2025-11-11 09:42:00+00:00,2025-11-12 11:44:00+00:00,2025-11-12 04:08:00+00:00,2025-11-12 22:16:00+00:00,6,"AATB,APTY,DOMC,JUNG1,LMKS,OULU",1,JUNG1,9.332484252033971,7.72150426588203,18.08774530230447,core,supported_multi_station_candidate,A,False,2025
