quality,AFTER-only,AFTER∩IZMIRAN,total,AFTER-only_frac,AFTER∩IZMIRAN_frac
A,43,39,82,0.524390243902439,0.47560975609756095
B,36,52,88,0.4090909090909091,0.5909090909090909
C,48,88,136,0.35294117647058826,0.6470588235294118
D,0,2,2,0.0,1.0
